2026-07-20 12:53:21,450 [INFO] Activator:176 - 


2026-07-20 12:53:21,453 [INFO] Activator:177 - !SESSION log4j initialized
2026-07-20 12:53:24,916 [INFO] LogOutputStream:77 - [STDOUT_REDIRECT] 
2026-07-20 12:53:25,884 [INFO] ApplicationProperties:184 - Using Application install path: C:\ST\STM32CubeIDE_1.18.1\STM32CubeIDE\plugins\com.st.stm32cube.common.mx_6.14.1.202504091515
2026-07-20 12:53:25,896 [INFO] DbMcusXml:78 - Set database path to: C:\ST\STM32CubeIDE_1.18.1\STM32CubeIDE\plugins\com.st.stm32cube.common.mx_6.14.1.202504091515\\db\/mcu/
2026-07-20 12:53:25,896 [INFO] ApiDb:274 - Set plugin database path to: C:\ST\STM32CubeIDE_1.18.1\STM32CubeIDE\plugins\com.st.stm32cube.common.mx_6.14.1.202504091515\\db\/plugins/boardmanager/
2026-07-20 12:53:25,896 [WARN] ApiDb:259 - Overriding images path with different value:  => C:\ST\STM32CubeIDE_1.18.1\STM32CubeIDE\plugins\com.st.stm32cube.common.mx_6.14.1.202504091515\\db\/plugins/mcufinder/images/
2026-07-20 12:53:25,902 [INFO] ApiDb:250 - Set database path to: C:\Users\German\.stmcufinder\plugins\mcufinder//mcu/
2026-07-20 12:53:25,902 [INFO] DbMcusAds:125 - Set database path to: C:\Users\German\.stmcufinder\plugins\mcufinder//mcu/
2026-07-20 12:53:25,904 [INFO] CrossReferenceDbSqlite:203 - Set database path to: C:\Users\German\.stmcufinder\plugins\mcufinder//mcu/cs/
2026-07-20 12:53:25,972 [INFO] RulesReader:64 - Compatibility file has been processed (302 Rules)
2026-07-20 12:53:26,024 [INFO] DbMcusXml:78 - Set database path to: C:\ST\STM32CubeIDE_1.18.1\STM32CubeIDE\plugins\com.st.stm32cube.common.mx_6.14.1.202504091515\\db\/mcu/
2026-07-20 12:53:26,024 [INFO] ApiDb:274 - Set plugin database path to: C:\ST\STM32CubeIDE_1.18.1\STM32CubeIDE\plugins\com.st.stm32cube.common.mx_6.14.1.202504091515\\db\/plugins/boardmanager/
2026-07-20 12:53:26,024 [INFO] ApiDb:261 - Set plugin images path to: C:\ST\STM32CubeIDE_1.18.1\STM32CubeIDE\plugins\com.st.stm32cube.common.mx_6.14.1.202504091515\\db\/plugins/mcufinder/images/
2026-07-20 12:53:26,024 [WARN] DbFile:41 - Overriding database path with different value: C:\Users\German\.stmcufinder\plugins\mcufinder/ => C:\Users\German\.stmcufinder\plugins\mcufinder
2026-07-20 12:53:26,024 [INFO] ApiDb:250 - Set database path to: C:\Users\German\.stmcufinder\plugins\mcufinder//mcu/
2026-07-20 12:53:26,024 [WARN] DbFile:41 - Overriding database path with different value: C:\Users\German\.stmcufinder\plugins\mcufinder/ => C:\Users\German\.stmcufinder\plugins\mcufinder
2026-07-20 12:53:26,024 [INFO] DbMcusAds:125 - Set database path to: C:\Users\German\.stmcufinder\plugins\mcufinder//mcu/
2026-07-20 12:53:26,024 [WARN] DbFile:41 - Overriding database path with different value: C:\Users\German\.stmcufinder\plugins\mcufinder/ => C:\Users\German\.stmcufinder\plugins\mcufinder
2026-07-20 12:53:26,024 [WARN] DbFile:41 - Overriding database path with different value: C:\Users\German\.stmcufinder\plugins\mcufinder/ => C:\Users\German\.stmcufinder\plugins\mcufinder
2026-07-20 12:53:26,024 [INFO] CrossReferenceDbSqlite:203 - Set database path to: C:\Users\German\.stmcufinder\plugins\mcufinder//mcu/cs/
2026-07-20 12:53:26,070 [INFO] MainPanel:272 - HeapMemory: 268435456
2026-07-20 12:53:26,142 [INFO] DbMcusXml:78 - Set database path to: C:\ST\STM32CubeIDE_1.18.1\STM32CubeIDE\plugins\com.st.stm32cube.common.mx_6.14.1.202504091515\\db\/mcu/
2026-07-20 12:53:26,142 [INFO] ApiDb:274 - Set plugin database path to: C:\ST\STM32CubeIDE_1.18.1\STM32CubeIDE\plugins\com.st.stm32cube.common.mx_6.14.1.202504091515\\db\/plugins/boardmanager/
2026-07-20 12:53:26,142 [INFO] ApiDb:261 - Set plugin images path to: C:\ST\STM32CubeIDE_1.18.1\STM32CubeIDE\plugins\com.st.stm32cube.common.mx_6.14.1.202504091515\\db\/plugins/mcufinder/images/
2026-07-20 12:53:26,142 [WARN] DbFile:41 - Overriding database path with different value: C:\Users\German\.stmcufinder\plugins\mcufinder/ => C:\Users\German\.stmcufinder\plugins\mcufinder
2026-07-20 12:53:26,142 [INFO] ApiDb:250 - Set database path to: C:\Users\German\.stmcufinder\plugins\mcufinder//mcu/
2026-07-20 12:53:26,142 [WARN] DbFile:41 - Overriding database path with different value: C:\Users\German\.stmcufinder\plugins\mcufinder/ => C:\Users\German\.stmcufinder\plugins\mcufinder
2026-07-20 12:53:26,142 [INFO] DbMcusAds:125 - Set database path to: C:\Users\German\.stmcufinder\plugins\mcufinder//mcu/
2026-07-20 12:53:26,142 [WARN] DbFile:41 - Overriding database path with different value: C:\Users\German\.stmcufinder\plugins\mcufinder/ => C:\Users\German\.stmcufinder\plugins\mcufinder
2026-07-20 12:53:26,142 [WARN] DbFile:41 - Overriding database path with different value: C:\Users\German\.stmcufinder\plugins\mcufinder/ => C:\Users\German\.stmcufinder\plugins\mcufinder
2026-07-20 12:53:26,142 [INFO] CrossReferenceDbSqlite:203 - Set database path to: C:\Users\German\.stmcufinder\plugins\mcufinder//mcu/cs/
2026-07-20 12:53:26,153 [INFO] ApplicationProperties:184 - Using Application install path: C:\ST\STM32CubeIDE_1.18.1\STM32CubeIDE\plugins\com.st.stm32cube.common.mx_6.14.1.202504091515
2026-07-20 12:53:26,154 [INFO] PluginManage:196 - Search for loadable plugins [exclusion list=, ]
2026-07-20 12:53:26,154 [INFO] PluginManage:310 - Check plugin analytics
2026-07-20 12:53:26,282 [INFO] AnalyticsPlugin:253 - Accepted Software Licenses: STM32CubeMX.6.14.1,STM32CubeMX.6.17.0
2026-07-20 12:53:26,283 [INFO] AnalyticsPlugin:255 - Accepted CMSIS Pack Licenses: 
2026-07-20 12:53:26,283 [INFO] AnalyticsPlugin:257 - Accepted Firmware Licenses: FW.WB.1.17.0,FW.WB.1.22.0,FW.L4.1.18.0,FW.WB.1.13.0,FW.WB.1.23.0,FW.WB.1.24.0
2026-07-20 12:53:26,286 [INFO] PluginManage:359 - Loaded plugin analytics (category:tool,tabindex:-1)
2026-07-20 12:53:26,286 [INFO] PluginManage:310 - Check plugin cadmodel
2026-07-20 12:53:26,290 [INFO] CADModel:105 - Init CAD model plugin
2026-07-20 12:53:26,290 [INFO] PluginManage:359 - Loaded plugin cadmodel (category:power,tabindex:5)
2026-07-20 12:53:26,290 [INFO] PluginManage:310 - Check plugin clock
2026-07-20 12:53:26,297 [INFO] PluginManage:359 - Loaded plugin clock (category:base,tabindex:2)
2026-07-20 12:53:26,297 [INFO] PluginManage:310 - Check plugin ddr
2026-07-20 12:53:26,299 [INFO] PluginManage:359 - Loaded plugin ddr (category:tool,tabindex:6)
2026-07-20 12:53:26,299 [INFO] PluginManage:310 - Check plugin filemanager
2026-07-20 12:53:26,391 [INFO] PluginManage:359 - Loaded plugin filemanager (category:base,tabindex:10)
2026-07-20 12:53:26,391 [INFO] PluginManage:310 - Check plugin ipmanager
2026-07-20 12:53:26,395 [INFO] PluginManage:359 - Loaded plugin ipmanager (category:base,tabindex:5)
2026-07-20 12:53:26,395 [INFO] PluginManage:310 - Check plugin lpbam
2026-07-20 12:53:26,400 [INFO] PluginManage:359 - Loaded plugin lpbam (category:base,tabindex:0)
2026-07-20 12:53:26,400 [INFO] PluginManage:310 - Check plugin memorymap
2026-07-20 12:53:26,410 [INFO] PluginManage:359 - Loaded plugin memorymap (category:base,tabindex:4)
2026-07-20 12:53:26,410 [INFO] PluginManage:310 - Check plugin pinoutandconfiguration
2026-07-20 12:53:26,416 [INFO] PluginManage:359 - Loaded plugin pinoutandconfiguration (category:base,tabindex:1)
2026-07-20 12:53:26,416 [INFO] PluginManage:310 - Check plugin pinoutconfig
2026-07-20 12:53:26,473 [WARN] SupportedApi:132 - Cannot load RTOS API schema: s4s-elt-must-match.1: The content of 'definitions' must match (annotation?, (simpleType | complexType)?, (unique | key | keyref)*)). A problem was found starting at: attribute.
2026-07-20 12:53:26,562 [INFO] PluginManage:359 - Loaded plugin pinoutconfig (category:base,tabindex:0)
2026-07-20 12:53:26,563 [INFO] PluginManage:310 - Check plugin power
2026-07-20 12:53:26,571 [INFO] PluginManage:359 - Loaded plugin power (category:power,tabindex:4)
2026-07-20 12:53:26,572 [INFO] PluginManage:310 - Check plugin projectmanager
2026-07-20 12:53:26,587 [INFO] PluginManage:359 - Loaded plugin projectmanager (category:projectmanager,tabindex:4)
2026-07-20 12:53:26,587 [INFO] PluginManage:310 - Check plugin rif
2026-07-20 12:53:26,598 [INFO] PluginManage:359 - Loaded plugin rif (category:base,tabindex:3)
2026-07-20 12:53:26,598 [INFO] PluginManage:310 - Check plugin thirdparty
2026-07-20 12:53:26,695 [INFO] PluginManage:359 - Loaded plugin thirdparty (category:base,tabindex:-1)
2026-07-20 12:53:26,695 [WARN] IntegrityCheckThread:84 - waiting for thirdparty lock release [integrity check]
2026-07-20 12:53:26,695 [INFO] IntegrityCheckThread:86 - entering critical section [integrity check]
2026-07-20 12:53:26,695 [INFO] PluginManage:310 - Check plugin tools
2026-07-20 12:53:26,696 [INFO] ThirdPartyUpdaterWithRetryManager:70 - Updater plugin not ready yet. [1/15]
2026-07-20 12:53:26,698 [INFO] PluginManage:359 - Loaded plugin tools (category:base,tabindex:7)
2026-07-20 12:53:26,698 [INFO] PluginManage:310 - Check plugin tutovideos
2026-07-20 12:53:26,802 [INFO] PluginManage:359 - Loaded plugin tutovideos (category:base,tabindex:-1)
2026-07-20 12:53:26,802 [INFO] PluginManage:310 - Check plugin updater
2026-07-20 12:53:26,817 [INFO] PluginManage:359 - Loaded plugin updater (category:base,tabindex:12)
2026-07-20 12:53:26,817 [INFO] PluginManage:310 - Check plugin userauth
2026-07-20 12:53:26,820 [INFO] UserAuth:118 - Init User Auth plugin
2026-07-20 12:53:26,820 [INFO] PluginManage:359 - Loaded plugin userauth (category:base,tabindex:14)
2026-07-20 12:53:26,821 [INFO] PluginManage:283 - PluginManage : Loaded plugins [18]
2026-07-20 12:53:26,958 [INFO] PinOutPanel:1589 - setPackage(No Configuration,No Configuration)
2026-07-20 12:53:27,012 [INFO] CADModel:165 - CPN selected for project level
2026-07-20 12:53:27,012 [INFO] CADModel:114 - Register for checkConnection events
2026-07-20 12:53:27,027 [INFO] IPUIPlugin:80 - create IPUIPlugin
2026-07-20 12:53:27,027 [INFO] PluginManager:220 - loadIPPluginJar : add adc
2026-07-20 12:53:27,029 [INFO] IPUIPlugin:80 - create IPUIPlugin
2026-07-20 12:53:27,030 [INFO] PluginManager:220 - loadIPPluginJar : add aes
2026-07-20 12:53:27,031 [INFO] IPUIPlugin:80 - create IPUIPlugin
2026-07-20 12:53:27,031 [INFO] PluginManager:220 - loadIPPluginJar : add can
2026-07-20 12:53:27,033 [INFO] IPUIPlugin:80 - create IPUIPlugin
2026-07-20 12:53:27,033 [INFO] PluginManager:220 - loadIPPluginJar : add comp
2026-07-20 12:53:27,034 [INFO] IPUIPlugin:80 - create IPUIPlugin
2026-07-20 12:53:27,034 [INFO] PluginManager:220 - loadIPPluginJar : add cryp
2026-07-20 12:53:27,036 [INFO] IPUIPlugin:80 - create IPUIPlugin
2026-07-20 12:53:27,036 [INFO] PluginManager:220 - loadIPPluginJar : add ddr_ctrl_phy
2026-07-20 12:53:27,038 [INFO] IPUIPlugin:80 - create IPUIPlugin
2026-07-20 12:53:27,038 [INFO] PluginManager:220 - loadIPPluginJar : add dfsdm
2026-07-20 12:53:27,042 [INFO] IPUIPlugin:80 - create IPUIPlugin
2026-07-20 12:53:27,042 [INFO] PluginManager:220 - loadIPPluginJar : add dma
2026-07-20 12:53:27,043 [INFO] IPUIPlugin:80 - create IPUIPlugin
2026-07-20 12:53:27,043 [INFO] PluginManager:220 - loadIPPluginJar : add dma3
2026-07-20 12:53:27,045 [INFO] IPUIPlugin:80 - create IPUIPlugin
2026-07-20 12:53:27,045 [INFO] PluginManager:220 - loadIPPluginJar : add extmemmanager
2026-07-20 12:53:27,046 [INFO] IPUIPlugin:80 - create IPUIPlugin
2026-07-20 12:53:27,046 [INFO] PluginManager:220 - loadIPPluginJar : add fatfs
2026-07-20 12:53:27,049 [INFO] IPUIPlugin:80 - create IPUIPlugin
2026-07-20 12:53:27,049 [INFO] PluginManager:220 - loadIPPluginJar : add fmc
2026-07-20 12:53:27,053 [INFO] IPUIPlugin:80 - create IPUIPlugin
2026-07-20 12:53:27,053 [INFO] PluginManager:220 - loadIPPluginJar : add freertos
2026-07-20 12:53:27,054 [INFO] IPUIPlugin:80 - create IPUIPlugin
2026-07-20 12:53:27,054 [INFO] PluginManager:220 - loadIPPluginJar : add genericplugin
2026-07-20 12:53:27,055 [INFO] IPUIPlugin:80 - create IPUIPlugin
2026-07-20 12:53:27,055 [INFO] PluginManager:220 - loadIPPluginJar : add gfxmmu
2026-07-20 12:53:27,058 [INFO] IPUIPlugin:80 - create IPUIPlugin
2026-07-20 12:53:27,058 [INFO] PluginManager:220 - loadIPPluginJar : add gic
2026-07-20 12:53:27,060 [INFO] IPUIPlugin:80 - create IPUIPlugin
2026-07-20 12:53:27,060 [INFO] PluginManager:220 - loadIPPluginJar : add gpio
2026-07-20 12:53:27,062 [INFO] IPUIPlugin:80 - create IPUIPlugin
2026-07-20 12:53:27,062 [INFO] PluginManager:220 - loadIPPluginJar : add gtzc
2026-07-20 12:53:27,063 [INFO] IPUIPlugin:80 - create IPUIPlugin
2026-07-20 12:53:27,063 [INFO] PluginManager:220 - loadIPPluginJar : add hash
2026-07-20 12:53:27,065 [INFO] IPUIPlugin:80 - create IPUIPlugin
2026-07-20 12:53:27,065 [INFO] PluginManager:220 - loadIPPluginJar : add i2c
2026-07-20 12:53:27,066 [INFO] IPUIPlugin:80 - create IPUIPlugin
2026-07-20 12:53:27,066 [INFO] PluginManager:220 - loadIPPluginJar : add i2s
2026-07-20 12:53:27,068 [INFO] IPUIPlugin:80 - create IPUIPlugin
2026-07-20 12:53:27,068 [INFO] PluginManager:220 - loadIPPluginJar : add i3c
2026-07-20 12:53:27,071 [INFO] IPUIPlugin:80 - create IPUIPlugin
2026-07-20 12:53:27,071 [INFO] PluginManager:220 - loadIPPluginJar : add ipddr
2026-07-20 12:53:27,075 [INFO] IPUIPlugin:80 - create IPUIPlugin
2026-07-20 12:53:27,075 [INFO] PluginManager:220 - loadIPPluginJar : add linkedlist
2026-07-20 12:53:27,077 [INFO] IPUIPlugin:80 - create IPUIPlugin
2026-07-20 12:53:27,077 [INFO] PluginManager:220 - loadIPPluginJar : add lorawan
2026-07-20 12:53:27,079 [INFO] IPUIPlugin:80 - create IPUIPlugin
2026-07-20 12:53:27,079 [INFO] PluginManager:220 - loadIPPluginJar : add ltdc
2026-07-20 12:53:27,082 [INFO] IPUIPlugin:80 - create IPUIPlugin
2026-07-20 12:53:27,082 [INFO] PluginManager:220 - loadIPPluginJar : add mdma
2026-07-20 12:53:27,085 [INFO] IPUIPlugin:80 - create IPUIPlugin
2026-07-20 12:53:27,085 [INFO] PluginManager:220 - loadIPPluginJar : add nvic
2026-07-20 12:53:27,087 [INFO] IPUIPlugin:80 - create IPUIPlugin
2026-07-20 12:53:27,087 [INFO] PluginManager:220 - loadIPPluginJar : add opamp
2026-07-20 12:53:27,090 [INFO] IPUIPlugin:80 - create IPUIPlugin
2026-07-20 12:53:27,090 [INFO] PluginManager:220 - loadIPPluginJar : add openamp
2026-07-20 12:53:27,092 [INFO] IPUIPlugin:80 - create IPUIPlugin
2026-07-20 12:53:27,092 [INFO] PluginManager:220 - loadIPPluginJar : add pdm2pcm
2026-07-20 12:53:27,096 [INFO] IPUIPlugin:80 - create IPUIPlugin
2026-07-20 12:53:27,097 [INFO] PluginManager:220 - loadIPPluginJar : add plateformsettings
2026-07-20 12:53:27,098 [INFO] IPUIPlugin:80 - create IPUIPlugin
2026-07-20 12:53:27,098 [INFO] PluginManager:220 - loadIPPluginJar : add quadspi
2026-07-20 12:53:27,099 [INFO] IPUIPlugin:80 - create IPUIPlugin
2026-07-20 12:53:27,100 [INFO] PluginManager:220 - loadIPPluginJar : add radio
2026-07-20 12:53:27,103 [INFO] IPUIPlugin:80 - create IPUIPlugin
2026-07-20 12:53:27,103 [INFO] PluginManager:220 - loadIPPluginJar : add resmgrutility
2026-07-20 12:53:27,106 [INFO] IPUIPlugin:80 - create IPUIPlugin
2026-07-20 12:53:27,106 [INFO] PluginManager:220 - loadIPPluginJar : add sai
2026-07-20 12:53:27,108 [INFO] IPUIPlugin:80 - create IPUIPlugin
2026-07-20 12:53:27,108 [INFO] PluginManager:220 - loadIPPluginJar : add spi
2026-07-20 12:53:27,113 [INFO] IPUIPlugin:80 - create IPUIPlugin
2026-07-20 12:53:27,113 [INFO] PluginManager:220 - loadIPPluginJar : add stm32_wpan
2026-07-20 12:53:27,115 [INFO] IPUIPlugin:80 - create IPUIPlugin
2026-07-20 12:53:27,115 [INFO] PluginManager:220 - loadIPPluginJar : add tim
2026-07-20 12:53:27,118 [INFO] IPUIPlugin:80 - create IPUIPlugin
2026-07-20 12:53:27,118 [INFO] PluginManager:220 - loadIPPluginJar : add touchsensing
2026-07-20 12:53:27,119 [INFO] IPUIPlugin:80 - create IPUIPlugin
2026-07-20 12:53:27,119 [INFO] PluginManager:220 - loadIPPluginJar : add tracer_emb
2026-07-20 12:53:27,121 [INFO] IPUIPlugin:80 - create IPUIPlugin
2026-07-20 12:53:27,121 [INFO] PluginManager:220 - loadIPPluginJar : add ts
2026-07-20 12:53:27,122 [INFO] IPUIPlugin:80 - create IPUIPlugin
2026-07-20 12:53:27,122 [INFO] PluginManager:220 - loadIPPluginJar : add tsc
2026-07-20 12:53:27,124 [INFO] IPUIPlugin:80 - create IPUIPlugin
2026-07-20 12:53:27,124 [INFO] PluginManager:220 - loadIPPluginJar : add ucpd
2026-07-20 12:53:27,126 [INFO] IPUIPlugin:80 - create IPUIPlugin
2026-07-20 12:53:27,126 [INFO] PluginManager:220 - loadIPPluginJar : add usart
2026-07-20 12:53:27,128 [INFO] IPUIPlugin:80 - create IPUIPlugin
2026-07-20 12:53:27,128 [INFO] PluginManager:220 - loadIPPluginJar : add usbx
2026-07-20 12:53:27,242 [FATAL] Updater:351 - Updater called before beeing initialized
2026-07-20 12:53:27,258 [INFO] RulesReader:64 - Compatibility file has been processed (302 Rules)
2026-07-20 12:53:27,263 [INFO] RulesReader:64 - Compatibility file has been processed (302 Rules)
2026-07-20 12:53:27,268 [INFO] CADModel:165 - CPN selected for project level
2026-07-20 12:53:27,268 [INFO] CADModel:114 - Register for checkConnection events
2026-07-20 12:53:27,268 [FATAL] Updater:351 - Updater called before beeing initialized
2026-07-20 12:53:27,269 [ERROR] CADModel:125 - Updater not yet initialized, retry later 
2026-07-20 12:53:27,376 [FATAL] Updater:351 - Updater called before beeing initialized
2026-07-20 12:53:27,378 [INFO] CADModel:165 - CPN selected for project level
2026-07-20 12:53:27,378 [INFO] CADModel:114 - Register for checkConnection events
2026-07-20 12:53:27,378 [FATAL] Updater:351 - Updater called before beeing initialized
2026-07-20 12:53:27,378 [ERROR] CADModel:125 - Updater not yet initialized, retry later 
2026-07-20 12:53:27,380 [FATAL] Updater:351 - Updater called before beeing initialized
2026-07-20 12:53:27,441 [FATAL] Updater:351 - Updater called before beeing initialized
2026-07-20 12:53:27,444 [INFO] DbMcusAds:53 - JSON generation date=Thu May 28 13:08:16 ART 2026 (1779984496559)
2026-07-20 12:53:27,444 [FATAL] Updater:351 - Updater called before beeing initialized
2026-07-20 12:53:27,466 [WARN] DetailPanel:346 - Failed to get advertising image, set to default
2026-07-20 12:53:27,624 [FATAL] Updater:351 - Updater called before beeing initialized
2026-07-20 12:53:27,626 [FATAL] Updater:351 - Updater called before beeing initialized
2026-07-20 12:53:27,626 [FATAL] Updater:351 - Updater called before beeing initialized
2026-07-20 12:53:27,626 [WARN] DetailPanel:346 - Failed to get advertising image, set to default
2026-07-20 12:53:27,626 [FATAL] Updater:351 - Updater called before beeing initialized
2026-07-20 12:53:27,655 [ERROR] Updater:1198 - MainUpdater not yet initialized. External WinMGr cannot be set.
2026-07-20 12:53:27,656 [INFO] Updater:1134 - Updater Version found : 6.14.1
2026-07-20 12:53:27,668 [INFO] ApplicationProperties:184 - Using Application install path: C:\ST\STM32CubeIDE_1.18.1\STM32CubeIDE\plugins\com.st.stm32cube.common.mx_6.14.1.202504091515
2026-07-20 12:53:29,232 [ERROR] LogOutputStream:75 - [STDERR_REDIRECT] Jul 20, 2026 12:53:29 PM java.util.prefs.WindowsPreferences <init>
2026-07-20 12:53:29,233 [ERROR] LogOutputStream:75 - [STDERR_REDIRECT] WARNING: Could not open/create prefs root node Software\JavaSoft\Prefs at root 0xffffffff80000002. Windows RegCreateKeyEx(...) returned error code 5.
2026-07-20 12:53:29,233 [ERROR] LogOutputStream:75 - [STDERR_REDIRECT] 
2026-07-20 12:53:29,462 [INFO] MainUpdater:2872 - connection check result : 10
2026-07-20 12:53:29,462 [INFO] MainUpdater:289 - Updater Check For Update Now.
2026-07-20 12:53:29,462 [INFO] MicroXplorer:498 - Change Database Version : DB.6.0.141
2026-07-20 12:53:29,468 [INFO] McuFinderGlobals:63 - Set McuFinder mode to 2 (CubeIDE integrated)
2026-07-20 12:53:29,468 [INFO] UserAuth:484 - Internet connection configuration mode: 1
2026-07-20 12:53:29,486 [INFO] JxBrowserEngine:152 - Initiate JxBrowser Engine with user profile folder
2026-07-20 12:53:29,632 [INFO] CheckServerUpdateThread:120 - End of CheckServer Thread
2026-07-20 12:53:29,960 [WARN] PackLoader:240 - Cannot read IP mode file for STMicroelectronics.X-CUBE-AZRTOS-H7.3.5.0
2026-07-20 12:53:30,012 [WARN] PackLoader:240 - Cannot read IP mode file for STMicroelectronics.FP-SNS-MOTENVWB1.1.4.0
2026-07-20 12:53:30,028 [WARN] PackLoader:240 - Cannot read IP mode file for STMicroelectronics.FP-ATR-ASTRA1.2.0.3
2026-07-20 12:53:30,031 [WARN] PackLoader:240 - Cannot read IP mode file for STMicroelectronics.FP-ATR-ASTRA1.2.0.2
2026-07-20 12:53:30,036 [ERROR] Engine:466 - C:\Users\German\.stm32cubemx\thirdparties\pdsc\STMicroelectronics.X-CUBE-SMBUS.2.1.1.pdsc: PDSC version is not supported
2026-07-20 12:53:30,038 [WARN] PackLoader:240 - Cannot read IP mode file for STMicroelectronics.X-CUBE-SMBUS.2.1.0
2026-07-20 12:53:30,044 [WARN] PackLoader:240 - Cannot read IP mode file for STMicroelectronics.X-CUBE-WB05N.1.1.0
2026-07-20 12:53:30,048 [WARN] PackLoader:240 - Cannot read IP mode file for STMicroelectronics.X-CUBE-ST60.1.0.0
2026-07-20 12:53:30,060 [WARN] PackLoader:240 - Cannot read IP mode file for STMicroelectronics.X-CUBE-AZRTOS-F7.1.1.0
2026-07-20 12:53:30,064 [ERROR] Engine:466 - C:\Users\German\.stm32cubemx\thirdparties\pdsc\STMicroelectronics.X-CUBE-FREERTOS.1.6.0.pdsc: PDSC version is not supported
2026-07-20 12:53:30,065 [ERROR] Engine:466 - C:\Users\German\.stm32cubemx\thirdparties\pdsc\STMicroelectronics.FP-SNS-MOTENV1.5.1.0.pdsc: PDSC version is not supported
2026-07-20 12:53:30,078 [WARN] PackLoader:240 - Cannot read IP mode file for STMicroelectronics.X-CUBE-AZRTOS-H7RS.1.3.0
2026-07-20 12:53:30,092 [WARN] PackLoader:240 - Cannot read IP mode file for Infineon.AIROC-Wi-Fi-Bluetooth-STM32.1.7.0
2026-07-20 12:53:30,105 [WARN] PackLoader:240 - Cannot read IP mode file for STMicroelectronics.X-CUBE-AZRTOS-H7.3.4.0
2026-07-20 12:53:30,115 [WARN] PackLoader:240 - Cannot read IP mode file for STMicroelectronics.X-CUBE-DISPLAY.3.0.0
2026-07-20 12:53:30,121 [WARN] PackLoader:240 - Cannot read IP mode file for STMicroelectronics.X-CUBE-GNSS1.7.1.1
2026-07-20 12:53:30,124 [ERROR] Engine:466 - C:\Users\German\.stm32cubemx\thirdparties\pdsc\STMicroelectronics.FP-SNS-MOTENVWB1.1.5.0.pdsc: PDSC version is not supported
2026-07-20 12:53:30,128 [WARN] PackLoader:240 - Cannot read IP mode file for STMicroelectronics.X-CUBE-NFC10.1.0.0
2026-07-20 12:53:30,134 [WARN] PackLoader:240 - Cannot read IP mode file for STMicroelectronics.X-CUBE-BLEMGR.4.0.0
2026-07-20 12:53:30,138 [WARN] PackLoader:240 - Cannot read IP mode file for STMicroelectronics.X-CUBE-ST60.1.1.0
2026-07-20 12:53:30,143 [WARN] PackLoader:240 - Cannot read IP mode file for emotas.I-CUBE-CANOPEN.1.3.0
2026-07-20 12:53:30,145 [ERROR] Engine:466 - C:\Users\German\.stm32cubemx\thirdparties\pdsc\STMicroelectronics.X-CUBE-WBA.1.1.0.pdsc: PDSC version is not supported
2026-07-20 12:53:30,148 [WARN] PackLoader:240 - Cannot read IP mode file for STMicroelectronics.X-CUBE-GNSS1.7.1.0
2026-07-20 12:53:30,153 [WARN] ConditionMgr:438 - getConditionDescription Invalid condition id : Cortex-A Device cause : null
2026-07-20 12:53:30,163 [WARN] ConditionMgr:1044 - genDependencies : Invalid condition id : Cortex-A Device cause : null
2026-07-20 12:53:30,163 [WARN] ConditionMgr:1044 - genDependencies : Invalid condition id : Cortex-A Device cause : null
2026-07-20 12:53:30,163 [WARN] ConditionMgr:1044 - genDependencies : Invalid condition id : Cortex-A Device cause : null
2026-07-20 12:53:30,167 [WARN] PackLoader:240 - Cannot read IP mode file for STMicroelectronics.X-CUBE-AI.10.0.0
2026-07-20 12:53:30,171 [ERROR] Engine:466 - C:\Users\German\.stm32cubemx\thirdparties\pdsc\STMicroelectronics.FP-SNS-STBOX1.2.1.0.pdsc: PDSC version is not supported
2026-07-20 12:53:30,175 [WARN] PackLoader:240 - Cannot read IP mode file for STMicroelectronics.FP-SNS-SMARTAG2.1.2.0
2026-07-20 12:53:30,179 [WARN] PackLoader:240 - Cannot read IP mode file for STMicroelectronics.FP-SNS-FLIGHT1.5.1.0
2026-07-20 12:53:30,225 [WARN] PackLoader:240 - Cannot read IP mode file for STMicroelectronics.X-CUBE-MEMS1.11.1.0
2026-07-20 12:53:30,318 [INFO] LogOutputStream:77 - [STDOUT_REDIRECT] 1 : Invalid condition id : UX_CORESTACK_Condition cause : null
2026-07-20 12:53:30,318 [INFO] LogOutputStream:77 - [STDOUT_REDIRECT] 1 : Invalid condition id : UX_CORESTACK_Condition cause : null
2026-07-20 12:53:30,319 [INFO] LogOutputStream:77 - [STDOUT_REDIRECT] 1 : Invalid condition id : UX_CORESTACK_Condition cause : null
2026-07-20 12:53:30,320 [INFO] LogOutputStream:77 - [STDOUT_REDIRECT] 1 : Invalid condition id : UX_CORESTACK_Condition cause : null
2026-07-20 12:53:30,321 [INFO] LogOutputStream:77 - [STDOUT_REDIRECT] 1 : Invalid condition id : UX_CORESTACK_Condition cause : null
2026-07-20 12:53:30,322 [WARN] PackLoader:240 - Cannot read IP mode file for STMicroelectronics.X-CUBE-AZRTOS-WL.2.0.0
2026-07-20 12:53:30,326 [WARN] PackLoader:240 - Cannot read IP mode file for STMicroelectronics.FP-SNS-MOTENV1.5.0.0
2026-07-20 12:53:30,333 [WARN] PackLoader:240 - Cannot read IP mode file for STMicroelectronics.X-CUBE-AZRTOS-H7RS.1.2.0
2026-07-20 12:53:30,339 [WARN] PackLoader:240 - Cannot read IP mode file for WES.I-CUBE-Cesium.1.3.0
2026-07-20 12:53:30,343 [WARN] PackLoader:240 - Cannot read IP mode file for STMicroelectronics.X-CUBE-BLE2.3.3.0
2026-07-20 12:53:30,354 [WARN] PackLoader:240 - Cannot read IP mode file for STMicroelectronics.X-CUBE-NFC9.1.0.0
2026-07-20 12:53:30,357 [WARN] PackLoader:240 - Cannot read IP mode file for STMicroelectronics.X-CUBE-BLE1.7.1.0
2026-07-20 12:53:30,360 [WARN] PackLoader:240 - Cannot read IP mode file for wolfSSL.I-CUBE-wolfMQTT.1.19.2
2026-07-20 12:53:30,362 [ERROR] Engine:466 - C:\Users\German\.stm32cubemx\thirdparties\pdsc\STMicroelectronics.X-CUBE-FREERTOS.1.4.0.pdsc: PDSC version is not supported
2026-07-20 12:53:30,365 [WARN] PackLoader:240 - Cannot read IP mode file for STMicroelectronics.X-CUBE-EEPRMA1.5.2.0
2026-07-20 12:53:30,367 [ERROR] Engine:466 - C:\Users\German\.stm32cubemx\thirdparties\pdsc\STMicroelectronics.X-CUBE-ST67W61.1.1.0.pdsc: PDSC version is not supported
2026-07-20 12:53:30,370 [WARN] PackLoader:240 - Cannot read IP mode file for STMicroelectronics.X-CUBE-AI.10.1.0
2026-07-20 12:53:30,371 [ERROR] Engine:466 - C:\Users\German\.stm32cubemx\thirdparties\pdsc\STMicroelectronics.FP-SNS-STAIOTCFT.1.1.0.pdsc: PDSC version is not supported
2026-07-20 12:53:30,391 [INFO] WebApp:169 - Instantiating new browser for Auth
2026-07-20 12:53:30,399 [WARN] PackLoader:240 - Cannot read IP mode file for STMicroelectronics.X-CUBE-MEMS1.12.0.0
2026-07-20 12:53:30,533 [WARN] PackLoader:240 - Cannot read IP mode file for STMicroelectronics.X-CUBE-MEMS1.11.2.0
2026-07-20 12:53:30,591 [WARN] PackLoader:240 - Cannot read IP mode file for STMicroelectronics.X-CUBE-AZRTOS-G0.1.1.0
2026-07-20 12:53:30,596 [WARN] PackLoader:240 - Cannot read IP mode file for STMicroelectronics.X-CUBE-SAFEA1.1.2.2
2026-07-20 12:53:30,599 [WARN] PackLoader:240 - Cannot read IP mode file for STMicroelectronics.X-CUBE-NFC4.3.0.0
2026-07-20 12:53:30,605 [WARN] PackLoader:240 - Cannot read IP mode file for EmbeddedOffice.I-CUBE-FS-RTOS.1.0.1
2026-07-20 12:53:30,609 [WARN] PackLoader:240 - Cannot read IP mode file for STMicroelectronics.X-CUBE-WB05N.2.0.0
2026-07-20 12:53:30,612 [WARN] PackLoader:240 - Cannot read IP mode file for wolfSSL.I-CUBE-wolfTPM.3.8.0
2026-07-20 12:53:30,616 [WARN] PackLoader:240 - Cannot read IP mode file for STMicroelectronics.X-CUBE-TCPP.4.2.0
2026-07-20 12:53:30,619 [WARN] PackLoader:240 - Cannot read IP mode file for RealThread.X-CUBE-RT-Thread_Nano.4.1.1
2026-07-20 12:53:30,622 [WARN] PackLoader:240 - Cannot read IP mode file for STMicroelectronics.FP-ATR-SIGFOX1.3.2.0
2026-07-20 12:53:30,625 [WARN] PackLoader:240 - Cannot read IP mode file for STMicroelectronics.X-CUBE-EEPRMA1.5.1.0
2026-07-20 12:53:30,628 [ERROR] Engine:466 - C:\Users\German\.stm32cubemx\thirdparties\pdsc\STMicroelectronics.X-CUBE-FREERTOS.1.5.0.pdsc: PDSC version is not supported
2026-07-20 12:53:30,630 [WARN] PackLoader:240 - Cannot read IP mode file for wolfSSL.I-CUBE-wolfSSL.5.7.6
2026-07-20 12:53:30,634 [WARN] PackLoader:240 - Cannot read IP mode file for ITTIA_DB.I-CUBE-ITTIADB.8.9.0
2026-07-20 12:53:30,637 [WARN] PackLoader:240 - Cannot read IP mode file for STMicroelectronics.X-CUBE-NFC6.3.2.0
2026-07-20 12:53:30,644 [WARN] PackLoader:240 - Cannot read IP mode file for STMicroelectronics.X-CUBE-ST67W61.1.0.0
2026-07-20 12:53:30,647 [WARN] PackLoader:240 - Cannot read IP mode file for STMicroelectronics.X-CUBE-AI.10.2.1
2026-07-20 12:53:30,649 [WARN] PackLoader:240 - Cannot read IP mode file for STMicroelectronics.X-CUBE-AI.10.2.0
2026-07-20 12:53:30,669 [WARN] PackLoader:240 - Cannot read IP mode file for STMicroelectronics.X-CUBE-MEMS1.12.1.0
2026-07-20 12:53:30,715 [WARN] PackLoader:240 - Cannot read IP mode file for SEGGER.I-CUBE-embOS.1.3.1
2026-07-20 12:53:30,731 [WARN] PackLoader:240 - Cannot read IP mode file for STMicroelectronics.X-CUBE-ALGOBUILD.1.4.0
2026-07-20 12:53:30,755 [WARN] PackLoader:240 - Cannot read IP mode file for STMicroelectronics.X-CUBE-MEMS1.11.3.0
2026-07-20 12:53:30,857 [WARN] PackLoader:240 - Cannot read IP mode file for STMicroelectronics.X-CUBE-NFC13.1.0.0
2026-07-20 12:53:30,861 [WARN] PackLoader:240 - Cannot read IP mode file for STMicroelectronics.X-CUBE-PM33A1.1.0.0
2026-07-20 12:53:30,869 [WARN] PackLoader:240 - Cannot read IP mode file for STMicroelectronics.X-CUBE-AZRTOS-F4.1.1.0
2026-07-20 12:53:30,872 [WARN] PackLoader:240 - Cannot read IP mode file for Avnet-IotConnect.X-CUBE-IoTC-DA16k-PMOD.1.0.0
2026-07-20 12:53:30,875 [WARN] PackLoader:240 - Cannot read IP mode file for STMicroelectronics.X-CUBE-ISPU.2.1.0
2026-07-20 12:53:30,877 [ERROR] Engine:466 - C:\Users\German\.stm32cubemx\thirdparties\pdsc\STMicroelectronics.X-CUBE-IPS.3.2.0.pdsc: PDSC version is not supported
2026-07-20 12:53:30,880 [WARN] PackLoader:240 - Cannot read IP mode file for STMicroelectronics.eDS-WB_DPC_TT-BIDIR.2.1.1
2026-07-20 12:53:30,883 [WARN] PackLoader:240 - Cannot read IP mode file for STMicroelectronics.X-CUBE-NFC12.1.0.0
2026-07-20 12:53:30,890 [WARN] PackLoader:240 - Cannot read IP mode file for STMicroelectronics.X-CUBE-AZRTOS-L5.2.0.0
2026-07-20 12:53:30,893 [WARN] PackLoader:240 - Cannot read IP mode file for STMicroelectronics.X-CUBE-NFC6.3.1.0
2026-07-20 12:53:30,896 [WARN] PackLoader:240 - Cannot read IP mode file for STMicroelectronics.X-CUBE-ALGOBUILD.1.5.0
2026-07-20 12:53:30,899 [WARN] PackLoader:240 - Cannot read IP mode file for STMicroelectronics.X-CUBE-DPower.1.2.0
2026-07-20 12:53:30,901 [WARN] PackLoader:240 - Cannot read IP mode file for STMicroelectronics.eDS-WB_DPC_VIENNA.1.2.0
2026-07-20 12:53:30,903 [WARN] PackLoader:240 - Cannot read IP mode file for STMicroelectronics.eDS-WB_DPC_3PH2L-BIDIR.1.1.1
2026-07-20 12:53:30,905 [ERROR] Engine:466 - C:\Users\German\.stm32cubemx\thirdparties\pdsc\STMicroelectronics.X-CUBE-ST67W61.1.3.0.pdsc: PDSC version is not supported
2026-07-20 12:53:30,908 [WARN] PackLoader:240 - Cannot read IP mode file for STMicroelectronics.X-CUBE-FREERTOS.1.3.1
2026-07-20 12:53:30,910 [WARN] PackLoader:240 - Cannot read IP mode file for STMicroelectronics.X-CUBE-FREERTOS.1.3.0
2026-07-20 12:53:30,913 [WARN] PackLoader:240 - Cannot read IP mode file for STMicroelectronics.X-CUBE-NFC7.1.0.1
2026-07-20 12:53:30,917 [WARN] PackLoader:240 - Cannot read IP mode file for STMicroelectronics.X-CUBE-TOUCHGFX.4.26.0
2026-07-20 12:53:30,919 [WARN] PackLoader:240 - Cannot read IP mode file for STMicroelectronics.X-CUBE-TOUCHGFX.4.26.1
2026-07-20 12:53:30,922 [WARN] PackLoader:240 - Cannot read IP mode file for STMicroelectronics.FP-SNS-STAIOTCFT.1.0.0
2026-07-20 12:53:30,925 [WARN] PackLoader:240 - Cannot read IP mode file for STMicroelectronics.X-CUBE-DPower.1.3.0
2026-07-20 12:53:30,933 [WARN] ConditionMgr:438 - getConditionDescription Invalid condition id : LAN8742 Phy interface Condition cause : null
2026-07-20 12:53:30,934 [WARN] PackLoader:240 - Cannot read IP mode file for STMicroelectronics.X-CUBE-AZRTOS-L4.2.0.0
2026-07-20 12:53:30,934 [WARN] ConditionMgr:1044 - genDependencies : Invalid condition id : LAN8742 Phy interface Condition cause : null
2026-07-20 12:53:30,935 [WARN] ConditionMgr:1044 - genDependencies : Invalid condition id : LAN8742 Phy interface Condition cause : null
2026-07-20 12:53:30,935 [WARN] ConditionMgr:1044 - genDependencies : Invalid condition id : LAN8742 Phy interface Condition cause : null
2026-07-20 12:53:30,939 [WARN] PackLoader:240 - Cannot read IP mode file for STMicroelectronics.X-CUBE-SFXS2LP1.4.0.0
2026-07-20 12:53:30,947 [WARN] PackLoader:240 - Cannot read IP mode file for STMicroelectronics.X-CUBE-WB05N.2.1.0
2026-07-20 12:53:30,950 [ERROR] Engine:466 - C:\Users\German\.stm32cubemx\thirdparties\pdsc\STMicroelectronics.X-CUBE-ST67W61.1.2.0.pdsc: PDSC version is not supported
2026-07-20 12:53:30,969 [WARN] PackLoader:240 - Cannot read IP mode file for STMicroelectronics.X-CUBE-AZRTOS-H7.3.3.0
2026-07-20 12:53:30,977 [WARN] PackLoader:240 - Cannot read IP mode file for STMicroelectronics.X-CUBE-BLEMGR.4.1.0
2026-07-20 12:53:30,987 [WARN] ConditionMgr:438 - getConditionDescription Invalid condition id : UX DEVICE CLASS RTOS Condition cause : null
2026-07-20 12:53:30,987 [WARN] ConditionMgr:438 - getConditionDescription Invalid condition id : UX DEVICE CLASS RTOS Condition cause : null
2026-07-20 12:53:30,988 [WARN] PackLoader:240 - Cannot read IP mode file for STMicroelectronics.X-CUBE-AZRTOS-WB.2.0.0
2026-07-20 12:53:30,989 [WARN] ConditionMgr:1044 - genDependencies : Invalid condition id : UX DEVICE CLASS RTOS Condition cause : null
2026-07-20 12:53:30,989 [WARN] ConditionMgr:1044 - genDependencies : Invalid condition id : UX DEVICE CLASS RTOS Condition cause : null
2026-07-20 12:53:30,989 [WARN] ConditionMgr:1044 - genDependencies : Invalid condition id : UX DEVICE CLASS RTOS Condition cause : null
2026-07-20 12:53:30,989 [WARN] ConditionMgr:1044 - genDependencies : Invalid condition id : UX DEVICE CLASS RTOS Condition cause : null
2026-07-20 12:53:30,989 [WARN] ConditionMgr:1044 - genDependencies : Invalid condition id : UX DEVICE CLASS RTOS Condition cause : null
2026-07-20 12:53:30,993 [WARN] PackLoader:240 - Cannot read IP mode file for STMicroelectronics.X-CUBE-GNSS1.7.0.1
2026-07-20 12:53:30,996 [WARN] PackLoader:240 - Cannot read IP mode file for STMicroelectronics.X-CUBE-TOUCHGFX.4.25.0
2026-07-20 12:53:30,999 [WARN] PackLoader:240 - Cannot read IP mode file for STMicroelectronics.FP-SNS-STBOX1.2.0.0
2026-07-20 12:53:31,005 [WARN] PackLoader:240 - Cannot read IP mode file for STMicroelectronics.X-CUBE-STSE01.2.0.0
2026-07-20 12:53:31,011 [WARN] PackLoader:240 - Cannot read IP mode file for STMicroelectronics.X-CUBE-SUBG2.5.0.0
2026-07-20 12:53:31,021 [WARN] PackLoader:240 - Cannot read IP mode file for STMicroelectronics.X-CUBE-AZRTOS-H7RS.1.1.0
2026-07-20 12:53:31,027 [WARN] PackLoader:240 - Cannot read IP mode file for Cesanta.I-CUBE-Mongoose.7.13.0
2026-07-20 12:53:31,033 [WARN] PackLoader:240 - Cannot read IP mode file for STMicroelectronics.X-CUBE-AZRTOS-G4.2.0.0
2026-07-20 12:53:31,037 [WARN] PackLoader:240 - Cannot read IP mode file for wolfSSL.I-CUBE-wolfSSH.1.4.20
2026-07-20 12:53:31,041 [WARN] PackLoader:240 - Cannot read IP mode file for STMicroelectronics.X-CUBE-NFC7.2.0.0
2026-07-20 12:53:31,048 [WARN] PackLoader:240 - Cannot read IP mode file for STMicroelectronics.X-CUBE-IPS.3.1.0
2026-07-20 12:53:31,054 [ERROR] Engine:466 - C:\Users\German\.stm32cubemx\thirdparties\pdsc\STMicroelectronics.X-CUBE-BLEMGR.4.2.0.pdsc: PDSC version is not supported
2026-07-20 12:53:31,057 [WARN] PackLoader:240 - Cannot read IP mode file for STMicroelectronics.X-CUBE-ALS.1.0.2
2026-07-20 12:53:31,057 [INFO] WebApp:463 - Apply proxy settings
2026-07-20 12:53:31,058 [INFO] WebApp:548 - Chromium requires no authentication
2026-07-20 12:53:31,060 [WARN] PackLoader:240 - Cannot read IP mode file for STMicroelectronics.X-CUBE-STSE01.1.0.0
2026-07-20 12:53:31,065 [WARN] PackLoader:240 - Cannot read IP mode file for portGmbH.I-Cube-SoM-uGOAL.1.1.0
2026-07-20 12:53:31,070 [INFO] WebApp:491 - Direct internet connection detected
2026-07-20 12:53:31,071 [WARN] PackLoader:240 - Cannot read IP mode file for STMicroelectronics.X-CUBE-TOF1.3.4.2
2026-07-20 12:53:31,081 [WARN] PackLoader:240 - Cannot read IP mode file for STMicroelectronics.X-CUBE-TOF1.3.4.3
2026-07-20 12:53:31,087 [INFO] ThirdParty:978 - Integrity check success = true
2026-07-20 12:53:31,087 [INFO] IntegrityCheckThread:100 - exiting critical section [integrity check]
2026-07-20 12:53:31,087 [INFO] IntegrityCheckThread:103 - End integrity checks thread
2026-07-20 12:53:31,094 [INFO] WebApp:894 - Register for checkConnection events
2026-07-20 12:53:31,094 [INFO] WebApp:463 - Apply proxy settings
2026-07-20 12:53:31,094 [INFO] WebApp:548 - Chromium requires no authentication
2026-07-20 12:53:31,094 [INFO] WebApp:491 - Direct internet connection detected
2026-07-20 12:53:31,237 [INFO] WebApp:191 - Connection restablished
2026-07-20 12:53:31,245 [INFO] WebApp:225 - Starting web application
2026-07-20 12:53:31,245 [INFO] WebApp:593 - Web application path used C:\ST\STM32CubeIDE_1.18.1\STM32CubeIDE\plugins\com.st.stm32cube.common.mx_6.14.1.202504091515\db\plugins\mcufinder\reactClient1\index.html
2026-07-20 12:53:31,403 [INFO] UserAuth:484 - Internet connection configuration mode: 1
2026-07-20 18:13:38,474 [ERROR] LogOutputStream:75 - [STDERR_REDIRECT] 
2026-07-20 20:37:27,606 [INFO] Activator:176 - 


2026-07-20 20:37:27,608 [INFO] Activator:177 - !SESSION log4j initialized
2026-07-20 20:37:31,338 [INFO] LogOutputStream:77 - [STDOUT_REDIRECT] 
2026-07-20 20:37:33,737 [INFO] ApplicationProperties:184 - Using Application install path: C:\ST\STM32CubeIDE_1.18.1\STM32CubeIDE\plugins\com.st.stm32cube.common.mx_6.14.1.202504091515
2026-07-20 20:37:33,748 [INFO] DbMcusXml:78 - Set database path to: C:\ST\STM32CubeIDE_1.18.1\STM32CubeIDE\plugins\com.st.stm32cube.common.mx_6.14.1.202504091515\\db\/mcu/
2026-07-20 20:37:33,748 [INFO] ApiDb:274 - Set plugin database path to: C:\ST\STM32CubeIDE_1.18.1\STM32CubeIDE\plugins\com.st.stm32cube.common.mx_6.14.1.202504091515\\db\/plugins/boardmanager/
2026-07-20 20:37:33,748 [WARN] ApiDb:259 - Overriding images path with different value:  => C:\ST\STM32CubeIDE_1.18.1\STM32CubeIDE\plugins\com.st.stm32cube.common.mx_6.14.1.202504091515\\db\/plugins/mcufinder/images/
2026-07-20 20:37:33,753 [INFO] ApiDb:250 - Set database path to: C:\Users\German\.stmcufinder\plugins\mcufinder//mcu/
2026-07-20 20:37:33,754 [INFO] DbMcusAds:125 - Set database path to: C:\Users\German\.stmcufinder\plugins\mcufinder//mcu/
2026-07-20 20:37:33,755 [INFO] CrossReferenceDbSqlite:203 - Set database path to: C:\Users\German\.stmcufinder\plugins\mcufinder//mcu/cs/
2026-07-20 20:37:33,826 [INFO] RulesReader:64 - Compatibility file has been processed (302 Rules)
2026-07-20 20:37:33,893 [INFO] DbMcusXml:78 - Set database path to: C:\ST\STM32CubeIDE_1.18.1\STM32CubeIDE\plugins\com.st.stm32cube.common.mx_6.14.1.202504091515\\db\/mcu/
2026-07-20 20:37:33,893 [INFO] ApiDb:274 - Set plugin database path to: C:\ST\STM32CubeIDE_1.18.1\STM32CubeIDE\plugins\com.st.stm32cube.common.mx_6.14.1.202504091515\\db\/plugins/boardmanager/
2026-07-20 20:37:33,893 [INFO] ApiDb:261 - Set plugin images path to: C:\ST\STM32CubeIDE_1.18.1\STM32CubeIDE\plugins\com.st.stm32cube.common.mx_6.14.1.202504091515\\db\/plugins/mcufinder/images/
2026-07-20 20:37:33,893 [WARN] DbFile:41 - Overriding database path with different value: C:\Users\German\.stmcufinder\plugins\mcufinder/ => C:\Users\German\.stmcufinder\plugins\mcufinder
2026-07-20 20:37:33,893 [INFO] ApiDb:250 - Set database path to: C:\Users\German\.stmcufinder\plugins\mcufinder//mcu/
2026-07-20 20:37:33,893 [WARN] DbFile:41 - Overriding database path with different value: C:\Users\German\.stmcufinder\plugins\mcufinder/ => C:\Users\German\.stmcufinder\plugins\mcufinder
2026-07-20 20:37:33,893 [INFO] DbMcusAds:125 - Set database path to: C:\Users\German\.stmcufinder\plugins\mcufinder//mcu/
2026-07-20 20:37:33,893 [WARN] DbFile:41 - Overriding database path with different value: C:\Users\German\.stmcufinder\plugins\mcufinder/ => C:\Users\German\.stmcufinder\plugins\mcufinder
2026-07-20 20:37:33,893 [WARN] DbFile:41 - Overriding database path with different value: C:\Users\German\.stmcufinder\plugins\mcufinder/ => C:\Users\German\.stmcufinder\plugins\mcufinder
2026-07-20 20:37:33,893 [INFO] CrossReferenceDbSqlite:203 - Set database path to: C:\Users\German\.stmcufinder\plugins\mcufinder//mcu/cs/
2026-07-20 20:37:33,950 [INFO] MainPanel:272 - HeapMemory: 268435456
2026-07-20 20:37:34,054 [INFO] DbMcusXml:78 - Set database path to: C:\ST\STM32CubeIDE_1.18.1\STM32CubeIDE\plugins\com.st.stm32cube.common.mx_6.14.1.202504091515\\db\/mcu/
2026-07-20 20:37:34,054 [INFO] ApiDb:274 - Set plugin database path to: C:\ST\STM32CubeIDE_1.18.1\STM32CubeIDE\plugins\com.st.stm32cube.common.mx_6.14.1.202504091515\\db\/plugins/boardmanager/
2026-07-20 20:37:34,054 [INFO] ApiDb:261 - Set plugin images path to: C:\ST\STM32CubeIDE_1.18.1\STM32CubeIDE\plugins\com.st.stm32cube.common.mx_6.14.1.202504091515\\db\/plugins/mcufinder/images/
2026-07-20 20:37:34,054 [WARN] DbFile:41 - Overriding database path with different value: C:\Users\German\.stmcufinder\plugins\mcufinder/ => C:\Users\German\.stmcufinder\plugins\mcufinder
2026-07-20 20:37:34,055 [INFO] ApiDb:250 - Set database path to: C:\Users\German\.stmcufinder\plugins\mcufinder//mcu/
2026-07-20 20:37:34,055 [WARN] DbFile:41 - Overriding database path with different value: C:\Users\German\.stmcufinder\plugins\mcufinder/ => C:\Users\German\.stmcufinder\plugins\mcufinder
2026-07-20 20:37:34,055 [INFO] DbMcusAds:125 - Set database path to: C:\Users\German\.stmcufinder\plugins\mcufinder//mcu/
2026-07-20 20:37:34,055 [WARN] DbFile:41 - Overriding database path with different value: C:\Users\German\.stmcufinder\plugins\mcufinder/ => C:\Users\German\.stmcufinder\plugins\mcufinder
2026-07-20 20:37:34,055 [WARN] DbFile:41 - Overriding database path with different value: C:\Users\German\.stmcufinder\plugins\mcufinder/ => C:\Users\German\.stmcufinder\plugins\mcufinder
2026-07-20 20:37:34,055 [INFO] CrossReferenceDbSqlite:203 - Set database path to: C:\Users\German\.stmcufinder\plugins\mcufinder//mcu/cs/
2026-07-20 20:37:34,071 [INFO] ApplicationProperties:184 - Using Application install path: C:\ST\STM32CubeIDE_1.18.1\STM32CubeIDE\plugins\com.st.stm32cube.common.mx_6.14.1.202504091515
2026-07-20 20:37:34,072 [INFO] PluginManage:196 - Search for loadable plugins [exclusion list=, ]
2026-07-20 20:37:34,074 [INFO] PluginManage:310 - Check plugin analytics
2026-07-20 20:37:34,208 [INFO] AnalyticsPlugin:253 - Accepted Software Licenses: STM32CubeMX.6.14.1,STM32CubeMX.6.17.0
2026-07-20 20:37:34,208 [INFO] AnalyticsPlugin:255 - Accepted CMSIS Pack Licenses: 
2026-07-20 20:37:34,208 [INFO] AnalyticsPlugin:257 - Accepted Firmware Licenses: FW.WB.1.17.0,FW.WB.1.22.0,FW.L4.1.18.0,FW.WB.1.13.0,FW.WB.1.23.0,FW.WB.1.24.0
2026-07-20 20:37:34,211 [INFO] PluginManage:359 - Loaded plugin analytics (category:tool,tabindex:-1)
2026-07-20 20:37:34,212 [INFO] PluginManage:310 - Check plugin cadmodel
2026-07-20 20:37:34,216 [INFO] CADModel:105 - Init CAD model plugin
2026-07-20 20:37:34,216 [INFO] PluginManage:359 - Loaded plugin cadmodel (category:power,tabindex:5)
2026-07-20 20:37:34,217 [INFO] PluginManage:310 - Check plugin clock
2026-07-20 20:37:34,224 [INFO] PluginManage:359 - Loaded plugin clock (category:base,tabindex:2)
2026-07-20 20:37:34,224 [INFO] PluginManage:310 - Check plugin ddr
2026-07-20 20:37:34,226 [INFO] PluginManage:359 - Loaded plugin ddr (category:tool,tabindex:6)
2026-07-20 20:37:34,227 [INFO] PluginManage:310 - Check plugin filemanager
2026-07-20 20:37:34,326 [INFO] PluginManage:359 - Loaded plugin filemanager (category:base,tabindex:10)
2026-07-20 20:37:34,326 [INFO] PluginManage:310 - Check plugin ipmanager
2026-07-20 20:37:34,330 [INFO] PluginManage:359 - Loaded plugin ipmanager (category:base,tabindex:5)
2026-07-20 20:37:34,330 [INFO] PluginManage:310 - Check plugin lpbam
2026-07-20 20:37:34,335 [INFO] PluginManage:359 - Loaded plugin lpbam (category:base,tabindex:0)
2026-07-20 20:37:34,335 [INFO] PluginManage:310 - Check plugin memorymap
2026-07-20 20:37:34,344 [INFO] PluginManage:359 - Loaded plugin memorymap (category:base,tabindex:4)
2026-07-20 20:37:34,344 [INFO] PluginManage:310 - Check plugin pinoutandconfiguration
2026-07-20 20:37:34,350 [INFO] PluginManage:359 - Loaded plugin pinoutandconfiguration (category:base,tabindex:1)
2026-07-20 20:37:34,350 [INFO] PluginManage:310 - Check plugin pinoutconfig
2026-07-20 20:37:34,434 [WARN] SupportedApi:132 - Cannot load RTOS API schema: s4s-elt-must-match.1: The content of 'definitions' must match (annotation?, (simpleType | complexType)?, (unique | key | keyref)*)). A problem was found starting at: attribute.
2026-07-20 20:37:34,571 [INFO] PluginManage:359 - Loaded plugin pinoutconfig (category:base,tabindex:0)
2026-07-20 20:37:34,571 [INFO] PluginManage:310 - Check plugin power
2026-07-20 20:37:34,582 [INFO] PluginManage:359 - Loaded plugin power (category:power,tabindex:4)
2026-07-20 20:37:34,582 [INFO] PluginManage:310 - Check plugin projectmanager
2026-07-20 20:37:34,594 [INFO] PluginManage:359 - Loaded plugin projectmanager (category:projectmanager,tabindex:4)
2026-07-20 20:37:34,594 [INFO] PluginManage:310 - Check plugin rif
2026-07-20 20:37:34,605 [INFO] PluginManage:359 - Loaded plugin rif (category:base,tabindex:3)
2026-07-20 20:37:34,606 [INFO] PluginManage:310 - Check plugin thirdparty
2026-07-20 20:37:34,705 [WARN] IntegrityCheckThread:84 - waiting for thirdparty lock release [integrity check]
2026-07-20 20:37:34,705 [INFO] IntegrityCheckThread:86 - entering critical section [integrity check]
2026-07-20 20:37:34,705 [INFO] PluginManage:359 - Loaded plugin thirdparty (category:base,tabindex:-1)
2026-07-20 20:37:34,705 [INFO] PluginManage:310 - Check plugin tools
2026-07-20 20:37:34,705 [INFO] ThirdPartyUpdaterWithRetryManager:70 - Updater plugin not ready yet. [1/15]
2026-07-20 20:37:34,708 [INFO] PluginManage:359 - Loaded plugin tools (category:base,tabindex:7)
2026-07-20 20:37:34,708 [INFO] PluginManage:310 - Check plugin tutovideos
2026-07-20 20:37:34,848 [INFO] PluginManage:359 - Loaded plugin tutovideos (category:base,tabindex:-1)
2026-07-20 20:37:34,848 [INFO] PluginManage:310 - Check plugin updater
2026-07-20 20:37:34,864 [INFO] PluginManage:359 - Loaded plugin updater (category:base,tabindex:12)
2026-07-20 20:37:34,864 [INFO] PluginManage:310 - Check plugin userauth
2026-07-20 20:37:34,867 [INFO] UserAuth:118 - Init User Auth plugin
2026-07-20 20:37:34,868 [INFO] PluginManage:359 - Loaded plugin userauth (category:base,tabindex:14)
2026-07-20 20:37:34,868 [INFO] PluginManage:283 - PluginManage : Loaded plugins [18]
2026-07-20 20:37:35,013 [INFO] PinOutPanel:1589 - setPackage(No Configuration,No Configuration)
2026-07-20 20:37:35,062 [INFO] CADModel:165 - CPN selected for project level
2026-07-20 20:37:35,063 [INFO] CADModel:114 - Register for checkConnection events
2026-07-20 20:37:35,074 [INFO] IPUIPlugin:80 - create IPUIPlugin
2026-07-20 20:37:35,074 [INFO] PluginManager:220 - loadIPPluginJar : add adc
2026-07-20 20:37:35,076 [INFO] IPUIPlugin:80 - create IPUIPlugin
2026-07-20 20:37:35,076 [INFO] PluginManager:220 - loadIPPluginJar : add aes
2026-07-20 20:37:35,077 [INFO] IPUIPlugin:80 - create IPUIPlugin
2026-07-20 20:37:35,078 [INFO] PluginManager:220 - loadIPPluginJar : add can
2026-07-20 20:37:35,079 [INFO] IPUIPlugin:80 - create IPUIPlugin
2026-07-20 20:37:35,079 [INFO] PluginManager:220 - loadIPPluginJar : add comp
2026-07-20 20:37:35,080 [INFO] IPUIPlugin:80 - create IPUIPlugin
2026-07-20 20:37:35,080 [INFO] PluginManager:220 - loadIPPluginJar : add cryp
2026-07-20 20:37:35,082 [INFO] IPUIPlugin:80 - create IPUIPlugin
2026-07-20 20:37:35,082 [INFO] PluginManager:220 - loadIPPluginJar : add ddr_ctrl_phy
2026-07-20 20:37:35,083 [INFO] IPUIPlugin:80 - create IPUIPlugin
2026-07-20 20:37:35,083 [INFO] PluginManager:220 - loadIPPluginJar : add dfsdm
2026-07-20 20:37:35,087 [INFO] IPUIPlugin:80 - create IPUIPlugin
2026-07-20 20:37:35,087 [INFO] PluginManager:220 - loadIPPluginJar : add dma
2026-07-20 20:37:35,088 [INFO] IPUIPlugin:80 - create IPUIPlugin
2026-07-20 20:37:35,088 [INFO] PluginManager:220 - loadIPPluginJar : add dma3
2026-07-20 20:37:35,090 [INFO] IPUIPlugin:80 - create IPUIPlugin
2026-07-20 20:37:35,090 [INFO] PluginManager:220 - loadIPPluginJar : add extmemmanager
2026-07-20 20:37:35,091 [INFO] IPUIPlugin:80 - create IPUIPlugin
2026-07-20 20:37:35,091 [INFO] PluginManager:220 - loadIPPluginJar : add fatfs
2026-07-20 20:37:35,093 [INFO] IPUIPlugin:80 - create IPUIPlugin
2026-07-20 20:37:35,093 [INFO] PluginManager:220 - loadIPPluginJar : add fmc
2026-07-20 20:37:35,097 [INFO] IPUIPlugin:80 - create IPUIPlugin
2026-07-20 20:37:35,097 [INFO] PluginManager:220 - loadIPPluginJar : add freertos
2026-07-20 20:37:35,098 [INFO] IPUIPlugin:80 - create IPUIPlugin
2026-07-20 20:37:35,098 [INFO] PluginManager:220 - loadIPPluginJar : add genericplugin
2026-07-20 20:37:35,099 [INFO] IPUIPlugin:80 - create IPUIPlugin
2026-07-20 20:37:35,099 [INFO] PluginManager:220 - loadIPPluginJar : add gfxmmu
2026-07-20 20:37:35,102 [INFO] IPUIPlugin:80 - create IPUIPlugin
2026-07-20 20:37:35,102 [INFO] PluginManager:220 - loadIPPluginJar : add gic
2026-07-20 20:37:35,102 [INFO] IPUIPlugin:80 - create IPUIPlugin
2026-07-20 20:37:35,102 [INFO] PluginManager:220 - loadIPPluginJar : add gpio
2026-07-20 20:37:35,102 [INFO] IPUIPlugin:80 - create IPUIPlugin
2026-07-20 20:37:35,102 [INFO] PluginManager:220 - loadIPPluginJar : add gtzc
2026-07-20 20:37:35,102 [INFO] IPUIPlugin:80 - create IPUIPlugin
2026-07-20 20:37:35,102 [INFO] PluginManager:220 - loadIPPluginJar : add hash
2026-07-20 20:37:35,102 [INFO] IPUIPlugin:80 - create IPUIPlugin
2026-07-20 20:37:35,102 [INFO] PluginManager:220 - loadIPPluginJar : add i2c
2026-07-20 20:37:35,102 [INFO] IPUIPlugin:80 - create IPUIPlugin
2026-07-20 20:37:35,102 [INFO] PluginManager:220 - loadIPPluginJar : add i2s
2026-07-20 20:37:35,102 [INFO] IPUIPlugin:80 - create IPUIPlugin
2026-07-20 20:37:35,102 [INFO] PluginManager:220 - loadIPPluginJar : add i3c
2026-07-20 20:37:35,102 [INFO] IPUIPlugin:80 - create IPUIPlugin
2026-07-20 20:37:35,102 [INFO] PluginManager:220 - loadIPPluginJar : add ipddr
2026-07-20 20:37:35,117 [INFO] IPUIPlugin:80 - create IPUIPlugin
2026-07-20 20:37:35,117 [INFO] PluginManager:220 - loadIPPluginJar : add linkedlist
2026-07-20 20:37:35,117 [INFO] IPUIPlugin:80 - create IPUIPlugin
2026-07-20 20:37:35,117 [INFO] PluginManager:220 - loadIPPluginJar : add lorawan
2026-07-20 20:37:35,117 [INFO] IPUIPlugin:80 - create IPUIPlugin
2026-07-20 20:37:35,117 [INFO] PluginManager:220 - loadIPPluginJar : add ltdc
2026-07-20 20:37:35,117 [INFO] IPUIPlugin:80 - create IPUIPlugin
2026-07-20 20:37:35,117 [INFO] PluginManager:220 - loadIPPluginJar : add mdma
2026-07-20 20:37:35,117 [INFO] IPUIPlugin:80 - create IPUIPlugin
2026-07-20 20:37:35,117 [INFO] PluginManager:220 - loadIPPluginJar : add nvic
2026-07-20 20:37:35,117 [INFO] IPUIPlugin:80 - create IPUIPlugin
2026-07-20 20:37:35,117 [INFO] PluginManager:220 - loadIPPluginJar : add opamp
2026-07-20 20:37:35,117 [INFO] IPUIPlugin:80 - create IPUIPlugin
2026-07-20 20:37:35,117 [INFO] PluginManager:220 - loadIPPluginJar : add openamp
2026-07-20 20:37:35,117 [INFO] IPUIPlugin:80 - create IPUIPlugin
2026-07-20 20:37:35,117 [INFO] PluginManager:220 - loadIPPluginJar : add pdm2pcm
2026-07-20 20:37:35,133 [INFO] IPUIPlugin:80 - create IPUIPlugin
2026-07-20 20:37:35,133 [INFO] PluginManager:220 - loadIPPluginJar : add plateformsettings
2026-07-20 20:37:35,133 [INFO] IPUIPlugin:80 - create IPUIPlugin
2026-07-20 20:37:35,133 [INFO] PluginManager:220 - loadIPPluginJar : add quadspi
2026-07-20 20:37:35,133 [INFO] IPUIPlugin:80 - create IPUIPlugin
2026-07-20 20:37:35,133 [INFO] PluginManager:220 - loadIPPluginJar : add radio
2026-07-20 20:37:35,133 [INFO] IPUIPlugin:80 - create IPUIPlugin
2026-07-20 20:37:35,133 [INFO] PluginManager:220 - loadIPPluginJar : add resmgrutility
2026-07-20 20:37:35,133 [INFO] IPUIPlugin:80 - create IPUIPlugin
2026-07-20 20:37:35,133 [INFO] PluginManager:220 - loadIPPluginJar : add sai
2026-07-20 20:37:35,133 [INFO] IPUIPlugin:80 - create IPUIPlugin
2026-07-20 20:37:35,133 [INFO] PluginManager:220 - loadIPPluginJar : add spi
2026-07-20 20:37:35,133 [INFO] IPUIPlugin:80 - create IPUIPlugin
2026-07-20 20:37:35,133 [INFO] PluginManager:220 - loadIPPluginJar : add stm32_wpan
2026-07-20 20:37:35,133 [INFO] IPUIPlugin:80 - create IPUIPlugin
2026-07-20 20:37:35,133 [INFO] PluginManager:220 - loadIPPluginJar : add tim
2026-07-20 20:37:35,149 [INFO] IPUIPlugin:80 - create IPUIPlugin
2026-07-20 20:37:35,149 [INFO] PluginManager:220 - loadIPPluginJar : add touchsensing
2026-07-20 20:37:35,149 [INFO] IPUIPlugin:80 - create IPUIPlugin
2026-07-20 20:37:35,149 [INFO] PluginManager:220 - loadIPPluginJar : add tracer_emb
2026-07-20 20:37:35,149 [INFO] IPUIPlugin:80 - create IPUIPlugin
2026-07-20 20:37:35,149 [INFO] PluginManager:220 - loadIPPluginJar : add ts
2026-07-20 20:37:35,149 [INFO] IPUIPlugin:80 - create IPUIPlugin
2026-07-20 20:37:35,149 [INFO] PluginManager:220 - loadIPPluginJar : add tsc
2026-07-20 20:37:35,149 [INFO] IPUIPlugin:80 - create IPUIPlugin
2026-07-20 20:37:35,149 [INFO] PluginManager:220 - loadIPPluginJar : add ucpd
2026-07-20 20:37:35,149 [INFO] IPUIPlugin:80 - create IPUIPlugin
2026-07-20 20:37:35,149 [INFO] PluginManager:220 - loadIPPluginJar : add usart
2026-07-20 20:37:35,149 [INFO] IPUIPlugin:80 - create IPUIPlugin
2026-07-20 20:37:35,149 [INFO] PluginManager:220 - loadIPPluginJar : add usbx
2026-07-20 20:37:35,263 [FATAL] Updater:351 - Updater called before beeing initialized
2026-07-20 20:37:35,279 [INFO] RulesReader:64 - Compatibility file has been processed (302 Rules)
2026-07-20 20:37:35,279 [INFO] RulesReader:64 - Compatibility file has been processed (302 Rules)
2026-07-20 20:37:35,279 [INFO] CADModel:165 - CPN selected for project level
2026-07-20 20:37:35,279 [INFO] CADModel:114 - Register for checkConnection events
2026-07-20 20:37:35,279 [FATAL] Updater:351 - Updater called before beeing initialized
2026-07-20 20:37:35,279 [ERROR] CADModel:125 - Updater not yet initialized, retry later 
2026-07-20 20:37:35,389 [FATAL] Updater:351 - Updater called before beeing initialized
2026-07-20 20:37:35,392 [INFO] CADModel:165 - CPN selected for project level
2026-07-20 20:37:35,392 [INFO] CADModel:114 - Register for checkConnection events
2026-07-20 20:37:35,392 [FATAL] Updater:351 - Updater called before beeing initialized
2026-07-20 20:37:35,392 [ERROR] CADModel:125 - Updater not yet initialized, retry later 
2026-07-20 20:37:35,392 [FATAL] Updater:351 - Updater called before beeing initialized
2026-07-20 20:37:35,455 [FATAL] Updater:351 - Updater called before beeing initialized
2026-07-20 20:37:35,455 [INFO] DbMcusAds:53 - JSON generation date=Thu May 28 13:08:16 ART 2026 (1779984496559)
2026-07-20 20:37:35,455 [FATAL] Updater:351 - Updater called before beeing initialized
2026-07-20 20:37:35,486 [WARN] DetailPanel:346 - Failed to get advertising image, set to default
2026-07-20 20:37:35,642 [FATAL] Updater:351 - Updater called before beeing initialized
2026-07-20 20:37:35,642 [FATAL] Updater:351 - Updater called before beeing initialized
2026-07-20 20:37:35,642 [FATAL] Updater:351 - Updater called before beeing initialized
2026-07-20 20:37:35,642 [WARN] DetailPanel:346 - Failed to get advertising image, set to default
2026-07-20 20:37:35,642 [FATAL] Updater:351 - Updater called before beeing initialized
2026-07-20 20:37:35,669 [ERROR] Updater:1198 - MainUpdater not yet initialized. External WinMGr cannot be set.
2026-07-20 20:37:35,669 [INFO] Updater:1134 - Updater Version found : 6.14.1
2026-07-20 20:37:35,684 [INFO] ApplicationProperties:184 - Using Application install path: C:\ST\STM32CubeIDE_1.18.1\STM32CubeIDE\plugins\com.st.stm32cube.common.mx_6.14.1.202504091515
2026-07-20 20:37:37,278 [ERROR] LogOutputStream:75 - [STDERR_REDIRECT] Jul 20, 2026 8:37:37 PM java.util.prefs.WindowsPreferences <init>
2026-07-20 20:37:37,278 [ERROR] LogOutputStream:75 - [STDERR_REDIRECT] WARNING: Could not open/create prefs root node Software\JavaSoft\Prefs at root 0xffffffff80000002. Windows RegCreateKeyEx(...) returned error code 5.
2026-07-20 20:37:37,278 [ERROR] LogOutputStream:75 - [STDERR_REDIRECT] 
2026-07-20 20:37:37,450 [INFO] MainUpdater:2872 - connection check result : 10
2026-07-20 20:37:37,450 [INFO] MainUpdater:289 - Updater Check For Update Now.
2026-07-20 20:37:37,450 [INFO] MicroXplorer:498 - Change Database Version : DB.6.0.141
2026-07-20 20:37:37,450 [INFO] McuFinderGlobals:63 - Set McuFinder mode to 2 (CubeIDE integrated)
2026-07-20 20:37:37,450 [INFO] UserAuth:484 - Internet connection configuration mode: 1
2026-07-20 20:37:37,469 [INFO] JxBrowserEngine:152 - Initiate JxBrowser Engine with user profile folder
2026-07-20 20:37:37,617 [INFO] CheckServerUpdateThread:120 - End of CheckServer Thread
2026-07-20 20:37:38,013 [WARN] PackLoader:240 - Cannot read IP mode file for STMicroelectronics.X-CUBE-AZRTOS-H7.3.5.0
2026-07-20 20:37:38,029 [WARN] PackLoader:240 - Cannot read IP mode file for STMicroelectronics.FP-SNS-MOTENVWB1.1.4.0
2026-07-20 20:37:38,035 [WARN] PackLoader:240 - Cannot read IP mode file for STMicroelectronics.FP-ATR-ASTRA1.2.0.3
2026-07-20 20:37:38,035 [WARN] PackLoader:240 - Cannot read IP mode file for STMicroelectronics.FP-ATR-ASTRA1.2.0.2
2026-07-20 20:37:38,046 [ERROR] Engine:466 - C:\Users\German\.stm32cubemx\thirdparties\pdsc\STMicroelectronics.X-CUBE-SMBUS.2.1.1.pdsc: PDSC version is not supported
2026-07-20 20:37:38,048 [WARN] PackLoader:240 - Cannot read IP mode file for STMicroelectronics.X-CUBE-SMBUS.2.1.0
2026-07-20 20:37:38,051 [WARN] PackLoader:240 - Cannot read IP mode file for STMicroelectronics.X-CUBE-WB05N.1.1.0
2026-07-20 20:37:38,058 [WARN] PackLoader:240 - Cannot read IP mode file for STMicroelectronics.X-CUBE-ST60.1.0.0
2026-07-20 20:37:38,074 [WARN] PackLoader:240 - Cannot read IP mode file for STMicroelectronics.X-CUBE-AZRTOS-F7.1.1.0
2026-07-20 20:37:38,074 [ERROR] Engine:466 - C:\Users\German\.stm32cubemx\thirdparties\pdsc\STMicroelectronics.X-CUBE-FREERTOS.1.6.0.pdsc: PDSC version is not supported
2026-07-20 20:37:38,084 [ERROR] Engine:466 - C:\Users\German\.stm32cubemx\thirdparties\pdsc\STMicroelectronics.FP-SNS-MOTENV1.5.1.0.pdsc: PDSC version is not supported
2026-07-20 20:37:38,100 [WARN] PackLoader:240 - Cannot read IP mode file for STMicroelectronics.X-CUBE-AZRTOS-H7RS.1.3.0
2026-07-20 20:37:38,109 [WARN] PackLoader:240 - Cannot read IP mode file for Infineon.AIROC-Wi-Fi-Bluetooth-STM32.1.7.0
2026-07-20 20:37:38,123 [WARN] PackLoader:240 - Cannot read IP mode file for STMicroelectronics.X-CUBE-AZRTOS-H7.3.4.0
2026-07-20 20:37:38,123 [WARN] PackLoader:240 - Cannot read IP mode file for STMicroelectronics.X-CUBE-DISPLAY.3.0.0
2026-07-20 20:37:38,139 [WARN] PackLoader:240 - Cannot read IP mode file for STMicroelectronics.X-CUBE-GNSS1.7.1.1
2026-07-20 20:37:38,139 [ERROR] Engine:466 - C:\Users\German\.stm32cubemx\thirdparties\pdsc\STMicroelectronics.FP-SNS-MOTENVWB1.1.5.0.pdsc: PDSC version is not supported
2026-07-20 20:37:38,139 [WARN] PackLoader:240 - Cannot read IP mode file for STMicroelectronics.X-CUBE-NFC10.1.0.0
2026-07-20 20:37:38,155 [WARN] PackLoader:240 - Cannot read IP mode file for STMicroelectronics.X-CUBE-BLEMGR.4.0.0
2026-07-20 20:37:38,155 [WARN] PackLoader:240 - Cannot read IP mode file for STMicroelectronics.X-CUBE-ST60.1.1.0
2026-07-20 20:37:38,155 [WARN] PackLoader:240 - Cannot read IP mode file for emotas.I-CUBE-CANOPEN.1.3.0
2026-07-20 20:37:38,164 [ERROR] Engine:466 - C:\Users\German\.stm32cubemx\thirdparties\pdsc\STMicroelectronics.X-CUBE-WBA.1.1.0.pdsc: PDSC version is not supported
2026-07-20 20:37:38,164 [WARN] PackLoader:240 - Cannot read IP mode file for STMicroelectronics.X-CUBE-GNSS1.7.1.0
2026-07-20 20:37:38,169 [WARN] ConditionMgr:438 - getConditionDescription Invalid condition id : Cortex-A Device cause : null
2026-07-20 20:37:38,181 [WARN] ConditionMgr:1044 - genDependencies : Invalid condition id : Cortex-A Device cause : null
2026-07-20 20:37:38,181 [WARN] ConditionMgr:1044 - genDependencies : Invalid condition id : Cortex-A Device cause : null
2026-07-20 20:37:38,181 [WARN] ConditionMgr:1044 - genDependencies : Invalid condition id : Cortex-A Device cause : null
2026-07-20 20:37:38,182 [WARN] PackLoader:240 - Cannot read IP mode file for STMicroelectronics.X-CUBE-AI.10.0.0
2026-07-20 20:37:38,182 [ERROR] Engine:466 - C:\Users\German\.stm32cubemx\thirdparties\pdsc\STMicroelectronics.FP-SNS-STBOX1.2.1.0.pdsc: PDSC version is not supported
2026-07-20 20:37:38,192 [WARN] PackLoader:240 - Cannot read IP mode file for STMicroelectronics.FP-SNS-SMARTAG2.1.2.0
2026-07-20 20:37:38,192 [WARN] PackLoader:240 - Cannot read IP mode file for STMicroelectronics.FP-SNS-FLIGHT1.5.1.0
2026-07-20 20:37:38,248 [WARN] PackLoader:240 - Cannot read IP mode file for STMicroelectronics.X-CUBE-MEMS1.11.1.0
2026-07-20 20:37:38,263 [INFO] WebApp:169 - Instantiating new browser for Auth
2026-07-20 20:37:38,356 [INFO] LogOutputStream:77 - [STDOUT_REDIRECT] 1 : Invalid condition id : UX_CORESTACK_Condition cause : null
2026-07-20 20:37:38,356 [INFO] LogOutputStream:77 - [STDOUT_REDIRECT] 1 : Invalid condition id : UX_CORESTACK_Condition cause : null
2026-07-20 20:37:38,356 [INFO] LogOutputStream:77 - [STDOUT_REDIRECT] 1 : Invalid condition id : UX_CORESTACK_Condition cause : null
2026-07-20 20:37:38,356 [INFO] LogOutputStream:77 - [STDOUT_REDIRECT] 1 : Invalid condition id : UX_CORESTACK_Condition cause : null
2026-07-20 20:37:38,356 [INFO] LogOutputStream:77 - [STDOUT_REDIRECT] 1 : Invalid condition id : UX_CORESTACK_Condition cause : null
2026-07-20 20:37:38,356 [WARN] PackLoader:240 - Cannot read IP mode file for STMicroelectronics.X-CUBE-AZRTOS-WL.2.0.0
2026-07-20 20:37:38,371 [WARN] PackLoader:240 - Cannot read IP mode file for STMicroelectronics.FP-SNS-MOTENV1.5.0.0
2026-07-20 20:37:38,373 [WARN] PackLoader:240 - Cannot read IP mode file for STMicroelectronics.X-CUBE-AZRTOS-H7RS.1.2.0
2026-07-20 20:37:38,387 [WARN] PackLoader:240 - Cannot read IP mode file for WES.I-CUBE-Cesium.1.3.0
2026-07-20 20:37:38,388 [WARN] PackLoader:240 - Cannot read IP mode file for STMicroelectronics.X-CUBE-BLE2.3.3.0
2026-07-20 20:37:38,398 [WARN] PackLoader:240 - Cannot read IP mode file for STMicroelectronics.X-CUBE-NFC9.1.0.0
2026-07-20 20:37:38,398 [WARN] PackLoader:240 - Cannot read IP mode file for STMicroelectronics.X-CUBE-BLE1.7.1.0
2026-07-20 20:37:38,398 [WARN] PackLoader:240 - Cannot read IP mode file for wolfSSL.I-CUBE-wolfMQTT.1.19.2
2026-07-20 20:37:38,398 [ERROR] Engine:466 - C:\Users\German\.stm32cubemx\thirdparties\pdsc\STMicroelectronics.X-CUBE-FREERTOS.1.4.0.pdsc: PDSC version is not supported
2026-07-20 20:37:38,398 [WARN] PackLoader:240 - Cannot read IP mode file for STMicroelectronics.X-CUBE-EEPRMA1.5.2.0
2026-07-20 20:37:38,413 [ERROR] Engine:466 - C:\Users\German\.stm32cubemx\thirdparties\pdsc\STMicroelectronics.X-CUBE-ST67W61.1.1.0.pdsc: PDSC version is not supported
2026-07-20 20:37:38,413 [WARN] PackLoader:240 - Cannot read IP mode file for STMicroelectronics.X-CUBE-AI.10.1.0
2026-07-20 20:37:38,417 [ERROR] Engine:466 - C:\Users\German\.stm32cubemx\thirdparties\pdsc\STMicroelectronics.FP-SNS-STAIOTCFT.1.1.0.pdsc: PDSC version is not supported
2026-07-20 20:37:38,433 [WARN] PackLoader:240 - Cannot read IP mode file for STMicroelectronics.X-CUBE-MEMS1.12.0.0
2026-07-20 20:37:38,480 [WARN] PackLoader:240 - Cannot read IP mode file for STMicroelectronics.X-CUBE-MEMS1.11.2.0
2026-07-20 20:37:38,560 [WARN] PackLoader:240 - Cannot read IP mode file for STMicroelectronics.X-CUBE-AZRTOS-G0.1.1.0
2026-07-20 20:37:38,560 [WARN] PackLoader:240 - Cannot read IP mode file for STMicroelectronics.X-CUBE-SAFEA1.1.2.2
2026-07-20 20:37:38,560 [WARN] PackLoader:240 - Cannot read IP mode file for STMicroelectronics.X-CUBE-NFC4.3.0.0
2026-07-20 20:37:38,571 [WARN] PackLoader:240 - Cannot read IP mode file for EmbeddedOffice.I-CUBE-FS-RTOS.1.0.1
2026-07-20 20:37:38,571 [WARN] PackLoader:240 - Cannot read IP mode file for STMicroelectronics.X-CUBE-WB05N.2.0.0
2026-07-20 20:37:38,590 [WARN] PackLoader:240 - Cannot read IP mode file for wolfSSL.I-CUBE-wolfTPM.3.8.0
2026-07-20 20:37:38,598 [WARN] PackLoader:240 - Cannot read IP mode file for STMicroelectronics.X-CUBE-TCPP.4.2.0
2026-07-20 20:37:38,603 [WARN] PackLoader:240 - Cannot read IP mode file for RealThread.X-CUBE-RT-Thread_Nano.4.1.1
2026-07-20 20:37:38,607 [WARN] PackLoader:240 - Cannot read IP mode file for STMicroelectronics.FP-ATR-SIGFOX1.3.2.0
2026-07-20 20:37:38,610 [WARN] PackLoader:240 - Cannot read IP mode file for STMicroelectronics.X-CUBE-EEPRMA1.5.1.0
2026-07-20 20:37:38,614 [ERROR] Engine:466 - C:\Users\German\.stm32cubemx\thirdparties\pdsc\STMicroelectronics.X-CUBE-FREERTOS.1.5.0.pdsc: PDSC version is not supported
2026-07-20 20:37:38,617 [WARN] PackLoader:240 - Cannot read IP mode file for wolfSSL.I-CUBE-wolfSSL.5.7.6
2026-07-20 20:37:38,622 [WARN] PackLoader:240 - Cannot read IP mode file for ITTIA_DB.I-CUBE-ITTIADB.8.9.0
2026-07-20 20:37:38,627 [WARN] PackLoader:240 - Cannot read IP mode file for STMicroelectronics.X-CUBE-NFC6.3.2.0
2026-07-20 20:37:38,630 [WARN] PackLoader:240 - Cannot read IP mode file for STMicroelectronics.X-CUBE-ST67W61.1.0.0
2026-07-20 20:37:38,630 [WARN] PackLoader:240 - Cannot read IP mode file for STMicroelectronics.X-CUBE-AI.10.2.1
2026-07-20 20:37:38,638 [WARN] PackLoader:240 - Cannot read IP mode file for STMicroelectronics.X-CUBE-AI.10.2.0
2026-07-20 20:37:38,660 [WARN] PackLoader:240 - Cannot read IP mode file for STMicroelectronics.X-CUBE-MEMS1.12.1.0
2026-07-20 20:37:38,723 [WARN] PackLoader:240 - Cannot read IP mode file for SEGGER.I-CUBE-embOS.1.3.1
2026-07-20 20:37:38,745 [WARN] PackLoader:240 - Cannot read IP mode file for STMicroelectronics.X-CUBE-ALGOBUILD.1.4.0
2026-07-20 20:37:38,760 [WARN] PackLoader:240 - Cannot read IP mode file for STMicroelectronics.X-CUBE-MEMS1.11.3.0
2026-07-20 20:37:38,819 [WARN] PackLoader:240 - Cannot read IP mode file for STMicroelectronics.X-CUBE-NFC13.1.0.0
2026-07-20 20:37:38,822 [WARN] PackLoader:240 - Cannot read IP mode file for STMicroelectronics.X-CUBE-PM33A1.1.0.0
2026-07-20 20:37:38,827 [WARN] PackLoader:240 - Cannot read IP mode file for STMicroelectronics.X-CUBE-AZRTOS-F4.1.1.0
2026-07-20 20:37:38,827 [WARN] PackLoader:240 - Cannot read IP mode file for Avnet-IotConnect.X-CUBE-IoTC-DA16k-PMOD.1.0.0
2026-07-20 20:37:38,827 [WARN] PackLoader:240 - Cannot read IP mode file for STMicroelectronics.X-CUBE-ISPU.2.1.0
2026-07-20 20:37:38,827 [ERROR] Engine:466 - C:\Users\German\.stm32cubemx\thirdparties\pdsc\STMicroelectronics.X-CUBE-IPS.3.2.0.pdsc: PDSC version is not supported
2026-07-20 20:37:38,827 [WARN] PackLoader:240 - Cannot read IP mode file for STMicroelectronics.eDS-WB_DPC_TT-BIDIR.2.1.1
2026-07-20 20:37:38,843 [WARN] PackLoader:240 - Cannot read IP mode file for STMicroelectronics.X-CUBE-NFC12.1.0.0
2026-07-20 20:37:38,843 [WARN] PackLoader:240 - Cannot read IP mode file for STMicroelectronics.X-CUBE-AZRTOS-L5.2.0.0
2026-07-20 20:37:38,843 [WARN] PackLoader:240 - Cannot read IP mode file for STMicroelectronics.X-CUBE-NFC6.3.1.0
2026-07-20 20:37:38,843 [WARN] PackLoader:240 - Cannot read IP mode file for STMicroelectronics.X-CUBE-ALGOBUILD.1.5.0
2026-07-20 20:37:38,857 [WARN] PackLoader:240 - Cannot read IP mode file for STMicroelectronics.X-CUBE-DPower.1.2.0
2026-07-20 20:37:38,857 [WARN] PackLoader:240 - Cannot read IP mode file for STMicroelectronics.eDS-WB_DPC_VIENNA.1.2.0
2026-07-20 20:37:38,861 [WARN] PackLoader:240 - Cannot read IP mode file for STMicroelectronics.eDS-WB_DPC_3PH2L-BIDIR.1.1.1
2026-07-20 20:37:38,861 [ERROR] Engine:466 - C:\Users\German\.stm32cubemx\thirdparties\pdsc\STMicroelectronics.X-CUBE-ST67W61.1.3.0.pdsc: PDSC version is not supported
2026-07-20 20:37:38,865 [WARN] PackLoader:240 - Cannot read IP mode file for STMicroelectronics.X-CUBE-FREERTOS.1.3.1
2026-07-20 20:37:38,865 [WARN] PackLoader:240 - Cannot read IP mode file for STMicroelectronics.X-CUBE-FREERTOS.1.3.0
2026-07-20 20:37:38,865 [WARN] PackLoader:240 - Cannot read IP mode file for STMicroelectronics.X-CUBE-NFC7.1.0.1
2026-07-20 20:37:38,865 [WARN] PackLoader:240 - Cannot read IP mode file for STMicroelectronics.X-CUBE-TOUCHGFX.4.26.0
2026-07-20 20:37:38,865 [WARN] PackLoader:240 - Cannot read IP mode file for STMicroelectronics.X-CUBE-TOUCHGFX.4.26.1
2026-07-20 20:37:38,865 [WARN] PackLoader:240 - Cannot read IP mode file for STMicroelectronics.FP-SNS-STAIOTCFT.1.0.0
2026-07-20 20:37:38,880 [WARN] PackLoader:240 - Cannot read IP mode file for STMicroelectronics.X-CUBE-DPower.1.3.0
2026-07-20 20:37:38,880 [WARN] ConditionMgr:438 - getConditionDescription Invalid condition id : LAN8742 Phy interface Condition cause : null
2026-07-20 20:37:38,880 [WARN] PackLoader:240 - Cannot read IP mode file for STMicroelectronics.X-CUBE-AZRTOS-L4.2.0.0
2026-07-20 20:37:38,880 [WARN] ConditionMgr:1044 - genDependencies : Invalid condition id : LAN8742 Phy interface Condition cause : null
2026-07-20 20:37:38,880 [WARN] ConditionMgr:1044 - genDependencies : Invalid condition id : LAN8742 Phy interface Condition cause : null
2026-07-20 20:37:38,880 [WARN] ConditionMgr:1044 - genDependencies : Invalid condition id : LAN8742 Phy interface Condition cause : null
2026-07-20 20:37:38,895 [WARN] PackLoader:240 - Cannot read IP mode file for STMicroelectronics.X-CUBE-SFXS2LP1.4.0.0
2026-07-20 20:37:38,895 [WARN] PackLoader:240 - Cannot read IP mode file for STMicroelectronics.X-CUBE-WB05N.2.1.0
2026-07-20 20:37:38,895 [ERROR] Engine:466 - C:\Users\German\.stm32cubemx\thirdparties\pdsc\STMicroelectronics.X-CUBE-ST67W61.1.2.0.pdsc: PDSC version is not supported
2026-07-20 20:37:38,910 [WARN] PackLoader:240 - Cannot read IP mode file for STMicroelectronics.X-CUBE-AZRTOS-H7.3.3.0
2026-07-20 20:37:38,919 [WARN] PackLoader:240 - Cannot read IP mode file for STMicroelectronics.X-CUBE-BLEMGR.4.1.0
2026-07-20 20:37:38,929 [WARN] ConditionMgr:438 - getConditionDescription Invalid condition id : UX DEVICE CLASS RTOS Condition cause : null
2026-07-20 20:37:38,929 [WARN] ConditionMgr:438 - getConditionDescription Invalid condition id : UX DEVICE CLASS RTOS Condition cause : null
2026-07-20 20:37:38,930 [WARN] PackLoader:240 - Cannot read IP mode file for STMicroelectronics.X-CUBE-AZRTOS-WB.2.0.0
2026-07-20 20:37:38,930 [WARN] ConditionMgr:1044 - genDependencies : Invalid condition id : UX DEVICE CLASS RTOS Condition cause : null
2026-07-20 20:37:38,930 [WARN] ConditionMgr:1044 - genDependencies : Invalid condition id : UX DEVICE CLASS RTOS Condition cause : null
2026-07-20 20:37:38,930 [WARN] ConditionMgr:1044 - genDependencies : Invalid condition id : UX DEVICE CLASS RTOS Condition cause : null
2026-07-20 20:37:38,931 [WARN] ConditionMgr:1044 - genDependencies : Invalid condition id : UX DEVICE CLASS RTOS Condition cause : null
2026-07-20 20:37:38,931 [WARN] ConditionMgr:1044 - genDependencies : Invalid condition id : UX DEVICE CLASS RTOS Condition cause : null
2026-07-20 20:37:38,935 [WARN] PackLoader:240 - Cannot read IP mode file for STMicroelectronics.X-CUBE-GNSS1.7.0.1
2026-07-20 20:37:38,938 [WARN] PackLoader:240 - Cannot read IP mode file for STMicroelectronics.X-CUBE-TOUCHGFX.4.25.0
2026-07-20 20:37:38,943 [WARN] PackLoader:240 - Cannot read IP mode file for STMicroelectronics.FP-SNS-STBOX1.2.0.0
2026-07-20 20:37:38,944 [WARN] PackLoader:240 - Cannot read IP mode file for STMicroelectronics.X-CUBE-STSE01.2.0.0
2026-07-20 20:37:38,944 [WARN] PackLoader:240 - Cannot read IP mode file for STMicroelectronics.X-CUBE-SUBG2.5.0.0
2026-07-20 20:37:38,974 [WARN] PackLoader:240 - Cannot read IP mode file for STMicroelectronics.X-CUBE-AZRTOS-H7RS.1.1.0
2026-07-20 20:37:38,979 [WARN] PackLoader:240 - Cannot read IP mode file for Cesanta.I-CUBE-Mongoose.7.13.0
2026-07-20 20:37:38,988 [WARN] PackLoader:240 - Cannot read IP mode file for STMicroelectronics.X-CUBE-AZRTOS-G4.2.0.0
2026-07-20 20:37:38,992 [WARN] PackLoader:240 - Cannot read IP mode file for wolfSSL.I-CUBE-wolfSSH.1.4.20
2026-07-20 20:37:38,994 [WARN] PackLoader:240 - Cannot read IP mode file for STMicroelectronics.X-CUBE-NFC7.2.0.0
2026-07-20 20:37:39,003 [WARN] PackLoader:240 - Cannot read IP mode file for STMicroelectronics.X-CUBE-IPS.3.1.0
2026-07-20 20:37:39,009 [ERROR] Engine:466 - C:\Users\German\.stm32cubemx\thirdparties\pdsc\STMicroelectronics.X-CUBE-BLEMGR.4.2.0.pdsc: PDSC version is not supported
2026-07-20 20:37:39,019 [WARN] PackLoader:240 - Cannot read IP mode file for STMicroelectronics.X-CUBE-ALS.1.0.2
2026-07-20 20:37:39,022 [INFO] WebApp:463 - Apply proxy settings
2026-07-20 20:37:39,022 [INFO] WebApp:548 - Chromium requires no authentication
2026-07-20 20:37:39,022 [WARN] PackLoader:240 - Cannot read IP mode file for STMicroelectronics.X-CUBE-STSE01.1.0.0
2026-07-20 20:37:39,027 [WARN] PackLoader:240 - Cannot read IP mode file for portGmbH.I-Cube-SoM-uGOAL.1.1.0
2026-07-20 20:37:39,030 [INFO] WebApp:491 - Direct internet connection detected
2026-07-20 20:37:39,033 [WARN] PackLoader:240 - Cannot read IP mode file for STMicroelectronics.X-CUBE-TOF1.3.4.2
2026-07-20 20:37:39,042 [WARN] PackLoader:240 - Cannot read IP mode file for STMicroelectronics.X-CUBE-TOF1.3.4.3
2026-07-20 20:37:39,044 [INFO] ThirdParty:978 - Integrity check success = true
2026-07-20 20:37:39,044 [INFO] IntegrityCheckThread:100 - exiting critical section [integrity check]
2026-07-20 20:37:39,044 [INFO] IntegrityCheckThread:103 - End integrity checks thread
2026-07-20 20:37:39,044 [INFO] WebApp:894 - Register for checkConnection events
2026-07-20 20:37:39,044 [INFO] WebApp:463 - Apply proxy settings
2026-07-20 20:37:39,044 [INFO] WebApp:548 - Chromium requires no authentication
2026-07-20 20:37:39,044 [INFO] WebApp:491 - Direct internet connection detected
2026-07-20 20:37:39,172 [INFO] WebApp:191 - Connection restablished
2026-07-20 20:37:39,198 [INFO] WebApp:225 - Starting web application
2026-07-20 20:37:39,198 [INFO] WebApp:593 - Web application path used C:\ST\STM32CubeIDE_1.18.1\STM32CubeIDE\plugins\com.st.stm32cube.common.mx_6.14.1.202504091515\db\plugins\mcufinder\reactClient1\index.html
2026-07-20 20:37:39,317 [INFO] UserAuth:484 - Internet connection configuration mode: 1
2026-07-20 20:40:48,099 [INFO] Activator:176 - 


2026-07-20 20:40:48,100 [INFO] Activator:177 - !SESSION log4j initialized
2026-07-20 20:40:52,655 [INFO] LogOutputStream:77 - [STDOUT_REDIRECT] 
2026-07-20 20:40:53,999 [INFO] ApplicationProperties:184 - Using Application install path: C:\ST\STM32CubeIDE_1.18.1\STM32CubeIDE\plugins\com.st.stm32cube.common.mx_6.14.1.202504091515
2026-07-20 20:40:54,013 [INFO] DbMcusXml:78 - Set database path to: C:\ST\STM32CubeIDE_1.18.1\STM32CubeIDE\plugins\com.st.stm32cube.common.mx_6.14.1.202504091515\\db\/mcu/
2026-07-20 20:40:54,013 [INFO] ApiDb:274 - Set plugin database path to: C:\ST\STM32CubeIDE_1.18.1\STM32CubeIDE\plugins\com.st.stm32cube.common.mx_6.14.1.202504091515\\db\/plugins/boardmanager/
2026-07-20 20:40:54,013 [WARN] ApiDb:259 - Overriding images path with different value:  => C:\ST\STM32CubeIDE_1.18.1\STM32CubeIDE\plugins\com.st.stm32cube.common.mx_6.14.1.202504091515\\db\/plugins/mcufinder/images/
2026-07-20 20:40:54,021 [INFO] ApiDb:250 - Set database path to: C:\Users\German\.stmcufinder\plugins\mcufinder//mcu/
2026-07-20 20:40:54,022 [INFO] DbMcusAds:125 - Set database path to: C:\Users\German\.stmcufinder\plugins\mcufinder//mcu/
2026-07-20 20:40:54,023 [INFO] CrossReferenceDbSqlite:203 - Set database path to: C:\Users\German\.stmcufinder\plugins\mcufinder//mcu/cs/
2026-07-20 20:40:54,111 [INFO] RulesReader:64 - Compatibility file has been processed (302 Rules)
2026-07-20 20:40:54,183 [INFO] DbMcusXml:78 - Set database path to: C:\ST\STM32CubeIDE_1.18.1\STM32CubeIDE\plugins\com.st.stm32cube.common.mx_6.14.1.202504091515\\db\/mcu/
2026-07-20 20:40:54,183 [INFO] ApiDb:274 - Set plugin database path to: C:\ST\STM32CubeIDE_1.18.1\STM32CubeIDE\plugins\com.st.stm32cube.common.mx_6.14.1.202504091515\\db\/plugins/boardmanager/
2026-07-20 20:40:54,183 [INFO] ApiDb:261 - Set plugin images path to: C:\ST\STM32CubeIDE_1.18.1\STM32CubeIDE\plugins\com.st.stm32cube.common.mx_6.14.1.202504091515\\db\/plugins/mcufinder/images/
2026-07-20 20:40:54,184 [WARN] DbFile:41 - Overriding database path with different value: C:\Users\German\.stmcufinder\plugins\mcufinder/ => C:\Users\German\.stmcufinder\plugins\mcufinder
2026-07-20 20:40:54,184 [INFO] ApiDb:250 - Set database path to: C:\Users\German\.stmcufinder\plugins\mcufinder//mcu/
2026-07-20 20:40:54,184 [WARN] DbFile:41 - Overriding database path with different value: C:\Users\German\.stmcufinder\plugins\mcufinder/ => C:\Users\German\.stmcufinder\plugins\mcufinder
2026-07-20 20:40:54,184 [INFO] DbMcusAds:125 - Set database path to: C:\Users\German\.stmcufinder\plugins\mcufinder//mcu/
2026-07-20 20:40:54,184 [WARN] DbFile:41 - Overriding database path with different value: C:\Users\German\.stmcufinder\plugins\mcufinder/ => C:\Users\German\.stmcufinder\plugins\mcufinder
2026-07-20 20:40:54,184 [WARN] DbFile:41 - Overriding database path with different value: C:\Users\German\.stmcufinder\plugins\mcufinder/ => C:\Users\German\.stmcufinder\plugins\mcufinder
2026-07-20 20:40:54,184 [INFO] CrossReferenceDbSqlite:203 - Set database path to: C:\Users\German\.stmcufinder\plugins\mcufinder//mcu/cs/
2026-07-20 20:40:54,250 [INFO] MainPanel:272 - HeapMemory: 268435456
2026-07-20 20:40:54,362 [INFO] DbMcusXml:78 - Set database path to: C:\ST\STM32CubeIDE_1.18.1\STM32CubeIDE\plugins\com.st.stm32cube.common.mx_6.14.1.202504091515\\db\/mcu/
2026-07-20 20:40:54,362 [INFO] ApiDb:274 - Set plugin database path to: C:\ST\STM32CubeIDE_1.18.1\STM32CubeIDE\plugins\com.st.stm32cube.common.mx_6.14.1.202504091515\\db\/plugins/boardmanager/
2026-07-20 20:40:54,362 [INFO] ApiDb:261 - Set plugin images path to: C:\ST\STM32CubeIDE_1.18.1\STM32CubeIDE\plugins\com.st.stm32cube.common.mx_6.14.1.202504091515\\db\/plugins/mcufinder/images/
2026-07-20 20:40:54,362 [WARN] DbFile:41 - Overriding database path with different value: C:\Users\German\.stmcufinder\plugins\mcufinder/ => C:\Users\German\.stmcufinder\plugins\mcufinder
2026-07-20 20:40:54,362 [INFO] ApiDb:250 - Set database path to: C:\Users\German\.stmcufinder\plugins\mcufinder//mcu/
2026-07-20 20:40:54,362 [WARN] DbFile:41 - Overriding database path with different value: C:\Users\German\.stmcufinder\plugins\mcufinder/ => C:\Users\German\.stmcufinder\plugins\mcufinder
2026-07-20 20:40:54,362 [INFO] DbMcusAds:125 - Set database path to: C:\Users\German\.stmcufinder\plugins\mcufinder//mcu/
2026-07-20 20:40:54,362 [WARN] DbFile:41 - Overriding database path with different value: C:\Users\German\.stmcufinder\plugins\mcufinder/ => C:\Users\German\.stmcufinder\plugins\mcufinder
2026-07-20 20:40:54,362 [WARN] DbFile:41 - Overriding database path with different value: C:\Users\German\.stmcufinder\plugins\mcufinder/ => C:\Users\German\.stmcufinder\plugins\mcufinder
2026-07-20 20:40:54,363 [INFO] CrossReferenceDbSqlite:203 - Set database path to: C:\Users\German\.stmcufinder\plugins\mcufinder//mcu/cs/
2026-07-20 20:40:54,380 [INFO] ApplicationProperties:184 - Using Application install path: C:\ST\STM32CubeIDE_1.18.1\STM32CubeIDE\plugins\com.st.stm32cube.common.mx_6.14.1.202504091515
2026-07-20 20:40:54,381 [INFO] PluginManage:196 - Search for loadable plugins [exclusion list=, ]
2026-07-20 20:40:54,382 [INFO] PluginManage:310 - Check plugin analytics
2026-07-20 20:40:54,530 [INFO] AnalyticsPlugin:253 - Accepted Software Licenses: STM32CubeMX.6.14.1,STM32CubeMX.6.17.0
2026-07-20 20:40:54,531 [INFO] AnalyticsPlugin:255 - Accepted CMSIS Pack Licenses: 
2026-07-20 20:40:54,531 [INFO] AnalyticsPlugin:257 - Accepted Firmware Licenses: FW.WB.1.17.0,FW.WB.1.22.0,FW.L4.1.18.0,FW.WB.1.13.0,FW.WB.1.23.0,FW.WB.1.24.0
2026-07-20 20:40:54,532 [INFO] PluginManage:359 - Loaded plugin analytics (category:tool,tabindex:-1)
2026-07-20 20:40:54,532 [INFO] PluginManage:310 - Check plugin cadmodel
2026-07-20 20:40:54,537 [INFO] CADModel:105 - Init CAD model plugin
2026-07-20 20:40:54,537 [INFO] PluginManage:359 - Loaded plugin cadmodel (category:power,tabindex:5)
2026-07-20 20:40:54,537 [INFO] PluginManage:310 - Check plugin clock
2026-07-20 20:40:54,546 [INFO] PluginManage:359 - Loaded plugin clock (category:base,tabindex:2)
2026-07-20 20:40:54,546 [INFO] PluginManage:310 - Check plugin ddr
2026-07-20 20:40:54,548 [INFO] PluginManage:359 - Loaded plugin ddr (category:tool,tabindex:6)
2026-07-20 20:40:54,548 [INFO] PluginManage:310 - Check plugin filemanager
2026-07-20 20:40:54,675 [INFO] PluginManage:359 - Loaded plugin filemanager (category:base,tabindex:10)
2026-07-20 20:40:54,675 [INFO] PluginManage:310 - Check plugin ipmanager
2026-07-20 20:40:54,680 [INFO] PluginManage:359 - Loaded plugin ipmanager (category:base,tabindex:5)
2026-07-20 20:40:54,680 [INFO] PluginManage:310 - Check plugin lpbam
2026-07-20 20:40:54,686 [INFO] PluginManage:359 - Loaded plugin lpbam (category:base,tabindex:0)
2026-07-20 20:40:54,686 [INFO] PluginManage:310 - Check plugin memorymap
2026-07-20 20:40:54,699 [INFO] PluginManage:359 - Loaded plugin memorymap (category:base,tabindex:4)
2026-07-20 20:40:54,699 [INFO] PluginManage:310 - Check plugin pinoutandconfiguration
2026-07-20 20:40:54,707 [INFO] PluginManage:359 - Loaded plugin pinoutandconfiguration (category:base,tabindex:1)
2026-07-20 20:40:54,707 [INFO] PluginManage:310 - Check plugin pinoutconfig
2026-07-20 20:40:54,778 [WARN] SupportedApi:132 - Cannot load RTOS API schema: s4s-elt-must-match.1: The content of 'definitions' must match (annotation?, (simpleType | complexType)?, (unique | key | keyref)*)). A problem was found starting at: attribute.
2026-07-20 20:40:54,876 [INFO] PluginManage:359 - Loaded plugin pinoutconfig (category:base,tabindex:0)
2026-07-20 20:40:54,876 [INFO] PluginManage:310 - Check plugin power
2026-07-20 20:40:54,884 [INFO] PluginManage:359 - Loaded plugin power (category:power,tabindex:4)
2026-07-20 20:40:54,884 [INFO] PluginManage:310 - Check plugin projectmanager
2026-07-20 20:40:54,894 [INFO] PluginManage:359 - Loaded plugin projectmanager (category:projectmanager,tabindex:4)
2026-07-20 20:40:54,894 [INFO] PluginManage:310 - Check plugin rif
2026-07-20 20:40:54,900 [INFO] PluginManage:359 - Loaded plugin rif (category:base,tabindex:3)
2026-07-20 20:40:54,900 [INFO] PluginManage:310 - Check plugin thirdparty
2026-07-20 20:40:55,000 [INFO] PluginManage:359 - Loaded plugin thirdparty (category:base,tabindex:-1)
2026-07-20 20:40:55,000 [WARN] IntegrityCheckThread:84 - waiting for thirdparty lock release [integrity check]
2026-07-20 20:40:55,000 [INFO] PluginManage:310 - Check plugin tools
2026-07-20 20:40:55,000 [INFO] IntegrityCheckThread:86 - entering critical section [integrity check]
2026-07-20 20:40:55,000 [INFO] ThirdPartyUpdaterWithRetryManager:70 - Updater plugin not ready yet. [1/15]
2026-07-20 20:40:55,003 [INFO] PluginManage:359 - Loaded plugin tools (category:base,tabindex:7)
2026-07-20 20:40:55,003 [INFO] PluginManage:310 - Check plugin tutovideos
2026-07-20 20:40:55,154 [INFO] PluginManage:359 - Loaded plugin tutovideos (category:base,tabindex:-1)
2026-07-20 20:40:55,154 [INFO] PluginManage:310 - Check plugin updater
2026-07-20 20:40:55,174 [INFO] PluginManage:359 - Loaded plugin updater (category:base,tabindex:12)
2026-07-20 20:40:55,174 [INFO] PluginManage:310 - Check plugin userauth
2026-07-20 20:40:55,180 [INFO] UserAuth:118 - Init User Auth plugin
2026-07-20 20:40:55,182 [INFO] PluginManage:359 - Loaded plugin userauth (category:base,tabindex:14)
2026-07-20 20:40:55,182 [INFO] PluginManage:283 - PluginManage : Loaded plugins [18]
2026-07-20 20:40:55,343 [INFO] PinOutPanel:1589 - setPackage(No Configuration,No Configuration)
2026-07-20 20:40:55,395 [INFO] CADModel:165 - CPN selected for project level
2026-07-20 20:40:55,395 [INFO] CADModel:114 - Register for checkConnection events
2026-07-20 20:40:55,409 [INFO] IPUIPlugin:80 - create IPUIPlugin
2026-07-20 20:40:55,410 [INFO] PluginManager:220 - loadIPPluginJar : add adc
2026-07-20 20:40:55,412 [INFO] IPUIPlugin:80 - create IPUIPlugin
2026-07-20 20:40:55,412 [INFO] PluginManager:220 - loadIPPluginJar : add aes
2026-07-20 20:40:55,413 [INFO] IPUIPlugin:80 - create IPUIPlugin
2026-07-20 20:40:55,414 [INFO] PluginManager:220 - loadIPPluginJar : add can
2026-07-20 20:40:55,415 [INFO] IPUIPlugin:80 - create IPUIPlugin
2026-07-20 20:40:55,415 [INFO] PluginManager:220 - loadIPPluginJar : add comp
2026-07-20 20:40:55,417 [INFO] IPUIPlugin:80 - create IPUIPlugin
2026-07-20 20:40:55,417 [INFO] PluginManager:220 - loadIPPluginJar : add cryp
2026-07-20 20:40:55,419 [INFO] IPUIPlugin:80 - create IPUIPlugin
2026-07-20 20:40:55,419 [INFO] PluginManager:220 - loadIPPluginJar : add ddr_ctrl_phy
2026-07-20 20:40:55,421 [INFO] IPUIPlugin:80 - create IPUIPlugin
2026-07-20 20:40:55,421 [INFO] PluginManager:220 - loadIPPluginJar : add dfsdm
2026-07-20 20:40:55,425 [INFO] IPUIPlugin:80 - create IPUIPlugin
2026-07-20 20:40:55,425 [INFO] PluginManager:220 - loadIPPluginJar : add dma
2026-07-20 20:40:55,427 [INFO] IPUIPlugin:80 - create IPUIPlugin
2026-07-20 20:40:55,427 [INFO] PluginManager:220 - loadIPPluginJar : add dma3
2026-07-20 20:40:55,429 [INFO] IPUIPlugin:80 - create IPUIPlugin
2026-07-20 20:40:55,430 [INFO] PluginManager:220 - loadIPPluginJar : add extmemmanager
2026-07-20 20:40:55,431 [INFO] IPUIPlugin:80 - create IPUIPlugin
2026-07-20 20:40:55,431 [INFO] PluginManager:220 - loadIPPluginJar : add fatfs
2026-07-20 20:40:55,434 [INFO] IPUIPlugin:80 - create IPUIPlugin
2026-07-20 20:40:55,435 [INFO] PluginManager:220 - loadIPPluginJar : add fmc
2026-07-20 20:40:55,440 [INFO] IPUIPlugin:80 - create IPUIPlugin
2026-07-20 20:40:55,440 [INFO] PluginManager:220 - loadIPPluginJar : add freertos
2026-07-20 20:40:55,441 [INFO] IPUIPlugin:80 - create IPUIPlugin
2026-07-20 20:40:55,441 [INFO] PluginManager:220 - loadIPPluginJar : add genericplugin
2026-07-20 20:40:55,443 [INFO] IPUIPlugin:80 - create IPUIPlugin
2026-07-20 20:40:55,443 [INFO] PluginManager:220 - loadIPPluginJar : add gfxmmu
2026-07-20 20:40:55,446 [INFO] IPUIPlugin:80 - create IPUIPlugin
2026-07-20 20:40:55,446 [INFO] PluginManager:220 - loadIPPluginJar : add gic
2026-07-20 20:40:55,449 [INFO] IPUIPlugin:80 - create IPUIPlugin
2026-07-20 20:40:55,449 [INFO] PluginManager:220 - loadIPPluginJar : add gpio
2026-07-20 20:40:55,451 [INFO] IPUIPlugin:80 - create IPUIPlugin
2026-07-20 20:40:55,452 [INFO] PluginManager:220 - loadIPPluginJar : add gtzc
2026-07-20 20:40:55,453 [INFO] IPUIPlugin:80 - create IPUIPlugin
2026-07-20 20:40:55,453 [INFO] PluginManager:220 - loadIPPluginJar : add hash
2026-07-20 20:40:55,455 [INFO] IPUIPlugin:80 - create IPUIPlugin
2026-07-20 20:40:55,456 [INFO] PluginManager:220 - loadIPPluginJar : add i2c
2026-07-20 20:40:55,457 [INFO] IPUIPlugin:80 - create IPUIPlugin
2026-07-20 20:40:55,457 [INFO] PluginManager:220 - loadIPPluginJar : add i2s
2026-07-20 20:40:55,460 [INFO] IPUIPlugin:80 - create IPUIPlugin
2026-07-20 20:40:55,460 [INFO] PluginManager:220 - loadIPPluginJar : add i3c
2026-07-20 20:40:55,462 [INFO] IPUIPlugin:80 - create IPUIPlugin
2026-07-20 20:40:55,462 [INFO] PluginManager:220 - loadIPPluginJar : add ipddr
2026-07-20 20:40:55,468 [INFO] IPUIPlugin:80 - create IPUIPlugin
2026-07-20 20:40:55,468 [INFO] PluginManager:220 - loadIPPluginJar : add linkedlist
2026-07-20 20:40:55,470 [INFO] IPUIPlugin:80 - create IPUIPlugin
2026-07-20 20:40:55,470 [INFO] PluginManager:220 - loadIPPluginJar : add lorawan
2026-07-20 20:40:55,471 [INFO] IPUIPlugin:80 - create IPUIPlugin
2026-07-20 20:40:55,471 [INFO] PluginManager:220 - loadIPPluginJar : add ltdc
2026-07-20 20:40:55,475 [INFO] IPUIPlugin:80 - create IPUIPlugin
2026-07-20 20:40:55,475 [INFO] PluginManager:220 - loadIPPluginJar : add mdma
2026-07-20 20:40:55,478 [INFO] IPUIPlugin:80 - create IPUIPlugin
2026-07-20 20:40:55,478 [INFO] PluginManager:220 - loadIPPluginJar : add nvic
2026-07-20 20:40:55,480 [INFO] IPUIPlugin:80 - create IPUIPlugin
2026-07-20 20:40:55,480 [INFO] PluginManager:220 - loadIPPluginJar : add opamp
2026-07-20 20:40:55,483 [INFO] IPUIPlugin:80 - create IPUIPlugin
2026-07-20 20:40:55,483 [INFO] PluginManager:220 - loadIPPluginJar : add openamp
2026-07-20 20:40:55,485 [INFO] IPUIPlugin:80 - create IPUIPlugin
2026-07-20 20:40:55,485 [INFO] PluginManager:220 - loadIPPluginJar : add pdm2pcm
2026-07-20 20:40:55,490 [INFO] IPUIPlugin:80 - create IPUIPlugin
2026-07-20 20:40:55,491 [INFO] PluginManager:220 - loadIPPluginJar : add plateformsettings
2026-07-20 20:40:55,493 [INFO] IPUIPlugin:80 - create IPUIPlugin
2026-07-20 20:40:55,493 [INFO] PluginManager:220 - loadIPPluginJar : add quadspi
2026-07-20 20:40:55,494 [INFO] IPUIPlugin:80 - create IPUIPlugin
2026-07-20 20:40:55,495 [INFO] PluginManager:220 - loadIPPluginJar : add radio
2026-07-20 20:40:55,497 [INFO] IPUIPlugin:80 - create IPUIPlugin
2026-07-20 20:40:55,498 [INFO] PluginManager:220 - loadIPPluginJar : add resmgrutility
2026-07-20 20:40:55,501 [INFO] IPUIPlugin:80 - create IPUIPlugin
2026-07-20 20:40:55,501 [INFO] PluginManager:220 - loadIPPluginJar : add sai
2026-07-20 20:40:55,502 [INFO] IPUIPlugin:80 - create IPUIPlugin
2026-07-20 20:40:55,503 [INFO] PluginManager:220 - loadIPPluginJar : add spi
2026-07-20 20:40:55,506 [INFO] IPUIPlugin:80 - create IPUIPlugin
2026-07-20 20:40:55,506 [INFO] PluginManager:220 - loadIPPluginJar : add stm32_wpan
2026-07-20 20:40:55,507 [INFO] IPUIPlugin:80 - create IPUIPlugin
2026-07-20 20:40:55,507 [INFO] PluginManager:220 - loadIPPluginJar : add tim
2026-07-20 20:40:55,509 [INFO] IPUIPlugin:80 - create IPUIPlugin
2026-07-20 20:40:55,509 [INFO] PluginManager:220 - loadIPPluginJar : add touchsensing
2026-07-20 20:40:55,511 [INFO] IPUIPlugin:80 - create IPUIPlugin
2026-07-20 20:40:55,511 [INFO] PluginManager:220 - loadIPPluginJar : add tracer_emb
2026-07-20 20:40:55,512 [INFO] IPUIPlugin:80 - create IPUIPlugin
2026-07-20 20:40:55,512 [INFO] PluginManager:220 - loadIPPluginJar : add ts
2026-07-20 20:40:55,513 [INFO] IPUIPlugin:80 - create IPUIPlugin
2026-07-20 20:40:55,513 [INFO] PluginManager:220 - loadIPPluginJar : add tsc
2026-07-20 20:40:55,514 [INFO] IPUIPlugin:80 - create IPUIPlugin
2026-07-20 20:40:55,514 [INFO] PluginManager:220 - loadIPPluginJar : add ucpd
2026-07-20 20:40:55,515 [INFO] IPUIPlugin:80 - create IPUIPlugin
2026-07-20 20:40:55,515 [INFO] PluginManager:220 - loadIPPluginJar : add usart
2026-07-20 20:40:55,517 [INFO] IPUIPlugin:80 - create IPUIPlugin
2026-07-20 20:40:55,517 [INFO] PluginManager:220 - loadIPPluginJar : add usbx
2026-07-20 20:40:55,630 [FATAL] Updater:351 - Updater called before beeing initialized
2026-07-20 20:40:55,662 [INFO] RulesReader:64 - Compatibility file has been processed (302 Rules)
2026-07-20 20:40:55,670 [INFO] RulesReader:64 - Compatibility file has been processed (302 Rules)
2026-07-20 20:40:55,677 [INFO] CADModel:165 - CPN selected for project level
2026-07-20 20:40:55,677 [INFO] CADModel:114 - Register for checkConnection events
2026-07-20 20:40:55,677 [FATAL] Updater:351 - Updater called before beeing initialized
2026-07-20 20:40:55,677 [ERROR] CADModel:125 - Updater not yet initialized, retry later 
2026-07-20 20:40:55,821 [FATAL] Updater:351 - Updater called before beeing initialized
2026-07-20 20:40:55,823 [INFO] CADModel:165 - CPN selected for project level
2026-07-20 20:40:55,823 [INFO] CADModel:114 - Register for checkConnection events
2026-07-20 20:40:55,823 [FATAL] Updater:351 - Updater called before beeing initialized
2026-07-20 20:40:55,823 [ERROR] CADModel:125 - Updater not yet initialized, retry later 
2026-07-20 20:40:55,825 [FATAL] Updater:351 - Updater called before beeing initialized
2026-07-20 20:40:55,904 [FATAL] Updater:351 - Updater called before beeing initialized
2026-07-20 20:40:55,907 [INFO] DbMcusAds:53 - JSON generation date=Thu May 28 13:08:16 ART 2026 (1779984496559)
2026-07-20 20:40:55,908 [FATAL] Updater:351 - Updater called before beeing initialized
2026-07-20 20:40:55,934 [WARN] DetailPanel:346 - Failed to get advertising image, set to default
2026-07-20 20:40:56,085 [FATAL] Updater:351 - Updater called before beeing initialized
2026-07-20 20:40:56,086 [FATAL] Updater:351 - Updater called before beeing initialized
2026-07-20 20:40:56,086 [FATAL] Updater:351 - Updater called before beeing initialized
2026-07-20 20:40:56,086 [WARN] DetailPanel:346 - Failed to get advertising image, set to default
2026-07-20 20:40:56,087 [FATAL] Updater:351 - Updater called before beeing initialized
2026-07-20 20:40:56,124 [ERROR] Updater:1198 - MainUpdater not yet initialized. External WinMGr cannot be set.
2026-07-20 20:40:56,126 [INFO] Updater:1134 - Updater Version found : 6.14.1
2026-07-20 20:40:56,139 [INFO] ApplicationProperties:184 - Using Application install path: C:\ST\STM32CubeIDE_1.18.1\STM32CubeIDE\plugins\com.st.stm32cube.common.mx_6.14.1.202504091515
2026-07-20 20:40:57,706 [ERROR] LogOutputStream:75 - [STDERR_REDIRECT] Jul 20, 2026 8:40:57 PM java.util.prefs.WindowsPreferences <init>
2026-07-20 20:40:57,706 [ERROR] LogOutputStream:75 - [STDERR_REDIRECT] WARNING: Could not open/create prefs root node Software\JavaSoft\Prefs at root 0xffffffff80000002. Windows RegCreateKeyEx(...) returned error code 5.
2026-07-20 20:40:57,707 [ERROR] LogOutputStream:75 - [STDERR_REDIRECT] 
2026-07-20 20:40:57,874 [INFO] MainUpdater:2872 - connection check result : 10
2026-07-20 20:40:57,874 [INFO] MainUpdater:289 - Updater Check For Update Now.
2026-07-20 20:40:57,874 [INFO] MicroXplorer:498 - Change Database Version : DB.6.0.141
2026-07-20 20:40:57,879 [INFO] McuFinderGlobals:63 - Set McuFinder mode to 2 (CubeIDE integrated)
2026-07-20 20:40:57,883 [INFO] UserAuth:484 - Internet connection configuration mode: 1
2026-07-20 20:40:57,898 [INFO] JxBrowserEngine:152 - Initiate JxBrowser Engine with user profile folder
2026-07-20 20:40:58,002 [WARN] MainUpdater:1193 - Updater busy. Cannot search thirdparties
2026-07-20 20:40:58,002 [INFO] ThirdPartyUpdaterWithRetryManager:96 - Updater plugin is busy. [1/15]
2026-07-20 20:40:58,035 [INFO] CheckServerUpdateThread:120 - End of CheckServer Thread
2026-07-20 20:40:58,552 [INFO] WebApp:169 - Instantiating new browser for Auth
2026-07-20 20:40:58,989 [INFO] WebApp:463 - Apply proxy settings
2026-07-20 20:40:58,989 [INFO] WebApp:548 - Chromium requires no authentication
2026-07-20 20:40:58,995 [INFO] WebApp:491 - Direct internet connection detected
2026-07-20 20:40:59,010 [INFO] WebApp:894 - Register for checkConnection events
2026-07-20 20:40:59,010 [INFO] WebApp:463 - Apply proxy settings
2026-07-20 20:40:59,010 [INFO] WebApp:548 - Chromium requires no authentication
2026-07-20 20:40:59,010 [INFO] WebApp:491 - Direct internet connection detected
2026-07-20 20:40:59,109 [INFO] WebApp:225 - Starting web application
2026-07-20 20:40:59,109 [INFO] WebApp:593 - Web application path used C:\ST\STM32CubeIDE_1.18.1\STM32CubeIDE\plugins\com.st.stm32cube.common.mx_6.14.1.202504091515\db\plugins\mcufinder\reactClient1\index.html
2026-07-20 20:40:59,201 [INFO] WebApp:191 - Connection restablished
2026-07-20 20:40:59,221 [INFO] UserAuth:484 - Internet connection configuration mode: 1
2026-07-20 20:41:01,215 [WARN] PackLoader:240 - Cannot read IP mode file for STMicroelectronics.X-CUBE-AZRTOS-H7.3.5.0
2026-07-20 20:41:01,222 [WARN] PackLoader:240 - Cannot read IP mode file for STMicroelectronics.FP-SNS-MOTENVWB1.1.4.0
2026-07-20 20:41:01,226 [WARN] PackLoader:240 - Cannot read IP mode file for STMicroelectronics.FP-ATR-ASTRA1.2.0.3
2026-07-20 20:41:01,229 [WARN] PackLoader:240 - Cannot read IP mode file for STMicroelectronics.FP-ATR-ASTRA1.2.0.2
2026-07-20 20:41:01,239 [ERROR] Engine:466 - C:\Users\German\.stm32cubemx\thirdparties\pdsc\STMicroelectronics.X-CUBE-SMBUS.2.1.1.pdsc: PDSC version is not supported
2026-07-20 20:41:01,241 [WARN] PackLoader:240 - Cannot read IP mode file for STMicroelectronics.X-CUBE-SMBUS.2.1.0
2026-07-20 20:41:01,245 [WARN] PackLoader:240 - Cannot read IP mode file for STMicroelectronics.X-CUBE-WB05N.1.1.0
2026-07-20 20:41:01,249 [WARN] PackLoader:240 - Cannot read IP mode file for STMicroelectronics.X-CUBE-ST60.1.0.0
2026-07-20 20:41:01,262 [WARN] PackLoader:240 - Cannot read IP mode file for STMicroelectronics.X-CUBE-AZRTOS-F7.1.1.0
2026-07-20 20:41:01,266 [ERROR] Engine:466 - C:\Users\German\.stm32cubemx\thirdparties\pdsc\STMicroelectronics.X-CUBE-FREERTOS.1.6.0.pdsc: PDSC version is not supported
2026-07-20 20:41:01,267 [ERROR] Engine:466 - C:\Users\German\.stm32cubemx\thirdparties\pdsc\STMicroelectronics.FP-SNS-MOTENV1.5.1.0.pdsc: PDSC version is not supported
2026-07-20 20:41:01,279 [WARN] PackLoader:240 - Cannot read IP mode file for STMicroelectronics.X-CUBE-AZRTOS-H7RS.1.3.0
2026-07-20 20:41:01,294 [WARN] PackLoader:240 - Cannot read IP mode file for Infineon.AIROC-Wi-Fi-Bluetooth-STM32.1.7.0
2026-07-20 20:41:01,317 [WARN] PackLoader:240 - Cannot read IP mode file for STMicroelectronics.X-CUBE-AZRTOS-H7.3.4.0
2026-07-20 20:41:01,326 [WARN] PackLoader:240 - Cannot read IP mode file for STMicroelectronics.X-CUBE-DISPLAY.3.0.0
2026-07-20 20:41:01,333 [WARN] PackLoader:240 - Cannot read IP mode file for STMicroelectronics.X-CUBE-GNSS1.7.1.1
2026-07-20 20:41:01,335 [ERROR] Engine:466 - C:\Users\German\.stm32cubemx\thirdparties\pdsc\STMicroelectronics.FP-SNS-MOTENVWB1.1.5.0.pdsc: PDSC version is not supported
2026-07-20 20:41:01,339 [WARN] PackLoader:240 - Cannot read IP mode file for STMicroelectronics.X-CUBE-NFC10.1.0.0
2026-07-20 20:41:01,345 [WARN] PackLoader:240 - Cannot read IP mode file for STMicroelectronics.X-CUBE-BLEMGR.4.0.0
2026-07-20 20:41:01,370 [WARN] PackLoader:240 - Cannot read IP mode file for STMicroelectronics.X-CUBE-ST60.1.1.0
2026-07-20 20:41:01,375 [WARN] PackLoader:240 - Cannot read IP mode file for emotas.I-CUBE-CANOPEN.1.3.0
2026-07-20 20:41:01,377 [ERROR] Engine:466 - C:\Users\German\.stm32cubemx\thirdparties\pdsc\STMicroelectronics.X-CUBE-WBA.1.1.0.pdsc: PDSC version is not supported
2026-07-20 20:41:01,380 [WARN] PackLoader:240 - Cannot read IP mode file for STMicroelectronics.X-CUBE-GNSS1.7.1.0
2026-07-20 20:41:01,384 [WARN] ConditionMgr:438 - getConditionDescription Invalid condition id : Cortex-A Device cause : null
2026-07-20 20:41:01,394 [WARN] ConditionMgr:1044 - genDependencies : Invalid condition id : Cortex-A Device cause : null
2026-07-20 20:41:01,395 [WARN] ConditionMgr:1044 - genDependencies : Invalid condition id : Cortex-A Device cause : null
2026-07-20 20:41:01,395 [WARN] ConditionMgr:1044 - genDependencies : Invalid condition id : Cortex-A Device cause : null
2026-07-20 20:41:01,397 [WARN] PackLoader:240 - Cannot read IP mode file for STMicroelectronics.X-CUBE-AI.10.0.0
2026-07-20 20:41:01,400 [ERROR] Engine:466 - C:\Users\German\.stm32cubemx\thirdparties\pdsc\STMicroelectronics.FP-SNS-STBOX1.2.1.0.pdsc: PDSC version is not supported
2026-07-20 20:41:01,402 [WARN] PackLoader:240 - Cannot read IP mode file for STMicroelectronics.FP-SNS-SMARTAG2.1.2.0
2026-07-20 20:41:01,406 [WARN] PackLoader:240 - Cannot read IP mode file for STMicroelectronics.FP-SNS-FLIGHT1.5.1.0
2026-07-20 20:41:01,431 [WARN] PackLoader:240 - Cannot read IP mode file for STMicroelectronics.X-CUBE-MEMS1.11.1.0
2026-07-20 20:41:01,509 [INFO] LogOutputStream:77 - [STDOUT_REDIRECT] 1 : Invalid condition id : UX_CORESTACK_Condition cause : null
2026-07-20 20:41:01,509 [INFO] LogOutputStream:77 - [STDOUT_REDIRECT] 1 : Invalid condition id : UX_CORESTACK_Condition cause : null
2026-07-20 20:41:01,510 [INFO] LogOutputStream:77 - [STDOUT_REDIRECT] 1 : Invalid condition id : UX_CORESTACK_Condition cause : null
2026-07-20 20:41:01,511 [INFO] LogOutputStream:77 - [STDOUT_REDIRECT] 1 : Invalid condition id : UX_CORESTACK_Condition cause : null
2026-07-20 20:41:01,511 [INFO] LogOutputStream:77 - [STDOUT_REDIRECT] 1 : Invalid condition id : UX_CORESTACK_Condition cause : null
2026-07-20 20:41:01,512 [WARN] PackLoader:240 - Cannot read IP mode file for STMicroelectronics.X-CUBE-AZRTOS-WL.2.0.0
2026-07-20 20:41:01,516 [WARN] PackLoader:240 - Cannot read IP mode file for STMicroelectronics.FP-SNS-MOTENV1.5.0.0
2026-07-20 20:41:01,523 [WARN] PackLoader:240 - Cannot read IP mode file for STMicroelectronics.X-CUBE-AZRTOS-H7RS.1.2.0
2026-07-20 20:41:01,528 [WARN] PackLoader:240 - Cannot read IP mode file for WES.I-CUBE-Cesium.1.3.0
2026-07-20 20:41:01,531 [WARN] PackLoader:240 - Cannot read IP mode file for STMicroelectronics.X-CUBE-BLE2.3.3.0
2026-07-20 20:41:01,541 [WARN] PackLoader:240 - Cannot read IP mode file for STMicroelectronics.X-CUBE-NFC9.1.0.0
2026-07-20 20:41:01,545 [WARN] PackLoader:240 - Cannot read IP mode file for STMicroelectronics.X-CUBE-BLE1.7.1.0
2026-07-20 20:41:01,548 [WARN] PackLoader:240 - Cannot read IP mode file for wolfSSL.I-CUBE-wolfMQTT.1.19.2
2026-07-20 20:41:01,550 [ERROR] Engine:466 - C:\Users\German\.stm32cubemx\thirdparties\pdsc\STMicroelectronics.X-CUBE-FREERTOS.1.4.0.pdsc: PDSC version is not supported
2026-07-20 20:41:01,553 [WARN] PackLoader:240 - Cannot read IP mode file for STMicroelectronics.X-CUBE-EEPRMA1.5.2.0
2026-07-20 20:41:01,555 [ERROR] Engine:466 - C:\Users\German\.stm32cubemx\thirdparties\pdsc\STMicroelectronics.X-CUBE-ST67W61.1.1.0.pdsc: PDSC version is not supported
2026-07-20 20:41:01,557 [WARN] PackLoader:240 - Cannot read IP mode file for STMicroelectronics.X-CUBE-AI.10.1.0
2026-07-20 20:41:01,559 [ERROR] Engine:466 - C:\Users\German\.stm32cubemx\thirdparties\pdsc\STMicroelectronics.FP-SNS-STAIOTCFT.1.1.0.pdsc: PDSC version is not supported
2026-07-20 20:41:01,577 [WARN] PackLoader:240 - Cannot read IP mode file for STMicroelectronics.X-CUBE-MEMS1.12.0.0
2026-07-20 20:41:01,632 [WARN] PackLoader:240 - Cannot read IP mode file for STMicroelectronics.X-CUBE-MEMS1.11.2.0
2026-07-20 20:41:01,689 [WARN] PackLoader:240 - Cannot read IP mode file for STMicroelectronics.X-CUBE-AZRTOS-G0.1.1.0
2026-07-20 20:41:01,694 [WARN] PackLoader:240 - Cannot read IP mode file for STMicroelectronics.X-CUBE-SAFEA1.1.2.2
2026-07-20 20:41:01,698 [WARN] PackLoader:240 - Cannot read IP mode file for STMicroelectronics.X-CUBE-NFC4.3.0.0
2026-07-20 20:41:01,704 [WARN] PackLoader:240 - Cannot read IP mode file for EmbeddedOffice.I-CUBE-FS-RTOS.1.0.1
2026-07-20 20:41:01,708 [WARN] PackLoader:240 - Cannot read IP mode file for STMicroelectronics.X-CUBE-WB05N.2.0.0
2026-07-20 20:41:01,712 [WARN] PackLoader:240 - Cannot read IP mode file for wolfSSL.I-CUBE-wolfTPM.3.8.0
2026-07-20 20:41:01,716 [WARN] PackLoader:240 - Cannot read IP mode file for STMicroelectronics.X-CUBE-TCPP.4.2.0
2026-07-20 20:41:01,730 [WARN] PackLoader:240 - Cannot read IP mode file for RealThread.X-CUBE-RT-Thread_Nano.4.1.1
2026-07-20 20:41:01,734 [WARN] PackLoader:240 - Cannot read IP mode file for STMicroelectronics.FP-ATR-SIGFOX1.3.2.0
2026-07-20 20:41:01,738 [WARN] PackLoader:240 - Cannot read IP mode file for STMicroelectronics.X-CUBE-EEPRMA1.5.1.0
2026-07-20 20:41:01,741 [ERROR] Engine:466 - C:\Users\German\.stm32cubemx\thirdparties\pdsc\STMicroelectronics.X-CUBE-FREERTOS.1.5.0.pdsc: PDSC version is not supported
2026-07-20 20:41:01,744 [WARN] PackLoader:240 - Cannot read IP mode file for wolfSSL.I-CUBE-wolfSSL.5.7.6
2026-07-20 20:41:01,749 [WARN] PackLoader:240 - Cannot read IP mode file for ITTIA_DB.I-CUBE-ITTIADB.8.9.0
2026-07-20 20:41:01,754 [WARN] PackLoader:240 - Cannot read IP mode file for STMicroelectronics.X-CUBE-NFC6.3.2.0
2026-07-20 20:41:01,759 [WARN] PackLoader:240 - Cannot read IP mode file for STMicroelectronics.X-CUBE-ST67W61.1.0.0
2026-07-20 20:41:01,761 [WARN] PackLoader:240 - Cannot read IP mode file for STMicroelectronics.X-CUBE-AI.10.2.1
2026-07-20 20:41:01,763 [WARN] PackLoader:240 - Cannot read IP mode file for STMicroelectronics.X-CUBE-AI.10.2.0
2026-07-20 20:41:01,787 [WARN] PackLoader:240 - Cannot read IP mode file for STMicroelectronics.X-CUBE-MEMS1.12.1.0
2026-07-20 20:41:01,841 [WARN] PackLoader:240 - Cannot read IP mode file for SEGGER.I-CUBE-embOS.1.3.1
2026-07-20 20:41:01,857 [WARN] PackLoader:240 - Cannot read IP mode file for STMicroelectronics.X-CUBE-ALGOBUILD.1.4.0
2026-07-20 20:41:01,875 [WARN] PackLoader:240 - Cannot read IP mode file for STMicroelectronics.X-CUBE-MEMS1.11.3.0
2026-07-20 20:41:01,931 [WARN] PackLoader:240 - Cannot read IP mode file for STMicroelectronics.X-CUBE-NFC13.1.0.0
2026-07-20 20:41:01,935 [WARN] PackLoader:240 - Cannot read IP mode file for STMicroelectronics.X-CUBE-PM33A1.1.0.0
2026-07-20 20:41:01,941 [WARN] PackLoader:240 - Cannot read IP mode file for STMicroelectronics.X-CUBE-AZRTOS-F4.1.1.0
2026-07-20 20:41:01,945 [WARN] PackLoader:240 - Cannot read IP mode file for Avnet-IotConnect.X-CUBE-IoTC-DA16k-PMOD.1.0.0
2026-07-20 20:41:01,947 [WARN] PackLoader:240 - Cannot read IP mode file for STMicroelectronics.X-CUBE-ISPU.2.1.0
2026-07-20 20:41:01,950 [ERROR] Engine:466 - C:\Users\German\.stm32cubemx\thirdparties\pdsc\STMicroelectronics.X-CUBE-IPS.3.2.0.pdsc: PDSC version is not supported
2026-07-20 20:41:01,952 [WARN] PackLoader:240 - Cannot read IP mode file for STMicroelectronics.eDS-WB_DPC_TT-BIDIR.2.1.1
2026-07-20 20:41:01,956 [WARN] PackLoader:240 - Cannot read IP mode file for STMicroelectronics.X-CUBE-NFC12.1.0.0
2026-07-20 20:41:01,964 [WARN] PackLoader:240 - Cannot read IP mode file for STMicroelectronics.X-CUBE-AZRTOS-L5.2.0.0
2026-07-20 20:41:01,968 [WARN] PackLoader:240 - Cannot read IP mode file for STMicroelectronics.X-CUBE-NFC6.3.1.0
2026-07-20 20:41:01,972 [WARN] PackLoader:240 - Cannot read IP mode file for STMicroelectronics.X-CUBE-ALGOBUILD.1.5.0
2026-07-20 20:41:01,976 [WARN] PackLoader:240 - Cannot read IP mode file for STMicroelectronics.X-CUBE-DPower.1.2.0
2026-07-20 20:41:01,978 [WARN] PackLoader:240 - Cannot read IP mode file for STMicroelectronics.eDS-WB_DPC_VIENNA.1.2.0
2026-07-20 20:41:01,980 [WARN] PackLoader:240 - Cannot read IP mode file for STMicroelectronics.eDS-WB_DPC_3PH2L-BIDIR.1.1.1
2026-07-20 20:41:01,982 [ERROR] Engine:466 - C:\Users\German\.stm32cubemx\thirdparties\pdsc\STMicroelectronics.X-CUBE-ST67W61.1.3.0.pdsc: PDSC version is not supported
2026-07-20 20:41:01,986 [WARN] PackLoader:240 - Cannot read IP mode file for STMicroelectronics.X-CUBE-FREERTOS.1.3.1
2026-07-20 20:41:01,988 [WARN] PackLoader:240 - Cannot read IP mode file for STMicroelectronics.X-CUBE-FREERTOS.1.3.0
2026-07-20 20:41:01,991 [WARN] PackLoader:240 - Cannot read IP mode file for STMicroelectronics.X-CUBE-NFC7.1.0.1
2026-07-20 20:41:01,994 [WARN] PackLoader:240 - Cannot read IP mode file for STMicroelectronics.X-CUBE-TOUCHGFX.4.26.0
2026-07-20 20:41:01,996 [WARN] PackLoader:240 - Cannot read IP mode file for STMicroelectronics.X-CUBE-TOUCHGFX.4.26.1
2026-07-20 20:41:01,999 [WARN] PackLoader:240 - Cannot read IP mode file for STMicroelectronics.FP-SNS-STAIOTCFT.1.0.0
2026-07-20 20:41:02,001 [WARN] PackLoader:240 - Cannot read IP mode file for STMicroelectronics.X-CUBE-DPower.1.3.0
2026-07-20 20:41:02,007 [WARN] ConditionMgr:438 - getConditionDescription Invalid condition id : LAN8742 Phy interface Condition cause : null
2026-07-20 20:41:02,007 [WARN] PackLoader:240 - Cannot read IP mode file for STMicroelectronics.X-CUBE-AZRTOS-L4.2.0.0
2026-07-20 20:41:02,008 [WARN] ConditionMgr:1044 - genDependencies : Invalid condition id : LAN8742 Phy interface Condition cause : null
2026-07-20 20:41:02,008 [WARN] ConditionMgr:1044 - genDependencies : Invalid condition id : LAN8742 Phy interface Condition cause : null
2026-07-20 20:41:02,008 [WARN] ConditionMgr:1044 - genDependencies : Invalid condition id : LAN8742 Phy interface Condition cause : null
2026-07-20 20:41:02,011 [WARN] PackLoader:240 - Cannot read IP mode file for STMicroelectronics.X-CUBE-SFXS2LP1.4.0.0
2026-07-20 20:41:02,014 [WARN] PackLoader:240 - Cannot read IP mode file for STMicroelectronics.X-CUBE-WB05N.2.1.0
2026-07-20 20:41:02,016 [ERROR] Engine:466 - C:\Users\German\.stm32cubemx\thirdparties\pdsc\STMicroelectronics.X-CUBE-ST67W61.1.2.0.pdsc: PDSC version is not supported
2026-07-20 20:41:02,024 [WARN] PackLoader:240 - Cannot read IP mode file for STMicroelectronics.X-CUBE-AZRTOS-H7.3.3.0
2026-07-20 20:41:02,029 [WARN] PackLoader:240 - Cannot read IP mode file for STMicroelectronics.X-CUBE-BLEMGR.4.1.0
2026-07-20 20:41:02,035 [WARN] ConditionMgr:438 - getConditionDescription Invalid condition id : UX DEVICE CLASS RTOS Condition cause : null
2026-07-20 20:41:02,035 [WARN] ConditionMgr:438 - getConditionDescription Invalid condition id : UX DEVICE CLASS RTOS Condition cause : null
2026-07-20 20:41:02,036 [WARN] PackLoader:240 - Cannot read IP mode file for STMicroelectronics.X-CUBE-AZRTOS-WB.2.0.0
2026-07-20 20:41:02,036 [WARN] ConditionMgr:1044 - genDependencies : Invalid condition id : UX DEVICE CLASS RTOS Condition cause : null
2026-07-20 20:41:02,036 [WARN] ConditionMgr:1044 - genDependencies : Invalid condition id : UX DEVICE CLASS RTOS Condition cause : null
2026-07-20 20:41:02,036 [WARN] ConditionMgr:1044 - genDependencies : Invalid condition id : UX DEVICE CLASS RTOS Condition cause : null
2026-07-20 20:41:02,037 [WARN] ConditionMgr:1044 - genDependencies : Invalid condition id : UX DEVICE CLASS RTOS Condition cause : null
2026-07-20 20:41:02,037 [WARN] ConditionMgr:1044 - genDependencies : Invalid condition id : UX DEVICE CLASS RTOS Condition cause : null
2026-07-20 20:41:02,040 [WARN] PackLoader:240 - Cannot read IP mode file for STMicroelectronics.X-CUBE-GNSS1.7.0.1
2026-07-20 20:41:02,042 [WARN] PackLoader:240 - Cannot read IP mode file for STMicroelectronics.X-CUBE-TOUCHGFX.4.25.0
2026-07-20 20:41:02,045 [WARN] PackLoader:240 - Cannot read IP mode file for STMicroelectronics.FP-SNS-STBOX1.2.0.0
2026-07-20 20:41:02,050 [WARN] PackLoader:240 - Cannot read IP mode file for STMicroelectronics.X-CUBE-STSE01.2.0.0
2026-07-20 20:41:02,053 [WARN] PackLoader:240 - Cannot read IP mode file for STMicroelectronics.X-CUBE-SUBG2.5.0.0
2026-07-20 20:41:02,062 [WARN] PackLoader:240 - Cannot read IP mode file for STMicroelectronics.X-CUBE-AZRTOS-H7RS.1.1.0
2026-07-20 20:41:02,066 [WARN] PackLoader:240 - Cannot read IP mode file for Cesanta.I-CUBE-Mongoose.7.13.0
2026-07-20 20:41:02,075 [WARN] PackLoader:240 - Cannot read IP mode file for STMicroelectronics.X-CUBE-AZRTOS-G4.2.0.0
2026-07-20 20:41:02,081 [WARN] PackLoader:240 - Cannot read IP mode file for wolfSSL.I-CUBE-wolfSSH.1.4.20
2026-07-20 20:41:02,083 [WARN] PackLoader:240 - Cannot read IP mode file for STMicroelectronics.X-CUBE-NFC7.2.0.0
2026-07-20 20:41:02,089 [WARN] PackLoader:240 - Cannot read IP mode file for STMicroelectronics.X-CUBE-IPS.3.1.0
2026-07-20 20:41:02,093 [ERROR] Engine:466 - C:\Users\German\.stm32cubemx\thirdparties\pdsc\STMicroelectronics.X-CUBE-BLEMGR.4.2.0.pdsc: PDSC version is not supported
2026-07-20 20:41:02,097 [WARN] PackLoader:240 - Cannot read IP mode file for STMicroelectronics.X-CUBE-ALS.1.0.2
2026-07-20 20:41:02,100 [WARN] PackLoader:240 - Cannot read IP mode file for STMicroelectronics.X-CUBE-STSE01.1.0.0
2026-07-20 20:41:02,105 [WARN] PackLoader:240 - Cannot read IP mode file for portGmbH.I-Cube-SoM-uGOAL.1.1.0
2026-07-20 20:41:02,111 [WARN] PackLoader:240 - Cannot read IP mode file for STMicroelectronics.X-CUBE-TOF1.3.4.2
2026-07-20 20:41:02,126 [WARN] PackLoader:240 - Cannot read IP mode file for STMicroelectronics.X-CUBE-TOF1.3.4.3
2026-07-20 20:41:02,135 [INFO] ThirdParty:978 - Integrity check success = true
2026-07-20 20:41:02,135 [INFO] IntegrityCheckThread:100 - exiting critical section [integrity check]
2026-07-20 20:41:02,135 [INFO] IntegrityCheckThread:103 - End integrity checks thread
2026-07-20 20:42:11,431 [INFO] WebApp:194 - Connection lost
2026-07-20 20:42:11,590 [INFO] WebApp:191 - Connection restablished
2026-07-20 21:24:03,739 [INFO] WebApp:194 - Connection lost
2026-07-20 21:24:03,908 [INFO] WebApp:191 - Connection restablished
2026-07-20 21:24:06,926 [INFO] WebApp:194 - Connection lost
2026-07-20 21:24:07,058 [INFO] WebApp:191 - Connection restablished
2026-07-20 21:25:12,753 [INFO] WebApp:194 - Connection lost
2026-07-20 21:25:12,913 [INFO] WebApp:191 - Connection restablished
2026-07-20 21:25:18,934 [INFO] WebApp:194 - Connection lost
2026-07-20 21:25:19,067 [INFO] WebApp:191 - Connection restablished
2026-07-20 22:03:10,013 [ERROR] LogOutputStream:75 - [STDERR_REDIRECT] 
