2026-08-03 20:34:09,752 [INFO] Activator:176 - 


2026-08-03 20:34:09,756 [INFO] Activator:177 - !SESSION log4j initialized
2026-08-03 20:34:15,389 [INFO] LogOutputStream:77 - [STDOUT_REDIRECT] 
2026-08-03 20:34:16,421 [INFO] ApplicationProperties:184 - Using Application install path: C:\ST\STM32CubeIDE_1.18.1\STM32CubeIDE\plugins\com.st.stm32cube.common.mx_6.14.1.202504091515
2026-08-03 20:34:16,432 [INFO] DbMcusXml:78 - Set database path to: C:\ST\STM32CubeIDE_1.18.1\STM32CubeIDE\plugins\com.st.stm32cube.common.mx_6.14.1.202504091515\\db\/mcu/
2026-08-03 20:34:16,432 [INFO] ApiDb:274 - Set plugin database path to: C:\ST\STM32CubeIDE_1.18.1\STM32CubeIDE\plugins\com.st.stm32cube.common.mx_6.14.1.202504091515\\db\/plugins/boardmanager/
2026-08-03 20:34:16,433 [WARN] ApiDb:259 - Overriding images path with different value:  => C:\ST\STM32CubeIDE_1.18.1\STM32CubeIDE\plugins\com.st.stm32cube.common.mx_6.14.1.202504091515\\db\/plugins/mcufinder/images/
2026-08-03 20:34:16,439 [INFO] ApiDb:250 - Set database path to: C:\Users\German\.stmcufinder\plugins\mcufinder//mcu/
2026-08-03 20:34:16,439 [INFO] DbMcusAds:125 - Set database path to: C:\Users\German\.stmcufinder\plugins\mcufinder//mcu/
2026-08-03 20:34:16,441 [INFO] CrossReferenceDbSqlite:203 - Set database path to: C:\Users\German\.stmcufinder\plugins\mcufinder//mcu/cs/
2026-08-03 20:34:16,513 [INFO] RulesReader:64 - Compatibility file has been processed (302 Rules)
2026-08-03 20:34:16,564 [INFO] DbMcusXml:78 - Set database path to: C:\ST\STM32CubeIDE_1.18.1\STM32CubeIDE\plugins\com.st.stm32cube.common.mx_6.14.1.202504091515\\db\/mcu/
2026-08-03 20:34:16,564 [INFO] ApiDb:274 - Set plugin database path to: C:\ST\STM32CubeIDE_1.18.1\STM32CubeIDE\plugins\com.st.stm32cube.common.mx_6.14.1.202504091515\\db\/plugins/boardmanager/
2026-08-03 20:34:16,564 [INFO] ApiDb:261 - Set plugin images path to: C:\ST\STM32CubeIDE_1.18.1\STM32CubeIDE\plugins\com.st.stm32cube.common.mx_6.14.1.202504091515\\db\/plugins/mcufinder/images/
2026-08-03 20:34:16,564 [WARN] DbFile:41 - Overriding database path with different value: C:\Users\German\.stmcufinder\plugins\mcufinder/ => C:\Users\German\.stmcufinder\plugins\mcufinder
2026-08-03 20:34:16,564 [INFO] ApiDb:250 - Set database path to: C:\Users\German\.stmcufinder\plugins\mcufinder//mcu/
2026-08-03 20:34:16,564 [WARN] DbFile:41 - Overriding database path with different value: C:\Users\German\.stmcufinder\plugins\mcufinder/ => C:\Users\German\.stmcufinder\plugins\mcufinder
2026-08-03 20:34:16,564 [INFO] DbMcusAds:125 - Set database path to: C:\Users\German\.stmcufinder\plugins\mcufinder//mcu/
2026-08-03 20:34:16,564 [WARN] DbFile:41 - Overriding database path with different value: C:\Users\German\.stmcufinder\plugins\mcufinder/ => C:\Users\German\.stmcufinder\plugins\mcufinder
2026-08-03 20:34:16,564 [WARN] DbFile:41 - Overriding database path with different value: C:\Users\German\.stmcufinder\plugins\mcufinder/ => C:\Users\German\.stmcufinder\plugins\mcufinder
2026-08-03 20:34:16,564 [INFO] CrossReferenceDbSqlite:203 - Set database path to: C:\Users\German\.stmcufinder\plugins\mcufinder//mcu/cs/
2026-08-03 20:34:16,619 [INFO] MainPanel:272 - HeapMemory: 268435456
2026-08-03 20:34:16,691 [INFO] DbMcusXml:78 - Set database path to: C:\ST\STM32CubeIDE_1.18.1\STM32CubeIDE\plugins\com.st.stm32cube.common.mx_6.14.1.202504091515\\db\/mcu/
2026-08-03 20:34:16,691 [INFO] ApiDb:274 - Set plugin database path to: C:\ST\STM32CubeIDE_1.18.1\STM32CubeIDE\plugins\com.st.stm32cube.common.mx_6.14.1.202504091515\\db\/plugins/boardmanager/
2026-08-03 20:34:16,691 [INFO] ApiDb:261 - Set plugin images path to: C:\ST\STM32CubeIDE_1.18.1\STM32CubeIDE\plugins\com.st.stm32cube.common.mx_6.14.1.202504091515\\db\/plugins/mcufinder/images/
2026-08-03 20:34:16,691 [WARN] DbFile:41 - Overriding database path with different value: C:\Users\German\.stmcufinder\plugins\mcufinder/ => C:\Users\German\.stmcufinder\plugins\mcufinder
2026-08-03 20:34:16,691 [INFO] ApiDb:250 - Set database path to: C:\Users\German\.stmcufinder\plugins\mcufinder//mcu/
2026-08-03 20:34:16,691 [WARN] DbFile:41 - Overriding database path with different value: C:\Users\German\.stmcufinder\plugins\mcufinder/ => C:\Users\German\.stmcufinder\plugins\mcufinder
2026-08-03 20:34:16,691 [INFO] DbMcusAds:125 - Set database path to: C:\Users\German\.stmcufinder\plugins\mcufinder//mcu/
2026-08-03 20:34:16,691 [WARN] DbFile:41 - Overriding database path with different value: C:\Users\German\.stmcufinder\plugins\mcufinder/ => C:\Users\German\.stmcufinder\plugins\mcufinder
2026-08-03 20:34:16,691 [WARN] DbFile:41 - Overriding database path with different value: C:\Users\German\.stmcufinder\plugins\mcufinder/ => C:\Users\German\.stmcufinder\plugins\mcufinder
2026-08-03 20:34:16,691 [INFO] CrossReferenceDbSqlite:203 - Set database path to: C:\Users\German\.stmcufinder\plugins\mcufinder//mcu/cs/
2026-08-03 20:34:16,702 [INFO] ApplicationProperties:184 - Using Application install path: C:\ST\STM32CubeIDE_1.18.1\STM32CubeIDE\plugins\com.st.stm32cube.common.mx_6.14.1.202504091515
2026-08-03 20:34:16,703 [INFO] PluginManage:196 - Search for loadable plugins [exclusion list=, ]
2026-08-03 20:34:16,703 [INFO] PluginManage:310 - Check plugin analytics
2026-08-03 20:34:16,849 [INFO] AnalyticsPlugin:253 - Accepted Software Licenses: STM32CubeMX.6.14.1,STM32CubeMX.6.17.0
2026-08-03 20:34:16,849 [INFO] AnalyticsPlugin:255 - Accepted CMSIS Pack Licenses: 
2026-08-03 20:34:16,850 [INFO] AnalyticsPlugin:257 - Accepted Firmware Licenses: FW.WB.1.17.0,FW.WB.1.22.0,FW.L4.1.18.0,FW.WB.1.13.0,FW.WB.1.23.0,FW.WB.1.24.0
2026-08-03 20:34:16,853 [INFO] PluginManage:359 - Loaded plugin analytics (category:tool,tabindex:-1)
2026-08-03 20:34:16,853 [INFO] PluginManage:310 - Check plugin cadmodel
2026-08-03 20:34:16,861 [INFO] CADModel:105 - Init CAD model plugin
2026-08-03 20:34:16,861 [INFO] PluginManage:359 - Loaded plugin cadmodel (category:power,tabindex:5)
2026-08-03 20:34:16,862 [INFO] PluginManage:310 - Check plugin clock
2026-08-03 20:34:16,873 [INFO] PluginManage:359 - Loaded plugin clock (category:base,tabindex:2)
2026-08-03 20:34:16,873 [INFO] PluginManage:310 - Check plugin ddr
2026-08-03 20:34:16,876 [INFO] PluginManage:359 - Loaded plugin ddr (category:tool,tabindex:6)
2026-08-03 20:34:16,877 [INFO] PluginManage:310 - Check plugin filemanager
2026-08-03 20:34:17,016 [INFO] PluginManage:359 - Loaded plugin filemanager (category:base,tabindex:10)
2026-08-03 20:34:17,016 [INFO] PluginManage:310 - Check plugin ipmanager
2026-08-03 20:34:17,022 [INFO] PluginManage:359 - Loaded plugin ipmanager (category:base,tabindex:5)
2026-08-03 20:34:17,022 [INFO] PluginManage:310 - Check plugin lpbam
2026-08-03 20:34:17,032 [INFO] PluginManage:359 - Loaded plugin lpbam (category:base,tabindex:0)
2026-08-03 20:34:17,032 [INFO] PluginManage:310 - Check plugin memorymap
2026-08-03 20:34:17,045 [INFO] PluginManage:359 - Loaded plugin memorymap (category:base,tabindex:4)
2026-08-03 20:34:17,045 [INFO] PluginManage:310 - Check plugin pinoutandconfiguration
2026-08-03 20:34:17,052 [INFO] PluginManage:359 - Loaded plugin pinoutandconfiguration (category:base,tabindex:1)
2026-08-03 20:34:17,052 [INFO] PluginManage:310 - Check plugin pinoutconfig
2026-08-03 20:34:17,122 [WARN] SupportedApi:132 - Cannot load RTOS API schema: s4s-elt-must-match.1: The content of 'definitions' must match (annotation?, (simpleType | complexType)?, (unique | key | keyref)*)). A problem was found starting at: attribute.
2026-08-03 20:34:17,224 [INFO] PluginManage:359 - Loaded plugin pinoutconfig (category:base,tabindex:0)
2026-08-03 20:34:17,224 [INFO] PluginManage:310 - Check plugin power
2026-08-03 20:34:17,233 [INFO] PluginManage:359 - Loaded plugin power (category:power,tabindex:4)
2026-08-03 20:34:17,233 [INFO] PluginManage:310 - Check plugin projectmanager
2026-08-03 20:34:17,246 [INFO] PluginManage:359 - Loaded plugin projectmanager (category:projectmanager,tabindex:4)
2026-08-03 20:34:17,246 [INFO] PluginManage:310 - Check plugin rif
2026-08-03 20:34:17,253 [INFO] PluginManage:359 - Loaded plugin rif (category:base,tabindex:3)
2026-08-03 20:34:17,253 [INFO] PluginManage:310 - Check plugin thirdparty
2026-08-03 20:34:17,371 [INFO] PluginManage:359 - Loaded plugin thirdparty (category:base,tabindex:-1)
2026-08-03 20:34:17,372 [INFO] PluginManage:310 - Check plugin tools
2026-08-03 20:34:17,371 [WARN] IntegrityCheckThread:84 - waiting for thirdparty lock release [integrity check]
2026-08-03 20:34:17,372 [INFO] IntegrityCheckThread:86 - entering critical section [integrity check]
2026-08-03 20:34:17,372 [INFO] ThirdPartyUpdaterWithRetryManager:70 - Updater plugin not ready yet. [1/15]
2026-08-03 20:34:17,374 [INFO] PluginManage:359 - Loaded plugin tools (category:base,tabindex:7)
2026-08-03 20:34:17,374 [INFO] PluginManage:310 - Check plugin tutovideos
2026-08-03 20:34:17,491 [INFO] PluginManage:359 - Loaded plugin tutovideos (category:base,tabindex:-1)
2026-08-03 20:34:17,491 [INFO] PluginManage:310 - Check plugin updater
2026-08-03 20:34:17,509 [INFO] PluginManage:359 - Loaded plugin updater (category:base,tabindex:12)
2026-08-03 20:34:17,509 [INFO] PluginManage:310 - Check plugin userauth
2026-08-03 20:34:17,512 [INFO] UserAuth:118 - Init User Auth plugin
2026-08-03 20:34:17,513 [INFO] PluginManage:359 - Loaded plugin userauth (category:base,tabindex:14)
2026-08-03 20:34:17,513 [INFO] PluginManage:283 - PluginManage : Loaded plugins [18]
2026-08-03 20:34:17,681 [INFO] PinOutPanel:1589 - setPackage(No Configuration,No Configuration)
2026-08-03 20:34:17,736 [INFO] CADModel:165 - CPN selected for project level
2026-08-03 20:34:17,736 [INFO] CADModel:114 - Register for checkConnection events
2026-08-03 20:34:17,747 [INFO] IPUIPlugin:80 - create IPUIPlugin
2026-08-03 20:34:17,747 [INFO] PluginManager:220 - loadIPPluginJar : add adc
2026-08-03 20:34:17,748 [INFO] IPUIPlugin:80 - create IPUIPlugin
2026-08-03 20:34:17,748 [INFO] PluginManager:220 - loadIPPluginJar : add aes
2026-08-03 20:34:17,750 [INFO] IPUIPlugin:80 - create IPUIPlugin
2026-08-03 20:34:17,750 [INFO] PluginManager:220 - loadIPPluginJar : add can
2026-08-03 20:34:17,751 [INFO] IPUIPlugin:80 - create IPUIPlugin
2026-08-03 20:34:17,751 [INFO] PluginManager:220 - loadIPPluginJar : add comp
2026-08-03 20:34:17,752 [INFO] IPUIPlugin:80 - create IPUIPlugin
2026-08-03 20:34:17,753 [INFO] PluginManager:220 - loadIPPluginJar : add cryp
2026-08-03 20:34:17,754 [INFO] IPUIPlugin:80 - create IPUIPlugin
2026-08-03 20:34:17,755 [INFO] PluginManager:220 - loadIPPluginJar : add ddr_ctrl_phy
2026-08-03 20:34:17,756 [INFO] IPUIPlugin:80 - create IPUIPlugin
2026-08-03 20:34:17,756 [INFO] PluginManager:220 - loadIPPluginJar : add dfsdm
2026-08-03 20:34:17,759 [INFO] IPUIPlugin:80 - create IPUIPlugin
2026-08-03 20:34:17,759 [INFO] PluginManager:220 - loadIPPluginJar : add dma
2026-08-03 20:34:17,761 [INFO] IPUIPlugin:80 - create IPUIPlugin
2026-08-03 20:34:17,761 [INFO] PluginManager:220 - loadIPPluginJar : add dma3
2026-08-03 20:34:17,762 [INFO] IPUIPlugin:80 - create IPUIPlugin
2026-08-03 20:34:17,762 [INFO] PluginManager:220 - loadIPPluginJar : add extmemmanager
2026-08-03 20:34:17,763 [INFO] IPUIPlugin:80 - create IPUIPlugin
2026-08-03 20:34:17,763 [INFO] PluginManager:220 - loadIPPluginJar : add fatfs
2026-08-03 20:34:17,766 [INFO] IPUIPlugin:80 - create IPUIPlugin
2026-08-03 20:34:17,766 [INFO] PluginManager:220 - loadIPPluginJar : add fmc
2026-08-03 20:34:17,770 [INFO] IPUIPlugin:80 - create IPUIPlugin
2026-08-03 20:34:17,770 [INFO] PluginManager:220 - loadIPPluginJar : add freertos
2026-08-03 20:34:17,771 [INFO] IPUIPlugin:80 - create IPUIPlugin
2026-08-03 20:34:17,771 [INFO] PluginManager:220 - loadIPPluginJar : add genericplugin
2026-08-03 20:34:17,772 [INFO] IPUIPlugin:80 - create IPUIPlugin
2026-08-03 20:34:17,772 [INFO] PluginManager:220 - loadIPPluginJar : add gfxmmu
2026-08-03 20:34:17,775 [INFO] IPUIPlugin:80 - create IPUIPlugin
2026-08-03 20:34:17,775 [INFO] PluginManager:220 - loadIPPluginJar : add gic
2026-08-03 20:34:17,777 [INFO] IPUIPlugin:80 - create IPUIPlugin
2026-08-03 20:34:17,777 [INFO] PluginManager:220 - loadIPPluginJar : add gpio
2026-08-03 20:34:17,779 [INFO] IPUIPlugin:80 - create IPUIPlugin
2026-08-03 20:34:17,779 [INFO] PluginManager:220 - loadIPPluginJar : add gtzc
2026-08-03 20:34:17,781 [INFO] IPUIPlugin:80 - create IPUIPlugin
2026-08-03 20:34:17,781 [INFO] PluginManager:220 - loadIPPluginJar : add hash
2026-08-03 20:34:17,783 [INFO] IPUIPlugin:80 - create IPUIPlugin
2026-08-03 20:34:17,784 [INFO] PluginManager:220 - loadIPPluginJar : add i2c
2026-08-03 20:34:17,785 [INFO] IPUIPlugin:80 - create IPUIPlugin
2026-08-03 20:34:17,786 [INFO] PluginManager:220 - loadIPPluginJar : add i2s
2026-08-03 20:34:17,788 [INFO] IPUIPlugin:80 - create IPUIPlugin
2026-08-03 20:34:17,788 [INFO] PluginManager:220 - loadIPPluginJar : add i3c
2026-08-03 20:34:17,792 [INFO] IPUIPlugin:80 - create IPUIPlugin
2026-08-03 20:34:17,792 [INFO] PluginManager:220 - loadIPPluginJar : add ipddr
2026-08-03 20:34:17,799 [INFO] IPUIPlugin:80 - create IPUIPlugin
2026-08-03 20:34:17,799 [INFO] PluginManager:220 - loadIPPluginJar : add linkedlist
2026-08-03 20:34:17,802 [INFO] IPUIPlugin:80 - create IPUIPlugin
2026-08-03 20:34:17,802 [INFO] PluginManager:220 - loadIPPluginJar : add lorawan
2026-08-03 20:34:17,804 [INFO] IPUIPlugin:80 - create IPUIPlugin
2026-08-03 20:34:17,804 [INFO] PluginManager:220 - loadIPPluginJar : add ltdc
2026-08-03 20:34:17,809 [INFO] IPUIPlugin:80 - create IPUIPlugin
2026-08-03 20:34:17,809 [INFO] PluginManager:220 - loadIPPluginJar : add mdma
2026-08-03 20:34:17,812 [INFO] IPUIPlugin:80 - create IPUIPlugin
2026-08-03 20:34:17,812 [INFO] PluginManager:220 - loadIPPluginJar : add nvic
2026-08-03 20:34:17,815 [INFO] IPUIPlugin:80 - create IPUIPlugin
2026-08-03 20:34:17,815 [INFO] PluginManager:220 - loadIPPluginJar : add opamp
2026-08-03 20:34:17,818 [INFO] IPUIPlugin:80 - create IPUIPlugin
2026-08-03 20:34:17,818 [INFO] PluginManager:220 - loadIPPluginJar : add openamp
2026-08-03 20:34:17,821 [INFO] IPUIPlugin:80 - create IPUIPlugin
2026-08-03 20:34:17,822 [INFO] PluginManager:220 - loadIPPluginJar : add pdm2pcm
2026-08-03 20:34:17,827 [INFO] IPUIPlugin:80 - create IPUIPlugin
2026-08-03 20:34:17,828 [INFO] PluginManager:220 - loadIPPluginJar : add plateformsettings
2026-08-03 20:34:17,830 [INFO] IPUIPlugin:80 - create IPUIPlugin
2026-08-03 20:34:17,830 [INFO] PluginManager:220 - loadIPPluginJar : add quadspi
2026-08-03 20:34:17,832 [INFO] IPUIPlugin:80 - create IPUIPlugin
2026-08-03 20:34:17,832 [INFO] PluginManager:220 - loadIPPluginJar : add radio
2026-08-03 20:34:17,835 [INFO] IPUIPlugin:80 - create IPUIPlugin
2026-08-03 20:34:17,835 [INFO] PluginManager:220 - loadIPPluginJar : add resmgrutility
2026-08-03 20:34:17,837 [INFO] IPUIPlugin:80 - create IPUIPlugin
2026-08-03 20:34:17,837 [INFO] PluginManager:220 - loadIPPluginJar : add sai
2026-08-03 20:34:17,838 [INFO] IPUIPlugin:80 - create IPUIPlugin
2026-08-03 20:34:17,839 [INFO] PluginManager:220 - loadIPPluginJar : add spi
2026-08-03 20:34:17,842 [INFO] IPUIPlugin:80 - create IPUIPlugin
2026-08-03 20:34:17,842 [INFO] PluginManager:220 - loadIPPluginJar : add stm32_wpan
2026-08-03 20:34:17,843 [INFO] IPUIPlugin:80 - create IPUIPlugin
2026-08-03 20:34:17,843 [INFO] PluginManager:220 - loadIPPluginJar : add tim
2026-08-03 20:34:17,844 [INFO] IPUIPlugin:80 - create IPUIPlugin
2026-08-03 20:34:17,845 [INFO] PluginManager:220 - loadIPPluginJar : add touchsensing
2026-08-03 20:34:17,846 [INFO] IPUIPlugin:80 - create IPUIPlugin
2026-08-03 20:34:17,846 [INFO] PluginManager:220 - loadIPPluginJar : add tracer_emb
2026-08-03 20:34:17,847 [INFO] IPUIPlugin:80 - create IPUIPlugin
2026-08-03 20:34:17,847 [INFO] PluginManager:220 - loadIPPluginJar : add ts
2026-08-03 20:34:17,848 [INFO] IPUIPlugin:80 - create IPUIPlugin
2026-08-03 20:34:17,848 [INFO] PluginManager:220 - loadIPPluginJar : add tsc
2026-08-03 20:34:17,849 [INFO] IPUIPlugin:80 - create IPUIPlugin
2026-08-03 20:34:17,849 [INFO] PluginManager:220 - loadIPPluginJar : add ucpd
2026-08-03 20:34:17,850 [INFO] IPUIPlugin:80 - create IPUIPlugin
2026-08-03 20:34:17,850 [INFO] PluginManager:220 - loadIPPluginJar : add usart
2026-08-03 20:34:17,852 [INFO] IPUIPlugin:80 - create IPUIPlugin
2026-08-03 20:34:17,852 [INFO] PluginManager:220 - loadIPPluginJar : add usbx
2026-08-03 20:34:17,959 [FATAL] Updater:351 - Updater called before beeing initialized
2026-08-03 20:34:17,975 [INFO] RulesReader:64 - Compatibility file has been processed (302 Rules)
2026-08-03 20:34:17,980 [INFO] RulesReader:64 - Compatibility file has been processed (302 Rules)
2026-08-03 20:34:17,985 [INFO] CADModel:165 - CPN selected for project level
2026-08-03 20:34:17,985 [INFO] CADModel:114 - Register for checkConnection events
2026-08-03 20:34:17,985 [FATAL] Updater:351 - Updater called before beeing initialized
2026-08-03 20:34:17,985 [ERROR] CADModel:125 - Updater not yet initialized, retry later 
2026-08-03 20:34:18,089 [FATAL] Updater:351 - Updater called before beeing initialized
2026-08-03 20:34:18,090 [INFO] CADModel:165 - CPN selected for project level
2026-08-03 20:34:18,090 [INFO] CADModel:114 - Register for checkConnection events
2026-08-03 20:34:18,090 [FATAL] Updater:351 - Updater called before beeing initialized
2026-08-03 20:34:18,090 [ERROR] CADModel:125 - Updater not yet initialized, retry later 
2026-08-03 20:34:18,092 [FATAL] Updater:351 - Updater called before beeing initialized
2026-08-03 20:34:18,151 [FATAL] Updater:351 - Updater called before beeing initialized
2026-08-03 20:34:18,153 [INFO] DbMcusAds:53 - JSON generation date=Wed Jul 15 06:46:00 ART 2026 (1784108760991)
2026-08-03 20:34:18,153 [FATAL] Updater:351 - Updater called before beeing initialized
2026-08-03 20:34:18,175 [WARN] DetailPanel:346 - Failed to get advertising image, set to default
2026-08-03 20:34:18,327 [FATAL] Updater:351 - Updater called before beeing initialized
2026-08-03 20:34:18,329 [FATAL] Updater:351 - Updater called before beeing initialized
2026-08-03 20:34:18,329 [FATAL] Updater:351 - Updater called before beeing initialized
2026-08-03 20:34:18,329 [WARN] DetailPanel:346 - Failed to get advertising image, set to default
2026-08-03 20:34:18,330 [FATAL] Updater:351 - Updater called before beeing initialized
2026-08-03 20:34:18,357 [ERROR] Updater:1198 - MainUpdater not yet initialized. External WinMGr cannot be set.
2026-08-03 20:34:18,359 [INFO] Updater:1134 - Updater Version found : 6.14.1
2026-08-03 20:34:18,371 [INFO] ApplicationProperties:184 - Using Application install path: C:\ST\STM32CubeIDE_1.18.1\STM32CubeIDE\plugins\com.st.stm32cube.common.mx_6.14.1.202504091515
2026-08-03 20:34:19,938 [ERROR] LogOutputStream:75 - [STDERR_REDIRECT] Aug 03, 2026 8:34:19 PM java.util.prefs.WindowsPreferences <init>
2026-08-03 20:34:19,939 [ERROR] LogOutputStream:75 - [STDERR_REDIRECT] WARNING: Could not open/create prefs root node Software\JavaSoft\Prefs at root 0xffffffff80000002. Windows RegCreateKeyEx(...) returned error code 5.
2026-08-03 20:34:19,939 [ERROR] LogOutputStream:75 - [STDERR_REDIRECT] 
2026-08-03 20:34:20,114 [INFO] MainUpdater:2872 - connection check result : 10
2026-08-03 20:34:20,114 [INFO] MainUpdater:289 - Updater Check For Update Now.
2026-08-03 20:34:20,114 [INFO] MicroXplorer:498 - Change Database Version : DB.6.0.141
2026-08-03 20:34:20,118 [INFO] McuFinderGlobals:63 - Set McuFinder mode to 2 (CubeIDE integrated)
2026-08-03 20:34:20,118 [INFO] UserAuth:484 - Internet connection configuration mode: 1
2026-08-03 20:34:20,139 [INFO] JxBrowserEngine:152 - Initiate JxBrowser Engine with user profile folder
2026-08-03 20:34:20,271 [INFO] CheckServerUpdateThread:120 - End of CheckServer Thread
2026-08-03 20:34:20,720 [WARN] PackLoader:240 - Cannot read IP mode file for STMicroelectronics.X-CUBE-AZRTOS-H7.3.5.0
2026-08-03 20:34:20,743 [WARN] PackLoader:240 - Cannot read IP mode file for STMicroelectronics.FP-SNS-MOTENVWB1.1.4.0
2026-08-03 20:34:20,749 [WARN] PackLoader:240 - Cannot read IP mode file for STMicroelectronics.FP-ATR-ASTRA1.2.0.3
2026-08-03 20:34:20,752 [WARN] PackLoader:240 - Cannot read IP mode file for STMicroelectronics.FP-ATR-ASTRA1.2.0.2
2026-08-03 20:34:20,761 [ERROR] Engine:466 - C:\Users\German\.stm32cubemx\thirdparties\pdsc\STMicroelectronics.X-CUBE-SMBUS.2.1.1.pdsc: PDSC version is not supported
2026-08-03 20:34:20,764 [WARN] PackLoader:240 - Cannot read IP mode file for STMicroelectronics.X-CUBE-SMBUS.2.1.0
2026-08-03 20:34:20,771 [WARN] PackLoader:240 - Cannot read IP mode file for STMicroelectronics.X-CUBE-WB05N.1.1.0
2026-08-03 20:34:20,776 [WARN] PackLoader:240 - Cannot read IP mode file for STMicroelectronics.X-CUBE-ST60.1.0.0
2026-08-03 20:34:20,790 [WARN] PackLoader:240 - Cannot read IP mode file for STMicroelectronics.X-CUBE-AZRTOS-F7.1.1.0
2026-08-03 20:34:20,794 [ERROR] Engine:466 - C:\Users\German\.stm32cubemx\thirdparties\pdsc\STMicroelectronics.X-CUBE-FREERTOS.1.6.0.pdsc: PDSC version is not supported
2026-08-03 20:34:20,795 [ERROR] Engine:466 - C:\Users\German\.stm32cubemx\thirdparties\pdsc\STMicroelectronics.FP-SNS-MOTENV1.5.1.0.pdsc: PDSC version is not supported
2026-08-03 20:34:20,807 [WARN] PackLoader:240 - Cannot read IP mode file for STMicroelectronics.X-CUBE-AZRTOS-H7RS.1.3.0
2026-08-03 20:34:20,820 [WARN] PackLoader:240 - Cannot read IP mode file for Infineon.AIROC-Wi-Fi-Bluetooth-STM32.1.7.0
2026-08-03 20:34:20,833 [WARN] PackLoader:240 - Cannot read IP mode file for STMicroelectronics.X-CUBE-AZRTOS-H7.3.4.0
2026-08-03 20:34:20,839 [WARN] PackLoader:240 - Cannot read IP mode file for STMicroelectronics.X-CUBE-DISPLAY.3.0.0
2026-08-03 20:34:20,848 [WARN] PackLoader:240 - Cannot read IP mode file for STMicroelectronics.X-CUBE-GNSS1.7.1.1
2026-08-03 20:34:20,851 [ERROR] Engine:466 - C:\Users\German\.stm32cubemx\thirdparties\pdsc\STMicroelectronics.FP-SNS-MOTENVWB1.1.5.0.pdsc: PDSC version is not supported
2026-08-03 20:34:20,854 [WARN] PackLoader:240 - Cannot read IP mode file for STMicroelectronics.X-CUBE-NFC10.1.0.0
2026-08-03 20:34:20,860 [WARN] PackLoader:240 - Cannot read IP mode file for STMicroelectronics.X-CUBE-BLEMGR.4.0.0
2026-08-03 20:34:20,864 [WARN] PackLoader:240 - Cannot read IP mode file for STMicroelectronics.X-CUBE-ST60.1.1.0
2026-08-03 20:34:20,868 [WARN] PackLoader:240 - Cannot read IP mode file for emotas.I-CUBE-CANOPEN.1.3.0
2026-08-03 20:34:20,869 [ERROR] Engine:466 - C:\Users\German\.stm32cubemx\thirdparties\pdsc\STMicroelectronics.X-CUBE-WBA.1.1.0.pdsc: PDSC version is not supported
2026-08-03 20:34:20,872 [WARN] PackLoader:240 - Cannot read IP mode file for STMicroelectronics.X-CUBE-GNSS1.7.1.0
2026-08-03 20:34:20,876 [WARN] ConditionMgr:438 - getConditionDescription Invalid condition id : Cortex-A Device cause : null
2026-08-03 20:34:20,885 [WARN] ConditionMgr:1044 - genDependencies : Invalid condition id : Cortex-A Device cause : null
2026-08-03 20:34:20,886 [WARN] ConditionMgr:1044 - genDependencies : Invalid condition id : Cortex-A Device cause : null
2026-08-03 20:34:20,886 [WARN] ConditionMgr:1044 - genDependencies : Invalid condition id : Cortex-A Device cause : null
2026-08-03 20:34:20,888 [WARN] PackLoader:240 - Cannot read IP mode file for STMicroelectronics.X-CUBE-AI.10.0.0
2026-08-03 20:34:20,890 [ERROR] Engine:466 - C:\Users\German\.stm32cubemx\thirdparties\pdsc\STMicroelectronics.FP-SNS-STBOX1.2.1.0.pdsc: PDSC version is not supported
2026-08-03 20:34:20,893 [WARN] PackLoader:240 - Cannot read IP mode file for STMicroelectronics.FP-SNS-SMARTAG2.1.2.0
2026-08-03 20:34:20,896 [WARN] PackLoader:240 - Cannot read IP mode file for STMicroelectronics.FP-SNS-FLIGHT1.5.1.0
2026-08-03 20:34:20,914 [WARN] PackLoader:240 - Cannot read IP mode file for STMicroelectronics.X-CUBE-MEMS1.11.1.0
2026-08-03 20:34:20,927 [INFO] WebApp:169 - Instantiating new browser for Auth
2026-08-03 20:34:21,034 [INFO] LogOutputStream:77 - [STDOUT_REDIRECT] 1 : Invalid condition id : UX_CORESTACK_Condition cause : null
2026-08-03 20:34:21,034 [INFO] LogOutputStream:77 - [STDOUT_REDIRECT] 1 : Invalid condition id : UX_CORESTACK_Condition cause : null
2026-08-03 20:34:21,035 [INFO] LogOutputStream:77 - [STDOUT_REDIRECT] 1 : Invalid condition id : UX_CORESTACK_Condition cause : null
2026-08-03 20:34:21,036 [INFO] LogOutputStream:77 - [STDOUT_REDIRECT] 1 : Invalid condition id : UX_CORESTACK_Condition cause : null
2026-08-03 20:34:21,037 [INFO] LogOutputStream:77 - [STDOUT_REDIRECT] 1 : Invalid condition id : UX_CORESTACK_Condition cause : null
2026-08-03 20:34:21,039 [WARN] PackLoader:240 - Cannot read IP mode file for STMicroelectronics.X-CUBE-AZRTOS-WL.2.0.0
2026-08-03 20:34:21,044 [WARN] PackLoader:240 - Cannot read IP mode file for STMicroelectronics.FP-SNS-MOTENV1.5.0.0
2026-08-03 20:34:21,054 [WARN] PackLoader:240 - Cannot read IP mode file for STMicroelectronics.X-CUBE-AZRTOS-H7RS.1.2.0
2026-08-03 20:34:21,061 [WARN] PackLoader:240 - Cannot read IP mode file for WES.I-CUBE-Cesium.1.3.0
2026-08-03 20:34:21,065 [WARN] PackLoader:240 - Cannot read IP mode file for STMicroelectronics.X-CUBE-BLE2.3.3.0
2026-08-03 20:34:21,077 [WARN] PackLoader:240 - Cannot read IP mode file for STMicroelectronics.X-CUBE-NFC9.1.0.0
2026-08-03 20:34:21,081 [WARN] PackLoader:240 - Cannot read IP mode file for STMicroelectronics.X-CUBE-BLE1.7.1.0
2026-08-03 20:34:21,085 [WARN] PackLoader:240 - Cannot read IP mode file for wolfSSL.I-CUBE-wolfMQTT.1.19.2
2026-08-03 20:34:21,087 [ERROR] Engine:466 - C:\Users\German\.stm32cubemx\thirdparties\pdsc\STMicroelectronics.X-CUBE-FREERTOS.1.4.0.pdsc: PDSC version is not supported
2026-08-03 20:34:21,091 [WARN] PackLoader:240 - Cannot read IP mode file for STMicroelectronics.X-CUBE-EEPRMA1.5.2.0
2026-08-03 20:34:21,094 [ERROR] Engine:466 - C:\Users\German\.stm32cubemx\thirdparties\pdsc\STMicroelectronics.X-CUBE-ST67W61.1.1.0.pdsc: PDSC version is not supported
2026-08-03 20:34:21,097 [WARN] PackLoader:240 - Cannot read IP mode file for STMicroelectronics.X-CUBE-AI.10.1.0
2026-08-03 20:34:21,099 [ERROR] Engine:466 - C:\Users\German\.stm32cubemx\thirdparties\pdsc\STMicroelectronics.FP-SNS-STAIOTCFT.1.1.0.pdsc: PDSC version is not supported
2026-08-03 20:34:21,128 [WARN] PackLoader:240 - Cannot read IP mode file for STMicroelectronics.X-CUBE-MEMS1.12.0.0
2026-08-03 20:34:21,238 [WARN] PackLoader:240 - Cannot read IP mode file for STMicroelectronics.X-CUBE-MEMS1.11.2.0
2026-08-03 20:34:21,301 [WARN] PackLoader:240 - Cannot read IP mode file for STMicroelectronics.X-CUBE-AZRTOS-G0.1.1.0
2026-08-03 20:34:21,306 [WARN] PackLoader:240 - Cannot read IP mode file for STMicroelectronics.X-CUBE-SAFEA1.1.2.2
2026-08-03 20:34:21,310 [WARN] PackLoader:240 - Cannot read IP mode file for STMicroelectronics.X-CUBE-NFC4.3.0.0
2026-08-03 20:34:21,316 [WARN] PackLoader:240 - Cannot read IP mode file for EmbeddedOffice.I-CUBE-FS-RTOS.1.0.1
2026-08-03 20:34:21,319 [WARN] PackLoader:240 - Cannot read IP mode file for STMicroelectronics.X-CUBE-WB05N.2.0.0
2026-08-03 20:34:21,324 [WARN] PackLoader:240 - Cannot read IP mode file for wolfSSL.I-CUBE-wolfTPM.3.8.0
2026-08-03 20:34:21,329 [WARN] PackLoader:240 - Cannot read IP mode file for STMicroelectronics.X-CUBE-TCPP.4.2.0
2026-08-03 20:34:21,334 [WARN] PackLoader:240 - Cannot read IP mode file for RealThread.X-CUBE-RT-Thread_Nano.4.1.1
2026-08-03 20:34:21,337 [WARN] PackLoader:240 - Cannot read IP mode file for STMicroelectronics.FP-ATR-SIGFOX1.3.2.0
2026-08-03 20:34:21,340 [WARN] PackLoader:240 - Cannot read IP mode file for STMicroelectronics.X-CUBE-EEPRMA1.5.1.0
2026-08-03 20:34:21,343 [ERROR] Engine:466 - C:\Users\German\.stm32cubemx\thirdparties\pdsc\STMicroelectronics.X-CUBE-FREERTOS.1.5.0.pdsc: PDSC version is not supported
2026-08-03 20:34:21,347 [WARN] PackLoader:240 - Cannot read IP mode file for wolfSSL.I-CUBE-wolfSSL.5.7.6
2026-08-03 20:34:21,352 [WARN] PackLoader:240 - Cannot read IP mode file for ITTIA_DB.I-CUBE-ITTIADB.8.9.0
2026-08-03 20:34:21,356 [WARN] PackLoader:240 - Cannot read IP mode file for STMicroelectronics.X-CUBE-NFC6.3.2.0
2026-08-03 20:34:21,363 [WARN] PackLoader:240 - Cannot read IP mode file for STMicroelectronics.X-CUBE-ST67W61.1.0.0
2026-08-03 20:34:21,366 [WARN] PackLoader:240 - Cannot read IP mode file for STMicroelectronics.X-CUBE-AI.10.2.1
2026-08-03 20:34:21,369 [WARN] PackLoader:240 - Cannot read IP mode file for STMicroelectronics.X-CUBE-AI.10.2.0
2026-08-03 20:34:21,392 [WARN] PackLoader:240 - Cannot read IP mode file for STMicroelectronics.X-CUBE-MEMS1.12.1.0
2026-08-03 20:34:21,443 [WARN] PackLoader:240 - Cannot read IP mode file for SEGGER.I-CUBE-embOS.1.3.1
2026-08-03 20:34:21,460 [WARN] PackLoader:240 - Cannot read IP mode file for STMicroelectronics.X-CUBE-ALGOBUILD.1.4.0
2026-08-03 20:34:21,481 [WARN] PackLoader:240 - Cannot read IP mode file for STMicroelectronics.X-CUBE-MEMS1.11.3.0
2026-08-03 20:34:21,621 [WARN] PackLoader:240 - Cannot read IP mode file for STMicroelectronics.X-CUBE-NFC13.1.0.0
2026-08-03 20:34:21,626 [WARN] PackLoader:240 - Cannot read IP mode file for STMicroelectronics.X-CUBE-PM33A1.1.0.0
2026-08-03 20:34:21,631 [INFO] WebApp:463 - Apply proxy settings
2026-08-03 20:34:21,631 [INFO] WebApp:548 - Chromium requires no authentication
2026-08-03 20:34:21,634 [WARN] PackLoader:240 - Cannot read IP mode file for STMicroelectronics.X-CUBE-AZRTOS-F4.1.1.0
2026-08-03 20:34:21,638 [WARN] PackLoader:240 - Cannot read IP mode file for Avnet-IotConnect.X-CUBE-IoTC-DA16k-PMOD.1.0.0
2026-08-03 20:34:21,640 [INFO] WebApp:491 - Direct internet connection detected
2026-08-03 20:34:21,642 [WARN] PackLoader:240 - Cannot read IP mode file for STMicroelectronics.X-CUBE-ISPU.2.1.0
2026-08-03 20:34:21,646 [ERROR] Engine:466 - C:\Users\German\.stm32cubemx\thirdparties\pdsc\STMicroelectronics.X-CUBE-IPS.3.2.0.pdsc: PDSC version is not supported
2026-08-03 20:34:21,648 [WARN] PackLoader:240 - Cannot read IP mode file for STMicroelectronics.eDS-WB_DPC_TT-BIDIR.2.1.1
2026-08-03 20:34:21,653 [WARN] PackLoader:240 - Cannot read IP mode file for STMicroelectronics.X-CUBE-NFC12.1.0.0
2026-08-03 20:34:21,660 [INFO] WebApp:894 - Register for checkConnection events
2026-08-03 20:34:21,660 [INFO] WebApp:463 - Apply proxy settings
2026-08-03 20:34:21,660 [INFO] WebApp:548 - Chromium requires no authentication
2026-08-03 20:34:21,661 [INFO] WebApp:491 - Direct internet connection detected
2026-08-03 20:34:21,664 [WARN] PackLoader:240 - Cannot read IP mode file for STMicroelectronics.X-CUBE-AZRTOS-L5.2.0.0
2026-08-03 20:34:21,669 [WARN] PackLoader:240 - Cannot read IP mode file for STMicroelectronics.X-CUBE-NFC6.3.1.0
2026-08-03 20:34:21,674 [WARN] PackLoader:240 - Cannot read IP mode file for STMicroelectronics.X-CUBE-ALGOBUILD.1.5.0
2026-08-03 20:34:21,678 [WARN] PackLoader:240 - Cannot read IP mode file for STMicroelectronics.X-CUBE-DPower.1.2.0
2026-08-03 20:34:21,680 [WARN] PackLoader:240 - Cannot read IP mode file for STMicroelectronics.eDS-WB_DPC_VIENNA.1.2.0
2026-08-03 20:34:21,702 [WARN] PackLoader:240 - Cannot read IP mode file for STMicroelectronics.X-CUBE-MEMS1.13.0.0
2026-08-03 20:34:21,736 [WARN] PackLoader:240 - Cannot read IP mode file for STMicroelectronics.eDS-WB_DPC_3PH2L-BIDIR.1.1.1
2026-08-03 20:34:21,738 [ERROR] Engine:466 - C:\Users\German\.stm32cubemx\thirdparties\pdsc\STMicroelectronics.X-CUBE-ST67W61.1.3.0.pdsc: PDSC version is not supported
2026-08-03 20:34:21,741 [WARN] PackLoader:240 - Cannot read IP mode file for STMicroelectronics.X-CUBE-FREERTOS.1.3.1
2026-08-03 20:34:21,743 [WARN] PackLoader:240 - Cannot read IP mode file for STMicroelectronics.X-CUBE-FREERTOS.1.3.0
2026-08-03 20:34:21,746 [WARN] PackLoader:240 - Cannot read IP mode file for STMicroelectronics.X-CUBE-NFC7.1.0.1
2026-08-03 20:34:21,750 [WARN] PackLoader:240 - Cannot read IP mode file for STMicroelectronics.X-CUBE-TOUCHGFX.4.26.0
2026-08-03 20:34:21,753 [WARN] PackLoader:240 - Cannot read IP mode file for STMicroelectronics.X-CUBE-TOUCHGFX.4.26.1
2026-08-03 20:34:21,755 [WARN] PackLoader:240 - Cannot read IP mode file for STMicroelectronics.FP-SNS-STAIOTCFT.1.0.0
2026-08-03 20:34:21,758 [WARN] PackLoader:240 - Cannot read IP mode file for STMicroelectronics.X-CUBE-DPower.1.3.0
2026-08-03 20:34:21,766 [WARN] ConditionMgr:438 - getConditionDescription Invalid condition id : LAN8742 Phy interface Condition cause : null
2026-08-03 20:34:21,766 [WARN] PackLoader:240 - Cannot read IP mode file for STMicroelectronics.X-CUBE-AZRTOS-L4.2.0.0
2026-08-03 20:34:21,767 [WARN] ConditionMgr:1044 - genDependencies : Invalid condition id : LAN8742 Phy interface Condition cause : null
2026-08-03 20:34:21,767 [WARN] ConditionMgr:1044 - genDependencies : Invalid condition id : LAN8742 Phy interface Condition cause : null
2026-08-03 20:34:21,767 [WARN] ConditionMgr:1044 - genDependencies : Invalid condition id : LAN8742 Phy interface Condition cause : null
2026-08-03 20:34:21,772 [WARN] PackLoader:240 - Cannot read IP mode file for STMicroelectronics.X-CUBE-SFXS2LP1.4.0.0
2026-08-03 20:34:21,775 [WARN] PackLoader:240 - Cannot read IP mode file for STMicroelectronics.X-CUBE-WB05N.2.1.0
2026-08-03 20:34:21,777 [ERROR] Engine:466 - C:\Users\German\.stm32cubemx\thirdparties\pdsc\STMicroelectronics.X-CUBE-ST67W61.1.2.0.pdsc: PDSC version is not supported
2026-08-03 20:34:21,786 [WARN] PackLoader:240 - Cannot read IP mode file for STMicroelectronics.X-CUBE-AZRTOS-H7.3.3.0
2026-08-03 20:34:21,794 [WARN] PackLoader:240 - Cannot read IP mode file for STMicroelectronics.X-CUBE-BLEMGR.4.1.0
2026-08-03 20:34:21,806 [WARN] ConditionMgr:438 - getConditionDescription Invalid condition id : UX DEVICE CLASS RTOS Condition cause : null
2026-08-03 20:34:21,806 [WARN] ConditionMgr:438 - getConditionDescription Invalid condition id : UX DEVICE CLASS RTOS Condition cause : null
2026-08-03 20:34:21,807 [WARN] PackLoader:240 - Cannot read IP mode file for STMicroelectronics.X-CUBE-AZRTOS-WB.2.0.0
2026-08-03 20:34:21,808 [WARN] ConditionMgr:1044 - genDependencies : Invalid condition id : UX DEVICE CLASS RTOS Condition cause : null
2026-08-03 20:34:21,808 [WARN] ConditionMgr:1044 - genDependencies : Invalid condition id : UX DEVICE CLASS RTOS Condition cause : null
2026-08-03 20:34:21,808 [WARN] ConditionMgr:1044 - genDependencies : Invalid condition id : UX DEVICE CLASS RTOS Condition cause : null
2026-08-03 20:34:21,808 [WARN] ConditionMgr:1044 - genDependencies : Invalid condition id : UX DEVICE CLASS RTOS Condition cause : null
2026-08-03 20:34:21,808 [WARN] ConditionMgr:1044 - genDependencies : Invalid condition id : UX DEVICE CLASS RTOS Condition cause : null
2026-08-03 20:34:21,809 [INFO] WebApp:191 - Connection restablished
2026-08-03 20:34:21,812 [WARN] PackLoader:240 - Cannot read IP mode file for STMicroelectronics.X-CUBE-GNSS1.7.0.1
2026-08-03 20:34:21,815 [WARN] PackLoader:240 - Cannot read IP mode file for STMicroelectronics.X-CUBE-TOUCHGFX.4.25.0
2026-08-03 20:34:21,820 [WARN] PackLoader:240 - Cannot read IP mode file for STMicroelectronics.FP-SNS-STBOX1.2.0.0
2026-08-03 20:34:21,825 [WARN] PackLoader:240 - Cannot read IP mode file for STMicroelectronics.X-CUBE-STSE01.2.0.0
2026-08-03 20:34:21,833 [WARN] PackLoader:240 - Cannot read IP mode file for STMicroelectronics.X-CUBE-SUBG2.5.0.0
2026-08-03 20:34:21,849 [INFO] WebApp:225 - Starting web application
2026-08-03 20:34:21,849 [WARN] PackLoader:240 - Cannot read IP mode file for STMicroelectronics.X-CUBE-AZRTOS-H7RS.1.1.0
2026-08-03 20:34:21,849 [INFO] WebApp:593 - Web application path used C:\ST\STM32CubeIDE_1.18.1\STM32CubeIDE\plugins\com.st.stm32cube.common.mx_6.14.1.202504091515\db\plugins\mcufinder\reactClient1\index.html
2026-08-03 20:34:21,855 [WARN] PackLoader:240 - Cannot read IP mode file for Cesanta.I-CUBE-Mongoose.7.13.0
2026-08-03 20:34:21,864 [WARN] PackLoader:240 - Cannot read IP mode file for STMicroelectronics.X-CUBE-AZRTOS-G4.2.0.0
2026-08-03 20:34:21,868 [WARN] PackLoader:240 - Cannot read IP mode file for wolfSSL.I-CUBE-wolfSSH.1.4.20
2026-08-03 20:34:21,875 [WARN] PackLoader:240 - Cannot read IP mode file for STMicroelectronics.X-CUBE-NFC7.2.0.0
2026-08-03 20:34:21,883 [WARN] PackLoader:240 - Cannot read IP mode file for STMicroelectronics.X-CUBE-IPS.3.1.0
2026-08-03 20:34:21,889 [ERROR] Engine:466 - C:\Users\German\.stm32cubemx\thirdparties\pdsc\STMicroelectronics.X-CUBE-BLEMGR.4.2.0.pdsc: PDSC version is not supported
2026-08-03 20:34:21,896 [WARN] PackLoader:240 - Cannot read IP mode file for STMicroelectronics.X-CUBE-ALS.1.0.2
2026-08-03 20:34:21,901 [WARN] PackLoader:240 - Cannot read IP mode file for STMicroelectronics.X-CUBE-STSE01.1.0.0
2026-08-03 20:34:21,906 [WARN] PackLoader:240 - Cannot read IP mode file for portGmbH.I-Cube-SoM-uGOAL.1.1.0
2026-08-03 20:34:21,913 [WARN] PackLoader:240 - Cannot read IP mode file for STMicroelectronics.X-CUBE-TOF1.3.4.2
2026-08-03 20:34:21,924 [WARN] PackLoader:240 - Cannot read IP mode file for STMicroelectronics.X-CUBE-TOF1.3.4.3
2026-08-03 20:34:21,928 [INFO] ThirdParty:978 - Integrity check success = true
2026-08-03 20:34:21,928 [INFO] IntegrityCheckThread:100 - exiting critical section [integrity check]
2026-08-03 20:34:21,928 [INFO] IntegrityCheckThread:103 - End integrity checks thread
2026-08-03 20:34:21,998 [INFO] UserAuth:484 - Internet connection configuration mode: 1
2026-08-03 20:35:30,820 [INFO] McuFinderGlobals:63 - Set McuFinder mode to 2 (CubeIDE integrated)
2026-08-03 20:35:30,824 [INFO] MainUpdater:2872 - connection check result : 10
2026-08-03 20:35:30,825 [INFO] MainUpdater:2872 - connection check result : 10
2026-08-03 20:35:30,851 [INFO] MicroXplorer:468 - Change Database Path : 
2026-08-03 20:35:30,852 [INFO] MicroXplorer:498 - Change Database Version : DB.6.0.141
2026-08-03 20:35:30,859 [WARN] ThirdParty:871 - waiting for thirdparty lock release [close project]
2026-08-03 20:35:30,859 [INFO] ThirdParty:873 - entering critical section [close project]
2026-08-03 20:35:30,860 [INFO] ThirdParty:883 - exiting critical section [close project]
2026-08-03 20:35:30,861 [INFO] PinOutPanel:1589 - setPackage(No Configuration,No Configuration)
2026-08-03 20:35:30,863 [INFO] UtilMem:75 - Begin LoadConfig() Used Memory: 258294976 Bytes (337641472)
2026-08-03 20:35:30,865 [INFO] MicroXplorer:468 - Change Database Path : 
2026-08-03 20:35:30,865 [INFO] MicroXplorer:498 - Change Database Version : DB.6.0.141
2026-08-03 20:35:30,865 [INFO] OpenFileManager:354 - Change cursor
2026-08-03 20:35:30,879 [INFO] Mcu:2011 - Initializing MCU STM32L476R(C-E-G)Tx STM32L476RGTx STM32L476RGT3
2026-08-03 20:35:32,161 [INFO] Context:756 - Trying to add GPIOservice into a context  which must be forbidden
2026-08-03 20:35:32,498 [INFO] ImportTextPane:218 - (OptionalMessage_ERROR) Pin16 (VP_RIF_VS_RIF1) cannot be retrieved for this MCU
2026-08-03 20:35:32,560 [INFO] RtosManager:558 - Registered RTOS mode: class=CMSIS, group=RTOS, mode=CMSIS_V1, owner=FREERTOS
2026-08-03 20:35:32,560 [INFO] RtosManager:558 - Registered RTOS mode: class=CMSIS, group=RTOS2, mode=CMSIS_V2, owner=FREERTOS
2026-08-03 20:35:32,560 [INFO] RtosManager:558 - Registered RTOS mode: class=RTOS, group=Core, mode=CMSIS_V1, owner=FREERTOS
2026-08-03 20:35:32,560 [INFO] RtosManager:558 - Registered RTOS mode: class=RTOS, group=Core, mode=CMSIS_V2, owner=FREERTOS
2026-08-03 20:35:32,560 [WARN] ModelIntegratedComponent:184 - Missing modes for component STMicroelectronics:FreeRTOS:0.0.1:STMicroelectronics:RTOS:FreeRTOS:Core:::10.2.0:
2026-08-03 20:35:32,611 [WARN] ModelIntegratedComponent:63 - No mode defined for component null
2026-08-03 20:35:32,611 [WARN] ModelIntegratedComponent:63 - No mode defined for component null
2026-08-03 20:35:32,611 [WARN] ModelIntegratedComponent:63 - No mode defined for component null
2026-08-03 20:35:32,611 [WARN] ModelIntegratedComponent:63 - No mode defined for component null
2026-08-03 20:35:32,611 [WARN] ModelIntegratedComponent:63 - No mode defined for component null
2026-08-03 20:35:32,611 [WARN] ModelIntegratedComponent:63 - No mode defined for component null
2026-08-03 20:35:32,611 [WARN] ModelIntegratedComponent:63 - No mode defined for component null
2026-08-03 20:35:32,611 [WARN] ModelIntegratedComponent:63 - No mode defined for component null
2026-08-03 20:35:32,612 [WARN] ModelIntegratedComponent:63 - No mode defined for component null
2026-08-03 20:35:32,612 [WARN] ModelIntegratedComponent:63 - No mode defined for component null
2026-08-03 20:35:32,612 [WARN] ModelIntegratedComponent:63 - No mode defined for component null
2026-08-03 20:35:32,612 [WARN] ModelIntegratedComponent:63 - No mode defined for component null
2026-08-03 20:35:32,612 [WARN] ModelIntegratedComponent:63 - No mode defined for component null
2026-08-03 20:35:32,612 [WARN] ModelIntegratedComponent:63 - No mode defined for component null
2026-08-03 20:35:32,612 [WARN] ModelIntegratedComponent:63 - No mode defined for component null
2026-08-03 20:35:32,612 [WARN] ModelIntegratedComponent:63 - No mode defined for component null
2026-08-03 20:35:32,612 [WARN] ModelIntegratedComponent:63 - No mode defined for component null
2026-08-03 20:35:32,612 [WARN] ModelIntegratedComponent:63 - No mode defined for component null
2026-08-03 20:35:32,612 [WARN] ModelIntegratedComponent:63 - No mode defined for component null
2026-08-03 20:35:32,612 [WARN] ModelIntegratedComponent:63 - No mode defined for component null
2026-08-03 20:35:32,612 [WARN] ModelIntegratedComponent:63 - No mode defined for component null
2026-08-03 20:35:32,612 [WARN] ModelIntegratedComponent:63 - No mode defined for component null
2026-08-03 20:35:32,612 [WARN] ModelIntegratedComponent:63 - No mode defined for component null
2026-08-03 20:35:32,612 [WARN] ModelIntegratedComponent:63 - No mode defined for component null
2026-08-03 20:35:32,612 [WARN] ModelIntegratedComponent:63 - No mode defined for component null
2026-08-03 20:35:32,612 [WARN] ModelIntegratedComponent:63 - No mode defined for component null
2026-08-03 20:35:32,612 [WARN] ModelIntegratedComponent:63 - No mode defined for component null
2026-08-03 20:35:32,612 [WARN] ModelIntegratedComponent:63 - No mode defined for component null
2026-08-03 20:35:32,612 [WARN] ModelIntegratedComponent:63 - No mode defined for component null
2026-08-03 20:35:32,612 [WARN] ModelIntegratedComponent:63 - No mode defined for component null
2026-08-03 20:35:32,612 [WARN] ModelIntegratedComponent:63 - No mode defined for component null
2026-08-03 20:35:32,612 [WARN] ModelIntegratedComponent:63 - No mode defined for component null
2026-08-03 20:35:32,612 [WARN] ModelIntegratedComponent:63 - No mode defined for component null
2026-08-03 20:35:32,612 [WARN] ModelIntegratedComponent:63 - No mode defined for component null
2026-08-03 20:35:32,612 [WARN] ModelIntegratedComponent:63 - No mode defined for component null
2026-08-03 20:35:32,613 [WARN] ModelPack:524 - Component already loaded: STMicroelectronics:HAL Drivers:0.0.0:STMicroelectronics:Device:STMicro_Driver:XSPI:HAL::0.0.1:HAL_XSPI
2026-08-03 20:35:32,787 [INFO] ThirdPartyModel:298 - Start build external matchings
2026-08-03 20:35:33,617 [INFO] ThirdPartyModel:316 - End build external matchings
2026-08-03 20:35:33,646 [INFO] ImportTextPane:218 - (OptionalMessage_ERROR) IP (DMA) : Parameter (Instance) has Id (SPI1_TX) currently not set
2026-08-03 20:35:33,647 [INFO] ImportTextPane:218 - (OptionalMessage_ERROR) IP (DMA) : Parameter (Request) has Id (SPI1_TX) currently not set
2026-08-03 20:35:33,647 [INFO] ImportTextPane:218 - (OptionalMessage_ERROR) IP (DMA) : Parameter (Direction) has Id (SPI1_TX) currently not set
2026-08-03 20:35:33,647 [INFO] ImportTextPane:218 - (OptionalMessage_ERROR) IP (DMA) : Parameter (PeriphInc) has Id (SPI1_TX) currently not set
2026-08-03 20:35:33,647 [INFO] ImportTextPane:218 - (OptionalMessage_ERROR) IP (DMA) : Parameter (MemInc) has Id (SPI1_TX) currently not set
2026-08-03 20:35:33,647 [INFO] ImportTextPane:218 - (OptionalMessage_ERROR) IP (DMA) : Parameter (PeriphDataAlignment) has Id (SPI1_TX) currently not set
2026-08-03 20:35:33,647 [INFO] ImportTextPane:218 - (OptionalMessage_ERROR) IP (DMA) : Parameter (MemDataAlignment) has Id (SPI1_TX) currently not set
2026-08-03 20:35:33,647 [INFO] ImportTextPane:218 - (OptionalMessage_ERROR) IP (DMA) : Parameter (Mode) has Id (SPI1_TX) currently not set
2026-08-03 20:35:33,647 [INFO] ImportTextPane:218 - (OptionalMessage_ERROR) IP (DMA) : Parameter (Priority) has Id (SPI1_TX) currently not set
2026-08-03 20:35:33,648 [INFO] ImportTextPane:218 - (OptionalMessage_ERROR) IP (RCC) : Invalid parameter (FamilyName)
2026-08-03 20:35:33,649 [INFO] ImportTextPane:218 - (OptionalMessage_ERROR) IP (RCC) : Parameter (RNGFreq_Value) has invalid value (64000000)
2026-08-03 20:35:33,649 [INFO] ImportTextPane:218 - (OptionalMessage_ERROR) IP (RCC) : Parameter (SDMMCFreq_Value) has invalid value (64000000)
2026-08-03 20:35:33,649 [INFO] ImportTextPane:218 - (OptionalMessage_ERROR) IP (RCC) : Parameter (USBFreq_Value) has invalid value (64000000)
2026-08-03 20:35:33,996 [INFO] ApiDb:581 - Connected to CubeFinder SQLite database (C:\Users\German\.stmcufinder\plugins\mcufinder\mcu\cube-finder-db.db)
2026-08-03 20:35:34,070 [INFO] ApiDb:668 - CubeFinder database Data Model version=2.1
2026-08-03 20:35:34,071 [INFO] ApiDb:669 - CubeFinder database Configuration version=3.0.42
2026-08-03 20:35:34,071 [INFO] ApiDb:670 - CubeFinder database generation date=2026-06-23 (1782213372)
2026-08-03 20:35:34,071 [INFO] ApiDb:671 - CubeFinder database FW Pack versions=[FP-ATR-ASTRA1_V2.0.0, FP-SNS-FLIGHT1_V5.1.0, FP-SNS-MOTENV1_V5.1.0, FP-SNS-MOTENVWB1_V1.5.0, FP-SNS-SMARTAG2_V1.2.0, FP-SNS-STBOX1_V2.1.0, STM32Cube_FW_C0_V1.4.0, STM32Cube_FW_F4_V1.28.3, STM32Cube_FW_F7_V1.17.4, STM32Cube_FW_G0_V1.6.3, STM32Cube_FW_G4_V1.6.2, STM32Cube_FW_H5_V1.7.0, STM32Cube_FW_H7RS_V1.3.0, STM32Cube_FW_H7_V1.13.0, STM32Cube_FW_L0_V1.12.2, STM32Cube_FW_L4_V1.18.2, STM32Cube_FW_L5_V1.6.0, STM32Cube_FW_N6_V1.4.0, STM32Cube_FW_U0_V1.3.0, STM32Cube_FW_U3_V1.4.0, STM32Cube_FW_U5_V1.9.0, STM32Cube_FW_WB0_V1.5.0, STM32Cube_FW_WBA_V1.10.0, STM32Cube_FW_WB_V1.24.0, STM32Cube_FW_WL3_V1.5.0, STM32Cube_FW_WL_V1.6.0, X-CUBE-ALGOBUILD_V1.5.0, X-CUBE-ALS_V1.0.2, X-CUBE-AZRTOS-F4_V1.1.0, X-CUBE-AZRTOS-F7_V1.1.0, X-CUBE-AZRTOS-G0_V1.1.0, X-CUBE-AZRTOS-G4_V2.0.0, X-CUBE-AZRTOS-H7RS_V1.1.0, X-CUBE-AZRTOS-H7_V3.5.0, X-CUBE-AZRTOS-L4_V2.0.0, X-CUBE-AZRTOS-L5_V2.0.0, X-CUBE-AZRTOS-WB_V2.0.0, X-CUBE-AZRTOS-WL_V2.0.0, X-CUBE-BLE1_V7.1.0, X-CUBE-BLE2_V3.3.0, X-CUBE-BLEMGR_V4.1.0, X-CUBE-EEPRMA1_V5.2.0, X-CUBE-FREERTOS_V1.5.0, X-CUBE-GNSS1_V7.1.1, X-CUBE-MEMS1_V12.1.0, X-CUBE-NFC4_V3.0.0, X-CUBE-NFC7_V2.0.0, X-CUBE-SFXS2LP1_V4.0.0, X-CUBE-ST67W61_V1.3.0, X-CUBE-SUBG2_V5.0.0, X-CUBE-TOF1_V3.4.3]
2026-08-03 20:35:34,151 [INFO] DbBoardsSqlite:226 - include board P-NUCLEO-WB55-NUCLEO as a kit item of type 'Nucleo-64'
2026-08-03 20:35:34,151 [INFO] DbBoardsSqlite:226 - include board P-NUCLEO-WB55-USBDONGLE as a kit item of type 'Nucleo USB Dongle'
2026-08-03 20:35:34,152 [INFO] DbBoardsSqlite:226 - include board STEVAL-IDP005V1 as a kit item of type 'Evaluation Board'
2026-08-03 20:35:34,152 [INFO] DbBoardsSqlite:226 - include board STEVAL-IDP005V2 as a kit item of type 'Evaluation Board'
2026-08-03 20:35:34,628 [INFO] ApiDb:240 - Found 895 in-development CPN: [B-G473E-ZEST1S, B-WB1M-WPAN1, B-WBA5M-WPAN, B-WL5M-SUBG1, NUCLEO-C031C6, NUCLEO-C051C8, NUCLEO-C071RB, NUCLEO-C092RC, NUCLEO-H503RB, NUCLEO-H533RE, NUCLEO-H563ZI, NUCLEO-H7S3L8, NUCLEO-N657X0-Q, NUCLEO-U031R8, NUCLEO-U083RC, NUCLEO-U385RG-Q, NUCLEO-U545RE-Q, NUCLEO-U5A5ZJ-Q, NUCLEO-WB05KZ, NUCLEO-WB07CC, NUCLEO-WB09KE, NUCLEO-WBA52CG, NUCLEO-WBA55CG, NUCLEO-WBA65RI, NUCLEO-WL33CC1, NUCLEO-WL33CC2, STEVAL-PROTEUS1, STEVAL-SMARTAG2, STEVAL-STWINBX1, STM320518-EVAL, STM32C0116-DK, STM32C011D6Y3TR, STM32C011D6Y6TR, STM32C011F4P3, STM32C011F4P6, STM32C011F4U3, STM32C011F4U6TR, STM32C011F6P3, STM32C011F6P6, STM32C011F6U3, STM32C011F6U6TR, STM32C011J4M3, STM32C011J4M6, STM32C011J6M3, STM32C011J6M6, STM32C0316-DK, STM32C031C4T3, STM32C031C4T6, STM32C031C4U3, STM32C031C4U6, STM32C031C6T3, STM32C031C6T6, STM32C031C6U3, STM32C031C6U6, STM32C031F4P3, STM32C031F4P6, STM32C031F6P3, STM32C031F6P6, STM32C031G4U3, STM32C031G4U6, STM32C031G6U3, STM32C031G6U6, STM32C031K4T3, STM32C031K4T6, STM32C031K4U3, STM32C031K4U6, STM32C031K6T3, STM32C031K6T6, STM32C031K6U3, STM32C031K6U6, STM32C051C6T6, STM32C051C6U6, STM32C051C8T6, STM32C051C8U6, STM32C051D8Y6TR, STM32C051F6P6, STM32C051F8P6, STM32C051G6U6, STM32C051G8U6, STM32C051K6T6, STM32C051K6U6, STM32C051K8T6, STM32C071C8T6, STM32C071C8T6N, STM32C071C8U6, STM32C071C8U6N, STM32C071CBT6, STM32C071CBT6N, STM32C071CBU6, STM32C071CBU6N, STM32C071F8P6, STM32C071F8P6N, STM32C071FBP6, STM32C071FBP6N, STM32C071FBY6TR, STM32C071G8U6, STM32C071G8U6N, STM32C071GBU6, STM32C071GBU6N, STM32C071K8T6, STM32C071K8T6N, STM32C071K8U6, STM32C071K8U6N, STM32C071KBT6, STM32C071KBT6N, STM32C071KBU6, STM32C071KBU6N, STM32C071R8T6, STM32C071R8T6N, STM32C071RBI6N, STM32C071RBT6, STM32C071RBT6N, STM32C091CBT6, STM32C091CBU6, STM32C091CCT6, STM32C091CCU6, STM32C091ECY6TR, STM32C091FBP6, STM32C091FCP6, STM32C091GBU6, STM32C091GCU6, STM32C091KBT6, STM32C091KBU6, STM32C091KCT6, STM32C091KCU6, STM32C091RBT6, STM32C091RCI6, STM32C091RCT6, STM32C092CBT6, STM32C092CBU6, STM32C092CCT6, STM32C092CCU6, STM32C092ECY6TR, STM32C092FBP6, STM32C092FCP6, STM32C092GBU6, STM32C092GCU6, STM32C092KBT6, STM32C092KBU6, STM32C092KCT6, STM32C092KCU6, STM32C092RBT6, STM32C092RCI6, STM32C092RCT6, STM32G071K8TXN, STM32G071K8UXN, STM32G081GBU6N, STM32G081KBT6N, STM32G081KBUXN, STM32G0B1CCT6N, STM32G0B1KCT6, STM32G0B1NEY6TR, STM32G0B1RCT6N, STM32G0C1CCT6, STM32G0C1CCT6N, STM32G0C1CCU6N, STM32G0C1CET6N, STM32G0C1CEU6N, STM32G0C1KCT6, STM32G0C1NEY6TR, STM32G0C1RCI6N, STM32G0C1RCT6N, STM32G0C1REI6N, STM32G0C1RET6N, STM32G0C1VCI6, STM32G0C1VEI6, STM32G411C6T3, STM32G411C6T6, STM32G411C6U3, STM32G411C6U6, STM32G411C8T3, STM32G411C8T6, STM32G411C8U3, STM32G411C8U6, STM32G411CBT3, STM32G411CBT6, STM32G411CBU3, STM32G411CBU6, STM32G411CCT3, STM32G411CCT6, STM32G411CCU3, STM32G411CCU6, STM32G411K6T3, STM32G411K6T6, STM32G411K6U3, STM32G411K6U6, STM32G411K8T3, STM32G411K8T6, STM32G411K8U3, STM32G411K8U6, STM32G411KBT3, STM32G411KBT6, STM32G411KBU3, STM32G411KBU6, STM32G411M6T3, STM32G411M6T6, STM32G411M8T3, STM32G411M8T6, STM32G411MBT3, STM32G411MBT6, STM32G411MCT3, STM32G411MCT6, STM32G411R6T3, STM32G411R6T6, STM32G411R8T3, STM32G411R8T6, STM32G411RBT3, STM32G411RBT6, STM32G411RCT3, STM32G411RCT6, STM32G414CBT3, STM32G414CBT6, STM32G414CBU3, STM32G414CBU6, STM32G414CCT3, STM32G414CCT6, STM32G414CCU3, STM32G414CCU6, STM32G414MBT3, STM32G414MBT6, STM32G414MCT3, STM32G414MCT6, STM32G414RBT3, STM32G414RBT6, STM32G414RCT3, STM32G414RCT6, STM32G414VBT3, STM32G414VBT6, STM32G414VCT3, STM32G414VCT6, STM32G431CBT3Z, STM32G431RBT3Z, STM32G471CCT6, STM32G471CCU6, STM32G471CET3, STM32G471CET6, STM32G471CEU3, STM32G471CEU6, STM32G471MCT6, STM32G471MET3, STM32G471MET6, STM32G471MEY6TR, STM32G471QCT6, STM32G471QET3, STM32G471RCT6, STM32G471RET3, STM32G471RET6, STM32G471VCH6, STM32G471VCI6, STM32G471VCT6, STM32G471VEH3, STM32G471VEH6, STM32G471VEI3, STM32G471VEI6, STM32G471VET3, STM32G471VET6, STM32G473QET3Z, STM32G473RET3Z, STM32G474CCT6, STM32G491RET3Z, STM32H503CBT6, STM32H503CBU6, STM32H503EBY6TR, STM32H503KBU6, STM32H503RBT6, STM32H523CCT6, STM32H523CCU6, STM32H523CET6, STM32H523CEU6, STM32H523HEY6TR, STM32H523RCT6, STM32H523RET6, STM32H523VCI6, STM32H523VCT6, STM32H523VEI6, STM32H523VET6, STM32H523ZCJ6, STM32H523ZCT6, STM32H523ZEJ6, STM32H523ZET6, STM32H533CET6, STM32H533CEU6, STM32H533HEY6TR, STM32H533RET6, STM32H533VEI6, STM32H533VET6, STM32H533ZEJ6, STM32H533ZET6, STM32H562AGI6, STM32H562AII6, STM32H562IGK6, STM32H562IGT6, STM32H562IIK6, STM32H562IIT6, STM32H562RGT6, STM32H562RGV6, STM32H562RIT6, STM32H562RIV6, STM32H562VGT6, STM32H562VIT6, STM32H562ZGT6, STM32H562ZIT6, STM32H563AGI6, STM32H563AII3Q, STM32H563AII6, STM32H563IGK6, STM32H563IGT6, STM32H563IIK3Q, STM32H563IIK6, STM32H563IIT3Q, STM32H563IIT6, STM32H563MIY3QTR, STM32H563RGT6, STM32H563RGV6, STM32H563RIT6, STM32H563RIV6, STM32H563VGT6, STM32H563VIT3Q, STM32H563VIT6, STM32H563ZGT6, STM32H563ZIT3Q, STM32H563ZIT6, STM32H573AII3Q, STM32H573AII6, STM32H573I-DK, STM32H573IIK3Q, STM32H573IIK6, STM32H573IIT3Q, STM32H573IIT6, STM32H573MIY3QTR, STM32H573RIT6, STM32H573RIV6, STM32H573VIT3Q, STM32H573VIT6, STM32H573ZIT3Q, STM32H573ZIT6, STM32H7R3A8I6, STM32H7R3I8K6, STM32H7R3I8T6, STM32H7R3L8H6, STM32H7R3L8H6H, STM32H7R3R8V6, STM32H7R3V8H6, STM32H7R3V8T6, STM32H7R3V8Y6TR, STM32H7R3Z8J6, STM32H7R3Z8T6, STM32H7R7A8I6, STM32H7R7I8K6, STM32H7R7I8T6, STM32H7R7L8H6, STM32H7R7L8H6H, STM32H7R7Z8J6, STM32H7S3A8I6, STM32H7S3I8K6, STM32H7S3I8T6, STM32H7S3L8H6, STM32H7S3L8H6H, STM32H7S3R8V6, STM32H7S3V8H6, STM32H7S3V8T6, STM32H7S3V8Y6TR, STM32H7S3Z8J6, STM32H7S3Z8T6, STM32H7S78-DK, STM32H7S7A8I6, STM32H7S7I8K6, STM32H7S7I8T6, STM32H7S7L8H6, STM32H7S7L8H6H, STM32H7S7Z8J6, STM32L4R5QGI6STR, STM32MP131AAE3, STM32MP131AAF3, STM32MP131AAG3, STM32MP131CAE3, STM32MP131CAF3, STM32MP131CAG3, STM32MP131DAE7, STM32MP131DAF7, STM32MP131DAG7, STM32MP131FAE7, STM32MP131FAF7, STM32MP131FAG7, STM32MP133AAE3, STM32MP133AAF3, STM32MP133AAG3, STM32MP133CAE3, STM32MP133CAF3, STM32MP133CAG3, STM32MP133DAE7, STM32MP133DAF7, STM32MP133DAG7, STM32MP133FAE7, STM32MP133FAF7, STM32MP133FAG7, STM32MP135AAE3, STM32MP135AAF3, STM32MP135AAG3, STM32MP135CAE3, STM32MP135CAF3, STM32MP135CAG3, STM32MP135DAE7, STM32MP135DAF7, STM32MP135DAG7, STM32MP135F-DK, STM32MP135FAE7, STM32MP135FAF7, STM32MP135FAF7T, STM32MP135FAF7U, STM32MP135FAG7, STM32MP231AAJ3, STM32MP231AAK3, STM32MP231AAL3, STM32MP231CAJ3, STM32MP231CAK3, STM32MP231CAL3, STM32MP231DAJ3, STM32MP231DAK3, STM32MP231DAL3, STM32MP231FAJ3, STM32MP231FAK3, STM32MP231FAL3, STM32MP233AAJ3, STM32MP233AAK3, STM32MP233AAL3, STM32MP233CAJ3, STM32MP233CAK3, STM32MP233CAL3, STM32MP233DAJ3, STM32MP233DAK3, STM32MP233DAL3, STM32MP233FAJ3, STM32MP233FAK3, STM32MP233FAL3, STM32MP235AAJ3, STM32MP235AAK3, STM32MP235AAL3, STM32MP235CAJ3, STM32MP235CAK3, STM32MP235CAL3, STM32MP235DAJ3, STM32MP235DAK3, STM32MP235DAL3, STM32MP235FAJ3, STM32MP235FAK3, STM32MP235FAL3, STM32MP251AAI3, STM32MP251AAJ3, STM32MP251AAK3, STM32MP251AAL3, STM32MP251CAI3, STM32MP251CAJ3, STM32MP251CAK3, STM32MP251CAL3, STM32MP251DAI3, STM32MP251DAJ3, STM32MP251DAK3, STM32MP251DAL3, STM32MP251FAI3, STM32MP251FAJ3, STM32MP251FAK3, STM32MP251FAL3, STM32MP253AAI3, STM32MP253AAJ3, STM32MP253AAK3, STM32MP253AAL3, STM32MP253CAI3, STM32MP253CAJ3, STM32MP253CAK3, STM32MP253CAL3, STM32MP253DAI3, STM32MP253DAJ3, STM32MP253DAK3, STM32MP253DAL3, STM32MP253FAI3, STM32MP253FAJ3, STM32MP253FAK3, STM32MP253FAL3, STM32MP255AAI3, STM32MP255AAJ3, STM32MP255AAK3, STM32MP255AAL3, STM32MP255CAI3, STM32MP255CAJ3, STM32MP255CAK3, STM32MP255CAL3, STM32MP255DAI3, STM32MP255DAJ3, STM32MP255DAK3, STM32MP255DAL3, STM32MP255FAI3, STM32MP255FAJ3, STM32MP255FAK3, STM32MP255FAL3, STM32MP257AAI3, STM32MP257AAJ3, STM32MP257AAK3, STM32MP257AAL3, STM32MP257CAI3, STM32MP257CAJ3, STM32MP257CAK3, STM32MP257CAL3, STM32MP257DAI3, STM32MP257DAJ3, STM32MP257DAK3, STM32MP257DAL3, STM32MP257F-DK, STM32MP257F-EV1, STM32MP257FAI3, STM32MP257FAJ3, STM32MP257FAK3, STM32MP257FAL3, STM32N645A0H3Q, STM32N645B0H3Q, STM32N645I0H3Q, STM32N645L0H3Q, STM32N645X0H3Q, STM32N645Z0H3Q, STM32N647A0H3Q, STM32N647B0H3Q, STM32N647I0H3Q, STM32N647L0H3Q, STM32N647X0H3Q, STM32N647Z0H3Q, STM32N655A0H3Q, STM32N655B0H3Q, STM32N655I0H3Q, STM32N655L0H3Q, STM32N655X0H3Q, STM32N655Z0H3Q, STM32N6570-DK, STM32N657A0H3Q, STM32N657B0H3Q, STM32N657I0H3Q, STM32N657L0H3Q, STM32N657X0H3Q, STM32N657Z0H3Q, STM32U031C6T6, STM32U031C6U6, STM32U031C8T6, STM32U031C8U6, STM32U031F4P6, STM32U031F6P6, STM32U031F8P6, STM32U031G6Y6TR, STM32U031G8Y6TR, STM32U031K4U6, STM32U031K6U6, STM32U031K8U6, STM32U031R6I6, STM32U031R6T6, STM32U031R8I6, STM32U031R8T6, STM32U073C8T6, STM32U073C8U6, STM32U073CBT6, STM32U073CBU6, STM32U073CCT6, STM32U073CCU6, STM32U073H8Y6TR, STM32U073HBY6TR, STM32U073HCY6TR, STM32U073K8U6, STM32U073KBU6, STM32U073KCU6, STM32U073M8I6, STM32U073M8T6, STM32U073MBI6, STM32U073MBT6, STM32U073MCI6, STM32U073MCT6, STM32U073R8I6, STM32U073R8T6, STM32U073RBI6, STM32U073RBT6, STM32U073RCI6, STM32U073RCT6, STM32U083C-DK, STM32U083CCT6, STM32U083CCU6, STM32U083HCY6TR, STM32U083KCU6, STM32U083MCI6, STM32U083MCT6, STM32U083RCI6, STM32U083RCT6, STM32U375CET6, STM32U375CET6Q, STM32U375CEU6, STM32U375CEU6Q, STM32U375CEY6QTR, STM32U375CGT6, STM32U375CGT6Q, STM32U375CGU6, STM32U375CGU6Q, STM32U375CGY6QTR, STM32U375KEU6, STM32U375KGU6, STM32U375REI6, STM32U375REI6Q, STM32U375RET6, STM32U375RET6Q, STM32U375REY6GTR, STM32U375REY6QTR, STM32U375RGI6, STM32U375RGI6Q, STM32U375RGT6, STM32U375RGT6Q, STM32U375RGY6GTR, STM32U375RGY6QTR, STM32U375VEI6, STM32U375VEI6Q, STM32U375VET6, STM32U375VET6Q, STM32U375VGI6, STM32U375VGI6Q, STM32U375VGT6, STM32U375VGT6Q, STM32U385CGT6, STM32U385CGT6Q, STM32U385CGU6, STM32U385CGU6Q, STM32U385CGY6QTR, STM32U385KGU6, STM32U385RGI6, STM32U385RGI6Q, STM32U385RGT6, STM32U385RGT6Q, STM32U385RGY6GTR, STM32U385RGY6QTR, STM32U385VGI6, STM32U385VGI6Q, STM32U385VGT6, STM32U385VGT6Q, STM32U535CBT6, STM32U535CBT6Q, STM32U535CBU6, STM32U535CBU6Q, STM32U535CCT6, STM32U535CCT6Q, STM32U535CCU6, STM32U535CCU6Q, STM32U535CET6, STM32U535CET6Q, STM32U535CEU6, STM32U535CEU6Q, STM32U535JEY6QTR, STM32U535NCY6QTR, STM32U535NEY6QTR, STM32U535RBI6, STM32U535RBI6Q, STM32U535RBT6, STM32U535RBT6Q, STM32U535RCI6, STM32U535RCI6Q, STM32U535RCT6, STM32U535RCT6Q, STM32U535REI6, STM32U535REI6Q, STM32U535RET6, STM32U535RET6Q, STM32U535VCI6, STM32U535VCI6Q, STM32U535VCT6, STM32U535VCT6Q, STM32U535VEI6, STM32U535VEI6Q, STM32U535VET6, STM32U535VET6Q, STM32U545CET6, STM32U545CET6Q, STM32U545CEU6, STM32U545CEU6Q, STM32U545JEY6QTR, STM32U545NEY6QTR, STM32U545REI6, STM32U545REI6Q, STM32U545RET6, STM32U545RET6Q, STM32U545VEI6, STM32U545VEI6Q, STM32U545VET6, STM32U545VET6Q, STM32U595AIH6, STM32U595AIH6Q, STM32U595AJH6, STM32U595AJH6Q, STM32U595QII6, STM32U595QII6Q, STM32U595QJI6, STM32U595QJI6Q, STM32U595RIT6, STM32U595RIT6Q, STM32U595RJT6, STM32U595RJT6Q, STM32U595VIT6, STM32U595VIT6Q, STM32U595VJT6, STM32U595VJT6Q, STM32U595ZIT6, STM32U595ZIT6Q, STM32U595ZIY6QTR, STM32U595ZJT6, STM32U595ZJT6Q, STM32U595ZJY6QTR, STM32U599BJY6QTR, STM32U599NIH6Q, STM32U599NJH6Q, STM32U599VIT6Q, STM32U599VJT6, STM32U599VJT6Q, STM32U599ZIT6Q, STM32U599ZIY6QTR, STM32U599ZJT6Q, STM32U599ZJY6QTR, STM32U5A5AJH6, STM32U5A5AJH6Q, STM32U5A5QII3Q , STM32U5A5QJI6, STM32U5A5QJI6Q, STM32U5A5RJT6, STM32U5A5RJT6Q, STM32U5A5VJT6, STM32U5A5VJT6Q, STM32U5A5ZJT6, STM32U5A5ZJT6Q, STM32U5A5ZJY6QTR, STM32U5A9BJY6QTR, STM32U5A9J-DK, STM32U5A9NJH6Q, STM32U5A9VJT6Q, STM32U5A9ZJT6Q, STM32U5A9ZJY6QTR, STM32U5F7VIT6, STM32U5F7VIT6Q, STM32U5F7VJT6, STM32U5F7VJT6Q, STM32U5F9BJY6QTR, STM32U5F9NJH6Q, STM32U5F9VIT6Q, STM32U5F9VJT6Q, STM32U5F9ZIJ6QTR, STM32U5F9ZIT6Q, STM32U5F9ZJJ6QTR, STM32U5F9ZJT6Q, STM32U5G7VJT6, STM32U5G7VJT6Q, STM32U5G9BJY6QTR, STM32U5G9J-DK1, STM32U5G9J-DK2, STM32U5G9NJH6Q, STM32U5G9VJT6Q, STM32U5G9ZJJ6QTR, STM32U5G9ZJT6Q, STM32WB05KZV6TR, STM32WB05KZV7TR, STM32WB05TZF6TR, STM32WB05TZF7TR, STM32WB06CCF6TR, STM32WB06CCF7TR, STM32WB06CCV6TR, STM32WB06CCV7TR, STM32WB06KCV6TR, STM32WB06KCV7TR, STM32WB07CCF6TR, STM32WB07CCF7TR, STM32WB07CCV6TR, STM32WB07CCV7TR, STM32WB07KCV6TR, STM32WB07KCV7TR, STM32WB09KEV6TR, STM32WB09KEV7TR, STM32WB09TEF6TR, STM32WB09TEF7TR, STM32WB1MMCH6, STM32WBA50KGU6, STM32WBA50KGU6TR, STM32WBA52CEU6, STM32WBA52CEU6TR, STM32WBA52CEU7, STM32WBA52CEU7TR, STM32WBA52CGU6, STM32WBA52CGU6TR, STM32WBA52CGU6U, STM32WBA52CGU7, STM32WBA52CGU7TR, STM32WBA52KEU6, STM32WBA52KEU6TR, STM32WBA52KGU6, STM32WBA52KGU6TR, STM32WBA54CEU6, STM32WBA54CEU6TR, STM32WBA54CEU7, STM32WBA54CEU7TR, STM32WBA54CGU6, STM32WBA54CGU6TR, STM32WBA54CGU7, STM32WBA54CGU7TR, STM32WBA54KEU6, STM32WBA54KEU6TR, STM32WBA54KEU7, STM32WBA54KEU7TR, STM32WBA54KGU6, STM32WBA54KGU6TR, STM32WBA54KGU7, STM32WBA54KGU7TR, STM32WBA55CEU6, STM32WBA55CEU6TR, STM32WBA55CEU7, STM32WBA55CEU7TR, STM32WBA55CGU6, STM32WBA55CGU6TR, STM32WBA55CGU6U, STM32WBA55CGU7, STM32WBA55CGU7TR, STM32WBA55G-DK1, STM32WBA55HEF6, STM32WBA55HEF7, STM32WBA55HGF6, STM32WBA55HGF7, STM32WBA55UEI6, STM32WBA55UEI6TR, STM32WBA55UEI7, STM32WBA55UEI7TR, STM32WBA55UGI6, STM32WBA55UGI6TR, STM32WBA55UGI7, STM32WBA55UGI7TR, STM32WBA5MJGH6TR, STM32WBA62CGU6, STM32WBA62CIU6, STM32WBA62MGF6, STM32WBA62MIF6, STM32WBA62PGI6, STM32WBA62PII6, STM32WBA63CGU6, STM32WBA63CGU7, STM32WBA63CIU6, STM32WBA63CIU7, STM32WBA64CGU6, STM32WBA64CGU7, STM32WBA64CIU6, STM32WBA64CIU7, STM32WBA65CGU6, STM32WBA65CGU7, STM32WBA65CIU6, STM32WBA65CIU7, STM32WBA65I-DK1, STM32WBA65MGF6, STM32WBA65MGF7, STM32WBA65MIF6, STM32WBA65MIF7, STM32WBA65PGI6, STM32WBA65PGI7, STM32WBA65PII6, STM32WBA65PII7, STM32WBA65RGV6, STM32WBA65RGV7, STM32WBA65RIV6, STM32WBA65RIV7, STM32WL30K8V6, STM32WL30KBV6, STM32WL31C8V6, STM32WL31CBV6, STM32WL31K8V6, STM32WL31KBV6, STM32WL33C8V6, STM32WL33C8V6TR, STM32WL33C8V7, STM32WL33C8V7TR, STM32WL33CBV6, STM32WL33CBV6TR, STM32WL33CBV7, STM32WL33CBV7TR, STM32WL33CCV6, STM32WL33CCV6TR, STM32WL33CCV7, STM32WL33CCV7A, STM32WL33CCV7ATR, STM32WL33CCV7TR, STM32WL33K8V6, STM32WL33K8V6TR, STM32WL33K8V7, STM32WL33K8V7TR, STM32WL33KBV6, STM32WL33KBV6TR, STM32WL33KBV7, STM32WL33KBV7TR, STM32WL33KCV6, STM32WL33KCV6TR, STM32WL33KCV7, STM32WL33KCV7TR, STM32WL5MOCH6, STM32WL5MOCH6TR]
2026-08-03 20:35:34,630 [INFO] ApiDb:668 - CubeFinder database Data Model version=2.1
2026-08-03 20:35:34,631 [INFO] ApiDb:669 - CubeFinder database Configuration version=3.0.42
2026-08-03 20:35:34,631 [INFO] ApiDb:670 - CubeFinder database generation date=2026-06-23 (1782213372)
2026-08-03 20:35:34,631 [INFO] ApiDb:671 - CubeFinder database FW Pack versions=[FP-ATR-ASTRA1_V2.0.0, FP-SNS-FLIGHT1_V5.1.0, FP-SNS-MOTENV1_V5.1.0, FP-SNS-MOTENVWB1_V1.5.0, FP-SNS-SMARTAG2_V1.2.0, FP-SNS-STBOX1_V2.1.0, STM32Cube_FW_C0_V1.4.0, STM32Cube_FW_F4_V1.28.3, STM32Cube_FW_F7_V1.17.4, STM32Cube_FW_G0_V1.6.3, STM32Cube_FW_G4_V1.6.2, STM32Cube_FW_H5_V1.7.0, STM32Cube_FW_H7RS_V1.3.0, STM32Cube_FW_H7_V1.13.0, STM32Cube_FW_L0_V1.12.2, STM32Cube_FW_L4_V1.18.2, STM32Cube_FW_L5_V1.6.0, STM32Cube_FW_N6_V1.4.0, STM32Cube_FW_U0_V1.3.0, STM32Cube_FW_U3_V1.4.0, STM32Cube_FW_U5_V1.9.0, STM32Cube_FW_WB0_V1.5.0, STM32Cube_FW_WBA_V1.10.0, STM32Cube_FW_WB_V1.24.0, STM32Cube_FW_WL3_V1.5.0, STM32Cube_FW_WL_V1.6.0, X-CUBE-ALGOBUILD_V1.5.0, X-CUBE-ALS_V1.0.2, X-CUBE-AZRTOS-F4_V1.1.0, X-CUBE-AZRTOS-F7_V1.1.0, X-CUBE-AZRTOS-G0_V1.1.0, X-CUBE-AZRTOS-G4_V2.0.0, X-CUBE-AZRTOS-H7RS_V1.1.0, X-CUBE-AZRTOS-H7_V3.5.0, X-CUBE-AZRTOS-L4_V2.0.0, X-CUBE-AZRTOS-L5_V2.0.0, X-CUBE-AZRTOS-WB_V2.0.0, X-CUBE-AZRTOS-WL_V2.0.0, X-CUBE-BLE1_V7.1.0, X-CUBE-BLE2_V3.3.0, X-CUBE-BLEMGR_V4.1.0, X-CUBE-EEPRMA1_V5.2.0, X-CUBE-FREERTOS_V1.5.0, X-CUBE-GNSS1_V7.1.1, X-CUBE-MEMS1_V12.1.0, X-CUBE-NFC4_V3.0.0, X-CUBE-NFC7_V2.0.0, X-CUBE-SFXS2LP1_V4.0.0, X-CUBE-ST67W61_V1.3.0, X-CUBE-SUBG2_V5.0.0, X-CUBE-TOF1_V3.4.3]
2026-08-03 20:35:36,292 [INFO] ApiDb:240 - Found 895 in-development CPN: [B-G473E-ZEST1S, B-WB1M-WPAN1, B-WBA5M-WPAN, B-WL5M-SUBG1, NUCLEO-C031C6, NUCLEO-C051C8, NUCLEO-C071RB, NUCLEO-C092RC, NUCLEO-H503RB, NUCLEO-H533RE, NUCLEO-H563ZI, NUCLEO-H7S3L8, NUCLEO-N657X0-Q, NUCLEO-U031R8, NUCLEO-U083RC, NUCLEO-U385RG-Q, NUCLEO-U545RE-Q, NUCLEO-U5A5ZJ-Q, NUCLEO-WB05KZ, NUCLEO-WB07CC, NUCLEO-WB09KE, NUCLEO-WBA52CG, NUCLEO-WBA55CG, NUCLEO-WBA65RI, NUCLEO-WL33CC1, NUCLEO-WL33CC2, STEVAL-PROTEUS1, STEVAL-SMARTAG2, STEVAL-STWINBX1, STM320518-EVAL, STM32C0116-DK, STM32C011D6Y3TR, STM32C011D6Y6TR, STM32C011F4P3, STM32C011F4P6, STM32C011F4U3, STM32C011F4U6TR, STM32C011F6P3, STM32C011F6P6, STM32C011F6U3, STM32C011F6U6TR, STM32C011J4M3, STM32C011J4M6, STM32C011J6M3, STM32C011J6M6, STM32C0316-DK, STM32C031C4T3, STM32C031C4T6, STM32C031C4U3, STM32C031C4U6, STM32C031C6T3, STM32C031C6T6, STM32C031C6U3, STM32C031C6U6, STM32C031F4P3, STM32C031F4P6, STM32C031F6P3, STM32C031F6P6, STM32C031G4U3, STM32C031G4U6, STM32C031G6U3, STM32C031G6U6, STM32C031K4T3, STM32C031K4T6, STM32C031K4U3, STM32C031K4U6, STM32C031K6T3, STM32C031K6T6, STM32C031K6U3, STM32C031K6U6, STM32C051C6T6, STM32C051C6U6, STM32C051C8T6, STM32C051C8U6, STM32C051D8Y6TR, STM32C051F6P6, STM32C051F8P6, STM32C051G6U6, STM32C051G8U6, STM32C051K6T6, STM32C051K6U6, STM32C051K8T6, STM32C071C8T6, STM32C071C8T6N, STM32C071C8U6, STM32C071C8U6N, STM32C071CBT6, STM32C071CBT6N, STM32C071CBU6, STM32C071CBU6N, STM32C071F8P6, STM32C071F8P6N, STM32C071FBP6, STM32C071FBP6N, STM32C071FBY6TR, STM32C071G8U6, STM32C071G8U6N, STM32C071GBU6, STM32C071GBU6N, STM32C071K8T6, STM32C071K8T6N, STM32C071K8U6, STM32C071K8U6N, STM32C071KBT6, STM32C071KBT6N, STM32C071KBU6, STM32C071KBU6N, STM32C071R8T6, STM32C071R8T6N, STM32C071RBI6N, STM32C071RBT6, STM32C071RBT6N, STM32C091CBT6, STM32C091CBU6, STM32C091CCT6, STM32C091CCU6, STM32C091ECY6TR, STM32C091FBP6, STM32C091FCP6, STM32C091GBU6, STM32C091GCU6, STM32C091KBT6, STM32C091KBU6, STM32C091KCT6, STM32C091KCU6, STM32C091RBT6, STM32C091RCI6, STM32C091RCT6, STM32C092CBT6, STM32C092CBU6, STM32C092CCT6, STM32C092CCU6, STM32C092ECY6TR, STM32C092FBP6, STM32C092FCP6, STM32C092GBU6, STM32C092GCU6, STM32C092KBT6, STM32C092KBU6, STM32C092KCT6, STM32C092KCU6, STM32C092RBT6, STM32C092RCI6, STM32C092RCT6, STM32G071K8TXN, STM32G071K8UXN, STM32G081GBU6N, STM32G081KBT6N, STM32G081KBUXN, STM32G0B1CCT6N, STM32G0B1KCT6, STM32G0B1NEY6TR, STM32G0B1RCT6N, STM32G0C1CCT6, STM32G0C1CCT6N, STM32G0C1CCU6N, STM32G0C1CET6N, STM32G0C1CEU6N, STM32G0C1KCT6, STM32G0C1NEY6TR, STM32G0C1RCI6N, STM32G0C1RCT6N, STM32G0C1REI6N, STM32G0C1RET6N, STM32G0C1VCI6, STM32G0C1VEI6, STM32G411C6T3, STM32G411C6T6, STM32G411C6U3, STM32G411C6U6, STM32G411C8T3, STM32G411C8T6, STM32G411C8U3, STM32G411C8U6, STM32G411CBT3, STM32G411CBT6, STM32G411CBU3, STM32G411CBU6, STM32G411CCT3, STM32G411CCT6, STM32G411CCU3, STM32G411CCU6, STM32G411K6T3, STM32G411K6T6, STM32G411K6U3, STM32G411K6U6, STM32G411K8T3, STM32G411K8T6, STM32G411K8U3, STM32G411K8U6, STM32G411KBT3, STM32G411KBT6, STM32G411KBU3, STM32G411KBU6, STM32G411M6T3, STM32G411M6T6, STM32G411M8T3, STM32G411M8T6, STM32G411MBT3, STM32G411MBT6, STM32G411MCT3, STM32G411MCT6, STM32G411R6T3, STM32G411R6T6, STM32G411R8T3, STM32G411R8T6, STM32G411RBT3, STM32G411RBT6, STM32G411RCT3, STM32G411RCT6, STM32G414CBT3, STM32G414CBT6, STM32G414CBU3, STM32G414CBU6, STM32G414CCT3, STM32G414CCT6, STM32G414CCU3, STM32G414CCU6, STM32G414MBT3, STM32G414MBT6, STM32G414MCT3, STM32G414MCT6, STM32G414RBT3, STM32G414RBT6, STM32G414RCT3, STM32G414RCT6, STM32G414VBT3, STM32G414VBT6, STM32G414VCT3, STM32G414VCT6, STM32G431CBT3Z, STM32G431RBT3Z, STM32G471CCT6, STM32G471CCU6, STM32G471CET3, STM32G471CET6, STM32G471CEU3, STM32G471CEU6, STM32G471MCT6, STM32G471MET3, STM32G471MET6, STM32G471MEY6TR, STM32G471QCT6, STM32G471QET3, STM32G471RCT6, STM32G471RET3, STM32G471RET6, STM32G471VCH6, STM32G471VCI6, STM32G471VCT6, STM32G471VEH3, STM32G471VEH6, STM32G471VEI3, STM32G471VEI6, STM32G471VET3, STM32G471VET6, STM32G473QET3Z, STM32G473RET3Z, STM32G474CCT6, STM32G491RET3Z, STM32H503CBT6, STM32H503CBU6, STM32H503EBY6TR, STM32H503KBU6, STM32H503RBT6, STM32H523CCT6, STM32H523CCU6, STM32H523CET6, STM32H523CEU6, STM32H523HEY6TR, STM32H523RCT6, STM32H523RET6, STM32H523VCI6, STM32H523VCT6, STM32H523VEI6, STM32H523VET6, STM32H523ZCJ6, STM32H523ZCT6, STM32H523ZEJ6, STM32H523ZET6, STM32H533CET6, STM32H533CEU6, STM32H533HEY6TR, STM32H533RET6, STM32H533VEI6, STM32H533VET6, STM32H533ZEJ6, STM32H533ZET6, STM32H562AGI6, STM32H562AII6, STM32H562IGK6, STM32H562IGT6, STM32H562IIK6, STM32H562IIT6, STM32H562RGT6, STM32H562RGV6, STM32H562RIT6, STM32H562RIV6, STM32H562VGT6, STM32H562VIT6, STM32H562ZGT6, STM32H562ZIT6, STM32H563AGI6, STM32H563AII3Q, STM32H563AII6, STM32H563IGK6, STM32H563IGT6, STM32H563IIK3Q, STM32H563IIK6, STM32H563IIT3Q, STM32H563IIT6, STM32H563MIY3QTR, STM32H563RGT6, STM32H563RGV6, STM32H563RIT6, STM32H563RIV6, STM32H563VGT6, STM32H563VIT3Q, STM32H563VIT6, STM32H563ZGT6, STM32H563ZIT3Q, STM32H563ZIT6, STM32H573AII3Q, STM32H573AII6, STM32H573I-DK, STM32H573IIK3Q, STM32H573IIK6, STM32H573IIT3Q, STM32H573IIT6, STM32H573MIY3QTR, STM32H573RIT6, STM32H573RIV6, STM32H573VIT3Q, STM32H573VIT6, STM32H573ZIT3Q, STM32H573ZIT6, STM32H7R3A8I6, STM32H7R3I8K6, STM32H7R3I8T6, STM32H7R3L8H6, STM32H7R3L8H6H, STM32H7R3R8V6, STM32H7R3V8H6, STM32H7R3V8T6, STM32H7R3V8Y6TR, STM32H7R3Z8J6, STM32H7R3Z8T6, STM32H7R7A8I6, STM32H7R7I8K6, STM32H7R7I8T6, STM32H7R7L8H6, STM32H7R7L8H6H, STM32H7R7Z8J6, STM32H7S3A8I6, STM32H7S3I8K6, STM32H7S3I8T6, STM32H7S3L8H6, STM32H7S3L8H6H, STM32H7S3R8V6, STM32H7S3V8H6, STM32H7S3V8T6, STM32H7S3V8Y6TR, STM32H7S3Z8J6, STM32H7S3Z8T6, STM32H7S78-DK, STM32H7S7A8I6, STM32H7S7I8K6, STM32H7S7I8T6, STM32H7S7L8H6, STM32H7S7L8H6H, STM32H7S7Z8J6, STM32L4R5QGI6STR, STM32MP131AAE3, STM32MP131AAF3, STM32MP131AAG3, STM32MP131CAE3, STM32MP131CAF3, STM32MP131CAG3, STM32MP131DAE7, STM32MP131DAF7, STM32MP131DAG7, STM32MP131FAE7, STM32MP131FAF7, STM32MP131FAG7, STM32MP133AAE3, STM32MP133AAF3, STM32MP133AAG3, STM32MP133CAE3, STM32MP133CAF3, STM32MP133CAG3, STM32MP133DAE7, STM32MP133DAF7, STM32MP133DAG7, STM32MP133FAE7, STM32MP133FAF7, STM32MP133FAG7, STM32MP135AAE3, STM32MP135AAF3, STM32MP135AAG3, STM32MP135CAE3, STM32MP135CAF3, STM32MP135CAG3, STM32MP135DAE7, STM32MP135DAF7, STM32MP135DAG7, STM32MP135F-DK, STM32MP135FAE7, STM32MP135FAF7, STM32MP135FAF7T, STM32MP135FAF7U, STM32MP135FAG7, STM32MP231AAJ3, STM32MP231AAK3, STM32MP231AAL3, STM32MP231CAJ3, STM32MP231CAK3, STM32MP231CAL3, STM32MP231DAJ3, STM32MP231DAK3, STM32MP231DAL3, STM32MP231FAJ3, STM32MP231FAK3, STM32MP231FAL3, STM32MP233AAJ3, STM32MP233AAK3, STM32MP233AAL3, STM32MP233CAJ3, STM32MP233CAK3, STM32MP233CAL3, STM32MP233DAJ3, STM32MP233DAK3, STM32MP233DAL3, STM32MP233FAJ3, STM32MP233FAK3, STM32MP233FAL3, STM32MP235AAJ3, STM32MP235AAK3, STM32MP235AAL3, STM32MP235CAJ3, STM32MP235CAK3, STM32MP235CAL3, STM32MP235DAJ3, STM32MP235DAK3, STM32MP235DAL3, STM32MP235FAJ3, STM32MP235FAK3, STM32MP235FAL3, STM32MP251AAI3, STM32MP251AAJ3, STM32MP251AAK3, STM32MP251AAL3, STM32MP251CAI3, STM32MP251CAJ3, STM32MP251CAK3, STM32MP251CAL3, STM32MP251DAI3, STM32MP251DAJ3, STM32MP251DAK3, STM32MP251DAL3, STM32MP251FAI3, STM32MP251FAJ3, STM32MP251FAK3, STM32MP251FAL3, STM32MP253AAI3, STM32MP253AAJ3, STM32MP253AAK3, STM32MP253AAL3, STM32MP253CAI3, STM32MP253CAJ3, STM32MP253CAK3, STM32MP253CAL3, STM32MP253DAI3, STM32MP253DAJ3, STM32MP253DAK3, STM32MP253DAL3, STM32MP253FAI3, STM32MP253FAJ3, STM32MP253FAK3, STM32MP253FAL3, STM32MP255AAI3, STM32MP255AAJ3, STM32MP255AAK3, STM32MP255AAL3, STM32MP255CAI3, STM32MP255CAJ3, STM32MP255CAK3, STM32MP255CAL3, STM32MP255DAI3, STM32MP255DAJ3, STM32MP255DAK3, STM32MP255DAL3, STM32MP255FAI3, STM32MP255FAJ3, STM32MP255FAK3, STM32MP255FAL3, STM32MP257AAI3, STM32MP257AAJ3, STM32MP257AAK3, STM32MP257AAL3, STM32MP257CAI3, STM32MP257CAJ3, STM32MP257CAK3, STM32MP257CAL3, STM32MP257DAI3, STM32MP257DAJ3, STM32MP257DAK3, STM32MP257DAL3, STM32MP257F-DK, STM32MP257F-EV1, STM32MP257FAI3, STM32MP257FAJ3, STM32MP257FAK3, STM32MP257FAL3, STM32N645A0H3Q, STM32N645B0H3Q, STM32N645I0H3Q, STM32N645L0H3Q, STM32N645X0H3Q, STM32N645Z0H3Q, STM32N647A0H3Q, STM32N647B0H3Q, STM32N647I0H3Q, STM32N647L0H3Q, STM32N647X0H3Q, STM32N647Z0H3Q, STM32N655A0H3Q, STM32N655B0H3Q, STM32N655I0H3Q, STM32N655L0H3Q, STM32N655X0H3Q, STM32N655Z0H3Q, STM32N6570-DK, STM32N657A0H3Q, STM32N657B0H3Q, STM32N657I0H3Q, STM32N657L0H3Q, STM32N657X0H3Q, STM32N657Z0H3Q, STM32U031C6T6, STM32U031C6U6, STM32U031C8T6, STM32U031C8U6, STM32U031F4P6, STM32U031F6P6, STM32U031F8P6, STM32U031G6Y6TR, STM32U031G8Y6TR, STM32U031K4U6, STM32U031K6U6, STM32U031K8U6, STM32U031R6I6, STM32U031R6T6, STM32U031R8I6, STM32U031R8T6, STM32U073C8T6, STM32U073C8U6, STM32U073CBT6, STM32U073CBU6, STM32U073CCT6, STM32U073CCU6, STM32U073H8Y6TR, STM32U073HBY6TR, STM32U073HCY6TR, STM32U073K8U6, STM32U073KBU6, STM32U073KCU6, STM32U073M8I6, STM32U073M8T6, STM32U073MBI6, STM32U073MBT6, STM32U073MCI6, STM32U073MCT6, STM32U073R8I6, STM32U073R8T6, STM32U073RBI6, STM32U073RBT6, STM32U073RCI6, STM32U073RCT6, STM32U083C-DK, STM32U083CCT6, STM32U083CCU6, STM32U083HCY6TR, STM32U083KCU6, STM32U083MCI6, STM32U083MCT6, STM32U083RCI6, STM32U083RCT6, STM32U375CET6, STM32U375CET6Q, STM32U375CEU6, STM32U375CEU6Q, STM32U375CEY6QTR, STM32U375CGT6, STM32U375CGT6Q, STM32U375CGU6, STM32U375CGU6Q, STM32U375CGY6QTR, STM32U375KEU6, STM32U375KGU6, STM32U375REI6, STM32U375REI6Q, STM32U375RET6, STM32U375RET6Q, STM32U375REY6GTR, STM32U375REY6QTR, STM32U375RGI6, STM32U375RGI6Q, STM32U375RGT6, STM32U375RGT6Q, STM32U375RGY6GTR, STM32U375RGY6QTR, STM32U375VEI6, STM32U375VEI6Q, STM32U375VET6, STM32U375VET6Q, STM32U375VGI6, STM32U375VGI6Q, STM32U375VGT6, STM32U375VGT6Q, STM32U385CGT6, STM32U385CGT6Q, STM32U385CGU6, STM32U385CGU6Q, STM32U385CGY6QTR, STM32U385KGU6, STM32U385RGI6, STM32U385RGI6Q, STM32U385RGT6, STM32U385RGT6Q, STM32U385RGY6GTR, STM32U385RGY6QTR, STM32U385VGI6, STM32U385VGI6Q, STM32U385VGT6, STM32U385VGT6Q, STM32U535CBT6, STM32U535CBT6Q, STM32U535CBU6, STM32U535CBU6Q, STM32U535CCT6, STM32U535CCT6Q, STM32U535CCU6, STM32U535CCU6Q, STM32U535CET6, STM32U535CET6Q, STM32U535CEU6, STM32U535CEU6Q, STM32U535JEY6QTR, STM32U535NCY6QTR, STM32U535NEY6QTR, STM32U535RBI6, STM32U535RBI6Q, STM32U535RBT6, STM32U535RBT6Q, STM32U535RCI6, STM32U535RCI6Q, STM32U535RCT6, STM32U535RCT6Q, STM32U535REI6, STM32U535REI6Q, STM32U535RET6, STM32U535RET6Q, STM32U535VCI6, STM32U535VCI6Q, STM32U535VCT6, STM32U535VCT6Q, STM32U535VEI6, STM32U535VEI6Q, STM32U535VET6, STM32U535VET6Q, STM32U545CET6, STM32U545CET6Q, STM32U545CEU6, STM32U545CEU6Q, STM32U545JEY6QTR, STM32U545NEY6QTR, STM32U545REI6, STM32U545REI6Q, STM32U545RET6, STM32U545RET6Q, STM32U545VEI6, STM32U545VEI6Q, STM32U545VET6, STM32U545VET6Q, STM32U595AIH6, STM32U595AIH6Q, STM32U595AJH6, STM32U595AJH6Q, STM32U595QII6, STM32U595QII6Q, STM32U595QJI6, STM32U595QJI6Q, STM32U595RIT6, STM32U595RIT6Q, STM32U595RJT6, STM32U595RJT6Q, STM32U595VIT6, STM32U595VIT6Q, STM32U595VJT6, STM32U595VJT6Q, STM32U595ZIT6, STM32U595ZIT6Q, STM32U595ZIY6QTR, STM32U595ZJT6, STM32U595ZJT6Q, STM32U595ZJY6QTR, STM32U599BJY6QTR, STM32U599NIH6Q, STM32U599NJH6Q, STM32U599VIT6Q, STM32U599VJT6, STM32U599VJT6Q, STM32U599ZIT6Q, STM32U599ZIY6QTR, STM32U599ZJT6Q, STM32U599ZJY6QTR, STM32U5A5AJH6, STM32U5A5AJH6Q, STM32U5A5QII3Q , STM32U5A5QJI6, STM32U5A5QJI6Q, STM32U5A5RJT6, STM32U5A5RJT6Q, STM32U5A5VJT6, STM32U5A5VJT6Q, STM32U5A5ZJT6, STM32U5A5ZJT6Q, STM32U5A5ZJY6QTR, STM32U5A9BJY6QTR, STM32U5A9J-DK, STM32U5A9NJH6Q, STM32U5A9VJT6Q, STM32U5A9ZJT6Q, STM32U5A9ZJY6QTR, STM32U5F7VIT6, STM32U5F7VIT6Q, STM32U5F7VJT6, STM32U5F7VJT6Q, STM32U5F9BJY6QTR, STM32U5F9NJH6Q, STM32U5F9VIT6Q, STM32U5F9VJT6Q, STM32U5F9ZIJ6QTR, STM32U5F9ZIT6Q, STM32U5F9ZJJ6QTR, STM32U5F9ZJT6Q, STM32U5G7VJT6, STM32U5G7VJT6Q, STM32U5G9BJY6QTR, STM32U5G9J-DK1, STM32U5G9J-DK2, STM32U5G9NJH6Q, STM32U5G9VJT6Q, STM32U5G9ZJJ6QTR, STM32U5G9ZJT6Q, STM32WB05KZV6TR, STM32WB05KZV7TR, STM32WB05TZF6TR, STM32WB05TZF7TR, STM32WB06CCF6TR, STM32WB06CCF7TR, STM32WB06CCV6TR, STM32WB06CCV7TR, STM32WB06KCV6TR, STM32WB06KCV7TR, STM32WB07CCF6TR, STM32WB07CCF7TR, STM32WB07CCV6TR, STM32WB07CCV7TR, STM32WB07KCV6TR, STM32WB07KCV7TR, STM32WB09KEV6TR, STM32WB09KEV7TR, STM32WB09TEF6TR, STM32WB09TEF7TR, STM32WB1MMCH6, STM32WBA50KGU6, STM32WBA50KGU6TR, STM32WBA52CEU6, STM32WBA52CEU6TR, STM32WBA52CEU7, STM32WBA52CEU7TR, STM32WBA52CGU6, STM32WBA52CGU6TR, STM32WBA52CGU6U, STM32WBA52CGU7, STM32WBA52CGU7TR, STM32WBA52KEU6, STM32WBA52KEU6TR, STM32WBA52KGU6, STM32WBA52KGU6TR, STM32WBA54CEU6, STM32WBA54CEU6TR, STM32WBA54CEU7, STM32WBA54CEU7TR, STM32WBA54CGU6, STM32WBA54CGU6TR, STM32WBA54CGU7, STM32WBA54CGU7TR, STM32WBA54KEU6, STM32WBA54KEU6TR, STM32WBA54KEU7, STM32WBA54KEU7TR, STM32WBA54KGU6, STM32WBA54KGU6TR, STM32WBA54KGU7, STM32WBA54KGU7TR, STM32WBA55CEU6, STM32WBA55CEU6TR, STM32WBA55CEU7, STM32WBA55CEU7TR, STM32WBA55CGU6, STM32WBA55CGU6TR, STM32WBA55CGU6U, STM32WBA55CGU7, STM32WBA55CGU7TR, STM32WBA55G-DK1, STM32WBA55HEF6, STM32WBA55HEF7, STM32WBA55HGF6, STM32WBA55HGF7, STM32WBA55UEI6, STM32WBA55UEI6TR, STM32WBA55UEI7, STM32WBA55UEI7TR, STM32WBA55UGI6, STM32WBA55UGI6TR, STM32WBA55UGI7, STM32WBA55UGI7TR, STM32WBA5MJGH6TR, STM32WBA62CGU6, STM32WBA62CIU6, STM32WBA62MGF6, STM32WBA62MIF6, STM32WBA62PGI6, STM32WBA62PII6, STM32WBA63CGU6, STM32WBA63CGU7, STM32WBA63CIU6, STM32WBA63CIU7, STM32WBA64CGU6, STM32WBA64CGU7, STM32WBA64CIU6, STM32WBA64CIU7, STM32WBA65CGU6, STM32WBA65CGU7, STM32WBA65CIU6, STM32WBA65CIU7, STM32WBA65I-DK1, STM32WBA65MGF6, STM32WBA65MGF7, STM32WBA65MIF6, STM32WBA65MIF7, STM32WBA65PGI6, STM32WBA65PGI7, STM32WBA65PII6, STM32WBA65PII7, STM32WBA65RGV6, STM32WBA65RGV7, STM32WBA65RIV6, STM32WBA65RIV7, STM32WL30K8V6, STM32WL30KBV6, STM32WL31C8V6, STM32WL31CBV6, STM32WL31K8V6, STM32WL31KBV6, STM32WL33C8V6, STM32WL33C8V6TR, STM32WL33C8V7, STM32WL33C8V7TR, STM32WL33CBV6, STM32WL33CBV6TR, STM32WL33CBV7, STM32WL33CBV7TR, STM32WL33CCV6, STM32WL33CCV6TR, STM32WL33CCV7, STM32WL33CCV7A, STM32WL33CCV7ATR, STM32WL33CCV7TR, STM32WL33K8V6, STM32WL33K8V6TR, STM32WL33K8V7, STM32WL33K8V7TR, STM32WL33KBV6, STM32WL33KBV6TR, STM32WL33KBV7, STM32WL33KBV7TR, STM32WL33KCV6, STM32WL33KCV6TR, STM32WL33KCV7, STM32WL33KCV7TR, STM32WL5MOCH6, STM32WL5MOCH6TR]
2026-08-03 20:35:36,296 [INFO] DbMcus:218 - Found 5246 MCUs, 5093 are supported
2026-08-03 20:35:36,296 [INFO] ApiDb:423 - Load user favorites file C:\Users\German/.stm32cubeide/favorites.mcus.txt: 0 item(s)
2026-08-03 20:35:36,297 [INFO] ApiDb:427 - User favorites MCUs=[]
2026-08-03 20:35:36,297 [INFO] DbMcus:224 - Set 0 / 0 favorites MCUs
2026-08-03 20:35:36,563 [INFO] BoardInfo:889 - No configuration file found for board NUCLEO-H5E5ZJ
2026-08-03 20:35:36,564 [INFO] DbBoards:161 - Board is not supported: NUCLEO-H5E5ZJ
2026-08-03 20:35:36,602 [INFO] BoardInfo:889 - No configuration file found for board NUCLEO-U3C5ZI-Q
2026-08-03 20:35:36,603 [INFO] DbBoards:161 - Board is not supported: NUCLEO-U3C5ZI-Q
2026-08-03 20:35:36,612 [INFO] BoardInfo:889 - No configuration file found for board NUCLEO-WBA25CE1
2026-08-03 20:35:36,613 [INFO] DbBoards:161 - Board is not supported: NUCLEO-WBA25CE1
2026-08-03 20:35:36,620 [INFO] BoardInfo:889 - No configuration file found for board NUCLEO-WL3RKB1
2026-08-03 20:35:36,620 [INFO] DbBoards:161 - Board is not supported: NUCLEO-WL3RKB1
2026-08-03 20:35:36,621 [INFO] BoardInfo:889 - No configuration file found for board NUCLEO-WL3RKB2
2026-08-03 20:35:36,622 [INFO] DbBoards:161 - Board is not supported: NUCLEO-WL3RKB2
2026-08-03 20:35:36,627 [INFO] BoardInfo:889 - No configuration file found for board P-NUCLEO-WB55
2026-08-03 20:35:36,628 [INFO] DbBoards:161 - Kit is not supported: P-NUCLEO-WB55
2026-08-03 20:35:36,632 [INFO] BoardInfo:889 - No configuration file found for board STEVAL-BFA001V1B
2026-08-03 20:35:36,632 [INFO] DbBoards:161 - Kit is not supported: STEVAL-BFA001V1B
2026-08-03 20:35:36,633 [INFO] BoardInfo:889 - No configuration file found for board STEVAL-BFA001V2B
2026-08-03 20:35:36,634 [INFO] DbBoards:161 - Kit is not supported: STEVAL-BFA001V2B
2026-08-03 20:35:36,712 [INFO] BoardInfo:889 - No configuration file found for board STM32H5F5J-DK
2026-08-03 20:35:36,713 [INFO] DbBoards:161 - Board is not supported: STM32H5F5J-DK
2026-08-03 20:35:36,752 [INFO] BoardInfo:889 - No configuration file found for board STM32MP215F-DK
2026-08-03 20:35:36,753 [INFO] DbBoards:161 - Board is not supported: STM32MP215F-DK
2026-08-03 20:35:36,767 [INFO] DbBoards:168 - Found 218 boards, 208 are supported
2026-08-03 20:35:36,767 [INFO] DbBoards:169 - Found 218 boards, 43 of them is supported for  Bsp
2026-08-03 20:35:36,771 [INFO] ApiDb:423 - Load user favorites file C:\Users\German/.stm32cubeide/favorites.boards.txt: 1 item(s)
2026-08-03 20:35:36,771 [INFO] ApiDb:427 - User favorites Boards=[P-NUCLEO-WB55-NUCLEO]
2026-08-03 20:35:36,771 [INFO] DbBoards:198 - Set 1 / 1 favorites Boards
2026-08-03 20:35:36,827 [INFO] UtilMem:75 - End LoadConfig() Used Memory: 301958120 Bytes (519045120)
2026-08-03 20:35:36,916 [WARN] ThirdParty:833 - waiting for thirdparty lock release [change project]
2026-08-03 20:35:36,916 [INFO] ThirdParty:835 - entering critical section [change project]
2026-08-03 20:35:36,917 [INFO] ThirdParty:1030 - CMSIS Pack Vendor :STMicroelectronics X-CUBE-AZRTOS-H7 3.5.0
2026-08-03 20:35:36,917 [INFO] ThirdParty:1030 - CMSIS Pack Vendor :STMicroelectronics X-CUBE-PM33A1 1.0.0
2026-08-03 20:35:36,917 [INFO] ThirdParty:1030 - CMSIS Pack Vendor :STMicroelectronics USBPD 4.1
2026-08-03 20:35:36,917 [INFO] ThirdParty:1030 - CMSIS Pack Vendor :STMicroelectronics USB_HOST 2.0.0
2026-08-03 20:35:36,917 [INFO] ThirdParty:1030 - CMSIS Pack Vendor :STMicroelectronics FP-SNS-MOTENVWB1 1.4.0
2026-08-03 20:35:36,917 [INFO] ThirdParty:1030 - CMSIS Pack Vendor :STMicroelectronics FP-ATR-ASTRA1 2.0.3
2026-08-03 20:35:36,917 [INFO] ThirdParty:1030 - CMSIS Pack Vendor :STMicroelectronics X-CUBE-AZRTOS-F4 1.1.0
2026-08-03 20:35:36,917 [INFO] ThirdParty:1030 - CMSIS Pack Vendor :STMicroelectronics LIBJPEG 8.0.0
2026-08-03 20:35:36,917 [INFO] ThirdParty:1030 - CMSIS Pack Vendor :STMicroelectronics FP-ATR-ASTRA1 2.0.2
2026-08-03 20:35:36,917 [INFO] ThirdParty:1030 - CMSIS Pack Vendor :Avnet-IotConnect X-CUBE-IoTC-DA16k-PMOD 1.0.0
2026-08-03 20:35:36,917 [INFO] ThirdParty:1030 - CMSIS Pack Vendor :STMicroelectronics X-CUBE-SMBUS 2.1.0
2026-08-03 20:35:36,917 [INFO] ThirdParty:1030 - CMSIS Pack Vendor :STMicroelectronics X-CUBE-WB05N 1.1.0
2026-08-03 20:35:36,917 [INFO] ThirdParty:1030 - CMSIS Pack Vendor :STMicroelectronics X-CUBE-ISPU 2.1.0
2026-08-03 20:35:36,917 [INFO] ThirdParty:1030 - CMSIS Pack Vendor :STMicroelectronics eDS-WB_DPC_TT-BIDIR 2.1.1
2026-08-03 20:35:36,917 [INFO] ThirdParty:1030 - CMSIS Pack Vendor :STMicroelectronics X-CUBE-ST60 1.0.0
2026-08-03 20:35:36,917 [INFO] ThirdParty:1030 - CMSIS Pack Vendor :STMicroelectronics X-CUBE-NFC12 1.0.0
2026-08-03 20:35:36,917 [INFO] ThirdParty:1030 - CMSIS Pack Vendor :STMicroelectronics X-CUBE-AZRTOS-F7 1.1.0
2026-08-03 20:35:36,917 [INFO] ThirdParty:1030 - CMSIS Pack Vendor :STMicroelectronics X-CUBE-AZRTOS-L5 2.0.0
2026-08-03 20:35:36,917 [INFO] ThirdParty:1030 - CMSIS Pack Vendor :STMicroelectronics USB_DEVICE 2.0.0
2026-08-03 20:35:36,917 [INFO] ThirdParty:1030 - CMSIS Pack Vendor :STMicroelectronics X-CUBE-NFC6 3.1.0
2026-08-03 20:35:36,917 [INFO] ThirdParty:1030 - CMSIS Pack Vendor :STMicroelectronics X-CUBE-ALGOBUILD 1.5.0
2026-08-03 20:35:36,917 [INFO] ThirdParty:1030 - CMSIS Pack Vendor :STMicroelectronics FreeRTOS 0.0.1
2026-08-03 20:35:36,917 [INFO] ThirdParty:1030 - CMSIS Pack Vendor :STMicroelectronics X-CUBE-AZRTOS-H7RS 1.3.0
2026-08-03 20:35:36,917 [INFO] ThirdParty:1030 - CMSIS Pack Vendor :STMicroelectronics X-CUBE-DPower 1.2.0
2026-08-03 20:35:36,917 [INFO] ThirdParty:1030 - CMSIS Pack Vendor :STMicroelectronics eDS-WB_DPC_VIENNA 1.2.0
2026-08-03 20:35:36,917 [INFO] ThirdParty:1030 - CMSIS Pack Vendor :STMicroelectronics X-CUBE-MEMS1 13.0.0
2026-08-03 20:35:36,917 [INFO] ThirdParty:1030 - CMSIS Pack Vendor :STMicroelectronics eDS-WB_DPC_3PH2L-BIDIR 1.1.1
2026-08-03 20:35:36,917 [INFO] ThirdParty:1030 - CMSIS Pack Vendor :Infineon AIROC-Wi-Fi-Bluetooth-STM32 1.7.0
2026-08-03 20:35:36,917 [INFO] ThirdParty:1030 - CMSIS Pack Vendor :STMicroelectronics PDM2PCM 3.3.0
2026-08-03 20:35:36,917 [INFO] ThirdParty:1030 - CMSIS Pack Vendor :STMicroelectronics X-CUBE-AZRTOS-H7 3.4.0
2026-08-03 20:35:36,917 [INFO] ThirdParty:1030 - CMSIS Pack Vendor :STMicroelectronics X-CUBE-DISPLAY 3.0.0
2026-08-03 20:35:36,917 [INFO] ThirdParty:1030 - CMSIS Pack Vendor :STMicroelectronics X-CUBE-GNSS1 7.1.1
2026-08-03 20:35:36,917 [INFO] ThirdParty:1030 - CMSIS Pack Vendor :STMicroelectronics X-CUBE-NFC10 1.0.0
2026-08-03 20:35:36,917 [INFO] ThirdParty:1030 - CMSIS Pack Vendor :STMicroelectronics X-CUBE-BLEMGR 4.0.0
2026-08-03 20:35:36,917 [INFO] ThirdParty:1030 - CMSIS Pack Vendor :STMicroelectronics X-CUBE-FREERTOS 1.3.1
2026-08-03 20:35:36,917 [INFO] ThirdParty:1030 - CMSIS Pack Vendor :STMicroelectronics HAL Drivers 0.0.0
2026-08-03 20:35:36,918 [INFO] ThirdParty:1030 - CMSIS Pack Vendor :STMicroelectronics X-CUBE-ST60 1.1.0
2026-08-03 20:35:36,918 [INFO] ThirdParty:1030 - CMSIS Pack Vendor :emotas I-CUBE-CANOPEN 1.3.0
2026-08-03 20:35:36,918 [INFO] ThirdParty:1030 - CMSIS Pack Vendor :STMicroelectronics X-CUBE-FREERTOS 1.3.0
2026-08-03 20:35:36,918 [INFO] ThirdParty:1030 - CMSIS Pack Vendor :STMicroelectronics X-CUBE-NFC7 1.0.1
2026-08-03 20:35:36,918 [INFO] ThirdParty:1030 - CMSIS Pack Vendor :STMicroelectronics MBEDTLS 2.14.1
2026-08-03 20:35:36,918 [INFO] ThirdParty:1030 - CMSIS Pack Vendor :STMicroelectronics X-CUBE-GNSS1 7.1.0
2026-08-03 20:35:36,918 [INFO] ThirdParty:1030 - CMSIS Pack Vendor :STMicroelectronics X-CUBE-TOUCHGFX 4.26.0
2026-08-03 20:35:36,918 [INFO] ThirdParty:1030 - CMSIS Pack Vendor :STMicroelectronics X-CUBE-TOUCHGFX 4.26.1
2026-08-03 20:35:36,918 [INFO] ThirdParty:1030 - CMSIS Pack Vendor :quantropi X-CUBE-qispace-sdk-base 2.0.0
2026-08-03 20:35:36,918 [INFO] ThirdParty:1030 - CMSIS Pack Vendor :STMicroelectronics X-CUBE-AI 10.0.0
2026-08-03 20:35:36,918 [INFO] ThirdParty:1030 - CMSIS Pack Vendor :STMicroelectronics FP-SNS-STAIOTCFT 1.0.0
2026-08-03 20:35:36,918 [INFO] ThirdParty:1030 - CMSIS Pack Vendor :STMicroelectronics FP-SNS-SMARTAG2 1.2.0
2026-08-03 20:35:36,918 [INFO] ThirdParty:1030 - CMSIS Pack Vendor :STMicroelectronics FP-SNS-FLIGHT1 5.1.0
2026-08-03 20:35:36,918 [INFO] ThirdParty:1030 - CMSIS Pack Vendor :STMicroelectronics X-CUBE-MEMS1 11.1.0
2026-08-03 20:35:36,918 [INFO] ThirdParty:1030 - CMSIS Pack Vendor :STMicroelectronics X-CUBE-AZRTOS-WL 2.0.0
2026-08-03 20:35:36,918 [INFO] ThirdParty:1030 - CMSIS Pack Vendor :STMicroelectronics X-CUBE-DPower 1.3.0
2026-08-03 20:35:36,918 [INFO] ThirdParty:1030 - CMSIS Pack Vendor :STMicroelectronics FP-SNS-MOTENV1 5.0.0
2026-08-03 20:35:36,918 [INFO] ThirdParty:1030 - CMSIS Pack Vendor :STMicroelectronics USB_DEVICE 1.0.0
2026-08-03 20:35:36,918 [INFO] ThirdParty:1030 - CMSIS Pack Vendor :STMicroelectronics X-CUBE-AZRTOS-H7RS 1.2.0
2026-08-03 20:35:36,918 [INFO] ThirdParty:1030 - CMSIS Pack Vendor :STMicroelectronics X-CUBE-AZRTOS-L4 2.0.0
2026-08-03 20:35:36,918 [INFO] ThirdParty:1030 - CMSIS Pack Vendor :STMicroelectronics ThreadX 0.0.2
2026-08-03 20:35:36,918 [INFO] ThirdParty:1030 - CMSIS Pack Vendor :WES I-CUBE-Cesium 1.3.0
2026-08-03 20:35:36,918 [INFO] ThirdParty:1030 - CMSIS Pack Vendor :STMicroelectronics lwIP 2.1.2
2026-08-03 20:35:36,918 [INFO] ThirdParty:1030 - CMSIS Pack Vendor :STMicroelectronics X-CUBE-SFXS2LP1 4.0.0
2026-08-03 20:35:36,918 [INFO] ThirdParty:1030 - CMSIS Pack Vendor :STMicroelectronics X-CUBE-BLE2 3.3.0
2026-08-03 20:35:36,919 [INFO] ThirdParty:1030 - CMSIS Pack Vendor :Avnet-IOTCONNECT X-CUBE-iotc-st67-sdk 1.0.0
2026-08-03 20:35:36,919 [INFO] ThirdParty:1030 - CMSIS Pack Vendor :STMicroelectronics PDM2PCM 3.2.0
2026-08-03 20:35:36,919 [INFO] ThirdParty:1030 - CMSIS Pack Vendor :STMicroelectronics X-CUBE-WB05N 2.1.0
2026-08-03 20:35:36,919 [INFO] ThirdParty:1030 - CMSIS Pack Vendor :STMicroelectronics X-CUBE-AZRTOS-H7 3.3.0
2026-08-03 20:35:36,919 [INFO] ThirdParty:1030 - CMSIS Pack Vendor :STMicroelectronics X-CUBE-NFC9 1.0.0
2026-08-03 20:35:36,919 [INFO] ThirdParty:1030 - CMSIS Pack Vendor :STMicroelectronics X-CUBE-BLE1 7.1.0
2026-08-03 20:35:36,919 [INFO] ThirdParty:1030 - CMSIS Pack Vendor :wolfSSL I-CUBE-wolfMQTT 1.19.2
2026-08-03 20:35:36,919 [INFO] ThirdParty:1030 - CMSIS Pack Vendor :STMicroelectronics USB_DEVICE 3.0.0
2026-08-03 20:35:36,919 [INFO] ThirdParty:1030 - CMSIS Pack Vendor :STMicroelectronics X-CUBE-EEPRMA1 5.2.0
2026-08-03 20:35:36,919 [INFO] ThirdParty:1030 - CMSIS Pack Vendor :STMicroelectronics X-CUBE-BLEMGR 4.1.0
2026-08-03 20:35:36,919 [INFO] ThirdParty:1030 - CMSIS Pack Vendor :STMicroelectronics X-CUBE-AZRTOS-WB 2.0.0
2026-08-03 20:35:36,919 [INFO] ThirdParty:1030 - CMSIS Pack Vendor :STMicroelectronics X-CUBE-GNSS1 7.0.1
2026-08-03 20:35:36,919 [INFO] ThirdParty:1030 - CMSIS Pack Vendor :STMicroelectronics X-CUBE-TOUCHGFX 4.25.0
2026-08-03 20:35:36,919 [INFO] ThirdParty:1030 - CMSIS Pack Vendor :STMicroelectronics X-CUBE-AI 10.1.0
2026-08-03 20:35:36,919 [INFO] ThirdParty:1030 - CMSIS Pack Vendor :STMicroelectronics FP-SNS-STBOX1 2.0.0
2026-08-03 20:35:36,919 [INFO] ThirdParty:1030 - CMSIS Pack Vendor :STMicroelectronics X-CUBE-MEMS1 12.0.0
2026-08-03 20:35:36,919 [INFO] ThirdParty:1030 - CMSIS Pack Vendor :STMicroelectronics X-CUBE-STSE01 2.0.0
2026-08-03 20:35:36,919 [INFO] ThirdParty:1030 - CMSIS Pack Vendor :STMicroelectronics X-CUBE-MEMS1 11.2.0
2026-08-03 20:35:36,919 [INFO] ThirdParty:1030 - CMSIS Pack Vendor :STMicroelectronics X-CUBE-AZRTOS-G0 1.1.0
2026-08-03 20:35:36,919 [INFO] ThirdParty:1030 - CMSIS Pack Vendor :STMicroelectronics X-CUBE-SAFEA1 1.2.2
2026-08-03 20:35:36,919 [INFO] ThirdParty:1030 - CMSIS Pack Vendor :STMicroelectronics X-CUBE-NFC4 3.0.0
2026-08-03 20:35:36,919 [INFO] ThirdParty:1030 - CMSIS Pack Vendor :STMicroelectronics X-CUBE-SUBG2 5.0.0
2026-08-03 20:35:36,919 [INFO] ThirdParty:1030 - CMSIS Pack Vendor :STMicroelectronics X-CUBE-AZRTOS-H7RS 1.1.0
2026-08-03 20:35:36,919 [INFO] ThirdParty:1030 - CMSIS Pack Vendor :STMicroelectronics STM32_WPAN 1.0.0
2026-08-03 20:35:36,919 [INFO] ThirdParty:1030 - CMSIS Pack Vendor :EmbeddedOffice I-CUBE-FS-RTOS 1.0.1
2026-08-03 20:35:36,919 [INFO] ThirdParty:1030 - CMSIS Pack Vendor :STMicroelectronics lwIP 2.0.3
2026-08-03 20:35:36,919 [INFO] ThirdParty:1030 - CMSIS Pack Vendor :Cesanta I-CUBE-Mongoose 7.13.0
2026-08-03 20:35:36,919 [INFO] ThirdParty:1030 - CMSIS Pack Vendor :STMicroelectronics USB_HOST 1.0.0
2026-08-03 20:35:36,919 [INFO] ThirdParty:1030 - CMSIS Pack Vendor :STMicroelectronics X-CUBE-AZRTOS-G4 2.0.0
2026-08-03 20:35:36,919 [INFO] ThirdParty:1030 - CMSIS Pack Vendor :STMicroelectronics X-CUBE-WB05N 2.0.0
2026-08-03 20:35:36,919 [INFO] ThirdParty:1030 - CMSIS Pack Vendor :STMicroelectronics PDM2PCM 3.1.0
2026-08-03 20:35:36,919 [INFO] ThirdParty:1030 - CMSIS Pack Vendor :wolfSSL I-CUBE-wolfTPM 3.8.0
2026-08-03 20:35:36,919 [INFO] ThirdParty:1030 - CMSIS Pack Vendor :wolfSSL I-CUBE-wolfSSH 1.4.20
2026-08-03 20:35:36,919 [INFO] ThirdParty:1030 - CMSIS Pack Vendor :STMicroelectronics X-CUBE-NFC7 2.0.0
2026-08-03 20:35:36,919 [INFO] ThirdParty:1030 - CMSIS Pack Vendor :STMicroelectronics X-CUBE-TCPP 4.2.0
2026-08-03 20:35:36,919 [INFO] ThirdParty:1030 - CMSIS Pack Vendor :RealThread X-CUBE-RT-Thread_Nano 4.1.1
2026-08-03 20:35:36,919 [INFO] ThirdParty:1030 - CMSIS Pack Vendor :STMicroelectronics FP-ATR-SIGFOX1 3.2.0
2026-08-03 20:35:36,919 [INFO] ThirdParty:1030 - CMSIS Pack Vendor :STMicroelectronics X-CUBE-EEPRMA1 5.1.0
2026-08-03 20:35:36,919 [INFO] ThirdParty:1030 - CMSIS Pack Vendor :STMicroelectronics MBEDTLS 2.16.2
2026-08-03 20:35:36,919 [INFO] ThirdParty:1030 - CMSIS Pack Vendor :STMicroelectronics X-CUBE-IPS 3.1.0
2026-08-03 20:35:36,919 [INFO] ThirdParty:1030 - CMSIS Pack Vendor :STMicroelectronics X-CUBE-ALS 1.0.2
2026-08-03 20:35:36,919 [INFO] ThirdParty:1030 - CMSIS Pack Vendor :wolfSSL I-CUBE-wolfSSL 5.7.6
2026-08-03 20:35:36,919 [INFO] ThirdParty:1030 - CMSIS Pack Vendor :ITTIA_DB I-CUBE-ITTIADB 8.9.0
2026-08-03 20:35:36,919 [INFO] ThirdParty:1030 - CMSIS Pack Vendor :STMicroelectronics X-CUBE-STSE01 1.0.0
2026-08-03 20:35:36,919 [INFO] ThirdParty:1030 - CMSIS Pack Vendor :portGmbH I-Cube-SoM-uGOAL 1.1.0
2026-08-03 20:35:36,919 [INFO] ThirdParty:1030 - CMSIS Pack Vendor :STMicroelectronics X-CUBE-NFC6 3.2.0
2026-08-03 20:35:36,919 [INFO] ThirdParty:1030 - CMSIS Pack Vendor :STMicroelectronics X-CUBE-ST67W61 1.0.0
2026-08-03 20:35:36,920 [INFO] ThirdParty:1030 - CMSIS Pack Vendor :STMicroelectronics X-CUBE-AI 10.2.1
2026-08-03 20:35:36,920 [INFO] ThirdParty:1030 - CMSIS Pack Vendor :STMicroelectronics X-CUBE-AI 10.2.0
2026-08-03 20:35:36,920 [INFO] ThirdParty:1030 - CMSIS Pack Vendor :STMicroelectronics ThreadX 1.0.0
2026-08-03 20:35:36,920 [INFO] ThirdParty:1030 - CMSIS Pack Vendor :STMicroelectronics X-CUBE-MEMS1 12.1.0
2026-08-03 20:35:36,920 [INFO] ThirdParty:1030 - CMSIS Pack Vendor :SEGGER I-CUBE-embOS 1.3.1
2026-08-03 20:35:36,920 [INFO] ThirdParty:1030 - CMSIS Pack Vendor :STMicroelectronics X-CUBE-ALGOBUILD 1.4.0
2026-08-03 20:35:36,920 [INFO] ThirdParty:1030 - CMSIS Pack Vendor :STMicroelectronics X-CUBE-MEMS1 11.3.0
2026-08-03 20:35:36,920 [INFO] ThirdParty:1030 - CMSIS Pack Vendor :STMicroelectronics X-CUBE-TOF1 3.4.2
2026-08-03 20:35:36,920 [INFO] ThirdParty:1030 - CMSIS Pack Vendor :STMicroelectronics X-CUBE-TOF1 3.4.3
2026-08-03 20:35:36,920 [INFO] ThirdParty:1030 - CMSIS Pack Vendor :STMicroelectronics X-CUBE-NFC13 1.0.0
2026-08-03 20:35:36,920 [INFO] ThirdParty:841 - exiting critical section [change project]
2026-08-03 20:35:37,237 [INFO] PinOutPanel:1589 - setPackage(No Configuration,No Configuration)
2026-08-03 20:35:37,238 [INFO] PinOutPanel:1589 - setPackage(STM32L476RGTx,LQFP64)
2026-08-03 20:35:37,710 [INFO] UtilMem:75 - Before build in PCC Used Memory: 249552208 Bytes (519045120)
2026-08-03 20:35:38,361 [INFO] UtilMem:75 - After build in PCC Used Memory: 351786320 Bytes (519045120)
2026-08-03 20:35:38,381 [INFO] IPUIPlugin:80 - create IPUIPlugin
2026-08-03 20:35:38,381 [INFO] IPUIPlugin:80 - create IPUIPlugin
2026-08-03 20:35:38,381 [INFO] IPUIPlugin:80 - create IPUIPlugin
2026-08-03 20:35:38,381 [INFO] IPUIPlugin:80 - create IPUIPlugin
2026-08-03 20:35:38,381 [INFO] IPUIPlugin:80 - create IPUIPlugin
2026-08-03 20:35:38,381 [INFO] IPUIPlugin:80 - create IPUIPlugin
2026-08-03 20:35:38,381 [INFO] IPUIPlugin:80 - create IPUIPlugin
2026-08-03 20:35:38,381 [INFO] IPUIPlugin:80 - create IPUIPlugin
2026-08-03 20:35:38,381 [INFO] IPUIPlugin:80 - create IPUIPlugin
2026-08-03 20:35:38,381 [INFO] IPUIPlugin:80 - create IPUIPlugin
2026-08-03 20:35:38,381 [INFO] IPUIPlugin:80 - create IPUIPlugin
2026-08-03 20:35:38,381 [INFO] IPUIPlugin:80 - create IPUIPlugin
2026-08-03 20:35:38,381 [INFO] IPUIPlugin:80 - create IPUIPlugin
2026-08-03 20:35:38,381 [INFO] IPUIPlugin:80 - create IPUIPlugin
2026-08-03 20:35:38,381 [INFO] IPUIPlugin:80 - create IPUIPlugin
2026-08-03 20:35:38,381 [INFO] IPUIPlugin:80 - create IPUIPlugin
2026-08-03 20:35:38,381 [INFO] IPUIPlugin:80 - create IPUIPlugin
2026-08-03 20:35:38,381 [INFO] IPUIPlugin:80 - create IPUIPlugin
2026-08-03 20:35:38,381 [INFO] IPUIPlugin:80 - create IPUIPlugin
2026-08-03 20:35:38,381 [INFO] IPUIPlugin:80 - create IPUIPlugin
2026-08-03 20:35:38,381 [INFO] IPUIPlugin:80 - create IPUIPlugin
2026-08-03 20:35:38,382 [INFO] IPUIPlugin:80 - create IPUIPlugin
2026-08-03 20:35:38,382 [INFO] IPUIPlugin:80 - create IPUIPlugin
2026-08-03 20:35:38,382 [INFO] IPUIPlugin:80 - create IPUIPlugin
2026-08-03 20:35:38,382 [INFO] IPUIPlugin:80 - create IPUIPlugin
2026-08-03 20:35:38,382 [INFO] IPUIPlugin:80 - create IPUIPlugin
2026-08-03 20:35:38,382 [INFO] IPUIPlugin:80 - create IPUIPlugin
2026-08-03 20:35:38,382 [INFO] IPUIPlugin:80 - create IPUIPlugin
2026-08-03 20:35:38,382 [INFO] IPUIPlugin:80 - create IPUIPlugin
2026-08-03 20:35:38,382 [INFO] IPUIPlugin:80 - create IPUIPlugin
2026-08-03 20:35:38,382 [INFO] IPUIPlugin:80 - create IPUIPlugin
2026-08-03 20:35:38,382 [INFO] IPUIPlugin:80 - create IPUIPlugin
2026-08-03 20:35:38,382 [INFO] IPUIPlugin:80 - create IPUIPlugin
2026-08-03 20:35:38,383 [INFO] IPUIPlugin:80 - create IPUIPlugin
2026-08-03 20:35:38,383 [INFO] IPUIPlugin:80 - create IPUIPlugin
2026-08-03 20:35:38,383 [INFO] IPUIPlugin:80 - create IPUIPlugin
2026-08-03 20:35:38,383 [INFO] IPUIPlugin:80 - create IPUIPlugin
2026-08-03 20:35:38,383 [INFO] IPUIPlugin:80 - create IPUIPlugin
2026-08-03 20:35:38,383 [INFO] IPUIPlugin:80 - create IPUIPlugin
2026-08-03 20:35:38,383 [INFO] IPUIPlugin:80 - create IPUIPlugin
2026-08-03 20:35:38,383 [INFO] IPUIPlugin:80 - create IPUIPlugin
2026-08-03 20:35:38,383 [INFO] IPUIPlugin:80 - create IPUIPlugin
2026-08-03 20:35:38,384 [INFO] IPUIPlugin:80 - create IPUIPlugin
2026-08-03 20:35:38,384 [INFO] IPUIPlugin:80 - create IPUIPlugin
2026-08-03 20:35:38,384 [INFO] IPUIPlugin:80 - create IPUIPlugin
2026-08-03 20:35:38,384 [INFO] IPUIPlugin:80 - create IPUIPlugin
2026-08-03 20:35:38,384 [INFO] IPUIPlugin:80 - create IPUIPlugin
2026-08-03 20:35:38,384 [INFO] IPUIPlugin:80 - create IPUIPlugin
2026-08-03 20:35:38,384 [INFO] IPUIPlugin:80 - create IPUIPlugin
2026-08-03 20:35:38,385 [INFO] IPUIPlugin:80 - create IPUIPlugin
2026-08-03 20:35:38,385 [INFO] IPUIPlugin:80 - create IPUIPlugin
2026-08-03 20:35:38,385 [INFO] IPUIPlugin:80 - create IPUIPlugin
2026-08-03 20:35:38,385 [INFO] IPUIPlugin:80 - create IPUIPlugin
2026-08-03 20:35:38,385 [INFO] IPUIPlugin:80 - create IPUIPlugin
2026-08-03 20:35:38,386 [INFO] IPUIPlugin:80 - create IPUIPlugin
2026-08-03 20:35:38,386 [INFO] IPUIPlugin:80 - create IPUIPlugin
2026-08-03 20:35:38,386 [INFO] IPUIPlugin:80 - create IPUIPlugin
2026-08-03 20:35:38,386 [INFO] IPUIPlugin:80 - create IPUIPlugin
2026-08-03 20:35:38,386 [INFO] IPUIPlugin:80 - create IPUIPlugin
2026-08-03 20:35:38,431 [INFO] WebApp:194 - Connection lost
2026-08-03 20:35:38,571 [INFO] WebApp:191 - Connection restablished
2026-08-03 20:35:38,588 [INFO] CADModel:165 - CPN selected for project levelSTM32L476RGT3
2026-08-03 20:35:38,588 [INFO] CADModel:114 - Register for checkConnection events
2026-08-03 20:35:38,649 [INFO] OpenFileManager:385 - Restore cursor
2026-08-03 20:37:11,079 [INFO] ADCParametersView:116 -                Rank 1 : false
2026-08-03 20:37:11,143 [INFO] ADCParametersView:116 -                Rank 1 : false
2026-08-03 20:37:11,144 [INFO] ADCParametersView:116 -                Rank 1 : false
2026-08-03 20:37:11,144 [INFO] ADCParametersView:116 -                Rank 1 : false
2026-08-03 20:37:11,144 [INFO] ADCParametersView:116 -                Rank 1 : false
2026-08-03 20:37:11,144 [INFO] ADCParametersView:116 -                Rank 1 : false
2026-08-03 20:37:11,144 [INFO] ADCParametersView:116 -                Rank 1 : false
2026-08-03 20:37:11,144 [INFO] ADCParametersView:116 -                Rank 1 : false
2026-08-03 20:37:11,145 [INFO] ADCParametersView:116 -                Rank 1 : false
2026-08-03 20:37:11,145 [INFO] ADCParametersView:116 -                Rank 1 : false
2026-08-03 20:37:11,145 [INFO] ADCParametersView:116 -                Rank 1 : false
2026-08-03 20:37:11,145 [INFO] ADCParametersView:116 -                Rank 1 : false
2026-08-03 20:37:11,145 [INFO] ADCParametersView:116 -                Rank 1 : false
2026-08-03 20:37:11,145 [INFO] ADCParametersView:116 -                Rank 1 : false
2026-08-03 20:37:11,145 [INFO] ADCParametersView:116 -                Rank 1 : false
2026-08-03 20:37:11,145 [INFO] ADCParametersView:116 -                Rank 1 : false
2026-08-03 20:37:11,146 [INFO] ADCParametersView:116 -                Rank 1 : false
2026-08-03 20:37:11,146 [INFO] ADCParametersView:116 -                Rank 1 : false
2026-08-03 20:37:11,146 [INFO] ADCParametersView:116 -                Rank 1 : false
2026-08-03 20:37:11,146 [INFO] ADCParametersView:116 -                Rank 1 : false
2026-08-03 20:37:11,146 [INFO] ADCParametersView:116 -                Rank 1 : false
2026-08-03 20:37:11,153 [INFO] ADCParametersView:116 -                Rank 1 : false
2026-08-03 20:37:11,233 [INFO] NvicIntPanel:101 - NVIC parent = com.st.microxplorer.plugins.ip.nvic.MultiNvicIntPanel[,0,0,0x0,invalid,layout=javax.swing.BoxLayout,alignmentX=0.0,alignmentY=0.0,border=,flags=9,maximumSize=,minimumSize=,preferredSize=]
2026-08-03 20:37:11,333 [INFO] NvicIntPanel:101 - NVIC parent = com.st.microxplorer.plugins.ip.nvic.MultiNvicIntPanel[,0,0,0x0,invalid,layout=javax.swing.BoxLayout,alignmentX=0.0,alignmentY=0.0,border=,flags=9,maximumSize=,minimumSize=,preferredSize=]
2026-08-03 20:37:11,451 [INFO] NvicIntPanel:101 - NVIC parent = com.st.microxplorer.plugins.ip.nvic.MultiNvicIntPanel[,0,0,0x0,invalid,layout=javax.swing.BoxLayout,alignmentX=0.0,alignmentY=0.0,border=,flags=9,maximumSize=,minimumSize=,preferredSize=]
2026-08-03 20:37:11,535 [INFO] NvicIntPanel:101 - NVIC parent = com.st.microxplorer.plugins.ip.nvic.MultiNvicIntPanel[,0,0,0x0,invalid,layout=javax.swing.BoxLayout,alignmentX=0.0,alignmentY=0.0,border=,flags=9,maximumSize=,minimumSize=,preferredSize=]
2026-08-03 20:37:11,588 [INFO] ADCParametersView:116 -                Rank 1 : false
2026-08-03 20:37:11,589 [INFO] ADCParametersView:116 -                Rank 1 : false
2026-08-03 20:37:11,589 [INFO] ADCParametersView:116 -                Rank 1 : false
2026-08-03 20:37:11,589 [INFO] ADCParametersView:116 -                Rank 1 : false
2026-08-03 20:37:11,589 [INFO] ADCParametersView:116 -                Rank 1 : false
2026-08-03 20:37:11,589 [INFO] ADCParametersView:116 -                Rank 1 : false
2026-08-03 20:37:11,590 [INFO] ADCParametersView:116 -                Rank 1 : false
2026-08-03 20:37:11,590 [INFO] ADCParametersView:116 -                Rank 1 : false
2026-08-03 20:37:11,590 [INFO] ADCParametersView:116 -                Rank 1 : false
2026-08-03 20:37:11,590 [INFO] ADCParametersView:116 -                Rank 1 : false
2026-08-03 20:37:11,590 [INFO] ADCParametersView:116 -                Rank 1 : false
2026-08-03 20:37:11,590 [INFO] ADCParametersView:116 -                Rank 1 : false
2026-08-03 20:37:11,590 [INFO] ADCParametersView:116 -                Rank 1 : false
2026-08-03 20:37:11,590 [INFO] ADCParametersView:116 -                Rank 1 : false
2026-08-03 20:37:11,590 [INFO] ADCParametersView:116 -                Rank 1 : false
2026-08-03 20:37:11,590 [INFO] ADCParametersView:116 -                Rank 1 : false
2026-08-03 20:37:11,590 [INFO] ADCParametersView:116 -                Rank 1 : false
2026-08-03 20:37:11,591 [INFO] ADCParametersView:116 -                Rank 1 : false
2026-08-03 20:37:11,591 [INFO] ADCParametersView:116 -                Rank 1 : false
2026-08-03 20:37:11,591 [INFO] ADCParametersView:116 -                Rank 1 : false
2026-08-03 20:37:11,614 [INFO] ADCParametersView:116 -                Rank 1 : false
2026-08-03 20:37:11,647 [INFO] ADCParametersView:116 -                Rank 1 : false
2026-08-03 20:37:11,647 [INFO] ADCParametersView:116 -                Rank 1 : false
2026-08-03 20:37:11,648 [INFO] ADCParametersView:116 -                Rank 1 : false
2026-08-03 20:37:11,648 [INFO] ADCParametersView:116 -                Rank 1 : false
2026-08-03 20:37:11,648 [INFO] ADCParametersView:116 -                Rank 1 : false
2026-08-03 20:37:11,648 [INFO] ADCParametersView:116 -                Rank 1 : false
2026-08-03 20:37:11,648 [INFO] ADCParametersView:116 -                Rank 1 : false
2026-08-03 20:37:11,648 [INFO] ADCParametersView:116 -                Rank 1 : false
2026-08-03 20:37:11,648 [INFO] ADCParametersView:116 -                Rank 1 : false
2026-08-03 20:37:11,648 [INFO] ADCParametersView:116 -                Rank 1 : false
2026-08-03 20:37:11,648 [INFO] ADCParametersView:116 -                Rank 1 : false
2026-08-03 20:37:11,648 [INFO] ADCParametersView:116 -                Rank 1 : false
2026-08-03 20:37:11,648 [INFO] ADCParametersView:116 -                Rank 1 : false
2026-08-03 20:37:11,649 [INFO] ADCParametersView:116 -                Rank 1 : false
2026-08-03 20:37:11,649 [INFO] ADCParametersView:116 -                Rank 1 : false
2026-08-03 20:37:11,649 [INFO] ADCParametersView:116 -                Rank 1 : false
2026-08-03 20:37:11,649 [INFO] ADCParametersView:116 -                Rank 1 : false
2026-08-03 20:37:11,649 [INFO] ADCParametersView:116 -                Rank 1 : false
2026-08-03 20:37:11,649 [INFO] ADCParametersView:116 -                Rank 1 : false
2026-08-03 20:37:11,649 [INFO] ADCParametersView:116 -                Rank 1 : false
2026-08-03 20:37:11,675 [INFO] ADCParametersView:116 -                Rank 1 : false
2026-08-03 20:37:13,305 [INFO] ADCParametersView:116 -                Rank 1 : false
2026-08-03 20:37:13,305 [INFO] ADCParametersView:116 -                Rank 1 : false
2026-08-03 20:37:13,306 [INFO] ADCParametersView:116 -                Rank 1 : false
2026-08-03 20:37:13,306 [INFO] ADCParametersView:116 -                Rank 1 : false
2026-08-03 20:37:13,306 [INFO] ADCParametersView:116 -                Rank 1 : false
2026-08-03 20:37:13,306 [INFO] ADCParametersView:116 -                Rank 1 : false
2026-08-03 20:37:13,306 [INFO] ADCParametersView:116 -                Rank 1 : false
2026-08-03 20:37:13,306 [INFO] ADCParametersView:116 -                Rank 1 : false
2026-08-03 20:37:13,306 [INFO] ADCParametersView:116 -                Rank 1 : false
2026-08-03 20:37:13,306 [INFO] ADCParametersView:116 -                Rank 1 : false
2026-08-03 20:37:13,306 [INFO] ADCParametersView:116 -                Rank 1 : false
2026-08-03 20:37:13,306 [INFO] ADCParametersView:116 -                Rank 1 : false
2026-08-03 20:37:13,307 [INFO] ADCParametersView:116 -                Rank 1 : false
2026-08-03 20:37:13,307 [INFO] ADCParametersView:116 -                Rank 1 : false
2026-08-03 20:37:13,307 [INFO] ADCParametersView:116 -                Rank 1 : false
2026-08-03 20:37:13,307 [INFO] ADCParametersView:116 -                Rank 1 : false
2026-08-03 20:37:13,307 [INFO] ADCParametersView:116 -                Rank 1 : false
2026-08-03 20:37:13,307 [INFO] ADCParametersView:116 -                Rank 1 : false
2026-08-03 20:37:13,307 [INFO] ADCParametersView:116 -                Rank 1 : false
2026-08-03 20:37:13,307 [INFO] ADCParametersView:116 -                Rank 1 : false
2026-08-03 20:37:13,314 [INFO] ADCParametersView:116 -                Rank 1 : false
2026-08-03 20:37:13,339 [INFO] ADCParametersView:116 -                Rank 1 : false
2026-08-03 20:37:13,340 [INFO] ADCParametersView:116 -                Rank 1 : false
2026-08-03 20:37:13,340 [INFO] ADCParametersView:116 -                Rank 1 : false
2026-08-03 20:37:13,340 [INFO] ADCParametersView:116 -                Rank 1 : false
2026-08-03 20:37:13,340 [INFO] ADCParametersView:116 -                Rank 1 : false
2026-08-03 20:37:13,340 [INFO] ADCParametersView:116 -                Rank 1 : false
2026-08-03 20:37:13,340 [INFO] ADCParametersView:116 -                Rank 1 : false
2026-08-03 20:37:13,340 [INFO] ADCParametersView:116 -                Rank 1 : false
2026-08-03 20:37:13,340 [INFO] ADCParametersView:116 -                Rank 1 : false
2026-08-03 20:37:13,341 [INFO] ADCParametersView:116 -                Rank 1 : false
2026-08-03 20:37:13,341 [INFO] ADCParametersView:116 -                Rank 1 : false
2026-08-03 20:37:13,341 [INFO] ADCParametersView:116 -                Rank 1 : false
2026-08-03 20:37:13,341 [INFO] ADCParametersView:116 -                Rank 1 : false
2026-08-03 20:37:13,341 [INFO] ADCParametersView:116 -                Rank 1 : false
2026-08-03 20:37:13,341 [INFO] ADCParametersView:116 -                Rank 1 : false
2026-08-03 20:37:13,341 [INFO] ADCParametersView:116 -                Rank 1 : false
2026-08-03 20:37:13,341 [INFO] ADCParametersView:116 -                Rank 1 : false
2026-08-03 20:37:13,341 [INFO] ADCParametersView:116 -                Rank 1 : false
2026-08-03 20:37:13,341 [INFO] ADCParametersView:116 -                Rank 1 : false
2026-08-03 20:37:13,341 [INFO] ADCParametersView:116 -                Rank 1 : false
2026-08-03 20:37:13,350 [INFO] ADCParametersView:116 -                Rank 1 : false
2026-08-03 20:37:13,389 [INFO] ADCParametersView:116 -                Rank 1 : false
2026-08-03 20:37:13,389 [INFO] ADCParametersView:116 -                Rank 1 : false
2026-08-03 20:37:13,389 [INFO] ADCParametersView:116 -                Rank 1 : false
2026-08-03 20:37:13,389 [INFO] ADCParametersView:116 -                Rank 1 : false
2026-08-03 20:37:13,389 [INFO] ADCParametersView:116 -                Rank 1 : false
2026-08-03 20:37:13,389 [INFO] ADCParametersView:116 -                Rank 1 : false
2026-08-03 20:37:13,390 [INFO] ADCParametersView:116 -                Rank 1 : false
2026-08-03 20:37:13,390 [INFO] ADCParametersView:116 -                Rank 1 : false
2026-08-03 20:37:13,390 [INFO] ADCParametersView:116 -                Rank 1 : false
2026-08-03 20:37:13,390 [INFO] ADCParametersView:116 -                Rank 1 : false
2026-08-03 20:37:13,390 [INFO] ADCParametersView:116 -                Rank 1 : false
2026-08-03 20:37:13,390 [INFO] ADCParametersView:116 -                Rank 1 : false
2026-08-03 20:37:13,390 [INFO] ADCParametersView:116 -                Rank 1 : false
2026-08-03 20:37:13,390 [INFO] ADCParametersView:116 -                Rank 1 : false
2026-08-03 20:37:13,390 [INFO] ADCParametersView:116 -                Rank 1 : false
2026-08-03 20:37:13,390 [INFO] ADCParametersView:116 -                Rank 1 : false
2026-08-03 20:37:13,390 [INFO] ADCParametersView:116 -                Rank 1 : false
2026-08-03 20:37:13,390 [INFO] ADCParametersView:116 -                Rank 1 : false
2026-08-03 20:37:13,390 [INFO] ADCParametersView:116 -                Rank 1 : false
2026-08-03 20:37:13,390 [INFO] ADCParametersView:116 -                Rank 1 : false
2026-08-03 20:37:13,411 [INFO] ADCParametersView:116 -                Rank 1 : false
2026-08-03 20:37:13,439 [INFO] ADCParametersView:116 -                Rank 1 : false
2026-08-03 20:37:13,440 [INFO] ADCParametersView:116 -                Rank 1 : false
2026-08-03 20:37:13,440 [INFO] ADCParametersView:116 -                Rank 1 : false
2026-08-03 20:37:13,440 [INFO] ADCParametersView:116 -                Rank 1 : false
2026-08-03 20:37:13,440 [INFO] ADCParametersView:116 -                Rank 1 : false
2026-08-03 20:37:13,440 [INFO] ADCParametersView:116 -                Rank 1 : false
2026-08-03 20:37:13,440 [INFO] ADCParametersView:116 -                Rank 1 : false
2026-08-03 20:37:13,440 [INFO] ADCParametersView:116 -                Rank 1 : false
2026-08-03 20:37:13,440 [INFO] ADCParametersView:116 -                Rank 1 : false
2026-08-03 20:37:13,440 [INFO] ADCParametersView:116 -                Rank 1 : false
2026-08-03 20:37:13,440 [INFO] ADCParametersView:116 -                Rank 1 : false
2026-08-03 20:37:13,440 [INFO] ADCParametersView:116 -                Rank 1 : false
2026-08-03 20:37:13,440 [INFO] ADCParametersView:116 -                Rank 1 : false
2026-08-03 20:37:13,440 [INFO] ADCParametersView:116 -                Rank 1 : false
2026-08-03 20:37:13,440 [INFO] ADCParametersView:116 -                Rank 1 : false
2026-08-03 20:37:13,441 [INFO] ADCParametersView:116 -                Rank 1 : false
2026-08-03 20:37:13,441 [INFO] ADCParametersView:116 -                Rank 1 : false
2026-08-03 20:37:13,441 [INFO] ADCParametersView:116 -                Rank 1 : false
2026-08-03 20:37:13,441 [INFO] ADCParametersView:116 -                Rank 1 : false
2026-08-03 20:37:13,441 [INFO] ADCParametersView:116 -                Rank 1 : false
2026-08-03 20:37:13,459 [INFO] ADCParametersView:116 -                Rank 1 : false
2026-08-03 20:37:13,540 [INFO] ADCParametersView:116 -                Rank 1 : false
2026-08-03 20:37:13,540 [INFO] ADCParametersView:116 -                Rank 1 : false
2026-08-03 20:37:13,540 [INFO] ADCParametersView:116 -                Rank 1 : false
2026-08-03 20:37:13,540 [INFO] ADCParametersView:116 -                Rank 1 : false
2026-08-03 20:37:13,540 [INFO] ADCParametersView:116 -                Rank 1 : false
2026-08-03 20:37:13,540 [INFO] ADCParametersView:116 -                Rank 1 : false
2026-08-03 20:37:13,540 [INFO] ADCParametersView:116 -                Rank 1 : false
2026-08-03 20:37:13,540 [INFO] ADCParametersView:116 -                Rank 1 : false
2026-08-03 20:37:13,540 [INFO] ADCParametersView:116 -                Rank 1 : false
2026-08-03 20:37:13,540 [INFO] ADCParametersView:116 -                Rank 1 : false
2026-08-03 20:37:13,540 [INFO] ADCParametersView:116 -                Rank 1 : false
2026-08-03 20:37:13,540 [INFO] ADCParametersView:116 -                Rank 1 : false
2026-08-03 20:37:13,540 [INFO] ADCParametersView:116 -                Rank 1 : false
2026-08-03 20:37:13,540 [INFO] ADCParametersView:116 -                Rank 1 : false
2026-08-03 20:37:13,541 [INFO] ADCParametersView:116 -                Rank 1 : false
2026-08-03 20:37:13,541 [INFO] ADCParametersView:116 -                Rank 1 : false
2026-08-03 20:37:13,541 [INFO] ADCParametersView:116 -                Rank 1 : false
2026-08-03 20:37:13,541 [INFO] ADCParametersView:116 -                Rank 1 : false
2026-08-03 20:37:13,541 [INFO] ADCParametersView:116 -                Rank 1 : false
2026-08-03 20:37:13,541 [INFO] ADCParametersView:116 -                Rank 1 : false
2026-08-03 20:37:13,561 [INFO] ADCParametersView:116 -                Rank 1 : false
2026-08-03 20:37:13,594 [INFO] ADCParametersView:116 -                Rank 1 : false
2026-08-03 20:37:13,594 [INFO] ADCParametersView:116 -                Rank 1 : false
2026-08-03 20:37:13,594 [INFO] ADCParametersView:116 -                Rank 1 : false
2026-08-03 20:37:13,594 [INFO] ADCParametersView:116 -                Rank 1 : false
2026-08-03 20:37:13,594 [INFO] ADCParametersView:116 -                Rank 1 : false
2026-08-03 20:37:13,594 [INFO] ADCParametersView:116 -                Rank 1 : false
2026-08-03 20:37:13,594 [INFO] ADCParametersView:116 -                Rank 1 : false
2026-08-03 20:37:13,594 [INFO] ADCParametersView:116 -                Rank 1 : false
2026-08-03 20:37:13,594 [INFO] ADCParametersView:116 -                Rank 1 : false
2026-08-03 20:37:13,595 [INFO] ADCParametersView:116 -                Rank 1 : false
2026-08-03 20:37:13,595 [INFO] ADCParametersView:116 -                Rank 1 : false
2026-08-03 20:37:13,595 [INFO] ADCParametersView:116 -                Rank 1 : false
2026-08-03 20:37:13,595 [INFO] ADCParametersView:116 -                Rank 1 : false
2026-08-03 20:37:13,595 [INFO] ADCParametersView:116 -                Rank 1 : false
2026-08-03 20:37:13,595 [INFO] ADCParametersView:116 -                Rank 1 : false
2026-08-03 20:37:13,595 [INFO] ADCParametersView:116 -                Rank 1 : false
2026-08-03 20:37:13,595 [INFO] ADCParametersView:116 -                Rank 1 : false
2026-08-03 20:37:13,595 [INFO] ADCParametersView:116 -                Rank 1 : false
2026-08-03 20:37:13,595 [INFO] ADCParametersView:116 -                Rank 1 : false
2026-08-03 20:37:13,595 [INFO] ADCParametersView:116 -                Rank 1 : false
2026-08-03 20:37:13,616 [INFO] ADCParametersView:116 -                Rank 1 : false
2026-08-03 20:37:16,175 [INFO] ADCParametersView:116 -                Rank 1 : false
2026-08-03 20:37:16,176 [INFO] ADCParametersView:116 -                Rank 1 : false
2026-08-03 20:37:16,176 [INFO] ADCParametersView:116 -                Rank 1 : false
2026-08-03 20:37:16,176 [INFO] ADCParametersView:116 -                Rank 1 : false
2026-08-03 20:37:16,176 [INFO] ADCParametersView:116 -                Rank 1 : false
2026-08-03 20:37:16,176 [INFO] ADCParametersView:116 -                Rank 1 : false
2026-08-03 20:37:16,176 [INFO] ADCParametersView:116 -                Rank 1 : false
2026-08-03 20:37:16,176 [INFO] ADCParametersView:116 -                Rank 1 : false
2026-08-03 20:37:16,176 [INFO] ADCParametersView:116 -                Rank 1 : false
2026-08-03 20:37:16,176 [INFO] ADCParametersView:116 -                Rank 1 : false
2026-08-03 20:37:16,176 [INFO] ADCParametersView:116 -                Rank 1 : false
2026-08-03 20:37:16,176 [INFO] ADCParametersView:116 -                Rank 1 : false
2026-08-03 20:37:16,176 [INFO] ADCParametersView:116 -                Rank 1 : false
2026-08-03 20:37:16,176 [INFO] ADCParametersView:116 -                Rank 1 : false
2026-08-03 20:37:16,176 [INFO] ADCParametersView:116 -                Rank 1 : false
2026-08-03 20:37:16,176 [INFO] ADCParametersView:116 -                Rank 1 : false
2026-08-03 20:37:16,176 [INFO] ADCParametersView:116 -                Rank 1 : false
2026-08-03 20:37:16,176 [INFO] ADCParametersView:116 -                Rank 1 : false
2026-08-03 20:37:16,176 [INFO] ADCParametersView:116 -                Rank 1 : false
2026-08-03 20:37:16,176 [INFO] ADCParametersView:116 -                Rank 1 : false
2026-08-03 20:37:16,182 [INFO] ADCParametersView:116 -                Rank 1 : false
2026-08-03 20:37:16,197 [INFO] ADCParametersView:116 -                Rank 1 : false
2026-08-03 20:37:16,197 [INFO] ADCParametersView:116 -                Rank 1 : false
2026-08-03 20:37:16,197 [INFO] ADCParametersView:116 -                Rank 1 : false
2026-08-03 20:37:16,197 [INFO] ADCParametersView:116 -                Rank 1 : false
2026-08-03 20:37:16,197 [INFO] ADCParametersView:116 -                Rank 1 : false
2026-08-03 20:37:16,197 [INFO] ADCParametersView:116 -                Rank 1 : false
2026-08-03 20:37:16,197 [INFO] ADCParametersView:116 -                Rank 1 : false
2026-08-03 20:37:16,197 [INFO] ADCParametersView:116 -                Rank 1 : false
2026-08-03 20:37:16,197 [INFO] ADCParametersView:116 -                Rank 1 : false
2026-08-03 20:37:16,197 [INFO] ADCParametersView:116 -                Rank 1 : false
2026-08-03 20:37:16,197 [INFO] ADCParametersView:116 -                Rank 1 : false
2026-08-03 20:37:16,197 [INFO] ADCParametersView:116 -                Rank 1 : false
2026-08-03 20:37:16,197 [INFO] ADCParametersView:116 -                Rank 1 : false
2026-08-03 20:37:16,197 [INFO] ADCParametersView:116 -                Rank 1 : false
2026-08-03 20:37:16,197 [INFO] ADCParametersView:116 -                Rank 1 : false
2026-08-03 20:37:16,197 [INFO] ADCParametersView:116 -                Rank 1 : false
2026-08-03 20:37:16,197 [INFO] ADCParametersView:116 -                Rank 1 : false
2026-08-03 20:37:16,197 [INFO] ADCParametersView:116 -                Rank 1 : false
2026-08-03 20:37:16,197 [INFO] ADCParametersView:116 -                Rank 1 : false
2026-08-03 20:37:16,197 [INFO] ADCParametersView:116 -                Rank 1 : false
2026-08-03 20:37:16,201 [INFO] ADCParametersView:116 -                Rank 1 : false
2026-08-03 20:37:16,244 [INFO] ADCParametersView:116 -                Rank 1 : false
2026-08-03 20:37:16,244 [INFO] ADCParametersView:116 -                Rank 1 : false
2026-08-03 20:37:16,244 [INFO] ADCParametersView:116 -                Rank 1 : false
2026-08-03 20:37:16,244 [INFO] ADCParametersView:116 -                Rank 1 : false
2026-08-03 20:37:16,245 [INFO] ADCParametersView:116 -                Rank 1 : false
2026-08-03 20:37:16,245 [INFO] ADCParametersView:116 -                Rank 1 : false
2026-08-03 20:37:16,245 [INFO] ADCParametersView:116 -                Rank 1 : false
2026-08-03 20:37:16,245 [INFO] ADCParametersView:116 -                Rank 1 : false
2026-08-03 20:37:16,245 [INFO] ADCParametersView:116 -                Rank 1 : false
2026-08-03 20:37:16,245 [INFO] ADCParametersView:116 -                Rank 1 : false
2026-08-03 20:37:16,245 [INFO] ADCParametersView:116 -                Rank 1 : false
2026-08-03 20:37:16,245 [INFO] ADCParametersView:116 -                Rank 1 : false
2026-08-03 20:37:16,245 [INFO] ADCParametersView:116 -                Rank 1 : false
2026-08-03 20:37:16,245 [INFO] ADCParametersView:116 -                Rank 1 : false
2026-08-03 20:37:16,245 [INFO] ADCParametersView:116 -                Rank 1 : false
2026-08-03 20:37:16,245 [INFO] ADCParametersView:116 -                Rank 1 : false
2026-08-03 20:37:16,245 [INFO] ADCParametersView:116 -                Rank 1 : false
2026-08-03 20:37:16,245 [INFO] ADCParametersView:116 -                Rank 1 : false
2026-08-03 20:37:16,245 [INFO] ADCParametersView:116 -                Rank 1 : false
2026-08-03 20:37:16,245 [INFO] ADCParametersView:116 -                Rank 1 : false
2026-08-03 20:37:16,266 [INFO] ADCParametersView:116 -                Rank 1 : false
2026-08-03 20:37:16,298 [INFO] ADCParametersView:116 -                Rank 1 : false
2026-08-03 20:37:16,298 [INFO] ADCParametersView:116 -                Rank 1 : false
2026-08-03 20:37:16,298 [INFO] ADCParametersView:116 -                Rank 1 : false
2026-08-03 20:37:16,298 [INFO] ADCParametersView:116 -                Rank 1 : false
2026-08-03 20:37:16,298 [INFO] ADCParametersView:116 -                Rank 1 : false
2026-08-03 20:37:16,298 [INFO] ADCParametersView:116 -                Rank 1 : false
2026-08-03 20:37:16,298 [INFO] ADCParametersView:116 -                Rank 1 : false
2026-08-03 20:37:16,298 [INFO] ADCParametersView:116 -                Rank 1 : false
2026-08-03 20:37:16,298 [INFO] ADCParametersView:116 -                Rank 1 : false
2026-08-03 20:37:16,299 [INFO] ADCParametersView:116 -                Rank 1 : false
2026-08-03 20:37:16,299 [INFO] ADCParametersView:116 -                Rank 1 : false
2026-08-03 20:37:16,299 [INFO] ADCParametersView:116 -                Rank 1 : false
2026-08-03 20:37:16,299 [INFO] ADCParametersView:116 -                Rank 1 : false
2026-08-03 20:37:16,299 [INFO] ADCParametersView:116 -                Rank 1 : false
2026-08-03 20:37:16,299 [INFO] ADCParametersView:116 -                Rank 1 : false
2026-08-03 20:37:16,299 [INFO] ADCParametersView:116 -                Rank 1 : false
2026-08-03 20:37:16,299 [INFO] ADCParametersView:116 -                Rank 1 : false
2026-08-03 20:37:16,299 [INFO] ADCParametersView:116 -                Rank 1 : false
2026-08-03 20:37:16,299 [INFO] ADCParametersView:116 -                Rank 1 : false
2026-08-03 20:37:16,299 [INFO] ADCParametersView:116 -                Rank 1 : false
2026-08-03 20:37:16,320 [INFO] ADCParametersView:116 -                Rank 1 : false
2026-08-03 20:37:16,388 [INFO] ADCParametersView:116 -                Rank 1 : false
2026-08-03 20:37:16,388 [INFO] ADCParametersView:116 -                Rank 1 : false
2026-08-03 20:37:16,388 [INFO] ADCParametersView:116 -                Rank 1 : false
2026-08-03 20:37:16,388 [INFO] ADCParametersView:116 -                Rank 1 : false
2026-08-03 20:37:16,388 [INFO] ADCParametersView:116 -                Rank 1 : false
2026-08-03 20:37:16,388 [INFO] ADCParametersView:116 -                Rank 1 : false
2026-08-03 20:37:16,388 [INFO] ADCParametersView:116 -                Rank 1 : false
2026-08-03 20:37:16,389 [INFO] ADCParametersView:116 -                Rank 1 : false
2026-08-03 20:37:16,389 [INFO] ADCParametersView:116 -                Rank 1 : false
2026-08-03 20:37:16,389 [INFO] ADCParametersView:116 -                Rank 1 : false
2026-08-03 20:37:16,389 [INFO] ADCParametersView:116 -                Rank 1 : false
2026-08-03 20:37:16,389 [INFO] ADCParametersView:116 -                Rank 1 : false
2026-08-03 20:37:16,389 [INFO] ADCParametersView:116 -                Rank 1 : false
2026-08-03 20:37:16,389 [INFO] ADCParametersView:116 -                Rank 1 : false
2026-08-03 20:37:16,389 [INFO] ADCParametersView:116 -                Rank 1 : false
2026-08-03 20:37:16,389 [INFO] ADCParametersView:116 -                Rank 1 : false
2026-08-03 20:37:16,389 [INFO] ADCParametersView:116 -                Rank 1 : false
2026-08-03 20:37:16,389 [INFO] ADCParametersView:116 -                Rank 1 : false
2026-08-03 20:37:16,389 [INFO] ADCParametersView:116 -                Rank 1 : false
2026-08-03 20:37:16,389 [INFO] ADCParametersView:116 -                Rank 1 : false
2026-08-03 20:37:16,408 [INFO] ADCParametersView:116 -                Rank 1 : false
2026-08-03 20:37:16,431 [INFO] ADCParametersView:116 -                Rank 1 : false
2026-08-03 20:37:16,431 [INFO] ADCParametersView:116 -                Rank 1 : false
2026-08-03 20:37:16,431 [INFO] ADCParametersView:116 -                Rank 1 : false
2026-08-03 20:37:16,431 [INFO] ADCParametersView:116 -                Rank 1 : false
2026-08-03 20:37:16,431 [INFO] ADCParametersView:116 -                Rank 1 : false
2026-08-03 20:37:16,431 [INFO] ADCParametersView:116 -                Rank 1 : false
2026-08-03 20:37:16,431 [INFO] ADCParametersView:116 -                Rank 1 : false
2026-08-03 20:37:16,431 [INFO] ADCParametersView:116 -                Rank 1 : false
2026-08-03 20:37:16,431 [INFO] ADCParametersView:116 -                Rank 1 : false
2026-08-03 20:37:16,431 [INFO] ADCParametersView:116 -                Rank 1 : false
2026-08-03 20:37:16,431 [INFO] ADCParametersView:116 -                Rank 1 : false
2026-08-03 20:37:16,431 [INFO] ADCParametersView:116 -                Rank 1 : false
2026-08-03 20:37:16,431 [INFO] ADCParametersView:116 -                Rank 1 : false
2026-08-03 20:37:16,431 [INFO] ADCParametersView:116 -                Rank 1 : false
2026-08-03 20:37:16,431 [INFO] ADCParametersView:116 -                Rank 1 : false
2026-08-03 20:37:16,431 [INFO] ADCParametersView:116 -                Rank 1 : false
2026-08-03 20:37:16,431 [INFO] ADCParametersView:116 -                Rank 1 : false
2026-08-03 20:37:16,431 [INFO] ADCParametersView:116 -                Rank 1 : false
2026-08-03 20:37:16,431 [INFO] ADCParametersView:116 -                Rank 1 : false
2026-08-03 20:37:16,431 [INFO] ADCParametersView:116 -                Rank 1 : false
2026-08-03 20:37:16,451 [INFO] ADCParametersView:116 -                Rank 1 : false
2026-08-03 20:37:19,918 [INFO] ADCParametersView:116 -                Rank 1 : false
2026-08-03 20:37:19,918 [INFO] ADCParametersView:116 -                Rank 1 : false
2026-08-03 20:37:19,918 [INFO] ADCParametersView:116 -                Rank 1 : false
2026-08-03 20:37:19,918 [INFO] ADCParametersView:116 -                Rank 1 : false
2026-08-03 20:37:19,918 [INFO] ADCParametersView:116 -                Rank 1 : false
2026-08-03 20:37:19,918 [INFO] ADCParametersView:116 -                Rank 1 : false
2026-08-03 20:37:19,918 [INFO] ADCParametersView:116 -                Rank 1 : false
2026-08-03 20:37:19,918 [INFO] ADCParametersView:116 -                Rank 1 : false
2026-08-03 20:37:19,918 [INFO] ADCParametersView:116 -                Rank 1 : false
2026-08-03 20:37:19,918 [INFO] ADCParametersView:116 -                Rank 1 : false
2026-08-03 20:37:19,918 [INFO] ADCParametersView:116 -                Rank 1 : false
2026-08-03 20:37:19,918 [INFO] ADCParametersView:116 -                Rank 1 : false
2026-08-03 20:37:19,918 [INFO] ADCParametersView:116 -                Rank 1 : false
2026-08-03 20:37:19,918 [INFO] ADCParametersView:116 -                Rank 1 : false
2026-08-03 20:37:19,918 [INFO] ADCParametersView:116 -                Rank 1 : false
2026-08-03 20:37:19,919 [INFO] ADCParametersView:116 -                Rank 1 : false
2026-08-03 20:37:19,919 [INFO] ADCParametersView:116 -                Rank 1 : false
2026-08-03 20:37:19,919 [INFO] ADCParametersView:116 -                Rank 1 : false
2026-08-03 20:37:19,919 [INFO] ADCParametersView:116 -                Rank 1 : false
2026-08-03 20:37:19,919 [INFO] ADCParametersView:116 -                Rank 1 : false
2026-08-03 20:37:19,923 [INFO] ADCParametersView:116 -                Rank 1 : false
2026-08-03 20:37:19,935 [INFO] ADCParametersView:116 -                Rank 1 : false
2026-08-03 20:37:19,935 [INFO] ADCParametersView:116 -                Rank 1 : false
2026-08-03 20:37:19,935 [INFO] ADCParametersView:116 -                Rank 1 : false
2026-08-03 20:37:19,935 [INFO] ADCParametersView:116 -                Rank 1 : false
2026-08-03 20:37:19,935 [INFO] ADCParametersView:116 -                Rank 1 : false
2026-08-03 20:37:19,935 [INFO] ADCParametersView:116 -                Rank 1 : false
2026-08-03 20:37:19,935 [INFO] ADCParametersView:116 -                Rank 1 : false
2026-08-03 20:37:19,935 [INFO] ADCParametersView:116 -                Rank 1 : false
2026-08-03 20:37:19,935 [INFO] ADCParametersView:116 -                Rank 1 : false
2026-08-03 20:37:19,935 [INFO] ADCParametersView:116 -                Rank 1 : false
2026-08-03 20:37:19,935 [INFO] ADCParametersView:116 -                Rank 1 : false
2026-08-03 20:37:19,935 [INFO] ADCParametersView:116 -                Rank 1 : false
2026-08-03 20:37:19,935 [INFO] ADCParametersView:116 -                Rank 1 : false
2026-08-03 20:37:19,935 [INFO] ADCParametersView:116 -                Rank 1 : false
2026-08-03 20:37:19,935 [INFO] ADCParametersView:116 -                Rank 1 : false
2026-08-03 20:37:19,935 [INFO] ADCParametersView:116 -                Rank 1 : false
2026-08-03 20:37:19,936 [INFO] ADCParametersView:116 -                Rank 1 : false
2026-08-03 20:37:19,936 [INFO] ADCParametersView:116 -                Rank 1 : false
2026-08-03 20:37:19,936 [INFO] ADCParametersView:116 -                Rank 1 : false
2026-08-03 20:37:19,936 [INFO] ADCParametersView:116 -                Rank 1 : false
2026-08-03 20:37:19,940 [INFO] ADCParametersView:116 -                Rank 1 : false
2026-08-03 20:37:19,973 [INFO] ADCParametersView:116 -                Rank 1 : false
2026-08-03 20:37:19,973 [INFO] ADCParametersView:116 -                Rank 1 : false
2026-08-03 20:37:19,973 [INFO] ADCParametersView:116 -                Rank 1 : false
2026-08-03 20:37:19,973 [INFO] ADCParametersView:116 -                Rank 1 : false
2026-08-03 20:37:19,973 [INFO] ADCParametersView:116 -                Rank 1 : false
2026-08-03 20:37:19,973 [INFO] ADCParametersView:116 -                Rank 1 : false
2026-08-03 20:37:19,973 [INFO] ADCParametersView:116 -                Rank 1 : false
2026-08-03 20:37:19,973 [INFO] ADCParametersView:116 -                Rank 1 : false
2026-08-03 20:37:19,973 [INFO] ADCParametersView:116 -                Rank 1 : false
2026-08-03 20:37:19,973 [INFO] ADCParametersView:116 -                Rank 1 : false
2026-08-03 20:37:19,973 [INFO] ADCParametersView:116 -                Rank 1 : false
2026-08-03 20:37:19,974 [INFO] ADCParametersView:116 -                Rank 1 : false
2026-08-03 20:37:19,974 [INFO] ADCParametersView:116 -                Rank 1 : false
2026-08-03 20:37:19,974 [INFO] ADCParametersView:116 -                Rank 1 : false
2026-08-03 20:37:19,974 [INFO] ADCParametersView:116 -                Rank 1 : false
2026-08-03 20:37:19,974 [INFO] ADCParametersView:116 -                Rank 1 : false
2026-08-03 20:37:19,974 [INFO] ADCParametersView:116 -                Rank 1 : false
2026-08-03 20:37:19,974 [INFO] ADCParametersView:116 -                Rank 1 : false
2026-08-03 20:37:19,974 [INFO] ADCParametersView:116 -                Rank 1 : false
2026-08-03 20:37:19,974 [INFO] ADCParametersView:116 -                Rank 1 : false
2026-08-03 20:37:19,997 [INFO] ADCParametersView:116 -                Rank 1 : false
2026-08-03 20:37:20,033 [INFO] ADCParametersView:116 -                Rank 1 : false
2026-08-03 20:37:20,034 [INFO] ADCParametersView:116 -                Rank 1 : false
2026-08-03 20:37:20,034 [INFO] ADCParametersView:116 -                Rank 1 : false
2026-08-03 20:37:20,034 [INFO] ADCParametersView:116 -                Rank 1 : false
2026-08-03 20:37:20,034 [INFO] ADCParametersView:116 -                Rank 1 : false
2026-08-03 20:37:20,034 [INFO] ADCParametersView:116 -                Rank 1 : false
2026-08-03 20:37:20,034 [INFO] ADCParametersView:116 -                Rank 1 : false
2026-08-03 20:37:20,034 [INFO] ADCParametersView:116 -                Rank 1 : false
2026-08-03 20:37:20,034 [INFO] ADCParametersView:116 -                Rank 1 : false
2026-08-03 20:37:20,034 [INFO] ADCParametersView:116 -                Rank 1 : false
2026-08-03 20:37:20,034 [INFO] ADCParametersView:116 -                Rank 1 : false
2026-08-03 20:37:20,034 [INFO] ADCParametersView:116 -                Rank 1 : false
2026-08-03 20:37:20,034 [INFO] ADCParametersView:116 -                Rank 1 : false
2026-08-03 20:37:20,034 [INFO] ADCParametersView:116 -                Rank 1 : false
2026-08-03 20:37:20,034 [INFO] ADCParametersView:116 -                Rank 1 : false
2026-08-03 20:37:20,034 [INFO] ADCParametersView:116 -                Rank 1 : false
2026-08-03 20:37:20,034 [INFO] ADCParametersView:116 -                Rank 1 : false
2026-08-03 20:37:20,034 [INFO] ADCParametersView:116 -                Rank 1 : false
2026-08-03 20:37:20,034 [INFO] ADCParametersView:116 -                Rank 1 : false
2026-08-03 20:37:20,034 [INFO] ADCParametersView:116 -                Rank 1 : false
2026-08-03 20:37:20,063 [INFO] ADCParametersView:116 -                Rank 1 : false
2026-08-03 20:37:20,140 [INFO] ADCParametersView:116 -                Rank 1 : false
2026-08-03 20:37:20,140 [INFO] ADCParametersView:116 -                Rank 1 : false
2026-08-03 20:37:20,140 [INFO] ADCParametersView:116 -                Rank 1 : false
2026-08-03 20:37:20,140 [INFO] ADCParametersView:116 -                Rank 1 : false
2026-08-03 20:37:20,140 [INFO] ADCParametersView:116 -                Rank 1 : false
2026-08-03 20:37:20,140 [INFO] ADCParametersView:116 -                Rank 1 : false
2026-08-03 20:37:20,140 [INFO] ADCParametersView:116 -                Rank 1 : false
2026-08-03 20:37:20,140 [INFO] ADCParametersView:116 -                Rank 1 : false
2026-08-03 20:37:20,140 [INFO] ADCParametersView:116 -                Rank 1 : false
2026-08-03 20:37:20,140 [INFO] ADCParametersView:116 -                Rank 1 : false
2026-08-03 20:37:20,140 [INFO] ADCParametersView:116 -                Rank 1 : false
2026-08-03 20:37:20,140 [INFO] ADCParametersView:116 -                Rank 1 : false
2026-08-03 20:37:20,141 [INFO] ADCParametersView:116 -                Rank 1 : false
2026-08-03 20:37:20,141 [INFO] ADCParametersView:116 -                Rank 1 : false
2026-08-03 20:37:20,141 [INFO] ADCParametersView:116 -                Rank 1 : false
2026-08-03 20:37:20,141 [INFO] ADCParametersView:116 -                Rank 1 : false
2026-08-03 20:37:20,141 [INFO] ADCParametersView:116 -                Rank 1 : false
2026-08-03 20:37:20,141 [INFO] ADCParametersView:116 -                Rank 1 : false
2026-08-03 20:37:20,141 [INFO] ADCParametersView:116 -                Rank 1 : false
2026-08-03 20:37:20,141 [INFO] ADCParametersView:116 -                Rank 1 : false
2026-08-03 20:37:20,160 [INFO] ADCParametersView:116 -                Rank 1 : false
2026-08-03 20:37:20,186 [INFO] ADCParametersView:116 -                Rank 1 : false
2026-08-03 20:37:20,186 [INFO] ADCParametersView:116 -                Rank 1 : false
2026-08-03 20:37:20,186 [INFO] ADCParametersView:116 -                Rank 1 : false
2026-08-03 20:37:20,186 [INFO] ADCParametersView:116 -                Rank 1 : false
2026-08-03 20:37:20,186 [INFO] ADCParametersView:116 -                Rank 1 : false
2026-08-03 20:37:20,186 [INFO] ADCParametersView:116 -                Rank 1 : false
2026-08-03 20:37:20,186 [INFO] ADCParametersView:116 -                Rank 1 : false
2026-08-03 20:37:20,186 [INFO] ADCParametersView:116 -                Rank 1 : false
2026-08-03 20:37:20,186 [INFO] ADCParametersView:116 -                Rank 1 : false
2026-08-03 20:37:20,186 [INFO] ADCParametersView:116 -                Rank 1 : false
2026-08-03 20:37:20,186 [INFO] ADCParametersView:116 -                Rank 1 : false
2026-08-03 20:37:20,186 [INFO] ADCParametersView:116 -                Rank 1 : false
2026-08-03 20:37:20,186 [INFO] ADCParametersView:116 -                Rank 1 : false
2026-08-03 20:37:20,186 [INFO] ADCParametersView:116 -                Rank 1 : false
2026-08-03 20:37:20,186 [INFO] ADCParametersView:116 -                Rank 1 : false
2026-08-03 20:37:20,186 [INFO] ADCParametersView:116 -                Rank 1 : false
2026-08-03 20:37:20,186 [INFO] ADCParametersView:116 -                Rank 1 : false
2026-08-03 20:37:20,186 [INFO] ADCParametersView:116 -                Rank 1 : false
2026-08-03 20:37:20,186 [INFO] ADCParametersView:116 -                Rank 1 : false
2026-08-03 20:37:20,186 [INFO] ADCParametersView:116 -                Rank 1 : false
2026-08-03 20:37:20,202 [INFO] ADCParametersView:116 -                Rank 1 : false
2026-08-03 20:37:21,907 [INFO] ADCParametersView:116 -                Rank 1 : false
2026-08-03 20:37:21,907 [INFO] ADCParametersView:116 -                Rank 1 : false
2026-08-03 20:37:21,907 [INFO] ADCParametersView:116 -                Rank 1 : false
2026-08-03 20:37:21,907 [INFO] ADCParametersView:116 -                Rank 1 : false
2026-08-03 20:37:21,907 [INFO] ADCParametersView:116 -                Rank 1 : false
2026-08-03 20:37:21,907 [INFO] ADCParametersView:116 -                Rank 1 : false
2026-08-03 20:37:21,907 [INFO] ADCParametersView:116 -                Rank 1 : false
2026-08-03 20:37:21,907 [INFO] ADCParametersView:116 -                Rank 1 : false
2026-08-03 20:37:21,907 [INFO] ADCParametersView:116 -                Rank 1 : false
2026-08-03 20:37:21,907 [INFO] ADCParametersView:116 -                Rank 1 : false
2026-08-03 20:37:21,907 [INFO] ADCParametersView:116 -                Rank 1 : false
2026-08-03 20:37:21,907 [INFO] ADCParametersView:116 -                Rank 1 : false
2026-08-03 20:37:21,907 [INFO] ADCParametersView:116 -                Rank 1 : false
2026-08-03 20:37:21,907 [INFO] ADCParametersView:116 -                Rank 1 : false
2026-08-03 20:37:21,907 [INFO] ADCParametersView:116 -                Rank 1 : false
2026-08-03 20:37:21,907 [INFO] ADCParametersView:116 -                Rank 1 : false
2026-08-03 20:37:21,907 [INFO] ADCParametersView:116 -                Rank 1 : false
2026-08-03 20:37:21,907 [INFO] ADCParametersView:116 -                Rank 1 : false
2026-08-03 20:37:21,907 [INFO] ADCParametersView:116 -                Rank 1 : false
2026-08-03 20:37:21,907 [INFO] ADCParametersView:116 -                Rank 1 : false
2026-08-03 20:37:21,912 [INFO] ADCParametersView:116 -                Rank 1 : false
2026-08-03 20:37:21,924 [INFO] ADCParametersView:116 -                Rank 1 : false
2026-08-03 20:37:21,924 [INFO] ADCParametersView:116 -                Rank 1 : false
2026-08-03 20:37:21,925 [INFO] ADCParametersView:116 -                Rank 1 : false
2026-08-03 20:37:21,925 [INFO] ADCParametersView:116 -                Rank 1 : false
2026-08-03 20:37:21,925 [INFO] ADCParametersView:116 -                Rank 1 : false
2026-08-03 20:37:21,925 [INFO] ADCParametersView:116 -                Rank 1 : false
2026-08-03 20:37:21,925 [INFO] ADCParametersView:116 -                Rank 1 : false
2026-08-03 20:37:21,925 [INFO] ADCParametersView:116 -                Rank 1 : false
2026-08-03 20:37:21,925 [INFO] ADCParametersView:116 -                Rank 1 : false
2026-08-03 20:37:21,925 [INFO] ADCParametersView:116 -                Rank 1 : false
2026-08-03 20:37:21,925 [INFO] ADCParametersView:116 -                Rank 1 : false
2026-08-03 20:37:21,925 [INFO] ADCParametersView:116 -                Rank 1 : false
2026-08-03 20:37:21,925 [INFO] ADCParametersView:116 -                Rank 1 : false
2026-08-03 20:37:21,925 [INFO] ADCParametersView:116 -                Rank 1 : false
2026-08-03 20:37:21,925 [INFO] ADCParametersView:116 -                Rank 1 : false
2026-08-03 20:37:21,925 [INFO] ADCParametersView:116 -                Rank 1 : false
2026-08-03 20:37:21,925 [INFO] ADCParametersView:116 -                Rank 1 : false
2026-08-03 20:37:21,925 [INFO] ADCParametersView:116 -                Rank 1 : false
2026-08-03 20:37:21,925 [INFO] ADCParametersView:116 -                Rank 1 : false
2026-08-03 20:37:21,925 [INFO] ADCParametersView:116 -                Rank 1 : false
2026-08-03 20:37:21,929 [INFO] ADCParametersView:116 -                Rank 1 : false
2026-08-03 20:37:21,966 [INFO] ADCParametersView:116 -                Rank 1 : false
2026-08-03 20:37:21,966 [INFO] ADCParametersView:116 -                Rank 1 : false
2026-08-03 20:37:21,966 [INFO] ADCParametersView:116 -                Rank 1 : false
2026-08-03 20:37:21,966 [INFO] ADCParametersView:116 -                Rank 1 : false
2026-08-03 20:37:21,966 [INFO] ADCParametersView:116 -                Rank 1 : false
2026-08-03 20:37:21,966 [INFO] ADCParametersView:116 -                Rank 1 : false
2026-08-03 20:37:21,966 [INFO] ADCParametersView:116 -                Rank 1 : false
2026-08-03 20:37:21,966 [INFO] ADCParametersView:116 -                Rank 1 : false
2026-08-03 20:37:21,966 [INFO] ADCParametersView:116 -                Rank 1 : false
2026-08-03 20:37:21,966 [INFO] ADCParametersView:116 -                Rank 1 : false
2026-08-03 20:37:21,966 [INFO] ADCParametersView:116 -                Rank 1 : false
2026-08-03 20:37:21,966 [INFO] ADCParametersView:116 -                Rank 1 : false
2026-08-03 20:37:21,966 [INFO] ADCParametersView:116 -                Rank 1 : false
2026-08-03 20:37:21,967 [INFO] ADCParametersView:116 -                Rank 1 : false
2026-08-03 20:37:21,967 [INFO] ADCParametersView:116 -                Rank 1 : false
2026-08-03 20:37:21,967 [INFO] ADCParametersView:116 -                Rank 1 : false
2026-08-03 20:37:21,967 [INFO] ADCParametersView:116 -                Rank 1 : false
2026-08-03 20:37:21,967 [INFO] ADCParametersView:116 -                Rank 1 : false
2026-08-03 20:37:21,967 [INFO] ADCParametersView:116 -                Rank 1 : false
2026-08-03 20:37:21,967 [INFO] ADCParametersView:116 -                Rank 1 : false
2026-08-03 20:37:21,995 [INFO] ADCParametersView:116 -                Rank 1 : false
2026-08-03 20:37:22,030 [INFO] ADCParametersView:116 -                Rank 1 : false
2026-08-03 20:37:22,030 [INFO] ADCParametersView:116 -                Rank 1 : false
2026-08-03 20:37:22,030 [INFO] ADCParametersView:116 -                Rank 1 : false
2026-08-03 20:37:22,030 [INFO] ADCParametersView:116 -                Rank 1 : false
2026-08-03 20:37:22,030 [INFO] ADCParametersView:116 -                Rank 1 : false
2026-08-03 20:37:22,030 [INFO] ADCParametersView:116 -                Rank 1 : false
2026-08-03 20:37:22,030 [INFO] ADCParametersView:116 -                Rank 1 : false
2026-08-03 20:37:22,030 [INFO] ADCParametersView:116 -                Rank 1 : false
2026-08-03 20:37:22,030 [INFO] ADCParametersView:116 -                Rank 1 : false
2026-08-03 20:37:22,030 [INFO] ADCParametersView:116 -                Rank 1 : false
2026-08-03 20:37:22,030 [INFO] ADCParametersView:116 -                Rank 1 : false
2026-08-03 20:37:22,030 [INFO] ADCParametersView:116 -                Rank 1 : false
2026-08-03 20:37:22,030 [INFO] ADCParametersView:116 -                Rank 1 : false
2026-08-03 20:37:22,030 [INFO] ADCParametersView:116 -                Rank 1 : false
2026-08-03 20:37:22,030 [INFO] ADCParametersView:116 -                Rank 1 : false
2026-08-03 20:37:22,030 [INFO] ADCParametersView:116 -                Rank 1 : false
2026-08-03 20:37:22,030 [INFO] ADCParametersView:116 -                Rank 1 : false
2026-08-03 20:37:22,030 [INFO] ADCParametersView:116 -                Rank 1 : false
2026-08-03 20:37:22,030 [INFO] ADCParametersView:116 -                Rank 1 : false
2026-08-03 20:37:22,030 [INFO] ADCParametersView:116 -                Rank 1 : false
2026-08-03 20:37:22,061 [INFO] ADCParametersView:116 -                Rank 1 : false
2026-08-03 20:37:22,135 [INFO] ADCParametersView:116 -                Rank 1 : false
2026-08-03 20:37:22,135 [INFO] ADCParametersView:116 -                Rank 1 : false
2026-08-03 20:37:22,135 [INFO] ADCParametersView:116 -                Rank 1 : false
2026-08-03 20:37:22,135 [INFO] ADCParametersView:116 -                Rank 1 : false
2026-08-03 20:37:22,135 [INFO] ADCParametersView:116 -                Rank 1 : false
2026-08-03 20:37:22,135 [INFO] ADCParametersView:116 -                Rank 1 : false
2026-08-03 20:37:22,135 [INFO] ADCParametersView:116 -                Rank 1 : false
2026-08-03 20:37:22,135 [INFO] ADCParametersView:116 -                Rank 1 : false
2026-08-03 20:37:22,135 [INFO] ADCParametersView:116 -                Rank 1 : false
2026-08-03 20:37:22,135 [INFO] ADCParametersView:116 -                Rank 1 : false
2026-08-03 20:37:22,135 [INFO] ADCParametersView:116 -                Rank 1 : false
2026-08-03 20:37:22,135 [INFO] ADCParametersView:116 -                Rank 1 : false
2026-08-03 20:37:22,135 [INFO] ADCParametersView:116 -                Rank 1 : false
2026-08-03 20:37:22,135 [INFO] ADCParametersView:116 -                Rank 1 : false
2026-08-03 20:37:22,135 [INFO] ADCParametersView:116 -                Rank 1 : false
2026-08-03 20:37:22,135 [INFO] ADCParametersView:116 -                Rank 1 : false
2026-08-03 20:37:22,135 [INFO] ADCParametersView:116 -                Rank 1 : false
2026-08-03 20:37:22,136 [INFO] ADCParametersView:116 -                Rank 1 : false
2026-08-03 20:37:22,136 [INFO] ADCParametersView:116 -                Rank 1 : false
2026-08-03 20:37:22,136 [INFO] ADCParametersView:116 -                Rank 1 : false
2026-08-03 20:37:22,157 [INFO] ADCParametersView:116 -                Rank 1 : false
2026-08-03 20:37:22,183 [INFO] ADCParametersView:116 -                Rank 1 : false
2026-08-03 20:37:22,183 [INFO] ADCParametersView:116 -                Rank 1 : false
2026-08-03 20:37:22,183 [INFO] ADCParametersView:116 -                Rank 1 : false
2026-08-03 20:37:22,183 [INFO] ADCParametersView:116 -                Rank 1 : false
2026-08-03 20:37:22,183 [INFO] ADCParametersView:116 -                Rank 1 : false
2026-08-03 20:37:22,183 [INFO] ADCParametersView:116 -                Rank 1 : false
2026-08-03 20:37:22,183 [INFO] ADCParametersView:116 -                Rank 1 : false
2026-08-03 20:37:22,183 [INFO] ADCParametersView:116 -                Rank 1 : false
2026-08-03 20:37:22,183 [INFO] ADCParametersView:116 -                Rank 1 : false
2026-08-03 20:37:22,183 [INFO] ADCParametersView:116 -                Rank 1 : false
2026-08-03 20:37:22,183 [INFO] ADCParametersView:116 -                Rank 1 : false
2026-08-03 20:37:22,183 [INFO] ADCParametersView:116 -                Rank 1 : false
2026-08-03 20:37:22,183 [INFO] ADCParametersView:116 -                Rank 1 : false
2026-08-03 20:37:22,183 [INFO] ADCParametersView:116 -                Rank 1 : false
2026-08-03 20:37:22,183 [INFO] ADCParametersView:116 -                Rank 1 : false
2026-08-03 20:37:22,183 [INFO] ADCParametersView:116 -                Rank 1 : false
2026-08-03 20:37:22,183 [INFO] ADCParametersView:116 -                Rank 1 : false
2026-08-03 20:37:22,183 [INFO] ADCParametersView:116 -                Rank 1 : false
2026-08-03 20:37:22,183 [INFO] ADCParametersView:116 -                Rank 1 : false
2026-08-03 20:37:22,183 [INFO] ADCParametersView:116 -                Rank 1 : false
2026-08-03 20:37:22,199 [INFO] ADCParametersView:116 -                Rank 1 : false
2026-08-03 20:38:29,720 [INFO] ADCParametersView:116 -                Rank 1 : false
2026-08-03 20:38:29,722 [INFO] ADCParametersView:116 -                Rank 1 : false
2026-08-03 20:38:29,722 [INFO] ADCParametersView:116 -                Rank 1 : false
2026-08-03 20:38:29,722 [INFO] ADCParametersView:116 -                Rank 1 : false
2026-08-03 20:38:29,722 [INFO] ADCParametersView:116 -                Rank 1 : false
2026-08-03 20:38:29,722 [INFO] ADCParametersView:116 -                Rank 1 : false
2026-08-03 20:38:29,722 [INFO] ADCParametersView:116 -                Rank 1 : false
2026-08-03 20:38:29,722 [INFO] ADCParametersView:116 -                Rank 1 : false
2026-08-03 20:38:29,722 [INFO] ADCParametersView:116 -                Rank 1 : false
2026-08-03 20:38:29,722 [INFO] ADCParametersView:116 -                Rank 1 : false
2026-08-03 20:38:29,722 [INFO] ADCParametersView:116 -                Rank 1 : false
2026-08-03 20:38:29,722 [INFO] ADCParametersView:116 -                Rank 1 : false
2026-08-03 20:38:29,722 [INFO] ADCParametersView:116 -                Rank 1 : false
2026-08-03 20:38:29,722 [INFO] ADCParametersView:116 -                Rank 1 : false
2026-08-03 20:38:29,722 [INFO] ADCParametersView:116 -                Rank 1 : false
2026-08-03 20:38:29,722 [INFO] ADCParametersView:116 -                Rank 1 : false
2026-08-03 20:38:29,722 [INFO] ADCParametersView:116 -                Rank 1 : false
2026-08-03 20:38:29,722 [INFO] ADCParametersView:116 -                Rank 1 : false
2026-08-03 20:38:29,722 [INFO] ADCParametersView:116 -                Rank 1 : false
2026-08-03 20:38:29,722 [INFO] ADCParametersView:116 -                Rank 1 : false
2026-08-03 20:38:29,727 [INFO] ADCParametersView:116 -                Rank 1 : false
2026-08-03 20:38:29,741 [INFO] ADCParametersView:116 -                Rank 1 : false
2026-08-03 20:38:29,742 [INFO] ADCParametersView:116 -                Rank 1 : false
2026-08-03 20:38:29,742 [INFO] ADCParametersView:116 -                Rank 1 : false
2026-08-03 20:38:29,742 [INFO] ADCParametersView:116 -                Rank 1 : false
2026-08-03 20:38:29,742 [INFO] ADCParametersView:116 -                Rank 1 : false
2026-08-03 20:38:29,742 [INFO] ADCParametersView:116 -                Rank 1 : false
2026-08-03 20:38:29,742 [INFO] ADCParametersView:116 -                Rank 1 : false
2026-08-03 20:38:29,742 [INFO] ADCParametersView:116 -                Rank 1 : false
2026-08-03 20:38:29,742 [INFO] ADCParametersView:116 -                Rank 1 : false
2026-08-03 20:38:29,742 [INFO] ADCParametersView:116 -                Rank 1 : false
2026-08-03 20:38:29,742 [INFO] ADCParametersView:116 -                Rank 1 : false
2026-08-03 20:38:29,742 [INFO] ADCParametersView:116 -                Rank 1 : false
2026-08-03 20:38:29,742 [INFO] ADCParametersView:116 -                Rank 1 : false
2026-08-03 20:38:29,742 [INFO] ADCParametersView:116 -                Rank 1 : false
2026-08-03 20:38:29,742 [INFO] ADCParametersView:116 -                Rank 1 : false
2026-08-03 20:38:29,742 [INFO] ADCParametersView:116 -                Rank 1 : false
2026-08-03 20:38:29,742 [INFO] ADCParametersView:116 -                Rank 1 : false
2026-08-03 20:38:29,742 [INFO] ADCParametersView:116 -                Rank 1 : false
2026-08-03 20:38:29,742 [INFO] ADCParametersView:116 -                Rank 1 : false
2026-08-03 20:38:29,742 [INFO] ADCParametersView:116 -                Rank 1 : false
2026-08-03 20:38:29,747 [INFO] ADCParametersView:116 -                Rank 1 : false
2026-08-03 20:38:29,780 [INFO] ADCParametersView:116 -                Rank 1 : false
2026-08-03 20:38:29,781 [INFO] ADCParametersView:116 -                Rank 1 : false
2026-08-03 20:38:29,781 [INFO] ADCParametersView:116 -                Rank 1 : false
2026-08-03 20:38:29,781 [INFO] ADCParametersView:116 -                Rank 1 : false
2026-08-03 20:38:29,781 [INFO] ADCParametersView:116 -                Rank 1 : false
2026-08-03 20:38:29,781 [INFO] ADCParametersView:116 -                Rank 1 : false
2026-08-03 20:38:29,781 [INFO] ADCParametersView:116 -                Rank 1 : false
2026-08-03 20:38:29,781 [INFO] ADCParametersView:116 -                Rank 1 : false
2026-08-03 20:38:29,781 [INFO] ADCParametersView:116 -                Rank 1 : false
2026-08-03 20:38:29,781 [INFO] ADCParametersView:116 -                Rank 1 : false
2026-08-03 20:38:29,781 [INFO] ADCParametersView:116 -                Rank 1 : false
2026-08-03 20:38:29,781 [INFO] ADCParametersView:116 -                Rank 1 : false
2026-08-03 20:38:29,781 [INFO] ADCParametersView:116 -                Rank 1 : false
2026-08-03 20:38:29,781 [INFO] ADCParametersView:116 -                Rank 1 : false
2026-08-03 20:38:29,781 [INFO] ADCParametersView:116 -                Rank 1 : false
2026-08-03 20:38:29,781 [INFO] ADCParametersView:116 -                Rank 1 : false
2026-08-03 20:38:29,781 [INFO] ADCParametersView:116 -                Rank 1 : false
2026-08-03 20:38:29,781 [INFO] ADCParametersView:116 -                Rank 1 : false
2026-08-03 20:38:29,781 [INFO] ADCParametersView:116 -                Rank 1 : false
2026-08-03 20:38:29,781 [INFO] ADCParametersView:116 -                Rank 1 : false
2026-08-03 20:38:29,798 [INFO] ADCParametersView:116 -                Rank 1 : false
2026-08-03 20:38:29,823 [INFO] ADCParametersView:116 -                Rank 1 : false
2026-08-03 20:38:29,823 [INFO] ADCParametersView:116 -                Rank 1 : false
2026-08-03 20:38:29,823 [INFO] ADCParametersView:116 -                Rank 1 : false
2026-08-03 20:38:29,823 [INFO] ADCParametersView:116 -                Rank 1 : false
2026-08-03 20:38:29,823 [INFO] ADCParametersView:116 -                Rank 1 : false
2026-08-03 20:38:29,823 [INFO] ADCParametersView:116 -                Rank 1 : false
2026-08-03 20:38:29,823 [INFO] ADCParametersView:116 -                Rank 1 : false
2026-08-03 20:38:29,823 [INFO] ADCParametersView:116 -                Rank 1 : false
2026-08-03 20:38:29,823 [INFO] ADCParametersView:116 -                Rank 1 : false
2026-08-03 20:38:29,823 [INFO] ADCParametersView:116 -                Rank 1 : false
2026-08-03 20:38:29,823 [INFO] ADCParametersView:116 -                Rank 1 : false
2026-08-03 20:38:29,823 [INFO] ADCParametersView:116 -                Rank 1 : false
2026-08-03 20:38:29,823 [INFO] ADCParametersView:116 -                Rank 1 : false
2026-08-03 20:38:29,823 [INFO] ADCParametersView:116 -                Rank 1 : false
2026-08-03 20:38:29,823 [INFO] ADCParametersView:116 -                Rank 1 : false
2026-08-03 20:38:29,823 [INFO] ADCParametersView:116 -                Rank 1 : false
2026-08-03 20:38:29,823 [INFO] ADCParametersView:116 -                Rank 1 : false
2026-08-03 20:38:29,823 [INFO] ADCParametersView:116 -                Rank 1 : false
2026-08-03 20:38:29,823 [INFO] ADCParametersView:116 -                Rank 1 : false
2026-08-03 20:38:29,823 [INFO] ADCParametersView:116 -                Rank 1 : false
2026-08-03 20:38:29,840 [INFO] ADCParametersView:116 -                Rank 1 : false
2026-08-03 20:38:29,909 [INFO] ADCParametersView:116 -                Rank 1 : false
2026-08-03 20:38:29,910 [INFO] ADCParametersView:116 -                Rank 1 : false
2026-08-03 20:38:29,910 [INFO] ADCParametersView:116 -                Rank 1 : false
2026-08-03 20:38:29,910 [INFO] ADCParametersView:116 -                Rank 1 : false
2026-08-03 20:38:29,910 [INFO] ADCParametersView:116 -                Rank 1 : false
2026-08-03 20:38:29,910 [INFO] ADCParametersView:116 -                Rank 1 : false
2026-08-03 20:38:29,910 [INFO] ADCParametersView:116 -                Rank 1 : false
2026-08-03 20:38:29,910 [INFO] ADCParametersView:116 -                Rank 1 : false
2026-08-03 20:38:29,910 [INFO] ADCParametersView:116 -                Rank 1 : false
2026-08-03 20:38:29,910 [INFO] ADCParametersView:116 -                Rank 1 : false
2026-08-03 20:38:29,910 [INFO] ADCParametersView:116 -                Rank 1 : false
2026-08-03 20:38:29,910 [INFO] ADCParametersView:116 -                Rank 1 : false
2026-08-03 20:38:29,910 [INFO] ADCParametersView:116 -                Rank 1 : false
2026-08-03 20:38:29,910 [INFO] ADCParametersView:116 -                Rank 1 : false
2026-08-03 20:38:29,910 [INFO] ADCParametersView:116 -                Rank 1 : false
2026-08-03 20:38:29,910 [INFO] ADCParametersView:116 -                Rank 1 : false
2026-08-03 20:38:29,910 [INFO] ADCParametersView:116 -                Rank 1 : false
2026-08-03 20:38:29,910 [INFO] ADCParametersView:116 -                Rank 1 : false
2026-08-03 20:38:29,910 [INFO] ADCParametersView:116 -                Rank 1 : false
2026-08-03 20:38:29,910 [INFO] ADCParametersView:116 -                Rank 1 : false
2026-08-03 20:38:29,929 [INFO] ADCParametersView:116 -                Rank 1 : false
2026-08-03 20:38:29,953 [INFO] ADCParametersView:116 -                Rank 1 : false
2026-08-03 20:38:29,954 [INFO] ADCParametersView:116 -                Rank 1 : false
2026-08-03 20:38:29,954 [INFO] ADCParametersView:116 -                Rank 1 : false
2026-08-03 20:38:29,954 [INFO] ADCParametersView:116 -                Rank 1 : false
2026-08-03 20:38:29,954 [INFO] ADCParametersView:116 -                Rank 1 : false
2026-08-03 20:38:29,954 [INFO] ADCParametersView:116 -                Rank 1 : false
2026-08-03 20:38:29,954 [INFO] ADCParametersView:116 -                Rank 1 : false
2026-08-03 20:38:29,954 [INFO] ADCParametersView:116 -                Rank 1 : false
2026-08-03 20:38:29,954 [INFO] ADCParametersView:116 -                Rank 1 : false
2026-08-03 20:38:29,954 [INFO] ADCParametersView:116 -                Rank 1 : false
2026-08-03 20:38:29,954 [INFO] ADCParametersView:116 -                Rank 1 : false
2026-08-03 20:38:29,954 [INFO] ADCParametersView:116 -                Rank 1 : false
2026-08-03 20:38:29,954 [INFO] ADCParametersView:116 -                Rank 1 : false
2026-08-03 20:38:29,954 [INFO] ADCParametersView:116 -                Rank 1 : false
2026-08-03 20:38:29,954 [INFO] ADCParametersView:116 -                Rank 1 : false
2026-08-03 20:38:29,954 [INFO] ADCParametersView:116 -                Rank 1 : false
2026-08-03 20:38:29,954 [INFO] ADCParametersView:116 -                Rank 1 : false
2026-08-03 20:38:29,954 [INFO] ADCParametersView:116 -                Rank 1 : false
2026-08-03 20:38:29,954 [INFO] ADCParametersView:116 -                Rank 1 : false
2026-08-03 20:38:29,954 [INFO] ADCParametersView:116 -                Rank 1 : false
2026-08-03 20:38:29,970 [INFO] ADCParametersView:116 -                Rank 1 : false
2026-08-03 20:38:38,047 [INFO] ADCParametersView:116 -                Rank 1 : false
2026-08-03 20:38:38,048 [INFO] ADCParametersView:116 -                Rank 1 : false
2026-08-03 20:38:38,048 [INFO] ADCParametersView:116 -                Rank 1 : false
2026-08-03 20:38:38,048 [INFO] ADCParametersView:116 -                Rank 1 : false
2026-08-03 20:38:38,048 [INFO] ADCParametersView:116 -                Rank 1 : false
2026-08-03 20:38:38,048 [INFO] ADCParametersView:116 -                Rank 1 : false
2026-08-03 20:38:38,049 [INFO] ADCParametersView:116 -                Rank 1 : false
2026-08-03 20:38:38,049 [INFO] ADCParametersView:116 -                Rank 1 : false
2026-08-03 20:38:38,049 [INFO] ADCParametersView:116 -                Rank 1 : false
2026-08-03 20:38:38,049 [INFO] ADCParametersView:116 -                Rank 1 : false
2026-08-03 20:38:38,049 [INFO] ADCParametersView:116 -                Rank 1 : false
2026-08-03 20:38:38,049 [INFO] ADCParametersView:116 -                Rank 1 : false
2026-08-03 20:38:38,049 [INFO] ADCParametersView:116 -                Rank 1 : false
2026-08-03 20:38:38,049 [INFO] ADCParametersView:116 -                Rank 1 : false
2026-08-03 20:38:38,049 [INFO] ADCParametersView:116 -                Rank 1 : false
2026-08-03 20:38:38,049 [INFO] ADCParametersView:116 -                Rank 1 : false
2026-08-03 20:38:38,049 [INFO] ADCParametersView:116 -                Rank 1 : false
2026-08-03 20:38:38,049 [INFO] ADCParametersView:116 -                Rank 1 : false
2026-08-03 20:38:38,049 [INFO] ADCParametersView:116 -                Rank 1 : false
2026-08-03 20:38:38,049 [INFO] ADCParametersView:116 -                Rank 1 : false
2026-08-03 20:38:38,053 [INFO] ADCParametersView:116 -                Rank 1 : false
2026-08-03 20:38:38,064 [INFO] ADCParametersView:116 -                Rank 1 : false
2026-08-03 20:38:38,064 [INFO] ADCParametersView:116 -                Rank 1 : false
2026-08-03 20:38:38,064 [INFO] ADCParametersView:116 -                Rank 1 : false
2026-08-03 20:38:38,064 [INFO] ADCParametersView:116 -                Rank 1 : false
2026-08-03 20:38:38,064 [INFO] ADCParametersView:116 -                Rank 1 : false
2026-08-03 20:38:38,065 [INFO] ADCParametersView:116 -                Rank 1 : false
2026-08-03 20:38:38,065 [INFO] ADCParametersView:116 -                Rank 1 : false
2026-08-03 20:38:38,065 [INFO] ADCParametersView:116 -                Rank 1 : false
2026-08-03 20:38:38,065 [INFO] ADCParametersView:116 -                Rank 1 : false
2026-08-03 20:38:38,065 [INFO] ADCParametersView:116 -                Rank 1 : false
2026-08-03 20:38:38,065 [INFO] ADCParametersView:116 -                Rank 1 : false
2026-08-03 20:38:38,065 [INFO] ADCParametersView:116 -                Rank 1 : false
2026-08-03 20:38:38,065 [INFO] ADCParametersView:116 -                Rank 1 : false
2026-08-03 20:38:38,065 [INFO] ADCParametersView:116 -                Rank 1 : false
2026-08-03 20:38:38,065 [INFO] ADCParametersView:116 -                Rank 1 : false
2026-08-03 20:38:38,065 [INFO] ADCParametersView:116 -                Rank 1 : false
2026-08-03 20:38:38,065 [INFO] ADCParametersView:116 -                Rank 1 : false
2026-08-03 20:38:38,065 [INFO] ADCParametersView:116 -                Rank 1 : false
2026-08-03 20:38:38,065 [INFO] ADCParametersView:116 -                Rank 1 : false
2026-08-03 20:38:38,065 [INFO] ADCParametersView:116 -                Rank 1 : false
2026-08-03 20:38:38,069 [INFO] ADCParametersView:116 -                Rank 1 : false
2026-08-03 20:38:38,104 [INFO] ADCParametersView:116 -                Rank 1 : false
2026-08-03 20:38:38,104 [INFO] ADCParametersView:116 -                Rank 1 : false
2026-08-03 20:38:38,104 [INFO] ADCParametersView:116 -                Rank 1 : false
2026-08-03 20:38:38,104 [INFO] ADCParametersView:116 -                Rank 1 : false
2026-08-03 20:38:38,104 [INFO] ADCParametersView:116 -                Rank 1 : false
2026-08-03 20:38:38,104 [INFO] ADCParametersView:116 -                Rank 1 : false
2026-08-03 20:38:38,104 [INFO] ADCParametersView:116 -                Rank 1 : false
2026-08-03 20:38:38,104 [INFO] ADCParametersView:116 -                Rank 1 : false
2026-08-03 20:38:38,104 [INFO] ADCParametersView:116 -                Rank 1 : false
2026-08-03 20:38:38,104 [INFO] ADCParametersView:116 -                Rank 1 : false
2026-08-03 20:38:38,104 [INFO] ADCParametersView:116 -                Rank 1 : false
2026-08-03 20:38:38,104 [INFO] ADCParametersView:116 -                Rank 1 : false
2026-08-03 20:38:38,104 [INFO] ADCParametersView:116 -                Rank 1 : false
2026-08-03 20:38:38,104 [INFO] ADCParametersView:116 -                Rank 1 : false
2026-08-03 20:38:38,104 [INFO] ADCParametersView:116 -                Rank 1 : false
2026-08-03 20:38:38,104 [INFO] ADCParametersView:116 -                Rank 1 : false
2026-08-03 20:38:38,104 [INFO] ADCParametersView:116 -                Rank 1 : false
2026-08-03 20:38:38,104 [INFO] ADCParametersView:116 -                Rank 1 : false
2026-08-03 20:38:38,104 [INFO] ADCParametersView:116 -                Rank 1 : false
2026-08-03 20:38:38,104 [INFO] ADCParametersView:116 -                Rank 1 : false
2026-08-03 20:38:38,121 [INFO] ADCParametersView:116 -                Rank 1 : false
2026-08-03 20:38:38,157 [INFO] ADCParametersView:116 -                Rank 1 : false
2026-08-03 20:38:38,159 [INFO] ADCParametersView:116 -                Rank 1 : false
2026-08-03 20:38:38,159 [INFO] ADCParametersView:116 -                Rank 1 : false
2026-08-03 20:38:38,159 [INFO] ADCParametersView:116 -                Rank 1 : false
2026-08-03 20:38:38,159 [INFO] ADCParametersView:116 -                Rank 1 : false
2026-08-03 20:38:38,159 [INFO] ADCParametersView:116 -                Rank 1 : false
2026-08-03 20:38:38,159 [INFO] ADCParametersView:116 -                Rank 1 : false
2026-08-03 20:38:38,159 [INFO] ADCParametersView:116 -                Rank 1 : false
2026-08-03 20:38:38,159 [INFO] ADCParametersView:116 -                Rank 1 : false
2026-08-03 20:38:38,159 [INFO] ADCParametersView:116 -                Rank 1 : false
2026-08-03 20:38:38,159 [INFO] ADCParametersView:116 -                Rank 1 : false
2026-08-03 20:38:38,159 [INFO] ADCParametersView:116 -                Rank 1 : false
2026-08-03 20:38:38,159 [INFO] ADCParametersView:116 -                Rank 1 : false
2026-08-03 20:38:38,159 [INFO] ADCParametersView:116 -                Rank 1 : false
2026-08-03 20:38:38,159 [INFO] ADCParametersView:116 -                Rank 1 : false
2026-08-03 20:38:38,159 [INFO] ADCParametersView:116 -                Rank 1 : false
2026-08-03 20:38:38,159 [INFO] ADCParametersView:116 -                Rank 1 : false
2026-08-03 20:38:38,159 [INFO] ADCParametersView:116 -                Rank 1 : false
2026-08-03 20:38:38,159 [INFO] ADCParametersView:116 -                Rank 1 : false
2026-08-03 20:38:38,159 [INFO] ADCParametersView:116 -                Rank 1 : false
2026-08-03 20:38:38,185 [INFO] ADCParametersView:116 -                Rank 1 : false
2026-08-03 20:38:38,268 [INFO] ADCParametersView:116 -                Rank 1 : false
2026-08-03 20:38:38,269 [INFO] ADCParametersView:116 -                Rank 1 : false
2026-08-03 20:38:38,269 [INFO] ADCParametersView:116 -                Rank 1 : false
2026-08-03 20:38:38,269 [INFO] ADCParametersView:116 -                Rank 1 : false
2026-08-03 20:38:38,269 [INFO] ADCParametersView:116 -                Rank 1 : false
2026-08-03 20:38:38,269 [INFO] ADCParametersView:116 -                Rank 1 : false
2026-08-03 20:38:38,269 [INFO] ADCParametersView:116 -                Rank 1 : false
2026-08-03 20:38:38,269 [INFO] ADCParametersView:116 -                Rank 1 : false
2026-08-03 20:38:38,269 [INFO] ADCParametersView:116 -                Rank 1 : false
2026-08-03 20:38:38,269 [INFO] ADCParametersView:116 -                Rank 1 : false
2026-08-03 20:38:38,269 [INFO] ADCParametersView:116 -                Rank 1 : false
2026-08-03 20:38:38,269 [INFO] ADCParametersView:116 -                Rank 1 : false
2026-08-03 20:38:38,269 [INFO] ADCParametersView:116 -                Rank 1 : false
2026-08-03 20:38:38,269 [INFO] ADCParametersView:116 -                Rank 1 : false
2026-08-03 20:38:38,269 [INFO] ADCParametersView:116 -                Rank 1 : false
2026-08-03 20:38:38,269 [INFO] ADCParametersView:116 -                Rank 1 : false
2026-08-03 20:38:38,269 [INFO] ADCParametersView:116 -                Rank 1 : false
2026-08-03 20:38:38,269 [INFO] ADCParametersView:116 -                Rank 1 : false
2026-08-03 20:38:38,269 [INFO] ADCParametersView:116 -                Rank 1 : false
2026-08-03 20:38:38,269 [INFO] ADCParametersView:116 -                Rank 1 : false
2026-08-03 20:38:38,286 [INFO] ADCParametersView:116 -                Rank 1 : false
2026-08-03 20:38:38,308 [INFO] ADCParametersView:116 -                Rank 1 : false
2026-08-03 20:38:38,308 [INFO] ADCParametersView:116 -                Rank 1 : false
2026-08-03 20:38:38,308 [INFO] ADCParametersView:116 -                Rank 1 : false
2026-08-03 20:38:38,308 [INFO] ADCParametersView:116 -                Rank 1 : false
2026-08-03 20:38:38,308 [INFO] ADCParametersView:116 -                Rank 1 : false
2026-08-03 20:38:38,308 [INFO] ADCParametersView:116 -                Rank 1 : false
2026-08-03 20:38:38,308 [INFO] ADCParametersView:116 -                Rank 1 : false
2026-08-03 20:38:38,308 [INFO] ADCParametersView:116 -                Rank 1 : false
2026-08-03 20:38:38,308 [INFO] ADCParametersView:116 -                Rank 1 : false
2026-08-03 20:38:38,308 [INFO] ADCParametersView:116 -                Rank 1 : false
2026-08-03 20:38:38,308 [INFO] ADCParametersView:116 -                Rank 1 : false
2026-08-03 20:38:38,308 [INFO] ADCParametersView:116 -                Rank 1 : false
2026-08-03 20:38:38,308 [INFO] ADCParametersView:116 -                Rank 1 : false
2026-08-03 20:38:38,308 [INFO] ADCParametersView:116 -                Rank 1 : false
2026-08-03 20:38:38,308 [INFO] ADCParametersView:116 -                Rank 1 : false
2026-08-03 20:38:38,309 [INFO] ADCParametersView:116 -                Rank 1 : false
2026-08-03 20:38:38,309 [INFO] ADCParametersView:116 -                Rank 1 : false
2026-08-03 20:38:38,309 [INFO] ADCParametersView:116 -                Rank 1 : false
2026-08-03 20:38:38,309 [INFO] ADCParametersView:116 -                Rank 1 : false
2026-08-03 20:38:38,309 [INFO] ADCParametersView:116 -                Rank 1 : false
2026-08-03 20:38:38,324 [INFO] ADCParametersView:116 -                Rank 1 : false
2026-08-03 20:38:43,907 [INFO] ADCParametersView:116 -                Rank 1 : false
2026-08-03 20:38:43,909 [INFO] ADCParametersView:116 -                Rank 1 : false
2026-08-03 20:38:43,909 [INFO] ADCParametersView:116 -                Rank 1 : false
2026-08-03 20:38:43,909 [INFO] ADCParametersView:116 -                Rank 1 : false
2026-08-03 20:38:43,909 [INFO] ADCParametersView:116 -                Rank 1 : false
2026-08-03 20:38:43,909 [INFO] ADCParametersView:116 -                Rank 1 : false
2026-08-03 20:38:43,909 [INFO] ADCParametersView:116 -                Rank 1 : false
2026-08-03 20:38:43,909 [INFO] ADCParametersView:116 -                Rank 1 : false
2026-08-03 20:38:43,909 [INFO] ADCParametersView:116 -                Rank 1 : false
2026-08-03 20:38:43,910 [INFO] ADCParametersView:116 -                Rank 1 : false
2026-08-03 20:38:43,910 [INFO] ADCParametersView:116 -                Rank 1 : false
2026-08-03 20:38:43,910 [INFO] ADCParametersView:116 -                Rank 1 : false
2026-08-03 20:38:43,910 [INFO] ADCParametersView:116 -                Rank 1 : false
2026-08-03 20:38:43,910 [INFO] ADCParametersView:116 -                Rank 1 : false
2026-08-03 20:38:43,910 [INFO] ADCParametersView:116 -                Rank 1 : false
2026-08-03 20:38:43,910 [INFO] ADCParametersView:116 -                Rank 1 : false
2026-08-03 20:38:43,910 [INFO] ADCParametersView:116 -                Rank 1 : false
2026-08-03 20:38:43,910 [INFO] ADCParametersView:116 -                Rank 1 : false
2026-08-03 20:38:43,910 [INFO] ADCParametersView:116 -                Rank 1 : false
2026-08-03 20:38:43,910 [INFO] ADCParametersView:116 -                Rank 1 : false
2026-08-03 20:38:43,914 [INFO] ADCParametersView:116 -                Rank 1 : false
2026-08-03 20:38:43,925 [INFO] ADCParametersView:116 -                Rank 1 : false
2026-08-03 20:38:43,926 [INFO] ADCParametersView:116 -                Rank 1 : false
2026-08-03 20:38:43,926 [INFO] ADCParametersView:116 -                Rank 1 : false
2026-08-03 20:38:43,926 [INFO] ADCParametersView:116 -                Rank 1 : false
2026-08-03 20:38:43,926 [INFO] ADCParametersView:116 -                Rank 1 : false
2026-08-03 20:38:43,926 [INFO] ADCParametersView:116 -                Rank 1 : false
2026-08-03 20:38:43,926 [INFO] ADCParametersView:116 -                Rank 1 : false
2026-08-03 20:38:43,926 [INFO] ADCParametersView:116 -                Rank 1 : false
2026-08-03 20:38:43,926 [INFO] ADCParametersView:116 -                Rank 1 : false
2026-08-03 20:38:43,926 [INFO] ADCParametersView:116 -                Rank 1 : false
2026-08-03 20:38:43,926 [INFO] ADCParametersView:116 -                Rank 1 : false
2026-08-03 20:38:43,926 [INFO] ADCParametersView:116 -                Rank 1 : false
2026-08-03 20:38:43,926 [INFO] ADCParametersView:116 -                Rank 1 : false
2026-08-03 20:38:43,926 [INFO] ADCParametersView:116 -                Rank 1 : false
2026-08-03 20:38:43,926 [INFO] ADCParametersView:116 -                Rank 1 : false
2026-08-03 20:38:43,926 [INFO] ADCParametersView:116 -                Rank 1 : false
2026-08-03 20:38:43,926 [INFO] ADCParametersView:116 -                Rank 1 : false
2026-08-03 20:38:43,926 [INFO] ADCParametersView:116 -                Rank 1 : false
2026-08-03 20:38:43,926 [INFO] ADCParametersView:116 -                Rank 1 : false
2026-08-03 20:38:43,926 [INFO] ADCParametersView:116 -                Rank 1 : false
2026-08-03 20:38:43,930 [INFO] ADCParametersView:116 -                Rank 1 : false
2026-08-03 20:38:43,950 [INFO] ADCParametersView:116 -                Rank 1 : false
2026-08-03 20:38:43,950 [INFO] ADCParametersView:116 -                Rank 1 : false
2026-08-03 20:38:43,950 [INFO] ADCParametersView:116 -                Rank 1 : false
2026-08-03 20:38:43,950 [INFO] ADCParametersView:116 -                Rank 1 : false
2026-08-03 20:38:43,950 [INFO] ADCParametersView:116 -                Rank 1 : false
2026-08-03 20:38:43,950 [INFO] ADCParametersView:116 -                Rank 1 : false
2026-08-03 20:38:43,950 [INFO] ADCParametersView:116 -                Rank 1 : false
2026-08-03 20:38:43,950 [INFO] ADCParametersView:116 -                Rank 1 : false
2026-08-03 20:38:43,950 [INFO] ADCParametersView:116 -                Rank 1 : false
2026-08-03 20:38:43,950 [INFO] ADCParametersView:116 -                Rank 1 : false
2026-08-03 20:38:43,950 [INFO] ADCParametersView:116 -                Rank 1 : false
2026-08-03 20:38:43,950 [INFO] ADCParametersView:116 -                Rank 1 : false
2026-08-03 20:38:43,950 [INFO] ADCParametersView:116 -                Rank 1 : false
2026-08-03 20:38:43,950 [INFO] ADCParametersView:116 -                Rank 1 : false
2026-08-03 20:38:43,950 [INFO] ADCParametersView:116 -                Rank 1 : false
2026-08-03 20:38:43,950 [INFO] ADCParametersView:116 -                Rank 1 : false
2026-08-03 20:38:43,950 [INFO] ADCParametersView:116 -                Rank 1 : false
2026-08-03 20:38:43,951 [INFO] ADCParametersView:116 -                Rank 1 : false
2026-08-03 20:38:43,951 [INFO] ADCParametersView:116 -                Rank 1 : false
2026-08-03 20:38:43,951 [INFO] ADCParametersView:116 -                Rank 1 : false
2026-08-03 20:38:43,967 [INFO] ADCParametersView:116 -                Rank 1 : false
2026-08-03 20:38:48,489 [INFO] NvicIntPanel:101 - NVIC parent = com.st.microxplorer.plugins.ip.nvic.MultiNvicIntPanel[,0,0,0x0,invalid,layout=javax.swing.BoxLayout,alignmentX=0.0,alignmentY=0.0,border=,flags=9,maximumSize=,minimumSize=,preferredSize=]
2026-08-03 20:38:48,513 [INFO] ADCParametersView:116 -                Rank 1 : false
2026-08-03 20:38:48,514 [INFO] ADCParametersView:116 -                Rank 1 : false
2026-08-03 20:38:48,514 [INFO] ADCParametersView:116 -                Rank 1 : false
2026-08-03 20:38:48,514 [INFO] ADCParametersView:116 -                Rank 1 : false
2026-08-03 20:38:48,514 [INFO] ADCParametersView:116 -                Rank 1 : false
2026-08-03 20:38:48,514 [INFO] ADCParametersView:116 -                Rank 1 : false
2026-08-03 20:38:48,514 [INFO] ADCParametersView:116 -                Rank 1 : false
2026-08-03 20:38:48,514 [INFO] ADCParametersView:116 -                Rank 1 : false
2026-08-03 20:38:48,514 [INFO] ADCParametersView:116 -                Rank 1 : false
2026-08-03 20:38:48,514 [INFO] ADCParametersView:116 -                Rank 1 : false
2026-08-03 20:38:48,514 [INFO] ADCParametersView:116 -                Rank 1 : false
2026-08-03 20:38:48,514 [INFO] ADCParametersView:116 -                Rank 1 : false
2026-08-03 20:38:48,514 [INFO] ADCParametersView:116 -                Rank 1 : false
2026-08-03 20:38:48,514 [INFO] ADCParametersView:116 -                Rank 1 : false
2026-08-03 20:38:48,514 [INFO] ADCParametersView:116 -                Rank 1 : false
2026-08-03 20:38:48,514 [INFO] ADCParametersView:116 -                Rank 1 : false
2026-08-03 20:38:48,514 [INFO] ADCParametersView:116 -                Rank 1 : false
2026-08-03 20:38:48,514 [INFO] ADCParametersView:116 -                Rank 1 : false
2026-08-03 20:38:48,514 [INFO] ADCParametersView:116 -                Rank 1 : false
2026-08-03 20:38:48,514 [INFO] ADCParametersView:116 -                Rank 1 : false
2026-08-03 20:38:48,533 [INFO] ADCParametersView:116 -                Rank 1 : false
2026-08-03 20:40:30,227 [INFO] SpinnerEditorADC:65 - is string kkkk
2026-08-03 20:40:34,184 [INFO] NvicIntPanel:101 - NVIC parent = com.st.microxplorer.plugins.ip.nvic.MultiNvicIntPanel[,0,0,0x0,invalid,layout=javax.swing.BoxLayout,alignmentX=0.0,alignmentY=0.0,border=,flags=9,maximumSize=,minimumSize=,preferredSize=]
2026-08-03 20:40:34,257 [INFO] NvicIntPanel:101 - NVIC parent = com.st.microxplorer.plugins.ip.nvic.MultiNvicIntPanel[,0,0,0x0,invalid,layout=javax.swing.BoxLayout,alignmentX=0.0,alignmentY=0.0,border=,flags=9,maximumSize=,minimumSize=,preferredSize=]
2026-08-03 20:40:34,344 [INFO] NvicIntPanel:101 - NVIC parent = com.st.microxplorer.plugins.ip.nvic.MultiNvicIntPanel[,0,0,0x0,invalid,layout=javax.swing.BoxLayout,alignmentX=0.0,alignmentY=0.0,border=,flags=9,maximumSize=,minimumSize=,preferredSize=]
2026-08-03 20:40:34,410 [INFO] NvicIntPanel:101 - NVIC parent = com.st.microxplorer.plugins.ip.nvic.MultiNvicIntPanel[,0,0,0x0,invalid,layout=javax.swing.BoxLayout,alignmentX=0.0,alignmentY=0.0,border=,flags=9,maximumSize=,minimumSize=,preferredSize=]
2026-08-03 20:40:34,492 [INFO] NvicIntPanel:101 - NVIC parent = com.st.microxplorer.plugins.ip.nvic.MultiNvicIntPanel[,0,0,0x0,invalid,layout=javax.swing.BoxLayout,alignmentX=0.0,alignmentY=0.0,border=,flags=9,maximumSize=,minimumSize=,preferredSize=]
2026-08-03 20:40:34,571 [INFO] NvicIntPanel:101 - NVIC parent = com.st.microxplorer.plugins.ip.nvic.MultiNvicIntPanel[,0,0,0x0,invalid,layout=javax.swing.BoxLayout,alignmentX=0.0,alignmentY=0.0,border=,flags=9,maximumSize=,minimumSize=,preferredSize=]
2026-08-03 20:40:34,656 [INFO] NvicIntPanel:101 - NVIC parent = com.st.microxplorer.plugins.ip.nvic.MultiNvicIntPanel[,0,0,0x0,invalid,layout=javax.swing.BoxLayout,alignmentX=0.0,alignmentY=0.0,border=,flags=9,maximumSize=,minimumSize=,preferredSize=]
2026-08-03 20:40:34,754 [INFO] NvicIntPanel:101 - NVIC parent = com.st.microxplorer.plugins.ip.nvic.MultiNvicIntPanel[,0,0,0x0,invalid,layout=javax.swing.BoxLayout,alignmentX=0.0,alignmentY=0.0,border=,flags=9,maximumSize=,minimumSize=,preferredSize=]
2026-08-03 20:40:34,818 [INFO] NvicIntPanel:101 - NVIC parent = com.st.microxplorer.plugins.ip.nvic.MultiNvicIntPanel[,0,0,0x0,invalid,layout=javax.swing.BoxLayout,alignmentX=0.0,alignmentY=0.0,border=,flags=9,maximumSize=,minimumSize=,preferredSize=]
2026-08-03 20:40:34,845 [INFO] ADCParametersView:116 -                Rank 1 : false
2026-08-03 20:40:34,846 [INFO] ADCParametersView:116 -                Rank 1 : false
2026-08-03 20:40:34,846 [INFO] ADCParametersView:116 -                Rank 1 : false
2026-08-03 20:40:34,847 [INFO] ADCParametersView:116 -                Rank 1 : false
2026-08-03 20:40:34,847 [INFO] ADCParametersView:116 -                Rank 1 : false
2026-08-03 20:40:34,847 [INFO] ADCParametersView:116 -                Rank 1 : false
2026-08-03 20:40:34,847 [INFO] ADCParametersView:116 -                Rank 1 : false
2026-08-03 20:40:34,847 [INFO] ADCParametersView:116 -                Rank 1 : false
2026-08-03 20:40:34,847 [INFO] ADCParametersView:116 -                Rank 1 : false
2026-08-03 20:40:34,847 [INFO] ADCParametersView:116 -                Rank 1 : false
2026-08-03 20:40:34,847 [INFO] ADCParametersView:116 -                Rank 1 : false
2026-08-03 20:40:34,847 [INFO] ADCParametersView:116 -                Rank 1 : false
2026-08-03 20:40:34,847 [INFO] ADCParametersView:116 -                Rank 1 : false
2026-08-03 20:40:34,847 [INFO] ADCParametersView:116 -                Rank 1 : false
2026-08-03 20:40:34,847 [INFO] ADCParametersView:116 -                Rank 1 : false
2026-08-03 20:40:34,847 [INFO] ADCParametersView:116 -                Rank 1 : false
2026-08-03 20:40:34,847 [INFO] ADCParametersView:116 -                Rank 1 : false
2026-08-03 20:40:34,847 [INFO] ADCParametersView:116 -                Rank 1 : false
2026-08-03 20:40:34,847 [INFO] ADCParametersView:116 -                Rank 1 : false
2026-08-03 20:40:34,847 [INFO] ADCParametersView:116 -                Rank 1 : false
2026-08-03 20:40:34,866 [INFO] ADCParametersView:116 -                Rank 1 : false
2026-08-03 20:40:34,866 [INFO] ADCParametersView:116 -                Rank 1 : false
2026-08-03 20:40:34,866 [INFO] ADCParametersView:116 -        *      Rank 2 : false
2026-08-03 20:40:34,866 [INFO] ADCParametersView:116 -                Rank 1 : false
2026-08-03 20:40:34,866 [INFO] ADCParametersView:116 -        *      Rank 2 : false
2026-08-03 20:40:34,866 [INFO] ADCParametersView:116 -        *      Rank 3 : false
2026-08-03 20:45:54,207 [INFO] ADCParametersView:116 -                Rank 1 : false
2026-08-03 20:45:54,207 [INFO] ADCParametersView:116 -        *      Rank 2 : false
2026-08-03 20:45:54,207 [INFO] ADCParametersView:116 -        *      Rank 3 : false
2026-08-03 20:45:54,210 [INFO] ADCParametersView:116 -                Rank 1 : false
2026-08-03 20:45:54,210 [INFO] ADCParametersView:116 -        *      Rank 2 : false
2026-08-03 20:45:54,210 [INFO] ADCParametersView:116 -        *      Rank 3 : false
2026-08-03 20:45:54,210 [INFO] ADCParametersView:116 -                Rank 1 : false
2026-08-03 20:45:54,210 [INFO] ADCParametersView:116 -        *      Rank 2 : false
2026-08-03 20:45:54,210 [INFO] ADCParametersView:116 -        *      Rank 3 : false
2026-08-03 20:45:54,210 [INFO] ADCParametersView:116 -                Rank 1 : false
2026-08-03 20:45:54,211 [INFO] ADCParametersView:116 -        *      Rank 2 : false
2026-08-03 20:45:54,211 [INFO] ADCParametersView:116 -        *      Rank 3 : false
2026-08-03 20:45:54,211 [INFO] ADCParametersView:116 -                Rank 1 : false
2026-08-03 20:45:54,211 [INFO] ADCParametersView:116 -        *      Rank 2 : false
2026-08-03 20:45:54,211 [INFO] ADCParametersView:116 -        *      Rank 3 : false
2026-08-03 20:45:54,211 [INFO] ADCParametersView:116 -                Rank 1 : false
2026-08-03 20:45:54,211 [INFO] ADCParametersView:116 -        *      Rank 2 : false
2026-08-03 20:45:54,211 [INFO] ADCParametersView:116 -        *      Rank 3 : false
2026-08-03 20:45:54,211 [INFO] ADCParametersView:116 -                Rank 1 : false
2026-08-03 20:45:54,212 [INFO] ADCParametersView:116 -        *      Rank 2 : false
2026-08-03 20:45:54,212 [INFO] ADCParametersView:116 -        *      Rank 3 : false
2026-08-03 20:45:54,212 [INFO] ADCParametersView:116 -                Rank 1 : false
2026-08-03 20:45:54,212 [INFO] ADCParametersView:116 -        *      Rank 2 : false
2026-08-03 20:45:54,212 [INFO] ADCParametersView:116 -        *      Rank 3 : false
2026-08-03 20:45:54,212 [INFO] ADCParametersView:116 -                Rank 1 : false
2026-08-03 20:45:54,212 [INFO] ADCParametersView:116 -        *      Rank 2 : false
2026-08-03 20:45:54,212 [INFO] ADCParametersView:116 -        *      Rank 3 : false
2026-08-03 20:45:54,212 [INFO] ADCParametersView:116 -                Rank 1 : false
2026-08-03 20:45:54,212 [INFO] ADCParametersView:116 -        *      Rank 2 : false
2026-08-03 20:45:54,212 [INFO] ADCParametersView:116 -        *      Rank 3 : false
2026-08-03 20:45:54,213 [INFO] ADCParametersView:116 -                Rank 1 : false
2026-08-03 20:45:54,213 [INFO] ADCParametersView:116 -        *      Rank 2 : false
2026-08-03 20:45:54,213 [INFO] ADCParametersView:116 -        *      Rank 3 : false
2026-08-03 20:45:54,213 [INFO] ADCParametersView:116 -                Rank 1 : false
2026-08-03 20:45:54,213 [INFO] ADCParametersView:116 -        *      Rank 2 : false
2026-08-03 20:45:54,213 [INFO] ADCParametersView:116 -        *      Rank 3 : false
2026-08-03 20:45:54,213 [INFO] ADCParametersView:116 -                Rank 1 : false
2026-08-03 20:45:54,213 [INFO] ADCParametersView:116 -        *      Rank 2 : false
2026-08-03 20:45:54,213 [INFO] ADCParametersView:116 -        *      Rank 3 : false
2026-08-03 20:45:54,213 [INFO] ADCParametersView:116 -                Rank 1 : false
2026-08-03 20:45:54,213 [INFO] ADCParametersView:116 -        *      Rank 2 : false
2026-08-03 20:45:54,213 [INFO] ADCParametersView:116 -        *      Rank 3 : false
2026-08-03 20:45:54,213 [INFO] ADCParametersView:116 -                Rank 1 : false
2026-08-03 20:45:54,214 [INFO] ADCParametersView:116 -        *      Rank 2 : false
2026-08-03 20:45:54,214 [INFO] ADCParametersView:116 -        *      Rank 3 : false
2026-08-03 20:45:54,214 [INFO] ADCParametersView:116 -                Rank 1 : false
2026-08-03 20:45:54,214 [INFO] ADCParametersView:116 -        *      Rank 2 : false
2026-08-03 20:45:54,214 [INFO] ADCParametersView:116 -        *      Rank 3 : false
2026-08-03 20:45:54,214 [INFO] ADCParametersView:116 -                Rank 1 : false
2026-08-03 20:45:54,214 [INFO] ADCParametersView:116 -        *      Rank 2 : false
2026-08-03 20:45:54,215 [INFO] ADCParametersView:116 -        *      Rank 3 : false
2026-08-03 20:45:54,215 [INFO] ADCParametersView:116 -                Rank 1 : false
2026-08-03 20:45:54,215 [INFO] ADCParametersView:116 -        *      Rank 2 : false
2026-08-03 20:45:54,215 [INFO] ADCParametersView:116 -        *      Rank 3 : false
2026-08-03 20:45:54,215 [INFO] ADCParametersView:116 -                Rank 1 : false
2026-08-03 20:45:54,216 [INFO] ADCParametersView:116 -        *      Rank 2 : false
2026-08-03 20:45:54,216 [INFO] ADCParametersView:116 -        *      Rank 3 : false
2026-08-03 20:45:54,216 [INFO] ADCParametersView:116 -                Rank 1 : false
2026-08-03 20:45:54,216 [INFO] ADCParametersView:116 -        *      Rank 2 : false
2026-08-03 20:45:54,216 [INFO] ADCParametersView:116 -        *      Rank 3 : false
2026-08-03 20:45:54,216 [INFO] ADCParametersView:116 -        *      Rank 2 : false
2026-08-03 20:45:54,216 [INFO] ADCParametersView:116 -        *      Rank 3 : false
2026-08-03 20:45:54,216 [INFO] ADCParametersView:116 -        *      Rank 3 : false
2026-08-03 20:45:54,248 [INFO] ADCParametersView:116 -                Rank 1 : false
2026-08-03 20:45:54,248 [INFO] ADCParametersView:116 -                Rank 1 : false
2026-08-03 20:45:54,249 [INFO] ADCParametersView:116 -                Rank 2 : false
2026-08-03 20:45:54,249 [INFO] ADCParametersView:116 -                Rank 1 : false
2026-08-03 20:45:54,249 [INFO] ADCParametersView:116 -                Rank 2 : false
2026-08-03 20:45:54,249 [INFO] ADCParametersView:116 -                Rank 3 : false
2026-08-03 20:45:54,294 [INFO] ADCParametersView:116 -                Rank 1 : false
2026-08-03 20:45:54,294 [INFO] ADCParametersView:116 -                Rank 2 : false
2026-08-03 20:45:54,294 [INFO] ADCParametersView:116 -                Rank 3 : false
2026-08-03 20:45:54,295 [INFO] ADCParametersView:116 -                Rank 1 : false
2026-08-03 20:45:54,295 [INFO] ADCParametersView:116 -                Rank 2 : false
2026-08-03 20:45:54,295 [INFO] ADCParametersView:116 -                Rank 3 : false
2026-08-03 20:45:54,295 [INFO] ADCParametersView:116 -                Rank 1 : false
2026-08-03 20:45:54,295 [INFO] ADCParametersView:116 -                Rank 2 : false
2026-08-03 20:45:54,295 [INFO] ADCParametersView:116 -                Rank 3 : false
2026-08-03 20:45:54,295 [INFO] ADCParametersView:116 -                Rank 1 : false
2026-08-03 20:45:54,296 [INFO] ADCParametersView:116 -                Rank 2 : false
2026-08-03 20:45:54,296 [INFO] ADCParametersView:116 -                Rank 3 : false
2026-08-03 20:45:54,296 [INFO] ADCParametersView:116 -                Rank 1 : false
2026-08-03 20:45:54,296 [INFO] ADCParametersView:116 -                Rank 2 : false
2026-08-03 20:45:54,296 [INFO] ADCParametersView:116 -                Rank 3 : false
2026-08-03 20:45:54,296 [INFO] ADCParametersView:116 -                Rank 1 : false
2026-08-03 20:45:54,296 [INFO] ADCParametersView:116 -                Rank 2 : false
2026-08-03 20:45:54,296 [INFO] ADCParametersView:116 -                Rank 3 : false
2026-08-03 20:45:54,296 [INFO] ADCParametersView:116 -                Rank 1 : false
2026-08-03 20:45:54,296 [INFO] ADCParametersView:116 -                Rank 2 : false
2026-08-03 20:45:54,296 [INFO] ADCParametersView:116 -                Rank 3 : false
2026-08-03 20:45:54,296 [INFO] ADCParametersView:116 -                Rank 1 : false
2026-08-03 20:45:54,296 [INFO] ADCParametersView:116 -                Rank 2 : false
2026-08-03 20:45:54,296 [INFO] ADCParametersView:116 -                Rank 3 : false
2026-08-03 20:45:54,296 [INFO] ADCParametersView:116 -                Rank 1 : false
2026-08-03 20:45:54,296 [INFO] ADCParametersView:116 -                Rank 2 : false
2026-08-03 20:45:54,297 [INFO] ADCParametersView:116 -                Rank 3 : false
2026-08-03 20:45:54,297 [INFO] ADCParametersView:116 -                Rank 1 : false
2026-08-03 20:45:54,297 [INFO] ADCParametersView:116 -                Rank 2 : false
2026-08-03 20:45:54,297 [INFO] ADCParametersView:116 -                Rank 3 : false
2026-08-03 20:45:54,297 [INFO] ADCParametersView:116 -                Rank 1 : false
2026-08-03 20:45:54,297 [INFO] ADCParametersView:116 -                Rank 2 : false
2026-08-03 20:45:54,297 [INFO] ADCParametersView:116 -                Rank 3 : false
2026-08-03 20:45:54,297 [INFO] ADCParametersView:116 -                Rank 1 : false
2026-08-03 20:45:54,297 [INFO] ADCParametersView:116 -                Rank 2 : false
2026-08-03 20:45:54,297 [INFO] ADCParametersView:116 -                Rank 3 : false
2026-08-03 20:45:54,297 [INFO] ADCParametersView:116 -                Rank 1 : false
2026-08-03 20:45:54,297 [INFO] ADCParametersView:116 -                Rank 2 : false
2026-08-03 20:45:54,297 [INFO] ADCParametersView:116 -                Rank 3 : false
2026-08-03 20:45:54,297 [INFO] ADCParametersView:116 -                Rank 1 : false
2026-08-03 20:45:54,297 [INFO] ADCParametersView:116 -                Rank 2 : false
2026-08-03 20:45:54,297 [INFO] ADCParametersView:116 -                Rank 3 : false
2026-08-03 20:45:54,298 [INFO] ADCParametersView:116 -                Rank 1 : false
2026-08-03 20:45:54,298 [INFO] ADCParametersView:116 -                Rank 2 : false
2026-08-03 20:45:54,298 [INFO] ADCParametersView:116 -                Rank 3 : false
2026-08-03 20:45:54,298 [INFO] ADCParametersView:116 -                Rank 1 : false
2026-08-03 20:45:54,298 [INFO] ADCParametersView:116 -                Rank 2 : false
2026-08-03 20:45:54,298 [INFO] ADCParametersView:116 -                Rank 3 : false
2026-08-03 20:45:54,298 [INFO] ADCParametersView:116 -                Rank 1 : false
2026-08-03 20:45:54,298 [INFO] ADCParametersView:116 -                Rank 2 : false
2026-08-03 20:45:54,298 [INFO] ADCParametersView:116 -                Rank 3 : false
2026-08-03 20:45:54,298 [INFO] ADCParametersView:116 -                Rank 1 : false
2026-08-03 20:45:54,298 [INFO] ADCParametersView:116 -                Rank 2 : false
2026-08-03 20:45:54,298 [INFO] ADCParametersView:116 -                Rank 3 : false
2026-08-03 20:45:54,298 [INFO] ADCParametersView:116 -                Rank 1 : false
2026-08-03 20:45:54,298 [INFO] ADCParametersView:116 -                Rank 2 : false
2026-08-03 20:45:54,299 [INFO] ADCParametersView:116 -                Rank 3 : false
2026-08-03 20:45:54,299 [INFO] ADCParametersView:116 -                Rank 1 : false
2026-08-03 20:45:54,299 [INFO] ADCParametersView:116 -                Rank 2 : false
2026-08-03 20:45:54,299 [INFO] ADCParametersView:116 -                Rank 3 : false
2026-08-03 20:45:54,299 [INFO] ADCParametersView:116 -                Rank 2 : false
2026-08-03 20:45:54,299 [INFO] ADCParametersView:116 -                Rank 3 : false
2026-08-03 20:45:54,300 [INFO] ADCParametersView:116 -                Rank 3 : false
2026-08-03 20:45:54,326 [INFO] ADCParametersView:116 -                Rank 1 : false
2026-08-03 20:45:54,327 [INFO] ADCParametersView:116 -                Rank 1 : false
2026-08-03 20:45:54,327 [INFO] ADCParametersView:116 -                Rank 2 : false
2026-08-03 20:45:54,327 [INFO] ADCParametersView:116 -                Rank 1 : false
2026-08-03 20:45:54,327 [INFO] ADCParametersView:116 -                Rank 2 : false
2026-08-03 20:45:54,327 [INFO] ADCParametersView:116 -                Rank 3 : false
2026-08-03 20:48:22,975 [INFO] NvicIntPanel:101 - NVIC parent = com.st.microxplorer.plugins.ip.nvic.MultiNvicIntPanel[,0,0,0x0,invalid,layout=javax.swing.BoxLayout,alignmentX=0.0,alignmentY=0.0,border=,flags=9,maximumSize=,minimumSize=,preferredSize=]
2026-08-03 20:48:23,036 [INFO] ADCParametersView:116 -                Rank 1 : false
2026-08-03 20:48:23,036 [INFO] ADCParametersView:116 -                Rank 2 : false
2026-08-03 20:48:23,036 [INFO] ADCParametersView:116 -                Rank 3 : false
2026-08-03 20:48:23,037 [INFO] ADCParametersView:116 -                Rank 1 : false
2026-08-03 20:48:23,037 [INFO] ADCParametersView:116 -                Rank 2 : false
2026-08-03 20:48:23,037 [INFO] ADCParametersView:116 -                Rank 3 : false
2026-08-03 20:48:23,038 [INFO] ADCParametersView:116 -                Rank 1 : false
2026-08-03 20:48:23,038 [INFO] ADCParametersView:116 -                Rank 2 : false
2026-08-03 20:48:23,038 [INFO] ADCParametersView:116 -                Rank 3 : false
2026-08-03 20:48:23,038 [INFO] ADCParametersView:116 -                Rank 1 : false
2026-08-03 20:48:23,038 [INFO] ADCParametersView:116 -                Rank 2 : false
2026-08-03 20:48:23,038 [INFO] ADCParametersView:116 -                Rank 3 : false
2026-08-03 20:48:23,038 [INFO] ADCParametersView:116 -                Rank 1 : false
2026-08-03 20:48:23,038 [INFO] ADCParametersView:116 -                Rank 2 : false
2026-08-03 20:48:23,038 [INFO] ADCParametersView:116 -                Rank 3 : false
2026-08-03 20:48:23,038 [INFO] ADCParametersView:116 -                Rank 1 : false
2026-08-03 20:48:23,038 [INFO] ADCParametersView:116 -                Rank 2 : false
2026-08-03 20:48:23,038 [INFO] ADCParametersView:116 -                Rank 3 : false
2026-08-03 20:48:23,038 [INFO] ADCParametersView:116 -                Rank 1 : false
2026-08-03 20:48:23,038 [INFO] ADCParametersView:116 -                Rank 2 : false
2026-08-03 20:48:23,038 [INFO] ADCParametersView:116 -                Rank 3 : false
2026-08-03 20:48:23,038 [INFO] ADCParametersView:116 -                Rank 1 : false
2026-08-03 20:48:23,038 [INFO] ADCParametersView:116 -                Rank 2 : false
2026-08-03 20:48:23,038 [INFO] ADCParametersView:116 -                Rank 3 : false
2026-08-03 20:48:23,038 [INFO] ADCParametersView:116 -                Rank 1 : false
2026-08-03 20:48:23,038 [INFO] ADCParametersView:116 -                Rank 2 : false
2026-08-03 20:48:23,038 [INFO] ADCParametersView:116 -                Rank 3 : false
2026-08-03 20:48:23,038 [INFO] ADCParametersView:116 -                Rank 1 : false
2026-08-03 20:48:23,038 [INFO] ADCParametersView:116 -                Rank 2 : false
2026-08-03 20:48:23,038 [INFO] ADCParametersView:116 -                Rank 3 : false
2026-08-03 20:48:23,038 [INFO] ADCParametersView:116 -                Rank 1 : false
2026-08-03 20:48:23,038 [INFO] ADCParametersView:116 -                Rank 2 : false
2026-08-03 20:48:23,038 [INFO] ADCParametersView:116 -                Rank 3 : false
2026-08-03 20:48:23,038 [INFO] ADCParametersView:116 -                Rank 1 : false
2026-08-03 20:48:23,038 [INFO] ADCParametersView:116 -                Rank 2 : false
2026-08-03 20:48:23,038 [INFO] ADCParametersView:116 -                Rank 3 : false
2026-08-03 20:48:23,038 [INFO] ADCParametersView:116 -                Rank 1 : false
2026-08-03 20:48:23,039 [INFO] ADCParametersView:116 -                Rank 2 : false
2026-08-03 20:48:23,039 [INFO] ADCParametersView:116 -                Rank 3 : false
2026-08-03 20:48:23,039 [INFO] ADCParametersView:116 -                Rank 1 : false
2026-08-03 20:48:23,039 [INFO] ADCParametersView:116 -                Rank 2 : false
2026-08-03 20:48:23,039 [INFO] ADCParametersView:116 -                Rank 3 : false
2026-08-03 20:48:23,039 [INFO] ADCParametersView:116 -                Rank 1 : false
2026-08-03 20:48:23,039 [INFO] ADCParametersView:116 -                Rank 2 : false
2026-08-03 20:48:23,039 [INFO] ADCParametersView:116 -                Rank 3 : false
2026-08-03 20:48:23,039 [INFO] ADCParametersView:116 -                Rank 1 : false
2026-08-03 20:48:23,039 [INFO] ADCParametersView:116 -                Rank 2 : false
2026-08-03 20:48:23,039 [INFO] ADCParametersView:116 -                Rank 3 : false
2026-08-03 20:48:23,039 [INFO] ADCParametersView:116 -                Rank 1 : false
2026-08-03 20:48:23,039 [INFO] ADCParametersView:116 -                Rank 2 : false
2026-08-03 20:48:23,039 [INFO] ADCParametersView:116 -                Rank 3 : false
2026-08-03 20:48:23,039 [INFO] ADCParametersView:116 -                Rank 1 : false
2026-08-03 20:48:23,039 [INFO] ADCParametersView:116 -                Rank 2 : false
2026-08-03 20:48:23,039 [INFO] ADCParametersView:116 -                Rank 3 : false
2026-08-03 20:48:23,039 [INFO] ADCParametersView:116 -                Rank 1 : false
2026-08-03 20:48:23,039 [INFO] ADCParametersView:116 -                Rank 2 : false
2026-08-03 20:48:23,039 [INFO] ADCParametersView:116 -                Rank 3 : false
2026-08-03 20:48:23,039 [INFO] ADCParametersView:116 -                Rank 1 : false
2026-08-03 20:48:23,039 [INFO] ADCParametersView:116 -                Rank 2 : false
2026-08-03 20:48:23,039 [INFO] ADCParametersView:116 -                Rank 3 : false
2026-08-03 20:48:23,039 [INFO] ADCParametersView:116 -                Rank 2 : false
2026-08-03 20:48:23,039 [INFO] ADCParametersView:116 -                Rank 3 : false
2026-08-03 20:48:23,039 [INFO] ADCParametersView:116 -                Rank 3 : false
2026-08-03 20:48:23,069 [INFO] ADCParametersView:116 -                Rank 1 : false
2026-08-03 20:48:23,069 [INFO] ADCParametersView:116 -                Rank 1 : false
2026-08-03 20:48:23,069 [INFO] ADCParametersView:116 -                Rank 2 : false
2026-08-03 20:48:23,069 [INFO] ADCParametersView:116 -                Rank 1 : false
2026-08-03 20:48:23,069 [INFO] ADCParametersView:116 -                Rank 2 : false
2026-08-03 20:48:23,069 [INFO] ADCParametersView:116 -                Rank 3 : false
2026-08-03 21:53:23,461 [INFO] ADCParametersView:116 -                Rank 1 : true
2026-08-03 21:53:23,461 [INFO] ADCParametersView:116 -                Rank 2 : false
2026-08-03 21:53:23,461 [INFO] ADCParametersView:116 -                Rank 3 : false
2026-08-03 21:53:28,310 [INFO] ADCParametersView:116 -                Rank 1 : true
2026-08-03 21:53:28,310 [INFO] ADCParametersView:116 -                Rank 2 : true
2026-08-03 21:53:28,310 [INFO] ADCParametersView:116 -                Rank 3 : false
2026-08-03 21:53:30,157 [INFO] ADCParametersView:116 -                Rank 1 : true
2026-08-03 21:53:30,157 [INFO] ADCParametersView:116 -                Rank 2 : true
2026-08-03 21:53:30,157 [INFO] ADCParametersView:116 -                Rank 3 : true
2026-08-03 21:53:32,864 [INFO] NvicIntPanel:101 - NVIC parent = com.st.microxplorer.plugins.ip.nvic.MultiNvicIntPanel[,0,0,0x0,invalid,layout=javax.swing.BoxLayout,alignmentX=0.0,alignmentY=0.0,border=,flags=9,maximumSize=,minimumSize=,preferredSize=]
2026-08-03 21:53:32,898 [INFO] ADCParametersView:116 -                Rank 1 : true
2026-08-03 21:53:32,898 [INFO] ADCParametersView:116 -                Rank 2 : true
2026-08-03 21:53:32,898 [INFO] ADCParametersView:116 -                Rank 3 : true
2026-08-03 21:53:32,900 [INFO] ADCParametersView:116 -                Rank 1 : true
2026-08-03 21:53:32,900 [INFO] ADCParametersView:116 -                Rank 2 : true
2026-08-03 21:53:32,900 [INFO] ADCParametersView:116 -                Rank 3 : true
2026-08-03 21:53:32,900 [INFO] ADCParametersView:116 -                Rank 1 : true
2026-08-03 21:53:32,900 [INFO] ADCParametersView:116 -                Rank 2 : true
2026-08-03 21:53:32,900 [INFO] ADCParametersView:116 -                Rank 3 : true
2026-08-03 21:53:32,900 [INFO] ADCParametersView:116 -                Rank 1 : true
2026-08-03 21:53:32,900 [INFO] ADCParametersView:116 -                Rank 2 : true
2026-08-03 21:53:32,900 [INFO] ADCParametersView:116 -                Rank 3 : true
2026-08-03 21:53:32,900 [INFO] ADCParametersView:116 -                Rank 1 : true
2026-08-03 21:53:32,900 [INFO] ADCParametersView:116 -                Rank 2 : true
2026-08-03 21:53:32,900 [INFO] ADCParametersView:116 -                Rank 3 : true
2026-08-03 21:53:32,900 [INFO] ADCParametersView:116 -                Rank 1 : true
2026-08-03 21:53:32,900 [INFO] ADCParametersView:116 -                Rank 2 : true
2026-08-03 21:53:32,900 [INFO] ADCParametersView:116 -                Rank 3 : true
2026-08-03 21:53:32,900 [INFO] ADCParametersView:116 -                Rank 1 : true
2026-08-03 21:53:32,900 [INFO] ADCParametersView:116 -                Rank 2 : true
2026-08-03 21:53:32,900 [INFO] ADCParametersView:116 -                Rank 3 : true
2026-08-03 21:53:32,900 [INFO] ADCParametersView:116 -                Rank 1 : true
2026-08-03 21:53:32,900 [INFO] ADCParametersView:116 -                Rank 2 : true
2026-08-03 21:53:32,900 [INFO] ADCParametersView:116 -                Rank 3 : true
2026-08-03 21:53:32,900 [INFO] ADCParametersView:116 -                Rank 1 : true
2026-08-03 21:53:32,900 [INFO] ADCParametersView:116 -                Rank 2 : true
2026-08-03 21:53:32,900 [INFO] ADCParametersView:116 -                Rank 3 : true
2026-08-03 21:53:32,900 [INFO] ADCParametersView:116 -                Rank 1 : true
2026-08-03 21:53:32,900 [INFO] ADCParametersView:116 -                Rank 2 : true
2026-08-03 21:53:32,900 [INFO] ADCParametersView:116 -                Rank 3 : true
2026-08-03 21:53:32,901 [INFO] ADCParametersView:116 -                Rank 1 : true
2026-08-03 21:53:32,901 [INFO] ADCParametersView:116 -                Rank 2 : true
2026-08-03 21:53:32,901 [INFO] ADCParametersView:116 -                Rank 3 : true
2026-08-03 21:53:32,901 [INFO] ADCParametersView:116 -                Rank 1 : true
2026-08-03 21:53:32,901 [INFO] ADCParametersView:116 -                Rank 2 : true
2026-08-03 21:53:32,901 [INFO] ADCParametersView:116 -                Rank 3 : true
2026-08-03 21:53:32,901 [INFO] ADCParametersView:116 -                Rank 1 : true
2026-08-03 21:53:32,901 [INFO] ADCParametersView:116 -                Rank 2 : true
2026-08-03 21:53:32,901 [INFO] ADCParametersView:116 -                Rank 3 : true
2026-08-03 21:53:32,901 [INFO] ADCParametersView:116 -                Rank 1 : true
2026-08-03 21:53:32,901 [INFO] ADCParametersView:116 -                Rank 2 : true
2026-08-03 21:53:32,901 [INFO] ADCParametersView:116 -                Rank 3 : true
2026-08-03 21:53:32,901 [INFO] ADCParametersView:116 -                Rank 1 : true
2026-08-03 21:53:32,901 [INFO] ADCParametersView:116 -                Rank 2 : true
2026-08-03 21:53:32,901 [INFO] ADCParametersView:116 -                Rank 3 : true
2026-08-03 21:53:32,901 [INFO] ADCParametersView:116 -                Rank 1 : true
2026-08-03 21:53:32,901 [INFO] ADCParametersView:116 -                Rank 2 : true
2026-08-03 21:53:32,901 [INFO] ADCParametersView:116 -                Rank 3 : true
2026-08-03 21:53:32,901 [INFO] ADCParametersView:116 -                Rank 1 : true
2026-08-03 21:53:32,901 [INFO] ADCParametersView:116 -                Rank 2 : true
2026-08-03 21:53:32,901 [INFO] ADCParametersView:116 -                Rank 3 : true
2026-08-03 21:53:32,901 [INFO] ADCParametersView:116 -                Rank 1 : true
2026-08-03 21:53:32,901 [INFO] ADCParametersView:116 -                Rank 2 : true
2026-08-03 21:53:32,901 [INFO] ADCParametersView:116 -                Rank 3 : true
2026-08-03 21:53:32,901 [INFO] ADCParametersView:116 -                Rank 1 : true
2026-08-03 21:53:32,901 [INFO] ADCParametersView:116 -                Rank 2 : true
2026-08-03 21:53:32,901 [INFO] ADCParametersView:116 -                Rank 3 : true
2026-08-03 21:53:32,901 [INFO] ADCParametersView:116 -                Rank 1 : true
2026-08-03 21:53:32,901 [INFO] ADCParametersView:116 -                Rank 2 : true
2026-08-03 21:53:32,901 [INFO] ADCParametersView:116 -                Rank 3 : true
2026-08-03 21:53:32,901 [INFO] ADCParametersView:116 -                Rank 2 : true
2026-08-03 21:53:32,901 [INFO] ADCParametersView:116 -                Rank 3 : true
2026-08-03 21:53:32,901 [INFO] ADCParametersView:116 -                Rank 3 : true
2026-08-03 21:53:32,924 [INFO] ADCParametersView:116 -                Rank 1 : true
2026-08-03 21:53:32,924 [INFO] ADCParametersView:116 -                Rank 1 : true
2026-08-03 21:53:32,924 [INFO] ADCParametersView:116 -                Rank 2 : true
2026-08-03 21:53:32,925 [INFO] ADCParametersView:116 -                Rank 1 : true
2026-08-03 21:53:32,925 [INFO] ADCParametersView:116 -                Rank 2 : true
2026-08-03 21:53:32,925 [INFO] ADCParametersView:116 -                Rank 3 : true
2026-08-03 21:53:34,385 [INFO] NvicIntPanel:101 - NVIC parent = com.st.microxplorer.plugins.ip.nvic.MultiNvicIntPanel[,0,0,0x0,invalid,layout=javax.swing.BoxLayout,alignmentX=0.0,alignmentY=0.0,border=,flags=9,maximumSize=,minimumSize=,preferredSize=]
2026-08-03 21:53:34,414 [INFO] ADCParametersView:116 -                Rank 1 : true
2026-08-03 21:53:34,414 [INFO] ADCParametersView:116 -                Rank 2 : true
2026-08-03 21:53:34,414 [INFO] ADCParametersView:116 -                Rank 3 : true
2026-08-03 21:53:34,415 [INFO] ADCParametersView:116 -                Rank 1 : true
2026-08-03 21:53:34,416 [INFO] ADCParametersView:116 -                Rank 2 : true
2026-08-03 21:53:34,416 [INFO] ADCParametersView:116 -                Rank 3 : true
2026-08-03 21:53:34,416 [INFO] ADCParametersView:116 -                Rank 1 : true
2026-08-03 21:53:34,416 [INFO] ADCParametersView:116 -                Rank 2 : true
2026-08-03 21:53:34,416 [INFO] ADCParametersView:116 -                Rank 3 : true
2026-08-03 21:53:34,416 [INFO] ADCParametersView:116 -                Rank 1 : true
2026-08-03 21:53:34,416 [INFO] ADCParametersView:116 -                Rank 2 : true
2026-08-03 21:53:34,416 [INFO] ADCParametersView:116 -                Rank 3 : true
2026-08-03 21:53:34,416 [INFO] ADCParametersView:116 -                Rank 1 : true
2026-08-03 21:53:34,416 [INFO] ADCParametersView:116 -                Rank 2 : true
2026-08-03 21:53:34,416 [INFO] ADCParametersView:116 -                Rank 3 : true
2026-08-03 21:53:34,416 [INFO] ADCParametersView:116 -                Rank 1 : true
2026-08-03 21:53:34,416 [INFO] ADCParametersView:116 -                Rank 2 : true
2026-08-03 21:53:34,416 [INFO] ADCParametersView:116 -                Rank 3 : true
2026-08-03 21:53:34,416 [INFO] ADCParametersView:116 -                Rank 1 : true
2026-08-03 21:53:34,416 [INFO] ADCParametersView:116 -                Rank 2 : true
2026-08-03 21:53:34,416 [INFO] ADCParametersView:116 -                Rank 3 : true
2026-08-03 21:53:34,416 [INFO] ADCParametersView:116 -                Rank 1 : true
2026-08-03 21:53:34,416 [INFO] ADCParametersView:116 -                Rank 2 : true
2026-08-03 21:53:34,416 [INFO] ADCParametersView:116 -                Rank 3 : true
2026-08-03 21:53:34,416 [INFO] ADCParametersView:116 -                Rank 1 : true
2026-08-03 21:53:34,416 [INFO] ADCParametersView:116 -                Rank 2 : true
2026-08-03 21:53:34,416 [INFO] ADCParametersView:116 -                Rank 3 : true
2026-08-03 21:53:34,416 [INFO] ADCParametersView:116 -                Rank 1 : true
2026-08-03 21:53:34,416 [INFO] ADCParametersView:116 -                Rank 2 : true
2026-08-03 21:53:34,416 [INFO] ADCParametersView:116 -                Rank 3 : true
2026-08-03 21:53:34,416 [INFO] ADCParametersView:116 -                Rank 1 : true
2026-08-03 21:53:34,416 [INFO] ADCParametersView:116 -                Rank 2 : true
2026-08-03 21:53:34,416 [INFO] ADCParametersView:116 -                Rank 3 : true
2026-08-03 21:53:34,416 [INFO] ADCParametersView:116 -                Rank 1 : true
2026-08-03 21:53:34,416 [INFO] ADCParametersView:116 -                Rank 2 : true
2026-08-03 21:53:34,416 [INFO] ADCParametersView:116 -                Rank 3 : true
2026-08-03 21:53:34,416 [INFO] ADCParametersView:116 -                Rank 1 : true
2026-08-03 21:53:34,416 [INFO] ADCParametersView:116 -                Rank 2 : true
2026-08-03 21:53:34,416 [INFO] ADCParametersView:116 -                Rank 3 : true
2026-08-03 21:53:34,416 [INFO] ADCParametersView:116 -                Rank 1 : true
2026-08-03 21:53:34,416 [INFO] ADCParametersView:116 -                Rank 2 : true
2026-08-03 21:53:34,416 [INFO] ADCParametersView:116 -                Rank 3 : true
2026-08-03 21:53:34,416 [INFO] ADCParametersView:116 -                Rank 1 : true
2026-08-03 21:53:34,416 [INFO] ADCParametersView:116 -                Rank 2 : true
2026-08-03 21:53:34,417 [INFO] ADCParametersView:116 -                Rank 3 : true
2026-08-03 21:53:34,417 [INFO] ADCParametersView:116 -                Rank 1 : true
2026-08-03 21:53:34,417 [INFO] ADCParametersView:116 -                Rank 2 : true
2026-08-03 21:53:34,417 [INFO] ADCParametersView:116 -                Rank 3 : true
2026-08-03 21:53:34,417 [INFO] ADCParametersView:116 -                Rank 1 : true
2026-08-03 21:53:34,417 [INFO] ADCParametersView:116 -                Rank 2 : true
2026-08-03 21:53:34,417 [INFO] ADCParametersView:116 -                Rank 3 : true
2026-08-03 21:53:34,417 [INFO] ADCParametersView:116 -                Rank 1 : true
2026-08-03 21:53:34,417 [INFO] ADCParametersView:116 -                Rank 2 : true
2026-08-03 21:53:34,417 [INFO] ADCParametersView:116 -                Rank 3 : true
2026-08-03 21:53:34,417 [INFO] ADCParametersView:116 -                Rank 1 : true
2026-08-03 21:53:34,417 [INFO] ADCParametersView:116 -                Rank 2 : true
2026-08-03 21:53:34,417 [INFO] ADCParametersView:116 -                Rank 3 : true
2026-08-03 21:53:34,417 [INFO] ADCParametersView:116 -                Rank 1 : true
2026-08-03 21:53:34,417 [INFO] ADCParametersView:116 -                Rank 2 : true
2026-08-03 21:53:34,417 [INFO] ADCParametersView:116 -                Rank 3 : true
2026-08-03 21:53:34,417 [INFO] ADCParametersView:116 -                Rank 2 : true
2026-08-03 21:53:34,417 [INFO] ADCParametersView:116 -                Rank 3 : true
2026-08-03 21:53:34,417 [INFO] ADCParametersView:116 -                Rank 3 : true
2026-08-03 21:53:34,438 [INFO] ADCParametersView:116 -                Rank 1 : true
2026-08-03 21:53:34,438 [INFO] ADCParametersView:116 -                Rank 1 : true
2026-08-03 21:53:34,438 [INFO] ADCParametersView:116 -                Rank 2 : true
2026-08-03 21:53:34,439 [INFO] ADCParametersView:116 -                Rank 1 : true
2026-08-03 21:53:34,439 [INFO] ADCParametersView:116 -                Rank 2 : true
2026-08-03 21:53:34,439 [INFO] ADCParametersView:116 -                Rank 3 : true
2026-08-03 21:54:07,187 [INFO] NvicIntPanel:101 - NVIC parent = com.st.microxplorer.plugins.ip.nvic.MultiNvicIntPanel[,0,0,0x0,invalid,layout=javax.swing.BoxLayout,alignmentX=0.0,alignmentY=0.0,border=,flags=9,maximumSize=,minimumSize=,preferredSize=]
2026-08-03 21:54:07,218 [INFO] ADCParametersView:116 -                Rank 1 : true
2026-08-03 21:54:07,219 [INFO] ADCParametersView:116 -                Rank 2 : true
2026-08-03 21:54:07,219 [INFO] ADCParametersView:116 -                Rank 3 : true
2026-08-03 21:54:07,220 [INFO] ADCParametersView:116 -                Rank 1 : true
2026-08-03 21:54:07,221 [INFO] ADCParametersView:116 -                Rank 2 : true
2026-08-03 21:54:07,221 [INFO] ADCParametersView:116 -                Rank 3 : true
2026-08-03 21:54:07,221 [INFO] ADCParametersView:116 -                Rank 1 : true
2026-08-03 21:54:07,221 [INFO] ADCParametersView:116 -                Rank 2 : true
2026-08-03 21:54:07,221 [INFO] ADCParametersView:116 -                Rank 3 : true
2026-08-03 21:54:07,221 [INFO] ADCParametersView:116 -                Rank 1 : true
2026-08-03 21:54:07,221 [INFO] ADCParametersView:116 -                Rank 2 : true
2026-08-03 21:54:07,221 [INFO] ADCParametersView:116 -                Rank 3 : true
2026-08-03 21:54:07,221 [INFO] ADCParametersView:116 -                Rank 1 : true
2026-08-03 21:54:07,221 [INFO] ADCParametersView:116 -                Rank 2 : true
2026-08-03 21:54:07,221 [INFO] ADCParametersView:116 -                Rank 3 : true
2026-08-03 21:54:07,221 [INFO] ADCParametersView:116 -                Rank 1 : true
2026-08-03 21:54:07,221 [INFO] ADCParametersView:116 -                Rank 2 : true
2026-08-03 21:54:07,221 [INFO] ADCParametersView:116 -                Rank 3 : true
2026-08-03 21:54:07,221 [INFO] ADCParametersView:116 -                Rank 1 : true
2026-08-03 21:54:07,221 [INFO] ADCParametersView:116 -                Rank 2 : true
2026-08-03 21:54:07,221 [INFO] ADCParametersView:116 -                Rank 3 : true
2026-08-03 21:54:07,221 [INFO] ADCParametersView:116 -                Rank 1 : true
2026-08-03 21:54:07,221 [INFO] ADCParametersView:116 -                Rank 2 : true
2026-08-03 21:54:07,221 [INFO] ADCParametersView:116 -                Rank 3 : true
2026-08-03 21:54:07,221 [INFO] ADCParametersView:116 -                Rank 1 : true
2026-08-03 21:54:07,221 [INFO] ADCParametersView:116 -                Rank 2 : true
2026-08-03 21:54:07,221 [INFO] ADCParametersView:116 -                Rank 3 : true
2026-08-03 21:54:07,221 [INFO] ADCParametersView:116 -                Rank 1 : true
2026-08-03 21:54:07,221 [INFO] ADCParametersView:116 -                Rank 2 : true
2026-08-03 21:54:07,221 [INFO] ADCParametersView:116 -                Rank 3 : true
2026-08-03 21:54:07,221 [INFO] ADCParametersView:116 -                Rank 1 : true
2026-08-03 21:54:07,221 [INFO] ADCParametersView:116 -                Rank 2 : true
2026-08-03 21:54:07,221 [INFO] ADCParametersView:116 -                Rank 3 : true
2026-08-03 21:54:07,221 [INFO] ADCParametersView:116 -                Rank 1 : true
2026-08-03 21:54:07,221 [INFO] ADCParametersView:116 -                Rank 2 : true
2026-08-03 21:54:07,221 [INFO] ADCParametersView:116 -                Rank 3 : true
2026-08-03 21:54:07,221 [INFO] ADCParametersView:116 -                Rank 1 : true
2026-08-03 21:54:07,221 [INFO] ADCParametersView:116 -                Rank 2 : true
2026-08-03 21:54:07,221 [INFO] ADCParametersView:116 -                Rank 3 : true
2026-08-03 21:54:07,221 [INFO] ADCParametersView:116 -                Rank 1 : true
2026-08-03 21:54:07,221 [INFO] ADCParametersView:116 -                Rank 2 : true
2026-08-03 21:54:07,221 [INFO] ADCParametersView:116 -                Rank 3 : true
2026-08-03 21:54:07,221 [INFO] ADCParametersView:116 -                Rank 1 : true
2026-08-03 21:54:07,221 [INFO] ADCParametersView:116 -                Rank 2 : true
2026-08-03 21:54:07,221 [INFO] ADCParametersView:116 -                Rank 3 : true
2026-08-03 21:54:07,221 [INFO] ADCParametersView:116 -                Rank 1 : true
2026-08-03 21:54:07,221 [INFO] ADCParametersView:116 -                Rank 2 : true
2026-08-03 21:54:07,221 [INFO] ADCParametersView:116 -                Rank 3 : true
2026-08-03 21:54:07,221 [INFO] ADCParametersView:116 -                Rank 1 : true
2026-08-03 21:54:07,221 [INFO] ADCParametersView:116 -                Rank 2 : true
2026-08-03 21:54:07,221 [INFO] ADCParametersView:116 -                Rank 3 : true
2026-08-03 21:54:07,221 [INFO] ADCParametersView:116 -                Rank 1 : true
2026-08-03 21:54:07,221 [INFO] ADCParametersView:116 -                Rank 2 : true
2026-08-03 21:54:07,221 [INFO] ADCParametersView:116 -                Rank 3 : true
2026-08-03 21:54:07,221 [INFO] ADCParametersView:116 -                Rank 1 : true
2026-08-03 21:54:07,221 [INFO] ADCParametersView:116 -                Rank 2 : true
2026-08-03 21:54:07,221 [INFO] ADCParametersView:116 -                Rank 3 : true
2026-08-03 21:54:07,221 [INFO] ADCParametersView:116 -                Rank 1 : true
2026-08-03 21:54:07,221 [INFO] ADCParametersView:116 -                Rank 2 : true
2026-08-03 21:54:07,221 [INFO] ADCParametersView:116 -                Rank 3 : true
2026-08-03 21:54:07,221 [INFO] ADCParametersView:116 -                Rank 2 : true
2026-08-03 21:54:07,221 [INFO] ADCParametersView:116 -                Rank 3 : true
2026-08-03 21:54:07,221 [INFO] ADCParametersView:116 -                Rank 3 : true
2026-08-03 21:54:07,244 [INFO] ADCParametersView:116 -                Rank 1 : true
2026-08-03 21:54:07,244 [INFO] ADCParametersView:116 -                Rank 1 : true
2026-08-03 21:54:07,244 [INFO] ADCParametersView:116 -                Rank 2 : true
2026-08-03 21:54:07,244 [INFO] ADCParametersView:116 -                Rank 1 : true
2026-08-03 21:54:07,244 [INFO] ADCParametersView:116 -                Rank 2 : true
2026-08-03 21:54:07,244 [INFO] ADCParametersView:116 -                Rank 3 : true
2026-08-03 21:55:17,247 [INFO] NvicIntPanel:101 - NVIC parent = com.st.microxplorer.plugins.ip.nvic.MultiNvicIntPanel[,0,0,0x0,invalid,layout=javax.swing.BoxLayout,alignmentX=0.0,alignmentY=0.0,border=,flags=9,maximumSize=,minimumSize=,preferredSize=]
2026-08-03 21:55:17,277 [INFO] ADCParametersView:116 -                Rank 1 : true
2026-08-03 21:55:17,277 [INFO] ADCParametersView:116 -                Rank 2 : true
2026-08-03 21:55:17,277 [INFO] ADCParametersView:116 -                Rank 3 : true
2026-08-03 21:55:17,278 [INFO] ADCParametersView:116 -                Rank 1 : true
2026-08-03 21:55:17,278 [INFO] ADCParametersView:116 -                Rank 2 : true
2026-08-03 21:55:17,278 [INFO] ADCParametersView:116 -                Rank 3 : true
2026-08-03 21:55:17,279 [INFO] ADCParametersView:116 -                Rank 1 : true
2026-08-03 21:55:17,279 [INFO] ADCParametersView:116 -                Rank 2 : true
2026-08-03 21:55:17,279 [INFO] ADCParametersView:116 -                Rank 3 : true
2026-08-03 21:55:17,279 [INFO] ADCParametersView:116 -                Rank 1 : true
2026-08-03 21:55:17,279 [INFO] ADCParametersView:116 -                Rank 2 : true
2026-08-03 21:55:17,279 [INFO] ADCParametersView:116 -                Rank 3 : true
2026-08-03 21:55:17,279 [INFO] ADCParametersView:116 -                Rank 1 : true
2026-08-03 21:55:17,279 [INFO] ADCParametersView:116 -                Rank 2 : true
2026-08-03 21:55:17,279 [INFO] ADCParametersView:116 -                Rank 3 : true
2026-08-03 21:55:17,279 [INFO] ADCParametersView:116 -                Rank 1 : true
2026-08-03 21:55:17,279 [INFO] ADCParametersView:116 -                Rank 2 : true
2026-08-03 21:55:17,279 [INFO] ADCParametersView:116 -                Rank 3 : true
2026-08-03 21:55:17,279 [INFO] ADCParametersView:116 -                Rank 1 : true
2026-08-03 21:55:17,279 [INFO] ADCParametersView:116 -                Rank 2 : true
2026-08-03 21:55:17,279 [INFO] ADCParametersView:116 -                Rank 3 : true
2026-08-03 21:55:17,279 [INFO] ADCParametersView:116 -                Rank 1 : true
2026-08-03 21:55:17,279 [INFO] ADCParametersView:116 -                Rank 2 : true
2026-08-03 21:55:17,279 [INFO] ADCParametersView:116 -                Rank 3 : true
2026-08-03 21:55:17,279 [INFO] ADCParametersView:116 -                Rank 1 : true
2026-08-03 21:55:17,279 [INFO] ADCParametersView:116 -                Rank 2 : true
2026-08-03 21:55:17,279 [INFO] ADCParametersView:116 -                Rank 3 : true
2026-08-03 21:55:17,279 [INFO] ADCParametersView:116 -                Rank 1 : true
2026-08-03 21:55:17,279 [INFO] ADCParametersView:116 -                Rank 2 : true
2026-08-03 21:55:17,279 [INFO] ADCParametersView:116 -                Rank 3 : true
2026-08-03 21:55:17,279 [INFO] ADCParametersView:116 -                Rank 1 : true
2026-08-03 21:55:17,279 [INFO] ADCParametersView:116 -                Rank 2 : true
2026-08-03 21:55:17,279 [INFO] ADCParametersView:116 -                Rank 3 : true
2026-08-03 21:55:17,279 [INFO] ADCParametersView:116 -                Rank 1 : true
2026-08-03 21:55:17,279 [INFO] ADCParametersView:116 -                Rank 2 : true
2026-08-03 21:55:17,279 [INFO] ADCParametersView:116 -                Rank 3 : true
2026-08-03 21:55:17,279 [INFO] ADCParametersView:116 -                Rank 1 : true
2026-08-03 21:55:17,279 [INFO] ADCParametersView:116 -                Rank 2 : true
2026-08-03 21:55:17,279 [INFO] ADCParametersView:116 -                Rank 3 : true
2026-08-03 21:55:17,279 [INFO] ADCParametersView:116 -                Rank 1 : true
2026-08-03 21:55:17,279 [INFO] ADCParametersView:116 -                Rank 2 : true
2026-08-03 21:55:17,279 [INFO] ADCParametersView:116 -                Rank 3 : true
2026-08-03 21:55:17,279 [INFO] ADCParametersView:116 -                Rank 1 : true
2026-08-03 21:55:17,279 [INFO] ADCParametersView:116 -                Rank 2 : true
2026-08-03 21:55:17,279 [INFO] ADCParametersView:116 -                Rank 3 : true
2026-08-03 21:55:17,279 [INFO] ADCParametersView:116 -                Rank 1 : true
2026-08-03 21:55:17,279 [INFO] ADCParametersView:116 -                Rank 2 : true
2026-08-03 21:55:17,279 [INFO] ADCParametersView:116 -                Rank 3 : true
2026-08-03 21:55:17,279 [INFO] ADCParametersView:116 -                Rank 1 : true
2026-08-03 21:55:17,279 [INFO] ADCParametersView:116 -                Rank 2 : true
2026-08-03 21:55:17,279 [INFO] ADCParametersView:116 -                Rank 3 : true
2026-08-03 21:55:17,279 [INFO] ADCParametersView:116 -                Rank 1 : true
2026-08-03 21:55:17,279 [INFO] ADCParametersView:116 -                Rank 2 : true
2026-08-03 21:55:17,279 [INFO] ADCParametersView:116 -                Rank 3 : true
2026-08-03 21:55:17,279 [INFO] ADCParametersView:116 -                Rank 1 : true
2026-08-03 21:55:17,279 [INFO] ADCParametersView:116 -                Rank 2 : true
2026-08-03 21:55:17,279 [INFO] ADCParametersView:116 -                Rank 3 : true
2026-08-03 21:55:17,279 [INFO] ADCParametersView:116 -                Rank 1 : true
2026-08-03 21:55:17,279 [INFO] ADCParametersView:116 -                Rank 2 : true
2026-08-03 21:55:17,279 [INFO] ADCParametersView:116 -                Rank 3 : true
2026-08-03 21:55:17,279 [INFO] ADCParametersView:116 -                Rank 2 : true
2026-08-03 21:55:17,279 [INFO] ADCParametersView:116 -                Rank 3 : true
2026-08-03 21:55:17,279 [INFO] ADCParametersView:116 -                Rank 3 : true
2026-08-03 21:55:17,298 [INFO] ADCParametersView:116 -                Rank 1 : true
2026-08-03 21:55:17,298 [INFO] ADCParametersView:116 -                Rank 1 : true
2026-08-03 21:55:17,298 [INFO] ADCParametersView:116 -                Rank 2 : true
2026-08-03 21:55:17,298 [INFO] ADCParametersView:116 -                Rank 1 : true
2026-08-03 21:55:17,298 [INFO] ADCParametersView:116 -                Rank 2 : true
2026-08-03 21:55:17,298 [INFO] ADCParametersView:116 -                Rank 3 : true
2026-08-03 21:55:59,930 [INFO] ADCParametersView:116 -                Rank 1 : true
2026-08-03 21:55:59,930 [INFO] ADCParametersView:116 -                Rank 2 : true
2026-08-03 21:55:59,930 [INFO] ADCParametersView:116 -                Rank 3 : true
2026-08-03 21:55:59,931 [INFO] ADCParametersView:116 -                Rank 1 : true
2026-08-03 21:55:59,931 [INFO] ADCParametersView:116 -                Rank 2 : true
2026-08-03 21:55:59,931 [INFO] ADCParametersView:116 -                Rank 3 : true
2026-08-03 21:55:59,931 [INFO] ADCParametersView:116 -                Rank 1 : true
2026-08-03 21:55:59,931 [INFO] ADCParametersView:116 -                Rank 2 : true
2026-08-03 21:55:59,931 [INFO] ADCParametersView:116 -                Rank 3 : true
2026-08-03 21:55:59,931 [INFO] ADCParametersView:116 -                Rank 1 : true
2026-08-03 21:55:59,931 [INFO] ADCParametersView:116 -                Rank 2 : true
2026-08-03 21:55:59,931 [INFO] ADCParametersView:116 -                Rank 3 : true
2026-08-03 21:55:59,931 [INFO] ADCParametersView:116 -                Rank 1 : true
2026-08-03 21:55:59,931 [INFO] ADCParametersView:116 -                Rank 2 : true
2026-08-03 21:55:59,931 [INFO] ADCParametersView:116 -                Rank 3 : true
2026-08-03 21:55:59,931 [INFO] ADCParametersView:116 -                Rank 1 : true
2026-08-03 21:55:59,931 [INFO] ADCParametersView:116 -                Rank 2 : true
2026-08-03 21:55:59,931 [INFO] ADCParametersView:116 -                Rank 3 : true
2026-08-03 21:55:59,931 [INFO] ADCParametersView:116 -                Rank 1 : true
2026-08-03 21:55:59,931 [INFO] ADCParametersView:116 -                Rank 2 : true
2026-08-03 21:55:59,931 [INFO] ADCParametersView:116 -                Rank 3 : true
2026-08-03 21:55:59,931 [INFO] ADCParametersView:116 -                Rank 1 : true
2026-08-03 21:55:59,931 [INFO] ADCParametersView:116 -                Rank 2 : true
2026-08-03 21:55:59,932 [INFO] ADCParametersView:116 -                Rank 3 : true
2026-08-03 21:55:59,932 [INFO] ADCParametersView:116 -                Rank 1 : true
2026-08-03 21:55:59,932 [INFO] ADCParametersView:116 -                Rank 2 : true
2026-08-03 21:55:59,932 [INFO] ADCParametersView:116 -                Rank 3 : true
2026-08-03 21:55:59,932 [INFO] ADCParametersView:116 -                Rank 1 : true
2026-08-03 21:55:59,932 [INFO] ADCParametersView:116 -                Rank 2 : true
2026-08-03 21:55:59,932 [INFO] ADCParametersView:116 -                Rank 3 : true
2026-08-03 21:55:59,932 [INFO] ADCParametersView:116 -                Rank 1 : true
2026-08-03 21:55:59,932 [INFO] ADCParametersView:116 -                Rank 2 : true
2026-08-03 21:55:59,932 [INFO] ADCParametersView:116 -                Rank 3 : true
2026-08-03 21:55:59,932 [INFO] ADCParametersView:116 -                Rank 1 : true
2026-08-03 21:55:59,932 [INFO] ADCParametersView:116 -                Rank 2 : true
2026-08-03 21:55:59,932 [INFO] ADCParametersView:116 -                Rank 3 : true
2026-08-03 21:55:59,932 [INFO] ADCParametersView:116 -                Rank 1 : true
2026-08-03 21:55:59,932 [INFO] ADCParametersView:116 -                Rank 2 : true
2026-08-03 21:55:59,932 [INFO] ADCParametersView:116 -                Rank 3 : true
2026-08-03 21:55:59,932 [INFO] ADCParametersView:116 -                Rank 1 : true
2026-08-03 21:55:59,932 [INFO] ADCParametersView:116 -                Rank 2 : true
2026-08-03 21:55:59,932 [INFO] ADCParametersView:116 -                Rank 3 : true
2026-08-03 21:55:59,932 [INFO] ADCParametersView:116 -                Rank 1 : true
2026-08-03 21:55:59,932 [INFO] ADCParametersView:116 -                Rank 2 : true
2026-08-03 21:55:59,932 [INFO] ADCParametersView:116 -                Rank 3 : true
2026-08-03 21:55:59,932 [INFO] ADCParametersView:116 -                Rank 1 : true
2026-08-03 21:55:59,932 [INFO] ADCParametersView:116 -                Rank 2 : true
2026-08-03 21:55:59,932 [INFO] ADCParametersView:116 -                Rank 3 : true
2026-08-03 21:55:59,932 [INFO] ADCParametersView:116 -                Rank 1 : true
2026-08-03 21:55:59,932 [INFO] ADCParametersView:116 -                Rank 2 : true
2026-08-03 21:55:59,932 [INFO] ADCParametersView:116 -                Rank 3 : true
2026-08-03 21:55:59,932 [INFO] ADCParametersView:116 -                Rank 1 : true
2026-08-03 21:55:59,932 [INFO] ADCParametersView:116 -                Rank 2 : true
2026-08-03 21:55:59,932 [INFO] ADCParametersView:116 -                Rank 3 : true
2026-08-03 21:55:59,932 [INFO] ADCParametersView:116 -                Rank 1 : true
2026-08-03 21:55:59,932 [INFO] ADCParametersView:116 -                Rank 2 : true
2026-08-03 21:55:59,932 [INFO] ADCParametersView:116 -                Rank 3 : true
2026-08-03 21:55:59,932 [INFO] ADCParametersView:116 -                Rank 1 : true
2026-08-03 21:55:59,932 [INFO] ADCParametersView:116 -                Rank 2 : true
2026-08-03 21:55:59,932 [INFO] ADCParametersView:116 -                Rank 3 : true
2026-08-03 21:55:59,932 [INFO] ADCParametersView:116 -                Rank 2 : true
2026-08-03 21:55:59,932 [INFO] ADCParametersView:116 -                Rank 3 : true
2026-08-03 21:55:59,932 [INFO] ADCParametersView:116 -                Rank 3 : true
2026-08-03 21:55:59,958 [INFO] ADCParametersView:116 -                Rank 1 : true
2026-08-03 21:55:59,958 [INFO] ADCParametersView:116 -                Rank 1 : true
2026-08-03 21:55:59,958 [INFO] ADCParametersView:116 -                Rank 2 : true
2026-08-03 21:55:59,958 [INFO] ADCParametersView:116 -                Rank 1 : true
2026-08-03 21:55:59,958 [INFO] ADCParametersView:116 -                Rank 2 : true
2026-08-03 21:55:59,958 [INFO] ADCParametersView:116 -                Rank 3 : true
2026-08-03 21:55:59,994 [INFO] ADCParametersView:116 -                Rank 1 : true
2026-08-03 21:55:59,994 [INFO] ADCParametersView:116 -                Rank 2 : true
2026-08-03 21:55:59,994 [INFO] ADCParametersView:116 -                Rank 3 : true
2026-08-03 21:55:59,994 [INFO] ADCParametersView:116 -                Rank 1 : true
2026-08-03 21:55:59,994 [INFO] ADCParametersView:116 -                Rank 2 : true
2026-08-03 21:55:59,994 [INFO] ADCParametersView:116 -                Rank 3 : true
2026-08-03 21:55:59,994 [INFO] ADCParametersView:116 -                Rank 1 : true
2026-08-03 21:55:59,994 [INFO] ADCParametersView:116 -                Rank 2 : true
2026-08-03 21:55:59,994 [INFO] ADCParametersView:116 -                Rank 3 : true
2026-08-03 21:55:59,994 [INFO] ADCParametersView:116 -                Rank 1 : true
2026-08-03 21:55:59,994 [INFO] ADCParametersView:116 -                Rank 2 : true
2026-08-03 21:55:59,994 [INFO] ADCParametersView:116 -                Rank 3 : true
2026-08-03 21:55:59,994 [INFO] ADCParametersView:116 -                Rank 1 : true
2026-08-03 21:55:59,994 [INFO] ADCParametersView:116 -                Rank 2 : true
2026-08-03 21:55:59,994 [INFO] ADCParametersView:116 -                Rank 3 : true
2026-08-03 21:55:59,994 [INFO] ADCParametersView:116 -                Rank 1 : true
2026-08-03 21:55:59,994 [INFO] ADCParametersView:116 -                Rank 2 : true
2026-08-03 21:55:59,994 [INFO] ADCParametersView:116 -                Rank 3 : true
2026-08-03 21:55:59,994 [INFO] ADCParametersView:116 -                Rank 1 : true
2026-08-03 21:55:59,994 [INFO] ADCParametersView:116 -                Rank 2 : true
2026-08-03 21:55:59,994 [INFO] ADCParametersView:116 -                Rank 3 : true
2026-08-03 21:55:59,994 [INFO] ADCParametersView:116 -                Rank 1 : true
2026-08-03 21:55:59,994 [INFO] ADCParametersView:116 -                Rank 2 : true
2026-08-03 21:55:59,994 [INFO] ADCParametersView:116 -                Rank 3 : true
2026-08-03 21:55:59,994 [INFO] ADCParametersView:116 -                Rank 1 : true
2026-08-03 21:55:59,994 [INFO] ADCParametersView:116 -                Rank 2 : true
2026-08-03 21:55:59,994 [INFO] ADCParametersView:116 -                Rank 3 : true
2026-08-03 21:55:59,994 [INFO] ADCParametersView:116 -                Rank 1 : true
2026-08-03 21:55:59,994 [INFO] ADCParametersView:116 -                Rank 2 : true
2026-08-03 21:55:59,994 [INFO] ADCParametersView:116 -                Rank 3 : true
2026-08-03 21:55:59,994 [INFO] ADCParametersView:116 -                Rank 1 : true
2026-08-03 21:55:59,994 [INFO] ADCParametersView:116 -                Rank 2 : true
2026-08-03 21:55:59,994 [INFO] ADCParametersView:116 -                Rank 3 : true
2026-08-03 21:55:59,994 [INFO] ADCParametersView:116 -                Rank 1 : true
2026-08-03 21:55:59,994 [INFO] ADCParametersView:116 -                Rank 2 : true
2026-08-03 21:55:59,995 [INFO] ADCParametersView:116 -                Rank 3 : true
2026-08-03 21:55:59,995 [INFO] ADCParametersView:116 -                Rank 1 : true
2026-08-03 21:55:59,995 [INFO] ADCParametersView:116 -                Rank 2 : true
2026-08-03 21:55:59,995 [INFO] ADCParametersView:116 -                Rank 3 : true
2026-08-03 21:55:59,995 [INFO] ADCParametersView:116 -                Rank 1 : true
2026-08-03 21:55:59,995 [INFO] ADCParametersView:116 -                Rank 2 : true
2026-08-03 21:55:59,995 [INFO] ADCParametersView:116 -                Rank 3 : true
2026-08-03 21:55:59,995 [INFO] ADCParametersView:116 -                Rank 1 : true
2026-08-03 21:55:59,995 [INFO] ADCParametersView:116 -                Rank 2 : true
2026-08-03 21:55:59,995 [INFO] ADCParametersView:116 -                Rank 3 : true
2026-08-03 21:55:59,995 [INFO] ADCParametersView:116 -                Rank 1 : true
2026-08-03 21:55:59,995 [INFO] ADCParametersView:116 -                Rank 2 : true
2026-08-03 21:55:59,995 [INFO] ADCParametersView:116 -                Rank 3 : true
2026-08-03 21:55:59,995 [INFO] ADCParametersView:116 -                Rank 1 : true
2026-08-03 21:55:59,995 [INFO] ADCParametersView:116 -                Rank 2 : true
2026-08-03 21:55:59,995 [INFO] ADCParametersView:116 -                Rank 3 : true
2026-08-03 21:55:59,995 [INFO] ADCParametersView:116 -                Rank 1 : true
2026-08-03 21:55:59,995 [INFO] ADCParametersView:116 -                Rank 2 : true
2026-08-03 21:55:59,995 [INFO] ADCParametersView:116 -                Rank 3 : true
2026-08-03 21:55:59,995 [INFO] ADCParametersView:116 -                Rank 1 : true
2026-08-03 21:55:59,995 [INFO] ADCParametersView:116 -                Rank 2 : true
2026-08-03 21:55:59,995 [INFO] ADCParametersView:116 -                Rank 3 : true
2026-08-03 21:55:59,995 [INFO] ADCParametersView:116 -                Rank 1 : true
2026-08-03 21:55:59,995 [INFO] ADCParametersView:116 -                Rank 2 : true
2026-08-03 21:55:59,995 [INFO] ADCParametersView:116 -                Rank 3 : true
2026-08-03 21:55:59,995 [INFO] ADCParametersView:116 -                Rank 2 : true
2026-08-03 21:55:59,995 [INFO] ADCParametersView:116 -                Rank 3 : true
2026-08-03 21:55:59,995 [INFO] ADCParametersView:116 -                Rank 3 : true
2026-08-03 21:56:00,014 [INFO] ADCParametersView:116 -                Rank 1 : true
2026-08-03 21:56:00,015 [INFO] ADCParametersView:116 -                Rank 1 : true
2026-08-03 21:56:00,015 [INFO] ADCParametersView:116 -                Rank 2 : true
2026-08-03 21:56:00,015 [INFO] ADCParametersView:116 -                Rank 1 : true
2026-08-03 21:56:00,015 [INFO] ADCParametersView:116 -                Rank 2 : true
2026-08-03 21:56:00,015 [INFO] ADCParametersView:116 -                Rank 3 : true
2026-08-03 21:56:02,807 [INFO] NvicIntPanel:101 - NVIC parent = com.st.microxplorer.plugins.ip.nvic.MultiNvicIntPanel[,0,0,0x0,invalid,layout=javax.swing.BoxLayout,alignmentX=0.0,alignmentY=0.0,border=,flags=9,maximumSize=,minimumSize=,preferredSize=]
2026-08-03 21:56:02,834 [INFO] ADCParametersView:116 -                Rank 1 : true
2026-08-03 21:56:02,834 [INFO] ADCParametersView:116 -                Rank 2 : true
2026-08-03 21:56:02,834 [INFO] ADCParametersView:116 -                Rank 3 : true
2026-08-03 21:56:02,835 [INFO] ADCParametersView:116 -                Rank 1 : true
2026-08-03 21:56:02,835 [INFO] ADCParametersView:116 -                Rank 2 : true
2026-08-03 21:56:02,835 [INFO] ADCParametersView:116 -                Rank 3 : true
2026-08-03 21:56:02,835 [INFO] ADCParametersView:116 -                Rank 1 : true
2026-08-03 21:56:02,835 [INFO] ADCParametersView:116 -                Rank 2 : true
2026-08-03 21:56:02,835 [INFO] ADCParametersView:116 -                Rank 3 : true
2026-08-03 21:56:02,835 [INFO] ADCParametersView:116 -                Rank 1 : true
2026-08-03 21:56:02,835 [INFO] ADCParametersView:116 -                Rank 2 : true
2026-08-03 21:56:02,835 [INFO] ADCParametersView:116 -                Rank 3 : true
2026-08-03 21:56:02,835 [INFO] ADCParametersView:116 -                Rank 1 : true
2026-08-03 21:56:02,835 [INFO] ADCParametersView:116 -                Rank 2 : true
2026-08-03 21:56:02,835 [INFO] ADCParametersView:116 -                Rank 3 : true
2026-08-03 21:56:02,836 [INFO] ADCParametersView:116 -                Rank 1 : true
2026-08-03 21:56:02,836 [INFO] ADCParametersView:116 -                Rank 2 : true
2026-08-03 21:56:02,836 [INFO] ADCParametersView:116 -                Rank 3 : true
2026-08-03 21:56:02,836 [INFO] ADCParametersView:116 -                Rank 1 : true
2026-08-03 21:56:02,836 [INFO] ADCParametersView:116 -                Rank 2 : true
2026-08-03 21:56:02,836 [INFO] ADCParametersView:116 -                Rank 3 : true
2026-08-03 21:56:02,836 [INFO] ADCParametersView:116 -                Rank 1 : true
2026-08-03 21:56:02,836 [INFO] ADCParametersView:116 -                Rank 2 : true
2026-08-03 21:56:02,836 [INFO] ADCParametersView:116 -                Rank 3 : true
2026-08-03 21:56:02,836 [INFO] ADCParametersView:116 -                Rank 1 : true
2026-08-03 21:56:02,836 [INFO] ADCParametersView:116 -                Rank 2 : true
2026-08-03 21:56:02,836 [INFO] ADCParametersView:116 -                Rank 3 : true
2026-08-03 21:56:02,836 [INFO] ADCParametersView:116 -                Rank 1 : true
2026-08-03 21:56:02,836 [INFO] ADCParametersView:116 -                Rank 2 : true
2026-08-03 21:56:02,836 [INFO] ADCParametersView:116 -                Rank 3 : true
2026-08-03 21:56:02,836 [INFO] ADCParametersView:116 -                Rank 1 : true
2026-08-03 21:56:02,836 [INFO] ADCParametersView:116 -                Rank 2 : true
2026-08-03 21:56:02,836 [INFO] ADCParametersView:116 -                Rank 3 : true
2026-08-03 21:56:02,836 [INFO] ADCParametersView:116 -                Rank 1 : true
2026-08-03 21:56:02,836 [INFO] ADCParametersView:116 -                Rank 2 : true
2026-08-03 21:56:02,836 [INFO] ADCParametersView:116 -                Rank 3 : true
2026-08-03 21:56:02,836 [INFO] ADCParametersView:116 -                Rank 1 : true
2026-08-03 21:56:02,836 [INFO] ADCParametersView:116 -                Rank 2 : true
2026-08-03 21:56:02,836 [INFO] ADCParametersView:116 -                Rank 3 : true
2026-08-03 21:56:02,836 [INFO] ADCParametersView:116 -                Rank 1 : true
2026-08-03 21:56:02,836 [INFO] ADCParametersView:116 -                Rank 2 : true
2026-08-03 21:56:02,836 [INFO] ADCParametersView:116 -                Rank 3 : true
2026-08-03 21:56:02,836 [INFO] ADCParametersView:116 -                Rank 1 : true
2026-08-03 21:56:02,836 [INFO] ADCParametersView:116 -                Rank 2 : true
2026-08-03 21:56:02,836 [INFO] ADCParametersView:116 -                Rank 3 : true
2026-08-03 21:56:02,836 [INFO] ADCParametersView:116 -                Rank 1 : true
2026-08-03 21:56:02,836 [INFO] ADCParametersView:116 -                Rank 2 : true
2026-08-03 21:56:02,836 [INFO] ADCParametersView:116 -                Rank 3 : true
2026-08-03 21:56:02,836 [INFO] ADCParametersView:116 -                Rank 1 : true
2026-08-03 21:56:02,836 [INFO] ADCParametersView:116 -                Rank 2 : true
2026-08-03 21:56:02,836 [INFO] ADCParametersView:116 -                Rank 3 : true
2026-08-03 21:56:02,836 [INFO] ADCParametersView:116 -                Rank 1 : true
2026-08-03 21:56:02,836 [INFO] ADCParametersView:116 -                Rank 2 : true
2026-08-03 21:56:02,836 [INFO] ADCParametersView:116 -                Rank 3 : true
2026-08-03 21:56:02,836 [INFO] ADCParametersView:116 -                Rank 1 : true
2026-08-03 21:56:02,836 [INFO] ADCParametersView:116 -                Rank 2 : true
2026-08-03 21:56:02,836 [INFO] ADCParametersView:116 -                Rank 3 : true
2026-08-03 21:56:02,836 [INFO] ADCParametersView:116 -                Rank 1 : true
2026-08-03 21:56:02,836 [INFO] ADCParametersView:116 -                Rank 2 : true
2026-08-03 21:56:02,836 [INFO] ADCParametersView:116 -                Rank 3 : true
2026-08-03 21:56:02,836 [INFO] ADCParametersView:116 -                Rank 2 : true
2026-08-03 21:56:02,836 [INFO] ADCParametersView:116 -                Rank 3 : true
2026-08-03 21:56:02,836 [INFO] ADCParametersView:116 -                Rank 3 : true
2026-08-03 21:56:02,858 [INFO] ADCParametersView:116 -                Rank 1 : true
2026-08-03 21:56:02,858 [INFO] ADCParametersView:116 -                Rank 1 : true
2026-08-03 21:56:02,858 [INFO] ADCParametersView:116 -                Rank 2 : true
2026-08-03 21:56:02,858 [INFO] ADCParametersView:116 -                Rank 1 : true
2026-08-03 21:56:02,858 [INFO] ADCParametersView:116 -                Rank 2 : true
2026-08-03 21:56:02,858 [INFO] ADCParametersView:116 -                Rank 3 : true
2026-08-03 21:56:04,963 [INFO] NvicIntPanel:101 - NVIC parent = com.st.microxplorer.plugins.ip.nvic.MultiNvicIntPanel[,0,0,0x0,invalid,layout=javax.swing.BoxLayout,alignmentX=0.0,alignmentY=0.0,border=,flags=9,maximumSize=,minimumSize=,preferredSize=]
2026-08-03 21:56:04,991 [INFO] ADCParametersView:116 -                Rank 1 : true
2026-08-03 21:56:04,991 [INFO] ADCParametersView:116 -                Rank 2 : true
2026-08-03 21:56:04,991 [INFO] ADCParametersView:116 -                Rank 3 : true
2026-08-03 21:56:04,993 [INFO] ADCParametersView:116 -                Rank 1 : true
2026-08-03 21:56:04,993 [INFO] ADCParametersView:116 -                Rank 2 : true
2026-08-03 21:56:04,993 [INFO] ADCParametersView:116 -                Rank 3 : true
2026-08-03 21:56:04,993 [INFO] ADCParametersView:116 -                Rank 1 : true
2026-08-03 21:56:04,993 [INFO] ADCParametersView:116 -                Rank 2 : true
2026-08-03 21:56:04,993 [INFO] ADCParametersView:116 -                Rank 3 : true
2026-08-03 21:56:04,993 [INFO] ADCParametersView:116 -                Rank 1 : true
2026-08-03 21:56:04,993 [INFO] ADCParametersView:116 -                Rank 2 : true
2026-08-03 21:56:04,993 [INFO] ADCParametersView:116 -                Rank 3 : true
2026-08-03 21:56:04,993 [INFO] ADCParametersView:116 -                Rank 1 : true
2026-08-03 21:56:04,993 [INFO] ADCParametersView:116 -                Rank 2 : true
2026-08-03 21:56:04,993 [INFO] ADCParametersView:116 -                Rank 3 : true
2026-08-03 21:56:04,993 [INFO] ADCParametersView:116 -                Rank 1 : true
2026-08-03 21:56:04,993 [INFO] ADCParametersView:116 -                Rank 2 : true
2026-08-03 21:56:04,993 [INFO] ADCParametersView:116 -                Rank 3 : true
2026-08-03 21:56:04,993 [INFO] ADCParametersView:116 -                Rank 1 : true
2026-08-03 21:56:04,993 [INFO] ADCParametersView:116 -                Rank 2 : true
2026-08-03 21:56:04,993 [INFO] ADCParametersView:116 -                Rank 3 : true
2026-08-03 21:56:04,993 [INFO] ADCParametersView:116 -                Rank 1 : true
2026-08-03 21:56:04,993 [INFO] ADCParametersView:116 -                Rank 2 : true
2026-08-03 21:56:04,993 [INFO] ADCParametersView:116 -                Rank 3 : true
2026-08-03 21:56:04,993 [INFO] ADCParametersView:116 -                Rank 1 : true
2026-08-03 21:56:04,993 [INFO] ADCParametersView:116 -                Rank 2 : true
2026-08-03 21:56:04,993 [INFO] ADCParametersView:116 -                Rank 3 : true
2026-08-03 21:56:04,993 [INFO] ADCParametersView:116 -                Rank 1 : true
2026-08-03 21:56:04,993 [INFO] ADCParametersView:116 -                Rank 2 : true
2026-08-03 21:56:04,993 [INFO] ADCParametersView:116 -                Rank 3 : true
2026-08-03 21:56:04,993 [INFO] ADCParametersView:116 -                Rank 1 : true
2026-08-03 21:56:04,993 [INFO] ADCParametersView:116 -                Rank 2 : true
2026-08-03 21:56:04,993 [INFO] ADCParametersView:116 -                Rank 3 : true
2026-08-03 21:56:04,993 [INFO] ADCParametersView:116 -                Rank 1 : true
2026-08-03 21:56:04,993 [INFO] ADCParametersView:116 -                Rank 2 : true
2026-08-03 21:56:04,993 [INFO] ADCParametersView:116 -                Rank 3 : true
2026-08-03 21:56:04,993 [INFO] ADCParametersView:116 -                Rank 1 : true
2026-08-03 21:56:04,993 [INFO] ADCParametersView:116 -                Rank 2 : true
2026-08-03 21:56:04,993 [INFO] ADCParametersView:116 -                Rank 3 : true
2026-08-03 21:56:04,993 [INFO] ADCParametersView:116 -                Rank 1 : true
2026-08-03 21:56:04,993 [INFO] ADCParametersView:116 -                Rank 2 : true
2026-08-03 21:56:04,993 [INFO] ADCParametersView:116 -                Rank 3 : true
2026-08-03 21:56:04,993 [INFO] ADCParametersView:116 -                Rank 1 : true
2026-08-03 21:56:04,993 [INFO] ADCParametersView:116 -                Rank 2 : true
2026-08-03 21:56:04,993 [INFO] ADCParametersView:116 -                Rank 3 : true
2026-08-03 21:56:04,993 [INFO] ADCParametersView:116 -                Rank 1 : true
2026-08-03 21:56:04,993 [INFO] ADCParametersView:116 -                Rank 2 : true
2026-08-03 21:56:04,993 [INFO] ADCParametersView:116 -                Rank 3 : true
2026-08-03 21:56:04,993 [INFO] ADCParametersView:116 -                Rank 1 : true
2026-08-03 21:56:04,993 [INFO] ADCParametersView:116 -                Rank 2 : true
2026-08-03 21:56:04,993 [INFO] ADCParametersView:116 -                Rank 3 : true
2026-08-03 21:56:04,993 [INFO] ADCParametersView:116 -                Rank 1 : true
2026-08-03 21:56:04,993 [INFO] ADCParametersView:116 -                Rank 2 : true
2026-08-03 21:56:04,993 [INFO] ADCParametersView:116 -                Rank 3 : true
2026-08-03 21:56:04,993 [INFO] ADCParametersView:116 -                Rank 1 : true
2026-08-03 21:56:04,993 [INFO] ADCParametersView:116 -                Rank 2 : true
2026-08-03 21:56:04,993 [INFO] ADCParametersView:116 -                Rank 3 : true
2026-08-03 21:56:04,993 [INFO] ADCParametersView:116 -                Rank 1 : true
2026-08-03 21:56:04,993 [INFO] ADCParametersView:116 -                Rank 2 : true
2026-08-03 21:56:04,993 [INFO] ADCParametersView:116 -                Rank 3 : true
2026-08-03 21:56:04,993 [INFO] ADCParametersView:116 -                Rank 2 : true
2026-08-03 21:56:04,993 [INFO] ADCParametersView:116 -                Rank 3 : true
2026-08-03 21:56:04,993 [INFO] ADCParametersView:116 -                Rank 3 : true
2026-08-03 21:56:05,011 [INFO] ADCParametersView:116 -                Rank 1 : true
2026-08-03 21:56:05,011 [INFO] ADCParametersView:116 -                Rank 1 : true
2026-08-03 21:56:05,011 [INFO] ADCParametersView:116 -                Rank 2 : true
2026-08-03 21:56:05,011 [INFO] ADCParametersView:116 -                Rank 1 : true
2026-08-03 21:56:05,011 [INFO] ADCParametersView:116 -                Rank 2 : true
2026-08-03 21:56:05,011 [INFO] ADCParametersView:116 -                Rank 3 : true
2026-08-03 21:56:07,605 [INFO] NvicIntPanel:101 - NVIC parent = com.st.microxplorer.plugins.ip.nvic.MultiNvicIntPanel[,0,0,0x0,invalid,layout=javax.swing.BoxLayout,alignmentX=0.0,alignmentY=0.0,border=,flags=9,maximumSize=,minimumSize=,preferredSize=]
2026-08-03 21:56:07,627 [INFO] ADCParametersView:116 -                Rank 1 : true
2026-08-03 21:56:07,627 [INFO] ADCParametersView:116 -                Rank 2 : true
2026-08-03 21:56:07,627 [INFO] ADCParametersView:116 -                Rank 3 : true
2026-08-03 21:56:07,628 [INFO] ADCParametersView:116 -                Rank 1 : true
2026-08-03 21:56:07,628 [INFO] ADCParametersView:116 -                Rank 2 : true
2026-08-03 21:56:07,628 [INFO] ADCParametersView:116 -                Rank 3 : true
2026-08-03 21:56:07,628 [INFO] ADCParametersView:116 -                Rank 1 : true
2026-08-03 21:56:07,628 [INFO] ADCParametersView:116 -                Rank 2 : true
2026-08-03 21:56:07,628 [INFO] ADCParametersView:116 -                Rank 3 : true
2026-08-03 21:56:07,628 [INFO] ADCParametersView:116 -                Rank 1 : true
2026-08-03 21:56:07,628 [INFO] ADCParametersView:116 -                Rank 2 : true
2026-08-03 21:56:07,628 [INFO] ADCParametersView:116 -                Rank 3 : true
2026-08-03 21:56:07,628 [INFO] ADCParametersView:116 -                Rank 1 : true
2026-08-03 21:56:07,628 [INFO] ADCParametersView:116 -                Rank 2 : true
2026-08-03 21:56:07,628 [INFO] ADCParametersView:116 -                Rank 3 : true
2026-08-03 21:56:07,628 [INFO] ADCParametersView:116 -                Rank 1 : true
2026-08-03 21:56:07,628 [INFO] ADCParametersView:116 -                Rank 2 : true
2026-08-03 21:56:07,628 [INFO] ADCParametersView:116 -                Rank 3 : true
2026-08-03 21:56:07,628 [INFO] ADCParametersView:116 -                Rank 1 : true
2026-08-03 21:56:07,628 [INFO] ADCParametersView:116 -                Rank 2 : true
2026-08-03 21:56:07,628 [INFO] ADCParametersView:116 -                Rank 3 : true
2026-08-03 21:56:07,628 [INFO] ADCParametersView:116 -                Rank 1 : true
2026-08-03 21:56:07,628 [INFO] ADCParametersView:116 -                Rank 2 : true
2026-08-03 21:56:07,628 [INFO] ADCParametersView:116 -                Rank 3 : true
2026-08-03 21:56:07,629 [INFO] ADCParametersView:116 -                Rank 1 : true
2026-08-03 21:56:07,629 [INFO] ADCParametersView:116 -                Rank 2 : true
2026-08-03 21:56:07,629 [INFO] ADCParametersView:116 -                Rank 3 : true
2026-08-03 21:56:07,629 [INFO] ADCParametersView:116 -                Rank 1 : true
2026-08-03 21:56:07,629 [INFO] ADCParametersView:116 -                Rank 2 : true
2026-08-03 21:56:07,629 [INFO] ADCParametersView:116 -                Rank 3 : true
2026-08-03 21:56:07,629 [INFO] ADCParametersView:116 -                Rank 1 : true
2026-08-03 21:56:07,629 [INFO] ADCParametersView:116 -                Rank 2 : true
2026-08-03 21:56:07,629 [INFO] ADCParametersView:116 -                Rank 3 : true
2026-08-03 21:56:07,629 [INFO] ADCParametersView:116 -                Rank 1 : true
2026-08-03 21:56:07,629 [INFO] ADCParametersView:116 -                Rank 2 : true
2026-08-03 21:56:07,629 [INFO] ADCParametersView:116 -                Rank 3 : true
2026-08-03 21:56:07,629 [INFO] ADCParametersView:116 -                Rank 1 : true
2026-08-03 21:56:07,629 [INFO] ADCParametersView:116 -                Rank 2 : true
2026-08-03 21:56:07,629 [INFO] ADCParametersView:116 -                Rank 3 : true
2026-08-03 21:56:07,629 [INFO] ADCParametersView:116 -                Rank 1 : true
2026-08-03 21:56:07,629 [INFO] ADCParametersView:116 -                Rank 2 : true
2026-08-03 21:56:07,629 [INFO] ADCParametersView:116 -                Rank 3 : true
2026-08-03 21:56:07,629 [INFO] ADCParametersView:116 -                Rank 1 : true
2026-08-03 21:56:07,629 [INFO] ADCParametersView:116 -                Rank 2 : true
2026-08-03 21:56:07,629 [INFO] ADCParametersView:116 -                Rank 3 : true
2026-08-03 21:56:07,629 [INFO] ADCParametersView:116 -                Rank 1 : true
2026-08-03 21:56:07,629 [INFO] ADCParametersView:116 -                Rank 2 : true
2026-08-03 21:56:07,629 [INFO] ADCParametersView:116 -                Rank 3 : true
2026-08-03 21:56:07,629 [INFO] ADCParametersView:116 -                Rank 1 : true
2026-08-03 21:56:07,629 [INFO] ADCParametersView:116 -                Rank 2 : true
2026-08-03 21:56:07,629 [INFO] ADCParametersView:116 -                Rank 3 : true
2026-08-03 21:56:07,629 [INFO] ADCParametersView:116 -                Rank 1 : true
2026-08-03 21:56:07,629 [INFO] ADCParametersView:116 -                Rank 2 : true
2026-08-03 21:56:07,629 [INFO] ADCParametersView:116 -                Rank 3 : true
2026-08-03 21:56:07,629 [INFO] ADCParametersView:116 -                Rank 1 : true
2026-08-03 21:56:07,629 [INFO] ADCParametersView:116 -                Rank 2 : true
2026-08-03 21:56:07,629 [INFO] ADCParametersView:116 -                Rank 3 : true
2026-08-03 21:56:07,629 [INFO] ADCParametersView:116 -                Rank 1 : true
2026-08-03 21:56:07,629 [INFO] ADCParametersView:116 -                Rank 2 : true
2026-08-03 21:56:07,629 [INFO] ADCParametersView:116 -                Rank 3 : true
2026-08-03 21:56:07,629 [INFO] ADCParametersView:116 -                Rank 2 : true
2026-08-03 21:56:07,629 [INFO] ADCParametersView:116 -                Rank 3 : true
2026-08-03 21:56:07,629 [INFO] ADCParametersView:116 -                Rank 3 : true
2026-08-03 21:56:07,649 [INFO] ADCParametersView:116 -                Rank 1 : true
2026-08-03 21:56:07,649 [INFO] ADCParametersView:116 -                Rank 1 : true
2026-08-03 21:56:07,649 [INFO] ADCParametersView:116 -                Rank 2 : true
2026-08-03 21:56:07,649 [INFO] ADCParametersView:116 -                Rank 1 : true
2026-08-03 21:56:07,649 [INFO] ADCParametersView:116 -                Rank 2 : true
2026-08-03 21:56:07,649 [INFO] ADCParametersView:116 -                Rank 3 : true
2026-08-03 21:56:40,925 [INFO] NvicIntPanel:101 - NVIC parent = com.st.microxplorer.plugins.ip.nvic.MultiNvicIntPanel[,0,0,0x0,invalid,layout=javax.swing.BoxLayout,alignmentX=0.0,alignmentY=0.0,border=,flags=9,maximumSize=,minimumSize=,preferredSize=]
2026-08-03 21:56:54,235 [INFO] NvicIntPanel:101 - NVIC parent = com.st.microxplorer.plugins.ip.nvic.MultiNvicIntPanel[,0,0,0x0,invalid,layout=javax.swing.BoxLayout,alignmentX=0.0,alignmentY=0.0,border=,flags=9,maximumSize=,minimumSize=,preferredSize=]
2026-08-03 21:57:10,692 [INFO] UtilMem:75 - End SaveConfig() Used Memory: 412489560 Bytes (655360000)
2026-08-03 21:57:11,794 [INFO] UtilMem:75 - End SaveConfig() Used Memory: 445964408 Bytes (655360000)
2026-08-03 21:57:13,641 [INFO] UtilMem:75 - End SaveConfig() Used Memory: 511568096 Bytes (655360000)
2026-08-03 21:57:14,051 [INFO] BlockDiagram:2775 - set Specific Code input for plugin: SPI
2026-08-03 21:57:14,051 [INFO] BlockDiagram:2775 - set Specific Code input for plugin: TIM6_7L4
2026-08-03 21:57:14,051 [INFO] BlockDiagram:2775 - set Specific Code input for plugin: TIM1_8L4
2026-08-03 21:57:14,051 [INFO] BlockDiagram:2775 - set Specific Code input for plugin: SYS
2026-08-03 21:57:14,051 [INFO] BlockDiagram:2775 - set Specific Code input for plugin: ADC
2026-08-03 21:57:14,051 [INFO] BlockDiagram:2775 - set Specific Code input for plugin: RCC
2026-08-03 21:57:14,051 [INFO] BlockDiagram:2775 - set Specific Code input for plugin: NVIC
2026-08-03 21:57:14,051 [INFO] BlockDiagram:2775 - set Specific Code input for plugin: USART
2026-08-03 21:57:14,051 [INFO] BlockDiagram:2775 - set Specific Code input for plugin: DMA
2026-08-03 21:57:14,051 [INFO] BlockDiagram:2775 - set Specific Code input for plugin: GPIO
2026-08-03 21:57:14,052 [INFO] CodeGenerator:882 - code generatio: config db path: C:\ST\STM32CubeIDE_1.18.1\STM32CubeIDE\plugins\com.st.stm32cube.common.mx_6.14.1.202504091515\\db\
2026-08-03 21:57:14,172 [INFO] CodeEngine:263 - oldGeneratedFile, C:\Users\German\Documents\equipo_medicion_ensayo_celdas\pruebas_eq_med_celdas\MXTmpFiles\license.tmp_save
2026-08-03 21:57:14,426 [INFO] CodeEngine:287 - Generated code: C:\Users\German\Documents\equipo_medicion_ensayo_celdas\pruebas_eq_med_celdas\MXTmpFiles\license.tmp
2026-08-03 21:57:14,498 [INFO] CodeEngine:263 - oldGeneratedFile, C:\Users\German\Documents\equipo_medicion_ensayo_celdas\pruebas_eq_med_celdas\MXTmpFiles\gpio.tmp_save
2026-08-03 21:57:14,581 [INFO] CodeEngine:287 - Generated code: C:\Users\German\Documents\equipo_medicion_ensayo_celdas\pruebas_eq_med_celdas\MXTmpFiles\gpio.tmp
2026-08-03 21:57:14,802 [INFO] CodeEngine:263 - oldGeneratedFile, C:\Users\German\Documents\equipo_medicion_ensayo_celdas\pruebas_eq_med_celdas\MXTmpFiles\dma.tmp_save
2026-08-03 21:57:14,864 [INFO] CodeEngine:287 - Generated code: C:\Users\German\Documents\equipo_medicion_ensayo_celdas\pruebas_eq_med_celdas\MXTmpFiles\dma.tmp
2026-08-03 21:57:14,866 [INFO] CodeEngine:263 - oldGeneratedFile, C:\Users\German\Documents\equipo_medicion_ensayo_celdas\pruebas_eq_med_celdas\MXTmpFiles\dma_GV.tmp_save
2026-08-03 21:57:14,907 [INFO] CodeEngine:287 - Generated code: C:\Users\German\Documents\equipo_medicion_ensayo_celdas\pruebas_eq_med_celdas\MXTmpFiles\dma_GV.tmp
2026-08-03 21:57:14,919 [INFO] CodeEngine:263 - oldGeneratedFile, C:\Users\German\Documents\equipo_medicion_ensayo_celdas\pruebas_eq_med_celdas\Core\Src\stm32l4xx_it.c_save
2026-08-03 21:57:14,989 [INFO] CodeEngine:287 - Generated code: C:\Users\German\Documents\equipo_medicion_ensayo_celdas\pruebas_eq_med_celdas\Core\Src\stm32l4xx_it.c
2026-08-03 21:57:14,993 [INFO] CodeEngine:263 - oldGeneratedFile, C:\Users\German\Documents\equipo_medicion_ensayo_celdas\pruebas_eq_med_celdas\Core\Inc\stm32l4xx_it.h_save
2026-08-03 21:57:15,034 [INFO] CodeEngine:287 - Generated code: C:\Users\German\Documents\equipo_medicion_ensayo_celdas\pruebas_eq_med_celdas\Core\Inc\stm32l4xx_it.h
2026-08-03 21:57:15,046 [INFO] CodeEngine:263 - oldGeneratedFile, C:\Users\German\Documents\equipo_medicion_ensayo_celdas\pruebas_eq_med_celdas\Core\Src\stm32l4xx_hal_msp.c_save
2026-08-03 21:57:15,138 [INFO] CodeEngine:287 - Generated code: C:\Users\German\Documents\equipo_medicion_ensayo_celdas\pruebas_eq_med_celdas\Core\Src\stm32l4xx_hal_msp.c
2026-08-03 21:57:15,142 [INFO] CodeEngine:263 - oldGeneratedFile, C:\Users\German\Documents\equipo_medicion_ensayo_celdas\pruebas_eq_med_celdas\MXTmpFiles\system.tmp_save
2026-08-03 21:57:15,180 [INFO] CodeEngine:287 - Generated code: C:\Users\German\Documents\equipo_medicion_ensayo_celdas\pruebas_eq_med_celdas\MXTmpFiles\system.tmp
2026-08-03 21:57:15,188 [INFO] CodeEngine:319 - oldGeneratedFile, C:\Users\German\Documents\equipo_medicion_ensayo_celdas\pruebas_eq_med_celdas\Core\Inc\stm32l4xx_hal_conf.h_save
2026-08-03 21:57:15,232 [INFO] CodeEngine:343 - Generated code: C:\Users\German\Documents\equipo_medicion_ensayo_celdas\pruebas_eq_med_celdas\Core\Inc\stm32l4xx_hal_conf.h
2026-08-03 21:57:15,253 [INFO] ApiDbMcu:508 - Load IP Config File for ADC1
2026-08-03 21:57:15,254 [INFO] ApiDbMcu:508 - Load IP Config File for SPI1
2026-08-03 21:57:15,264 [INFO] ApiDbMcu:508 - Load IP Config File for TIM2
2026-08-03 21:57:15,272 [INFO] ApiDbMcu:508 - Load IP Config File for TIM6
2026-08-03 21:57:15,279 [INFO] ApiDbMcu:508 - Load IP Config File for USART2
2026-08-03 21:57:15,282 [INFO] ApiDbMcu:508 - Load IP Config File for RCC
2026-08-03 21:57:15,283 [WARN] IPConfigManager:3790 - IP not found : TIM
2026-08-03 21:57:15,285 [WARN] CodeGenerator:4198 - IP not found : null
2026-08-03 21:57:15,290 [INFO] CodeEngine:263 - oldGeneratedFile, C:\Users\German\Documents\equipo_medicion_ensayo_celdas\pruebas_eq_med_celdas\Core\Inc\main.h_save
2026-08-03 21:57:15,345 [INFO] CodeEngine:287 - Generated code: C:\Users\German\Documents\equipo_medicion_ensayo_celdas\pruebas_eq_med_celdas\Core\Inc\main.h
2026-08-03 21:57:15,349 [INFO] CodeEngine:263 - oldGeneratedFile, C:\Users\German\Documents\equipo_medicion_ensayo_celdas\pruebas_eq_med_celdas\Core\Src\main.c_save
2026-08-03 21:57:15,446 [INFO] CodeEngine:287 - Generated code: C:\Users\German\Documents\equipo_medicion_ensayo_celdas\pruebas_eq_med_celdas\Core\Src\main.c
2026-08-03 21:57:15,728 [INFO] ProjectBuilder:3324 - Time for Copy HAL[1] : 145mS.
2026-08-03 21:57:15,733 [INFO] ProjectBuilder:4912 - Project Generator version: 4.6.0.1-B1
2026-08-03 21:57:15,788 [INFO] ConfigFileManager:1590 - The Die is : DIE415
2026-08-03 21:57:15,792 [INFO] ApiDbMcu:508 - Load IP Config File for FATFS
2026-08-03 21:57:15,795 [INFO] ApiDbMcu:508 - Load IP Config File for FREERTOS
2026-08-03 21:57:15,804 [INFO] ApiDbMcu:508 - Load IP Config File for TOUCHSENSING
2026-08-03 21:57:15,807 [INFO] ApiDbMcu:508 - Load IP Config File for USB_DEVICE
2026-08-03 21:57:15,810 [INFO] ApiDbMcu:508 - Load IP Config File for USB_HOST
2026-08-03 21:57:16,094 [INFO] LogOutputStream:77 - [STDOUT_REDIRECT] 
2026-08-03 21:57:16,744 [INFO] ProjectBuilder:5191 - Time for Generating toolchain IDE Files: 1011mS.
2026-08-03 21:57:16,745 [INFO] ProjectBuilder:3181 - Time for Copy CMSIS : 0mS.
2026-08-03 21:57:16,747 [INFO] ProjectBuilder:3181 - Time for Copy CMSIS : 0mS.
2026-08-03 21:57:42,763 [ERROR] LogOutputStream:75 - [STDERR_REDIRECT] 
2026-08-03 21:59:20,078 [INFO] Activator:176 - 


2026-08-03 21:59:20,094 [INFO] Activator:177 - !SESSION log4j initialized
2026-08-03 21:59:24,048 [INFO] LogOutputStream:77 - [STDOUT_REDIRECT] 
2026-08-03 21:59:25,030 [INFO] ApplicationProperties:184 - Using Application install path: C:\ST\STM32CubeIDE_1.18.1\STM32CubeIDE\plugins\com.st.stm32cube.common.mx_6.14.1.202504091515
2026-08-03 21:59:25,039 [INFO] DbMcusXml:78 - Set database path to: C:\ST\STM32CubeIDE_1.18.1\STM32CubeIDE\plugins\com.st.stm32cube.common.mx_6.14.1.202504091515\\db\/mcu/
2026-08-03 21:59:25,039 [INFO] ApiDb:274 - Set plugin database path to: C:\ST\STM32CubeIDE_1.18.1\STM32CubeIDE\plugins\com.st.stm32cube.common.mx_6.14.1.202504091515\\db\/plugins/boardmanager/
2026-08-03 21:59:25,039 [WARN] ApiDb:259 - Overriding images path with different value:  => C:\ST\STM32CubeIDE_1.18.1\STM32CubeIDE\plugins\com.st.stm32cube.common.mx_6.14.1.202504091515\\db\/plugins/mcufinder/images/
2026-08-03 21:59:25,042 [INFO] ApiDb:250 - Set database path to: C:\Users\German\.stmcufinder\plugins\mcufinder//mcu/
2026-08-03 21:59:25,042 [INFO] DbMcusAds:125 - Set database path to: C:\Users\German\.stmcufinder\plugins\mcufinder//mcu/
2026-08-03 21:59:25,043 [INFO] CrossReferenceDbSqlite:203 - Set database path to: C:\Users\German\.stmcufinder\plugins\mcufinder//mcu/cs/
2026-08-03 21:59:25,116 [INFO] RulesReader:64 - Compatibility file has been processed (302 Rules)
2026-08-03 21:59:25,156 [INFO] DbMcusXml:78 - Set database path to: C:\ST\STM32CubeIDE_1.18.1\STM32CubeIDE\plugins\com.st.stm32cube.common.mx_6.14.1.202504091515\\db\/mcu/
2026-08-03 21:59:25,156 [INFO] ApiDb:274 - Set plugin database path to: C:\ST\STM32CubeIDE_1.18.1\STM32CubeIDE\plugins\com.st.stm32cube.common.mx_6.14.1.202504091515\\db\/plugins/boardmanager/
2026-08-03 21:59:25,156 [INFO] ApiDb:261 - Set plugin images path to: C:\ST\STM32CubeIDE_1.18.1\STM32CubeIDE\plugins\com.st.stm32cube.common.mx_6.14.1.202504091515\\db\/plugins/mcufinder/images/
2026-08-03 21:59:25,156 [WARN] DbFile:41 - Overriding database path with different value: C:\Users\German\.stmcufinder\plugins\mcufinder/ => C:\Users\German\.stmcufinder\plugins\mcufinder
2026-08-03 21:59:25,156 [INFO] ApiDb:250 - Set database path to: C:\Users\German\.stmcufinder\plugins\mcufinder//mcu/
2026-08-03 21:59:25,156 [WARN] DbFile:41 - Overriding database path with different value: C:\Users\German\.stmcufinder\plugins\mcufinder/ => C:\Users\German\.stmcufinder\plugins\mcufinder
2026-08-03 21:59:25,156 [INFO] DbMcusAds:125 - Set database path to: C:\Users\German\.stmcufinder\plugins\mcufinder//mcu/
2026-08-03 21:59:25,156 [WARN] DbFile:41 - Overriding database path with different value: C:\Users\German\.stmcufinder\plugins\mcufinder/ => C:\Users\German\.stmcufinder\plugins\mcufinder
2026-08-03 21:59:25,157 [WARN] DbFile:41 - Overriding database path with different value: C:\Users\German\.stmcufinder\plugins\mcufinder/ => C:\Users\German\.stmcufinder\plugins\mcufinder
2026-08-03 21:59:25,157 [INFO] CrossReferenceDbSqlite:203 - Set database path to: C:\Users\German\.stmcufinder\plugins\mcufinder//mcu/cs/
2026-08-03 21:59:25,197 [INFO] MainPanel:272 - HeapMemory: 268435456
2026-08-03 21:59:25,257 [INFO] DbMcusXml:78 - Set database path to: C:\ST\STM32CubeIDE_1.18.1\STM32CubeIDE\plugins\com.st.stm32cube.common.mx_6.14.1.202504091515\\db\/mcu/
2026-08-03 21:59:25,257 [INFO] ApiDb:274 - Set plugin database path to: C:\ST\STM32CubeIDE_1.18.1\STM32CubeIDE\plugins\com.st.stm32cube.common.mx_6.14.1.202504091515\\db\/plugins/boardmanager/
2026-08-03 21:59:25,257 [INFO] ApiDb:261 - Set plugin images path to: C:\ST\STM32CubeIDE_1.18.1\STM32CubeIDE\plugins\com.st.stm32cube.common.mx_6.14.1.202504091515\\db\/plugins/mcufinder/images/
2026-08-03 21:59:25,258 [WARN] DbFile:41 - Overriding database path with different value: C:\Users\German\.stmcufinder\plugins\mcufinder/ => C:\Users\German\.stmcufinder\plugins\mcufinder
2026-08-03 21:59:25,258 [INFO] ApiDb:250 - Set database path to: C:\Users\German\.stmcufinder\plugins\mcufinder//mcu/
2026-08-03 21:59:25,258 [WARN] DbFile:41 - Overriding database path with different value: C:\Users\German\.stmcufinder\plugins\mcufinder/ => C:\Users\German\.stmcufinder\plugins\mcufinder
2026-08-03 21:59:25,258 [INFO] DbMcusAds:125 - Set database path to: C:\Users\German\.stmcufinder\plugins\mcufinder//mcu/
2026-08-03 21:59:25,258 [WARN] DbFile:41 - Overriding database path with different value: C:\Users\German\.stmcufinder\plugins\mcufinder/ => C:\Users\German\.stmcufinder\plugins\mcufinder
2026-08-03 21:59:25,258 [WARN] DbFile:41 - Overriding database path with different value: C:\Users\German\.stmcufinder\plugins\mcufinder/ => C:\Users\German\.stmcufinder\plugins\mcufinder
2026-08-03 21:59:25,258 [INFO] CrossReferenceDbSqlite:203 - Set database path to: C:\Users\German\.stmcufinder\plugins\mcufinder//mcu/cs/
2026-08-03 21:59:25,268 [INFO] ApplicationProperties:184 - Using Application install path: C:\ST\STM32CubeIDE_1.18.1\STM32CubeIDE\plugins\com.st.stm32cube.common.mx_6.14.1.202504091515
2026-08-03 21:59:25,269 [INFO] PluginManage:196 - Search for loadable plugins [exclusion list=, ]
2026-08-03 21:59:25,270 [INFO] PluginManage:310 - Check plugin analytics
2026-08-03 21:59:25,412 [INFO] AnalyticsPlugin:253 - Accepted Software Licenses: STM32CubeMX.6.14.1,STM32CubeMX.6.17.0
2026-08-03 21:59:25,412 [INFO] AnalyticsPlugin:255 - Accepted CMSIS Pack Licenses: 
2026-08-03 21:59:25,412 [INFO] AnalyticsPlugin:257 - Accepted Firmware Licenses: FW.WB.1.17.0,FW.WB.1.22.0,FW.L4.1.18.0,FW.WB.1.13.0,FW.WB.1.23.0,FW.WB.1.24.0
2026-08-03 21:59:25,414 [INFO] PluginManage:359 - Loaded plugin analytics (category:tool,tabindex:-1)
2026-08-03 21:59:25,414 [INFO] PluginManage:310 - Check plugin cadmodel
2026-08-03 21:59:25,417 [INFO] CADModel:105 - Init CAD model plugin
2026-08-03 21:59:25,417 [INFO] PluginManage:359 - Loaded plugin cadmodel (category:power,tabindex:5)
2026-08-03 21:59:25,417 [INFO] PluginManage:310 - Check plugin clock
2026-08-03 21:59:25,423 [INFO] PluginManage:359 - Loaded plugin clock (category:base,tabindex:2)
2026-08-03 21:59:25,423 [INFO] PluginManage:310 - Check plugin ddr
2026-08-03 21:59:25,424 [INFO] PluginManage:359 - Loaded plugin ddr (category:tool,tabindex:6)
2026-08-03 21:59:25,424 [INFO] PluginManage:310 - Check plugin filemanager
2026-08-03 21:59:25,504 [INFO] PluginManage:359 - Loaded plugin filemanager (category:base,tabindex:10)
2026-08-03 21:59:25,504 [INFO] PluginManage:310 - Check plugin ipmanager
2026-08-03 21:59:25,508 [INFO] PluginManage:359 - Loaded plugin ipmanager (category:base,tabindex:5)
2026-08-03 21:59:25,508 [INFO] PluginManage:310 - Check plugin lpbam
2026-08-03 21:59:25,512 [INFO] PluginManage:359 - Loaded plugin lpbam (category:base,tabindex:0)
2026-08-03 21:59:25,512 [INFO] PluginManage:310 - Check plugin memorymap
2026-08-03 21:59:25,519 [INFO] PluginManage:359 - Loaded plugin memorymap (category:base,tabindex:4)
2026-08-03 21:59:25,519 [INFO] PluginManage:310 - Check plugin pinoutandconfiguration
2026-08-03 21:59:25,523 [INFO] PluginManage:359 - Loaded plugin pinoutandconfiguration (category:base,tabindex:1)
2026-08-03 21:59:25,523 [INFO] PluginManage:310 - Check plugin pinoutconfig
2026-08-03 21:59:25,582 [WARN] SupportedApi:132 - Cannot load RTOS API schema: s4s-elt-must-match.1: The content of 'definitions' must match (annotation?, (simpleType | complexType)?, (unique | key | keyref)*)). A problem was found starting at: attribute.
2026-08-03 21:59:25,690 [INFO] PluginManage:359 - Loaded plugin pinoutconfig (category:base,tabindex:0)
2026-08-03 21:59:25,690 [INFO] PluginManage:310 - Check plugin power
2026-08-03 21:59:25,697 [INFO] PluginManage:359 - Loaded plugin power (category:power,tabindex:4)
2026-08-03 21:59:25,697 [INFO] PluginManage:310 - Check plugin projectmanager
2026-08-03 21:59:25,715 [INFO] PluginManage:359 - Loaded plugin projectmanager (category:projectmanager,tabindex:4)
2026-08-03 21:59:25,715 [INFO] PluginManage:310 - Check plugin rif
2026-08-03 21:59:25,720 [INFO] PluginManage:359 - Loaded plugin rif (category:base,tabindex:3)
2026-08-03 21:59:25,720 [INFO] PluginManage:310 - Check plugin thirdparty
2026-08-03 21:59:25,804 [INFO] PluginManage:359 - Loaded plugin thirdparty (category:base,tabindex:-1)
2026-08-03 21:59:25,804 [WARN] IntegrityCheckThread:84 - waiting for thirdparty lock release [integrity check]
2026-08-03 21:59:25,804 [INFO] PluginManage:310 - Check plugin tools
2026-08-03 21:59:25,804 [INFO] IntegrityCheckThread:86 - entering critical section [integrity check]
2026-08-03 21:59:25,805 [INFO] ThirdPartyUpdaterWithRetryManager:70 - Updater plugin not ready yet. [1/15]
2026-08-03 21:59:25,806 [INFO] PluginManage:359 - Loaded plugin tools (category:base,tabindex:7)
2026-08-03 21:59:25,807 [INFO] PluginManage:310 - Check plugin tutovideos
2026-08-03 21:59:25,945 [INFO] PluginManage:359 - Loaded plugin tutovideos (category:base,tabindex:-1)
2026-08-03 21:59:25,945 [INFO] PluginManage:310 - Check plugin updater
2026-08-03 21:59:25,963 [INFO] PluginManage:359 - Loaded plugin updater (category:base,tabindex:12)
2026-08-03 21:59:25,963 [INFO] PluginManage:310 - Check plugin userauth
2026-08-03 21:59:25,965 [INFO] UserAuth:118 - Init User Auth plugin
2026-08-03 21:59:25,966 [INFO] PluginManage:359 - Loaded plugin userauth (category:base,tabindex:14)
2026-08-03 21:59:25,966 [INFO] PluginManage:283 - PluginManage : Loaded plugins [18]
2026-08-03 21:59:26,135 [INFO] PinOutPanel:1589 - setPackage(No Configuration,No Configuration)
2026-08-03 21:59:26,199 [INFO] CADModel:165 - CPN selected for project level
2026-08-03 21:59:26,199 [INFO] CADModel:114 - Register for checkConnection events
2026-08-03 21:59:26,210 [INFO] IPUIPlugin:80 - create IPUIPlugin
2026-08-03 21:59:26,210 [INFO] PluginManager:220 - loadIPPluginJar : add adc
2026-08-03 21:59:26,212 [INFO] IPUIPlugin:80 - create IPUIPlugin
2026-08-03 21:59:26,212 [INFO] PluginManager:220 - loadIPPluginJar : add aes
2026-08-03 21:59:26,213 [INFO] IPUIPlugin:80 - create IPUIPlugin
2026-08-03 21:59:26,213 [INFO] PluginManager:220 - loadIPPluginJar : add can
2026-08-03 21:59:26,214 [INFO] IPUIPlugin:80 - create IPUIPlugin
2026-08-03 21:59:26,214 [INFO] PluginManager:220 - loadIPPluginJar : add comp
2026-08-03 21:59:26,215 [INFO] IPUIPlugin:80 - create IPUIPlugin
2026-08-03 21:59:26,215 [INFO] PluginManager:220 - loadIPPluginJar : add cryp
2026-08-03 21:59:26,216 [INFO] IPUIPlugin:80 - create IPUIPlugin
2026-08-03 21:59:26,216 [INFO] PluginManager:220 - loadIPPluginJar : add ddr_ctrl_phy
2026-08-03 21:59:26,218 [INFO] IPUIPlugin:80 - create IPUIPlugin
2026-08-03 21:59:26,218 [INFO] PluginManager:220 - loadIPPluginJar : add dfsdm
2026-08-03 21:59:26,221 [INFO] IPUIPlugin:80 - create IPUIPlugin
2026-08-03 21:59:26,221 [INFO] PluginManager:220 - loadIPPluginJar : add dma
2026-08-03 21:59:26,222 [INFO] IPUIPlugin:80 - create IPUIPlugin
2026-08-03 21:59:26,222 [INFO] PluginManager:220 - loadIPPluginJar : add dma3
2026-08-03 21:59:26,224 [INFO] IPUIPlugin:80 - create IPUIPlugin
2026-08-03 21:59:26,224 [INFO] PluginManager:220 - loadIPPluginJar : add extmemmanager
2026-08-03 21:59:26,226 [INFO] IPUIPlugin:80 - create IPUIPlugin
2026-08-03 21:59:26,226 [INFO] PluginManager:220 - loadIPPluginJar : add fatfs
2026-08-03 21:59:26,230 [INFO] IPUIPlugin:80 - create IPUIPlugin
2026-08-03 21:59:26,230 [INFO] PluginManager:220 - loadIPPluginJar : add fmc
2026-08-03 21:59:26,235 [INFO] IPUIPlugin:80 - create IPUIPlugin
2026-08-03 21:59:26,236 [INFO] PluginManager:220 - loadIPPluginJar : add freertos
2026-08-03 21:59:26,237 [INFO] IPUIPlugin:80 - create IPUIPlugin
2026-08-03 21:59:26,237 [INFO] PluginManager:220 - loadIPPluginJar : add genericplugin
2026-08-03 21:59:26,239 [INFO] IPUIPlugin:80 - create IPUIPlugin
2026-08-03 21:59:26,239 [INFO] PluginManager:220 - loadIPPluginJar : add gfxmmu
2026-08-03 21:59:26,243 [INFO] IPUIPlugin:80 - create IPUIPlugin
2026-08-03 21:59:26,243 [INFO] PluginManager:220 - loadIPPluginJar : add gic
2026-08-03 21:59:26,246 [INFO] IPUIPlugin:80 - create IPUIPlugin
2026-08-03 21:59:26,246 [INFO] PluginManager:220 - loadIPPluginJar : add gpio
2026-08-03 21:59:26,249 [INFO] IPUIPlugin:80 - create IPUIPlugin
2026-08-03 21:59:26,249 [INFO] PluginManager:220 - loadIPPluginJar : add gtzc
2026-08-03 21:59:26,251 [INFO] IPUIPlugin:80 - create IPUIPlugin
2026-08-03 21:59:26,251 [INFO] PluginManager:220 - loadIPPluginJar : add hash
2026-08-03 21:59:26,254 [INFO] IPUIPlugin:80 - create IPUIPlugin
2026-08-03 21:59:26,254 [INFO] PluginManager:220 - loadIPPluginJar : add i2c
2026-08-03 21:59:26,256 [INFO] IPUIPlugin:80 - create IPUIPlugin
2026-08-03 21:59:26,256 [INFO] PluginManager:220 - loadIPPluginJar : add i2s
2026-08-03 21:59:26,258 [INFO] IPUIPlugin:80 - create IPUIPlugin
2026-08-03 21:59:26,259 [INFO] PluginManager:220 - loadIPPluginJar : add i3c
2026-08-03 21:59:26,261 [INFO] IPUIPlugin:80 - create IPUIPlugin
2026-08-03 21:59:26,261 [INFO] PluginManager:220 - loadIPPluginJar : add ipddr
2026-08-03 21:59:26,266 [INFO] IPUIPlugin:80 - create IPUIPlugin
2026-08-03 21:59:26,266 [INFO] PluginManager:220 - loadIPPluginJar : add linkedlist
2026-08-03 21:59:26,267 [INFO] IPUIPlugin:80 - create IPUIPlugin
2026-08-03 21:59:26,267 [INFO] PluginManager:220 - loadIPPluginJar : add lorawan
2026-08-03 21:59:26,268 [INFO] IPUIPlugin:80 - create IPUIPlugin
2026-08-03 21:59:26,268 [INFO] PluginManager:220 - loadIPPluginJar : add ltdc
2026-08-03 21:59:26,272 [INFO] IPUIPlugin:80 - create IPUIPlugin
2026-08-03 21:59:26,272 [INFO] PluginManager:220 - loadIPPluginJar : add mdma
2026-08-03 21:59:26,274 [INFO] IPUIPlugin:80 - create IPUIPlugin
2026-08-03 21:59:26,274 [INFO] PluginManager:220 - loadIPPluginJar : add nvic
2026-08-03 21:59:26,276 [INFO] IPUIPlugin:80 - create IPUIPlugin
2026-08-03 21:59:26,276 [INFO] PluginManager:220 - loadIPPluginJar : add opamp
2026-08-03 21:59:26,278 [INFO] IPUIPlugin:80 - create IPUIPlugin
2026-08-03 21:59:26,278 [INFO] PluginManager:220 - loadIPPluginJar : add openamp
2026-08-03 21:59:26,281 [INFO] IPUIPlugin:80 - create IPUIPlugin
2026-08-03 21:59:26,281 [INFO] PluginManager:220 - loadIPPluginJar : add pdm2pcm
2026-08-03 21:59:26,287 [INFO] IPUIPlugin:80 - create IPUIPlugin
2026-08-03 21:59:26,289 [INFO] PluginManager:220 - loadIPPluginJar : add plateformsettings
2026-08-03 21:59:26,290 [INFO] IPUIPlugin:80 - create IPUIPlugin
2026-08-03 21:59:26,290 [INFO] PluginManager:220 - loadIPPluginJar : add quadspi
2026-08-03 21:59:26,291 [INFO] IPUIPlugin:80 - create IPUIPlugin
2026-08-03 21:59:26,292 [INFO] PluginManager:220 - loadIPPluginJar : add radio
2026-08-03 21:59:26,294 [INFO] IPUIPlugin:80 - create IPUIPlugin
2026-08-03 21:59:26,294 [INFO] PluginManager:220 - loadIPPluginJar : add resmgrutility
2026-08-03 21:59:26,296 [INFO] IPUIPlugin:80 - create IPUIPlugin
2026-08-03 21:59:26,296 [INFO] PluginManager:220 - loadIPPluginJar : add sai
2026-08-03 21:59:26,297 [INFO] IPUIPlugin:80 - create IPUIPlugin
2026-08-03 21:59:26,297 [INFO] PluginManager:220 - loadIPPluginJar : add spi
2026-08-03 21:59:26,302 [INFO] IPUIPlugin:80 - create IPUIPlugin
2026-08-03 21:59:26,302 [INFO] PluginManager:220 - loadIPPluginJar : add stm32_wpan
2026-08-03 21:59:26,304 [INFO] IPUIPlugin:80 - create IPUIPlugin
2026-08-03 21:59:26,304 [INFO] PluginManager:220 - loadIPPluginJar : add tim
2026-08-03 21:59:26,308 [INFO] IPUIPlugin:80 - create IPUIPlugin
2026-08-03 21:59:26,308 [INFO] PluginManager:220 - loadIPPluginJar : add touchsensing
2026-08-03 21:59:26,310 [INFO] IPUIPlugin:80 - create IPUIPlugin
2026-08-03 21:59:26,310 [INFO] PluginManager:220 - loadIPPluginJar : add tracer_emb
2026-08-03 21:59:26,311 [INFO] IPUIPlugin:80 - create IPUIPlugin
2026-08-03 21:59:26,311 [INFO] PluginManager:220 - loadIPPluginJar : add ts
2026-08-03 21:59:26,312 [INFO] IPUIPlugin:80 - create IPUIPlugin
2026-08-03 21:59:26,313 [INFO] PluginManager:220 - loadIPPluginJar : add tsc
2026-08-03 21:59:26,314 [INFO] IPUIPlugin:80 - create IPUIPlugin
2026-08-03 21:59:26,314 [INFO] PluginManager:220 - loadIPPluginJar : add ucpd
2026-08-03 21:59:26,315 [INFO] IPUIPlugin:80 - create IPUIPlugin
2026-08-03 21:59:26,315 [INFO] PluginManager:220 - loadIPPluginJar : add usart
2026-08-03 21:59:26,318 [INFO] IPUIPlugin:80 - create IPUIPlugin
2026-08-03 21:59:26,318 [INFO] PluginManager:220 - loadIPPluginJar : add usbx
2026-08-03 21:59:26,433 [FATAL] Updater:351 - Updater called before beeing initialized
2026-08-03 21:59:26,457 [INFO] RulesReader:64 - Compatibility file has been processed (302 Rules)
2026-08-03 21:59:26,467 [INFO] RulesReader:64 - Compatibility file has been processed (302 Rules)
2026-08-03 21:59:26,475 [INFO] CADModel:165 - CPN selected for project level
2026-08-03 21:59:26,475 [INFO] CADModel:114 - Register for checkConnection events
2026-08-03 21:59:26,475 [FATAL] Updater:351 - Updater called before beeing initialized
2026-08-03 21:59:26,475 [ERROR] CADModel:125 - Updater not yet initialized, retry later 
2026-08-03 21:59:26,594 [FATAL] Updater:351 - Updater called before beeing initialized
2026-08-03 21:59:26,595 [INFO] CADModel:165 - CPN selected for project level
2026-08-03 21:59:26,595 [INFO] CADModel:114 - Register for checkConnection events
2026-08-03 21:59:26,595 [FATAL] Updater:351 - Updater called before beeing initialized
2026-08-03 21:59:26,595 [ERROR] CADModel:125 - Updater not yet initialized, retry later 
2026-08-03 21:59:26,598 [FATAL] Updater:351 - Updater called before beeing initialized
2026-08-03 21:59:26,689 [FATAL] Updater:351 - Updater called before beeing initialized
2026-08-03 21:59:26,692 [INFO] DbMcusAds:53 - JSON generation date=Wed Jul 15 06:46:00 ART 2026 (1784108760991)
2026-08-03 21:59:26,692 [FATAL] Updater:351 - Updater called before beeing initialized
2026-08-03 21:59:26,721 [WARN] DetailPanel:346 - Failed to get advertising image, set to default
2026-08-03 21:59:26,967 [FATAL] Updater:351 - Updater called before beeing initialized
2026-08-03 21:59:26,969 [FATAL] Updater:351 - Updater called before beeing initialized
2026-08-03 21:59:26,969 [FATAL] Updater:351 - Updater called before beeing initialized
2026-08-03 21:59:26,969 [WARN] DetailPanel:346 - Failed to get advertising image, set to default
2026-08-03 21:59:26,969 [FATAL] Updater:351 - Updater called before beeing initialized
2026-08-03 21:59:27,007 [ERROR] Updater:1198 - MainUpdater not yet initialized. External WinMGr cannot be set.
2026-08-03 21:59:27,008 [INFO] Updater:1134 - Updater Version found : 6.14.1
2026-08-03 21:59:27,024 [INFO] ApplicationProperties:184 - Using Application install path: C:\ST\STM32CubeIDE_1.18.1\STM32CubeIDE\plugins\com.st.stm32cube.common.mx_6.14.1.202504091515
2026-08-03 21:59:28,592 [ERROR] LogOutputStream:75 - [STDERR_REDIRECT] Aug 03, 2026 9:59:28 PM java.util.prefs.WindowsPreferences <init>
2026-08-03 21:59:28,593 [ERROR] LogOutputStream:75 - [STDERR_REDIRECT] WARNING: Could not open/create prefs root node Software\JavaSoft\Prefs at root 0xffffffff80000002. Windows RegCreateKeyEx(...) returned error code 5.
2026-08-03 21:59:28,593 [ERROR] LogOutputStream:75 - [STDERR_REDIRECT] 
2026-08-03 21:59:28,785 [INFO] MainUpdater:2872 - connection check result : 10
2026-08-03 21:59:28,786 [INFO] MainUpdater:289 - Updater Check For Update Now.
2026-08-03 21:59:28,786 [INFO] MicroXplorer:498 - Change Database Version : DB.6.0.141
2026-08-03 21:59:28,790 [INFO] McuFinderGlobals:63 - Set McuFinder mode to 2 (CubeIDE integrated)
2026-08-03 21:59:28,791 [INFO] UserAuth:484 - Internet connection configuration mode: 1
2026-08-03 21:59:28,801 [INFO] JxBrowserEngine:152 - Initiate JxBrowser Engine with user profile folder
2026-08-03 21:59:28,805 [WARN] MainUpdater:1193 - Updater busy. Cannot search thirdparties
2026-08-03 21:59:28,805 [INFO] ThirdPartyUpdaterWithRetryManager:96 - Updater plugin is busy. [1/15]
2026-08-03 21:59:28,961 [INFO] CheckServerUpdateThread:120 - End of CheckServer Thread
2026-08-03 21:59:29,233 [INFO] WebApp:169 - Instantiating new browser for Auth
2026-08-03 21:59:29,664 [INFO] WebApp:463 - Apply proxy settings
2026-08-03 21:59:29,664 [INFO] WebApp:548 - Chromium requires no authentication
2026-08-03 21:59:29,670 [INFO] WebApp:491 - Direct internet connection detected
2026-08-03 21:59:29,684 [INFO] WebApp:894 - Register for checkConnection events
2026-08-03 21:59:29,684 [INFO] WebApp:463 - Apply proxy settings
2026-08-03 21:59:29,684 [INFO] WebApp:548 - Chromium requires no authentication
2026-08-03 21:59:29,684 [INFO] WebApp:491 - Direct internet connection detected
2026-08-03 21:59:29,822 [INFO] WebApp:225 - Starting web application
2026-08-03 21:59:29,822 [INFO] WebApp:593 - Web application path used C:\ST\STM32CubeIDE_1.18.1\STM32CubeIDE\plugins\com.st.stm32cube.common.mx_6.14.1.202504091515\db\plugins\mcufinder\reactClient1\index.html
2026-08-03 21:59:29,904 [INFO] WebApp:191 - Connection restablished
2026-08-03 21:59:29,961 [INFO] UserAuth:484 - Internet connection configuration mode: 1
2026-08-03 21:59:31,987 [WARN] PackLoader:240 - Cannot read IP mode file for STMicroelectronics.X-CUBE-AZRTOS-H7.3.5.0
2026-08-03 21:59:31,997 [WARN] PackLoader:240 - Cannot read IP mode file for STMicroelectronics.FP-SNS-MOTENVWB1.1.4.0
2026-08-03 21:59:32,003 [WARN] PackLoader:240 - Cannot read IP mode file for STMicroelectronics.FP-ATR-ASTRA1.2.0.3
2026-08-03 21:59:32,007 [WARN] PackLoader:240 - Cannot read IP mode file for STMicroelectronics.FP-ATR-ASTRA1.2.0.2
2026-08-03 21:59:32,012 [ERROR] Engine:466 - C:\Users\German\.stm32cubemx\thirdparties\pdsc\STMicroelectronics.X-CUBE-SMBUS.2.1.1.pdsc: PDSC version is not supported
2026-08-03 21:59:32,016 [WARN] PackLoader:240 - Cannot read IP mode file for STMicroelectronics.X-CUBE-SMBUS.2.1.0
2026-08-03 21:59:32,021 [WARN] PackLoader:240 - Cannot read IP mode file for STMicroelectronics.X-CUBE-WB05N.1.1.0
2026-08-03 21:59:32,027 [WARN] PackLoader:240 - Cannot read IP mode file for STMicroelectronics.X-CUBE-ST60.1.0.0
2026-08-03 21:59:32,042 [WARN] PackLoader:240 - Cannot read IP mode file for STMicroelectronics.X-CUBE-AZRTOS-F7.1.1.0
2026-08-03 21:59:32,046 [ERROR] Engine:466 - C:\Users\German\.stm32cubemx\thirdparties\pdsc\STMicroelectronics.X-CUBE-FREERTOS.1.6.0.pdsc: PDSC version is not supported
2026-08-03 21:59:32,048 [ERROR] Engine:466 - C:\Users\German\.stm32cubemx\thirdparties\pdsc\STMicroelectronics.FP-SNS-MOTENV1.5.1.0.pdsc: PDSC version is not supported
2026-08-03 21:59:32,066 [WARN] PackLoader:240 - Cannot read IP mode file for STMicroelectronics.X-CUBE-AZRTOS-H7RS.1.3.0
2026-08-03 21:59:32,083 [WARN] PackLoader:240 - Cannot read IP mode file for Infineon.AIROC-Wi-Fi-Bluetooth-STM32.1.7.0
2026-08-03 21:59:32,104 [WARN] PackLoader:240 - Cannot read IP mode file for STMicroelectronics.X-CUBE-AZRTOS-H7.3.4.0
2026-08-03 21:59:32,112 [WARN] PackLoader:240 - Cannot read IP mode file for STMicroelectronics.X-CUBE-DISPLAY.3.0.0
2026-08-03 21:59:32,119 [WARN] PackLoader:240 - Cannot read IP mode file for STMicroelectronics.X-CUBE-GNSS1.7.1.1
2026-08-03 21:59:32,122 [ERROR] Engine:466 - C:\Users\German\.stm32cubemx\thirdparties\pdsc\STMicroelectronics.FP-SNS-MOTENVWB1.1.5.0.pdsc: PDSC version is not supported
2026-08-03 21:59:32,125 [WARN] PackLoader:240 - Cannot read IP mode file for STMicroelectronics.X-CUBE-NFC10.1.0.0
2026-08-03 21:59:32,132 [WARN] PackLoader:240 - Cannot read IP mode file for STMicroelectronics.X-CUBE-BLEMGR.4.0.0
2026-08-03 21:59:32,139 [WARN] PackLoader:240 - Cannot read IP mode file for STMicroelectronics.X-CUBE-ST60.1.1.0
2026-08-03 21:59:32,144 [WARN] PackLoader:240 - Cannot read IP mode file for emotas.I-CUBE-CANOPEN.1.3.0
2026-08-03 21:59:32,147 [ERROR] Engine:466 - C:\Users\German\.stm32cubemx\thirdparties\pdsc\STMicroelectronics.X-CUBE-WBA.1.1.0.pdsc: PDSC version is not supported
2026-08-03 21:59:32,149 [WARN] PackLoader:240 - Cannot read IP mode file for STMicroelectronics.X-CUBE-GNSS1.7.1.0
2026-08-03 21:59:32,153 [WARN] ConditionMgr:438 - getConditionDescription Invalid condition id : Cortex-A Device cause : null
2026-08-03 21:59:32,163 [WARN] ConditionMgr:1044 - genDependencies : Invalid condition id : Cortex-A Device cause : null
2026-08-03 21:59:32,164 [WARN] ConditionMgr:1044 - genDependencies : Invalid condition id : Cortex-A Device cause : null
2026-08-03 21:59:32,164 [WARN] ConditionMgr:1044 - genDependencies : Invalid condition id : Cortex-A Device cause : null
2026-08-03 21:59:32,166 [WARN] PackLoader:240 - Cannot read IP mode file for STMicroelectronics.X-CUBE-AI.10.0.0
2026-08-03 21:59:32,169 [ERROR] Engine:466 - C:\Users\German\.stm32cubemx\thirdparties\pdsc\STMicroelectronics.FP-SNS-STBOX1.2.1.0.pdsc: PDSC version is not supported
2026-08-03 21:59:32,171 [WARN] PackLoader:240 - Cannot read IP mode file for STMicroelectronics.FP-SNS-SMARTAG2.1.2.0
2026-08-03 21:59:32,175 [WARN] PackLoader:240 - Cannot read IP mode file for STMicroelectronics.FP-SNS-FLIGHT1.5.1.0
2026-08-03 21:59:32,207 [WARN] PackLoader:240 - Cannot read IP mode file for STMicroelectronics.X-CUBE-MEMS1.11.1.0
2026-08-03 21:59:32,312 [INFO] LogOutputStream:77 - [STDOUT_REDIRECT] 1 : Invalid condition id : UX_CORESTACK_Condition cause : null
2026-08-03 21:59:32,312 [INFO] LogOutputStream:77 - [STDOUT_REDIRECT] 1 : Invalid condition id : UX_CORESTACK_Condition cause : null
2026-08-03 21:59:32,313 [INFO] LogOutputStream:77 - [STDOUT_REDIRECT] 1 : Invalid condition id : UX_CORESTACK_Condition cause : null
2026-08-03 21:59:32,314 [INFO] LogOutputStream:77 - [STDOUT_REDIRECT] 1 : Invalid condition id : UX_CORESTACK_Condition cause : null
2026-08-03 21:59:32,315 [INFO] LogOutputStream:77 - [STDOUT_REDIRECT] 1 : Invalid condition id : UX_CORESTACK_Condition cause : null
2026-08-03 21:59:32,317 [WARN] PackLoader:240 - Cannot read IP mode file for STMicroelectronics.X-CUBE-AZRTOS-WL.2.0.0
2026-08-03 21:59:32,322 [WARN] PackLoader:240 - Cannot read IP mode file for STMicroelectronics.FP-SNS-MOTENV1.5.0.0
2026-08-03 21:59:32,332 [WARN] PackLoader:240 - Cannot read IP mode file for STMicroelectronics.X-CUBE-AZRTOS-H7RS.1.2.0
2026-08-03 21:59:32,339 [WARN] PackLoader:240 - Cannot read IP mode file for WES.I-CUBE-Cesium.1.3.0
2026-08-03 21:59:32,343 [WARN] PackLoader:240 - Cannot read IP mode file for STMicroelectronics.X-CUBE-BLE2.3.3.0
2026-08-03 21:59:32,356 [WARN] PackLoader:240 - Cannot read IP mode file for STMicroelectronics.X-CUBE-NFC9.1.0.0
2026-08-03 21:59:32,360 [WARN] PackLoader:240 - Cannot read IP mode file for STMicroelectronics.X-CUBE-BLE1.7.1.0
2026-08-03 21:59:32,364 [WARN] PackLoader:240 - Cannot read IP mode file for wolfSSL.I-CUBE-wolfMQTT.1.19.2
2026-08-03 21:59:32,365 [ERROR] Engine:466 - C:\Users\German\.stm32cubemx\thirdparties\pdsc\STMicroelectronics.X-CUBE-FREERTOS.1.4.0.pdsc: PDSC version is not supported
2026-08-03 21:59:32,369 [WARN] PackLoader:240 - Cannot read IP mode file for STMicroelectronics.X-CUBE-EEPRMA1.5.2.0
2026-08-03 21:59:32,371 [ERROR] Engine:466 - C:\Users\German\.stm32cubemx\thirdparties\pdsc\STMicroelectronics.X-CUBE-ST67W61.1.1.0.pdsc: PDSC version is not supported
2026-08-03 21:59:32,373 [WARN] PackLoader:240 - Cannot read IP mode file for STMicroelectronics.X-CUBE-AI.10.1.0
2026-08-03 21:59:32,375 [ERROR] Engine:466 - C:\Users\German\.stm32cubemx\thirdparties\pdsc\STMicroelectronics.FP-SNS-STAIOTCFT.1.1.0.pdsc: PDSC version is not supported
2026-08-03 21:59:32,403 [WARN] PackLoader:240 - Cannot read IP mode file for STMicroelectronics.X-CUBE-MEMS1.12.0.0
2026-08-03 21:59:32,512 [WARN] PackLoader:240 - Cannot read IP mode file for STMicroelectronics.X-CUBE-MEMS1.11.2.0
2026-08-03 21:59:32,592 [WARN] PackLoader:240 - Cannot read IP mode file for STMicroelectronics.X-CUBE-AZRTOS-G0.1.1.0
2026-08-03 21:59:32,598 [WARN] PackLoader:240 - Cannot read IP mode file for STMicroelectronics.X-CUBE-SAFEA1.1.2.2
2026-08-03 21:59:32,602 [WARN] PackLoader:240 - Cannot read IP mode file for STMicroelectronics.X-CUBE-NFC4.3.0.0
2026-08-03 21:59:32,607 [WARN] PackLoader:240 - Cannot read IP mode file for EmbeddedOffice.I-CUBE-FS-RTOS.1.0.1
2026-08-03 21:59:32,612 [WARN] PackLoader:240 - Cannot read IP mode file for STMicroelectronics.X-CUBE-WB05N.2.0.0
2026-08-03 21:59:32,616 [WARN] PackLoader:240 - Cannot read IP mode file for wolfSSL.I-CUBE-wolfTPM.3.8.0
2026-08-03 21:59:32,620 [WARN] PackLoader:240 - Cannot read IP mode file for STMicroelectronics.X-CUBE-TCPP.4.2.0
2026-08-03 21:59:32,624 [WARN] PackLoader:240 - Cannot read IP mode file for RealThread.X-CUBE-RT-Thread_Nano.4.1.1
2026-08-03 21:59:32,627 [WARN] PackLoader:240 - Cannot read IP mode file for STMicroelectronics.FP-ATR-SIGFOX1.3.2.0
2026-08-03 21:59:32,630 [WARN] PackLoader:240 - Cannot read IP mode file for STMicroelectronics.X-CUBE-EEPRMA1.5.1.0
2026-08-03 21:59:32,633 [ERROR] Engine:466 - C:\Users\German\.stm32cubemx\thirdparties\pdsc\STMicroelectronics.X-CUBE-FREERTOS.1.5.0.pdsc: PDSC version is not supported
2026-08-03 21:59:32,635 [WARN] PackLoader:240 - Cannot read IP mode file for wolfSSL.I-CUBE-wolfSSL.5.7.6
2026-08-03 21:59:32,639 [WARN] PackLoader:240 - Cannot read IP mode file for ITTIA_DB.I-CUBE-ITTIADB.8.9.0
2026-08-03 21:59:32,643 [WARN] PackLoader:240 - Cannot read IP mode file for STMicroelectronics.X-CUBE-NFC6.3.2.0
2026-08-03 21:59:32,650 [WARN] PackLoader:240 - Cannot read IP mode file for STMicroelectronics.X-CUBE-ST67W61.1.0.0
2026-08-03 21:59:32,653 [WARN] PackLoader:240 - Cannot read IP mode file for STMicroelectronics.X-CUBE-AI.10.2.1
2026-08-03 21:59:32,655 [WARN] PackLoader:240 - Cannot read IP mode file for STMicroelectronics.X-CUBE-AI.10.2.0
2026-08-03 21:59:32,679 [WARN] PackLoader:240 - Cannot read IP mode file for STMicroelectronics.X-CUBE-MEMS1.12.1.0
2026-08-03 21:59:32,744 [WARN] PackLoader:240 - Cannot read IP mode file for SEGGER.I-CUBE-embOS.1.3.1
2026-08-03 21:59:32,763 [WARN] PackLoader:240 - Cannot read IP mode file for STMicroelectronics.X-CUBE-ALGOBUILD.1.4.0
2026-08-03 21:59:32,784 [WARN] PackLoader:240 - Cannot read IP mode file for STMicroelectronics.X-CUBE-MEMS1.11.3.0
2026-08-03 21:59:32,859 [WARN] PackLoader:240 - Cannot read IP mode file for STMicroelectronics.X-CUBE-NFC13.1.0.0
2026-08-03 21:59:32,864 [WARN] PackLoader:240 - Cannot read IP mode file for STMicroelectronics.X-CUBE-PM33A1.1.0.0
2026-08-03 21:59:32,875 [WARN] PackLoader:240 - Cannot read IP mode file for STMicroelectronics.X-CUBE-AZRTOS-F4.1.1.0
2026-08-03 21:59:32,879 [WARN] PackLoader:240 - Cannot read IP mode file for Avnet-IotConnect.X-CUBE-IoTC-DA16k-PMOD.1.0.0
2026-08-03 21:59:32,882 [WARN] PackLoader:240 - Cannot read IP mode file for STMicroelectronics.X-CUBE-ISPU.2.1.0
2026-08-03 21:59:32,886 [ERROR] Engine:466 - C:\Users\German\.stm32cubemx\thirdparties\pdsc\STMicroelectronics.X-CUBE-IPS.3.2.0.pdsc: PDSC version is not supported
2026-08-03 21:59:32,889 [WARN] PackLoader:240 - Cannot read IP mode file for STMicroelectronics.eDS-WB_DPC_TT-BIDIR.2.1.1
2026-08-03 21:59:32,902 [WARN] PackLoader:240 - Cannot read IP mode file for STMicroelectronics.X-CUBE-NFC12.1.0.0
2026-08-03 21:59:32,914 [WARN] PackLoader:240 - Cannot read IP mode file for STMicroelectronics.X-CUBE-AZRTOS-L5.2.0.0
2026-08-03 21:59:32,919 [WARN] PackLoader:240 - Cannot read IP mode file for STMicroelectronics.X-CUBE-NFC6.3.1.0
2026-08-03 21:59:32,925 [WARN] PackLoader:240 - Cannot read IP mode file for STMicroelectronics.X-CUBE-ALGOBUILD.1.5.0
2026-08-03 21:59:32,929 [WARN] PackLoader:240 - Cannot read IP mode file for STMicroelectronics.X-CUBE-DPower.1.2.0
2026-08-03 21:59:32,932 [WARN] PackLoader:240 - Cannot read IP mode file for STMicroelectronics.eDS-WB_DPC_VIENNA.1.2.0
2026-08-03 21:59:32,953 [WARN] PackLoader:240 - Cannot read IP mode file for STMicroelectronics.X-CUBE-MEMS1.13.0.0
2026-08-03 21:59:32,995 [WARN] PackLoader:240 - Cannot read IP mode file for STMicroelectronics.eDS-WB_DPC_3PH2L-BIDIR.1.1.1
2026-08-03 21:59:32,998 [ERROR] Engine:466 - C:\Users\German\.stm32cubemx\thirdparties\pdsc\STMicroelectronics.X-CUBE-ST67W61.1.3.0.pdsc: PDSC version is not supported
2026-08-03 21:59:33,001 [WARN] PackLoader:240 - Cannot read IP mode file for STMicroelectronics.X-CUBE-FREERTOS.1.3.1
2026-08-03 21:59:33,003 [WARN] PackLoader:240 - Cannot read IP mode file for STMicroelectronics.X-CUBE-FREERTOS.1.3.0
2026-08-03 21:59:33,006 [WARN] PackLoader:240 - Cannot read IP mode file for STMicroelectronics.X-CUBE-NFC7.1.0.1
2026-08-03 21:59:33,010 [WARN] PackLoader:240 - Cannot read IP mode file for STMicroelectronics.X-CUBE-TOUCHGFX.4.26.0
2026-08-03 21:59:33,013 [WARN] PackLoader:240 - Cannot read IP mode file for STMicroelectronics.X-CUBE-TOUCHGFX.4.26.1
2026-08-03 21:59:33,016 [WARN] PackLoader:240 - Cannot read IP mode file for STMicroelectronics.FP-SNS-STAIOTCFT.1.0.0
2026-08-03 21:59:33,018 [WARN] PackLoader:240 - Cannot read IP mode file for STMicroelectronics.X-CUBE-DPower.1.3.0
2026-08-03 21:59:33,028 [WARN] ConditionMgr:438 - getConditionDescription Invalid condition id : LAN8742 Phy interface Condition cause : null
2026-08-03 21:59:33,028 [WARN] PackLoader:240 - Cannot read IP mode file for STMicroelectronics.X-CUBE-AZRTOS-L4.2.0.0
2026-08-03 21:59:33,029 [WARN] ConditionMgr:1044 - genDependencies : Invalid condition id : LAN8742 Phy interface Condition cause : null
2026-08-03 21:59:33,029 [WARN] ConditionMgr:1044 - genDependencies : Invalid condition id : LAN8742 Phy interface Condition cause : null
2026-08-03 21:59:33,029 [WARN] ConditionMgr:1044 - genDependencies : Invalid condition id : LAN8742 Phy interface Condition cause : null
2026-08-03 21:59:33,033 [WARN] PackLoader:240 - Cannot read IP mode file for STMicroelectronics.X-CUBE-SFXS2LP1.4.0.0
2026-08-03 21:59:33,037 [WARN] PackLoader:240 - Cannot read IP mode file for STMicroelectronics.X-CUBE-WB05N.2.1.0
2026-08-03 21:59:33,040 [ERROR] Engine:466 - C:\Users\German\.stm32cubemx\thirdparties\pdsc\STMicroelectronics.X-CUBE-ST67W61.1.2.0.pdsc: PDSC version is not supported
2026-08-03 21:59:33,048 [WARN] PackLoader:240 - Cannot read IP mode file for STMicroelectronics.X-CUBE-AZRTOS-H7.3.3.0
2026-08-03 21:59:33,053 [WARN] PackLoader:240 - Cannot read IP mode file for STMicroelectronics.X-CUBE-BLEMGR.4.1.0
2026-08-03 21:59:33,061 [WARN] ConditionMgr:438 - getConditionDescription Invalid condition id : UX DEVICE CLASS RTOS Condition cause : null
2026-08-03 21:59:33,061 [WARN] ConditionMgr:438 - getConditionDescription Invalid condition id : UX DEVICE CLASS RTOS Condition cause : null
2026-08-03 21:59:33,062 [WARN] PackLoader:240 - Cannot read IP mode file for STMicroelectronics.X-CUBE-AZRTOS-WB.2.0.0
2026-08-03 21:59:33,062 [WARN] ConditionMgr:1044 - genDependencies : Invalid condition id : UX DEVICE CLASS RTOS Condition cause : null
2026-08-03 21:59:33,062 [WARN] ConditionMgr:1044 - genDependencies : Invalid condition id : UX DEVICE CLASS RTOS Condition cause : null
2026-08-03 21:59:33,062 [WARN] ConditionMgr:1044 - genDependencies : Invalid condition id : UX DEVICE CLASS RTOS Condition cause : null
2026-08-03 21:59:33,062 [WARN] ConditionMgr:1044 - genDependencies : Invalid condition id : UX DEVICE CLASS RTOS Condition cause : null
2026-08-03 21:59:33,062 [WARN] ConditionMgr:1044 - genDependencies : Invalid condition id : UX DEVICE CLASS RTOS Condition cause : null
2026-08-03 21:59:33,065 [WARN] PackLoader:240 - Cannot read IP mode file for STMicroelectronics.X-CUBE-GNSS1.7.0.1
2026-08-03 21:59:33,069 [WARN] PackLoader:240 - Cannot read IP mode file for STMicroelectronics.X-CUBE-TOUCHGFX.4.25.0
2026-08-03 21:59:33,073 [WARN] PackLoader:240 - Cannot read IP mode file for STMicroelectronics.FP-SNS-STBOX1.2.0.0
2026-08-03 21:59:33,079 [WARN] PackLoader:240 - Cannot read IP mode file for STMicroelectronics.X-CUBE-STSE01.2.0.0
2026-08-03 21:59:33,086 [WARN] PackLoader:240 - Cannot read IP mode file for STMicroelectronics.X-CUBE-SUBG2.5.0.0
2026-08-03 21:59:33,097 [WARN] PackLoader:240 - Cannot read IP mode file for STMicroelectronics.X-CUBE-AZRTOS-H7RS.1.1.0
2026-08-03 21:59:33,101 [WARN] PackLoader:240 - Cannot read IP mode file for Cesanta.I-CUBE-Mongoose.7.13.0
2026-08-03 21:59:33,109 [WARN] PackLoader:240 - Cannot read IP mode file for STMicroelectronics.X-CUBE-AZRTOS-G4.2.0.0
2026-08-03 21:59:33,113 [WARN] PackLoader:240 - Cannot read IP mode file for wolfSSL.I-CUBE-wolfSSH.1.4.20
2026-08-03 21:59:33,116 [WARN] PackLoader:240 - Cannot read IP mode file for STMicroelectronics.X-CUBE-NFC7.2.0.0
2026-08-03 21:59:33,124 [WARN] PackLoader:240 - Cannot read IP mode file for STMicroelectronics.X-CUBE-IPS.3.1.0
2026-08-03 21:59:33,130 [ERROR] Engine:466 - C:\Users\German\.stm32cubemx\thirdparties\pdsc\STMicroelectronics.X-CUBE-BLEMGR.4.2.0.pdsc: PDSC version is not supported
2026-08-03 21:59:33,133 [WARN] PackLoader:240 - Cannot read IP mode file for STMicroelectronics.X-CUBE-ALS.1.0.2
2026-08-03 21:59:33,137 [WARN] PackLoader:240 - Cannot read IP mode file for STMicroelectronics.X-CUBE-STSE01.1.0.0
2026-08-03 21:59:33,141 [WARN] PackLoader:240 - Cannot read IP mode file for portGmbH.I-Cube-SoM-uGOAL.1.1.0
2026-08-03 21:59:33,147 [WARN] PackLoader:240 - Cannot read IP mode file for STMicroelectronics.X-CUBE-TOF1.3.4.2
2026-08-03 21:59:33,156 [WARN] PackLoader:240 - Cannot read IP mode file for STMicroelectronics.X-CUBE-TOF1.3.4.3
2026-08-03 21:59:33,162 [INFO] ThirdParty:978 - Integrity check success = true
2026-08-03 21:59:33,162 [INFO] IntegrityCheckThread:100 - exiting critical section [integrity check]
2026-08-03 21:59:33,162 [INFO] IntegrityCheckThread:103 - End integrity checks thread
2026-08-03 22:05:00,195 [ERROR] LogOutputStream:75 - [STDERR_REDIRECT] 
