2026-03-22 21:00:00,068 [INFO] Activator:176 - 


2026-03-22 21:00:00,069 [INFO] Activator:177 - !SESSION log4j initialized
2026-03-22 21:00:01,692 [INFO] LogOutputStream:77 - [STDOUT_REDIRECT] 
2026-03-22 21:00:02,995 [INFO] ApplicationProperties:184 - Using Application install path: C:\ST\STM32CubeIDE_1.18.1\STM32CubeIDE\plugins\com.st.stm32cube.common.mx_6.14.1.202504091515
2026-03-22 21:00:03,003 [INFO] DbMcusXml:78 - Set database path to: C:\ST\STM32CubeIDE_1.18.1\STM32CubeIDE\plugins\com.st.stm32cube.common.mx_6.14.1.202504091515\\db\/mcu/
2026-03-22 21:00:03,003 [INFO] ApiDb:274 - Set plugin database path to: C:\ST\STM32CubeIDE_1.18.1\STM32CubeIDE\plugins\com.st.stm32cube.common.mx_6.14.1.202504091515\\db\/plugins/boardmanager/
2026-03-22 21:00:03,003 [WARN] ApiDb:259 - Overriding images path with different value:  => C:\ST\STM32CubeIDE_1.18.1\STM32CubeIDE\plugins\com.st.stm32cube.common.mx_6.14.1.202504091515\\db\/plugins/mcufinder/images/
2026-03-22 21:00:03,006 [INFO] ApiDb:250 - Set database path to: C:\Users\German\.stmcufinder\plugins\mcufinder//mcu/
2026-03-22 21:00:03,007 [INFO] DbMcusAds:125 - Set database path to: C:\Users\German\.stmcufinder\plugins\mcufinder//mcu/
2026-03-22 21:00:03,008 [INFO] CrossReferenceDbSqlite:203 - Set database path to: C:\Users\German\.stmcufinder\plugins\mcufinder//mcu/cs/
2026-03-22 21:00:03,070 [INFO] RulesReader:64 - Compatibility file has been processed (302 Rules)
2026-03-22 21:00:03,111 [INFO] DbMcusXml:78 - Set database path to: C:\ST\STM32CubeIDE_1.18.1\STM32CubeIDE\plugins\com.st.stm32cube.common.mx_6.14.1.202504091515\\db\/mcu/
2026-03-22 21:00:03,111 [INFO] ApiDb:274 - Set plugin database path to: C:\ST\STM32CubeIDE_1.18.1\STM32CubeIDE\plugins\com.st.stm32cube.common.mx_6.14.1.202504091515\\db\/plugins/boardmanager/
2026-03-22 21:00:03,111 [INFO] ApiDb:261 - Set plugin images path to: C:\ST\STM32CubeIDE_1.18.1\STM32CubeIDE\plugins\com.st.stm32cube.common.mx_6.14.1.202504091515\\db\/plugins/mcufinder/images/
2026-03-22 21:00:03,111 [WARN] DbFile:41 - Overriding database path with different value: C:\Users\German\.stmcufinder\plugins\mcufinder/ => C:\Users\German\.stmcufinder\plugins\mcufinder
2026-03-22 21:00:03,111 [INFO] ApiDb:250 - Set database path to: C:\Users\German\.stmcufinder\plugins\mcufinder//mcu/
2026-03-22 21:00:03,111 [WARN] DbFile:41 - Overriding database path with different value: C:\Users\German\.stmcufinder\plugins\mcufinder/ => C:\Users\German\.stmcufinder\plugins\mcufinder
2026-03-22 21:00:03,111 [INFO] DbMcusAds:125 - Set database path to: C:\Users\German\.stmcufinder\plugins\mcufinder//mcu/
2026-03-22 21:00:03,111 [WARN] DbFile:41 - Overriding database path with different value: C:\Users\German\.stmcufinder\plugins\mcufinder/ => C:\Users\German\.stmcufinder\plugins\mcufinder
2026-03-22 21:00:03,111 [WARN] DbFile:41 - Overriding database path with different value: C:\Users\German\.stmcufinder\plugins\mcufinder/ => C:\Users\German\.stmcufinder\plugins\mcufinder
2026-03-22 21:00:03,111 [INFO] CrossReferenceDbSqlite:203 - Set database path to: C:\Users\German\.stmcufinder\plugins\mcufinder//mcu/cs/
2026-03-22 21:00:03,148 [INFO] MainPanel:272 - HeapMemory: 268435456
2026-03-22 21:00:03,190 [INFO] DbMcusXml:78 - Set database path to: C:\ST\STM32CubeIDE_1.18.1\STM32CubeIDE\plugins\com.st.stm32cube.common.mx_6.14.1.202504091515\\db\/mcu/
2026-03-22 21:00:03,190 [INFO] ApiDb:274 - Set plugin database path to: C:\ST\STM32CubeIDE_1.18.1\STM32CubeIDE\plugins\com.st.stm32cube.common.mx_6.14.1.202504091515\\db\/plugins/boardmanager/
2026-03-22 21:00:03,190 [INFO] ApiDb:261 - Set plugin images path to: C:\ST\STM32CubeIDE_1.18.1\STM32CubeIDE\plugins\com.st.stm32cube.common.mx_6.14.1.202504091515\\db\/plugins/mcufinder/images/
2026-03-22 21:00:03,190 [WARN] DbFile:41 - Overriding database path with different value: C:\Users\German\.stmcufinder\plugins\mcufinder/ => C:\Users\German\.stmcufinder\plugins\mcufinder
2026-03-22 21:00:03,190 [INFO] ApiDb:250 - Set database path to: C:\Users\German\.stmcufinder\plugins\mcufinder//mcu/
2026-03-22 21:00:03,190 [WARN] DbFile:41 - Overriding database path with different value: C:\Users\German\.stmcufinder\plugins\mcufinder/ => C:\Users\German\.stmcufinder\plugins\mcufinder
2026-03-22 21:00:03,190 [INFO] DbMcusAds:125 - Set database path to: C:\Users\German\.stmcufinder\plugins\mcufinder//mcu/
2026-03-22 21:00:03,190 [WARN] DbFile:41 - Overriding database path with different value: C:\Users\German\.stmcufinder\plugins\mcufinder/ => C:\Users\German\.stmcufinder\plugins\mcufinder
2026-03-22 21:00:03,190 [WARN] DbFile:41 - Overriding database path with different value: C:\Users\German\.stmcufinder\plugins\mcufinder/ => C:\Users\German\.stmcufinder\plugins\mcufinder
2026-03-22 21:00:03,190 [INFO] CrossReferenceDbSqlite:203 - Set database path to: C:\Users\German\.stmcufinder\plugins\mcufinder//mcu/cs/
2026-03-22 21:00:03,200 [INFO] ApplicationProperties:184 - Using Application install path: C:\ST\STM32CubeIDE_1.18.1\STM32CubeIDE\plugins\com.st.stm32cube.common.mx_6.14.1.202504091515
2026-03-22 21:00:03,201 [INFO] PluginManage:196 - Search for loadable plugins [exclusion list=, ]
2026-03-22 21:00:03,201 [INFO] PluginManage:310 - Check plugin analytics
2026-03-22 21:00:03,329 [INFO] AnalyticsPlugin:253 - Accepted Software Licenses: STM32CubeMX.6.14.1,STM32CubeMX.6.17.0
2026-03-22 21:00:03,329 [INFO] AnalyticsPlugin:255 - Accepted CMSIS Pack Licenses: 
2026-03-22 21:00:03,329 [INFO] AnalyticsPlugin:257 - Accepted Firmware Licenses: FW.WB.1.17.0,FW.WB.1.22.0,FW.L4.1.18.0,FW.WB.1.13.0,FW.WB.1.23.0,FW.WB.1.24.0
2026-03-22 21:00:03,332 [INFO] PluginManage:359 - Loaded plugin analytics (category:tool,tabindex:-1)
2026-03-22 21:00:03,332 [INFO] PluginManage:310 - Check plugin cadmodel
2026-03-22 21:00:03,336 [INFO] CADModel:105 - Init CAD model plugin
2026-03-22 21:00:03,336 [INFO] PluginManage:359 - Loaded plugin cadmodel (category:power,tabindex:5)
2026-03-22 21:00:03,336 [INFO] PluginManage:310 - Check plugin clock
2026-03-22 21:00:03,344 [INFO] PluginManage:359 - Loaded plugin clock (category:base,tabindex:2)
2026-03-22 21:00:03,344 [INFO] PluginManage:310 - Check plugin ddr
2026-03-22 21:00:03,347 [INFO] PluginManage:359 - Loaded plugin ddr (category:tool,tabindex:6)
2026-03-22 21:00:03,347 [INFO] PluginManage:310 - Check plugin filemanager
2026-03-22 21:00:03,475 [INFO] PluginManage:359 - Loaded plugin filemanager (category:base,tabindex:10)
2026-03-22 21:00:03,475 [INFO] PluginManage:310 - Check plugin ipmanager
2026-03-22 21:00:03,479 [INFO] PluginManage:359 - Loaded plugin ipmanager (category:base,tabindex:5)
2026-03-22 21:00:03,479 [INFO] PluginManage:310 - Check plugin lpbam
2026-03-22 21:00:03,483 [INFO] PluginManage:359 - Loaded plugin lpbam (category:base,tabindex:0)
2026-03-22 21:00:03,483 [INFO] PluginManage:310 - Check plugin memorymap
2026-03-22 21:00:03,491 [INFO] PluginManage:359 - Loaded plugin memorymap (category:base,tabindex:4)
2026-03-22 21:00:03,491 [INFO] PluginManage:310 - Check plugin pinoutandconfiguration
2026-03-22 21:00:03,496 [INFO] PluginManage:359 - Loaded plugin pinoutandconfiguration (category:base,tabindex:1)
2026-03-22 21:00:03,497 [INFO] PluginManage:310 - Check plugin pinoutconfig
2026-03-22 21:00:03,541 [WARN] SupportedApi:132 - Cannot load RTOS API schema: s4s-elt-must-match.1: The content of 'definitions' must match (annotation?, (simpleType | complexType)?, (unique | key | keyref)*)). A problem was found starting at: attribute.
2026-03-22 21:00:03,607 [INFO] PluginManage:359 - Loaded plugin pinoutconfig (category:base,tabindex:0)
2026-03-22 21:00:03,607 [INFO] PluginManage:310 - Check plugin power
2026-03-22 21:00:03,612 [INFO] PluginManage:359 - Loaded plugin power (category:power,tabindex:4)
2026-03-22 21:00:03,612 [INFO] PluginManage:310 - Check plugin projectmanager
2026-03-22 21:00:03,623 [INFO] PluginManage:359 - Loaded plugin projectmanager (category:projectmanager,tabindex:4)
2026-03-22 21:00:03,623 [INFO] PluginManage:310 - Check plugin rif
2026-03-22 21:00:03,627 [INFO] PluginManage:359 - Loaded plugin rif (category:base,tabindex:3)
2026-03-22 21:00:03,627 [INFO] PluginManage:310 - Check plugin thirdparty
2026-03-22 21:00:03,703 [INFO] PluginManage:359 - Loaded plugin thirdparty (category:base,tabindex:-1)
2026-03-22 21:00:03,703 [WARN] IntegrityCheckThread:84 - waiting for thirdparty lock release [integrity check]
2026-03-22 21:00:03,704 [INFO] IntegrityCheckThread:86 - entering critical section [integrity check]
2026-03-22 21:00:03,704 [INFO] PluginManage:310 - Check plugin tools
2026-03-22 21:00:03,704 [INFO] ThirdPartyUpdaterWithRetryManager:70 - Updater plugin not ready yet. [1/15]
2026-03-22 21:00:03,705 [INFO] PluginManage:359 - Loaded plugin tools (category:base,tabindex:7)
2026-03-22 21:00:03,705 [INFO] PluginManage:310 - Check plugin tutovideos
2026-03-22 21:00:03,779 [INFO] PluginManage:359 - Loaded plugin tutovideos (category:base,tabindex:-1)
2026-03-22 21:00:03,779 [INFO] PluginManage:310 - Check plugin updater
2026-03-22 21:00:03,792 [INFO] PluginManage:359 - Loaded plugin updater (category:base,tabindex:12)
2026-03-22 21:00:03,792 [INFO] PluginManage:310 - Check plugin userauth
2026-03-22 21:00:03,794 [INFO] UserAuth:118 - Init User Auth plugin
2026-03-22 21:00:03,794 [INFO] PluginManage:359 - Loaded plugin userauth (category:base,tabindex:14)
2026-03-22 21:00:03,795 [INFO] PluginManage:283 - PluginManage : Loaded plugins [18]
2026-03-22 21:00:03,912 [INFO] PinOutPanel:1589 - setPackage(No Configuration,No Configuration)
2026-03-22 21:00:03,966 [INFO] CADModel:165 - CPN selected for project level
2026-03-22 21:00:03,967 [INFO] CADModel:114 - Register for checkConnection events
2026-03-22 21:00:03,975 [INFO] IPUIPlugin:80 - create IPUIPlugin
2026-03-22 21:00:03,975 [INFO] PluginManager:220 - loadIPPluginJar : add adc
2026-03-22 21:00:03,977 [INFO] IPUIPlugin:80 - create IPUIPlugin
2026-03-22 21:00:03,977 [INFO] PluginManager:220 - loadIPPluginJar : add aes
2026-03-22 21:00:03,979 [INFO] IPUIPlugin:80 - create IPUIPlugin
2026-03-22 21:00:03,979 [INFO] PluginManager:220 - loadIPPluginJar : add can
2026-03-22 21:00:03,980 [INFO] IPUIPlugin:80 - create IPUIPlugin
2026-03-22 21:00:03,980 [INFO] PluginManager:220 - loadIPPluginJar : add comp
2026-03-22 21:00:03,981 [INFO] IPUIPlugin:80 - create IPUIPlugin
2026-03-22 21:00:03,982 [INFO] PluginManager:220 - loadIPPluginJar : add cryp
2026-03-22 21:00:03,983 [INFO] IPUIPlugin:80 - create IPUIPlugin
2026-03-22 21:00:03,983 [INFO] PluginManager:220 - loadIPPluginJar : add ddr_ctrl_phy
2026-03-22 21:00:03,984 [INFO] IPUIPlugin:80 - create IPUIPlugin
2026-03-22 21:00:03,984 [INFO] PluginManager:220 - loadIPPluginJar : add dfsdm
2026-03-22 21:00:03,987 [INFO] IPUIPlugin:80 - create IPUIPlugin
2026-03-22 21:00:03,987 [INFO] PluginManager:220 - loadIPPluginJar : add dma
2026-03-22 21:00:03,988 [INFO] IPUIPlugin:80 - create IPUIPlugin
2026-03-22 21:00:03,988 [INFO] PluginManager:220 - loadIPPluginJar : add dma3
2026-03-22 21:00:03,989 [INFO] IPUIPlugin:80 - create IPUIPlugin
2026-03-22 21:00:03,989 [INFO] PluginManager:220 - loadIPPluginJar : add extmemmanager
2026-03-22 21:00:03,990 [INFO] IPUIPlugin:80 - create IPUIPlugin
2026-03-22 21:00:03,990 [INFO] PluginManager:220 - loadIPPluginJar : add fatfs
2026-03-22 21:00:03,992 [INFO] IPUIPlugin:80 - create IPUIPlugin
2026-03-22 21:00:03,992 [INFO] PluginManager:220 - loadIPPluginJar : add fmc
2026-03-22 21:00:03,994 [INFO] IPUIPlugin:80 - create IPUIPlugin
2026-03-22 21:00:03,994 [INFO] PluginManager:220 - loadIPPluginJar : add freertos
2026-03-22 21:00:03,995 [INFO] IPUIPlugin:80 - create IPUIPlugin
2026-03-22 21:00:03,995 [INFO] PluginManager:220 - loadIPPluginJar : add genericplugin
2026-03-22 21:00:03,996 [INFO] IPUIPlugin:80 - create IPUIPlugin
2026-03-22 21:00:03,996 [INFO] PluginManager:220 - loadIPPluginJar : add gfxmmu
2026-03-22 21:00:03,998 [INFO] IPUIPlugin:80 - create IPUIPlugin
2026-03-22 21:00:03,998 [INFO] PluginManager:220 - loadIPPluginJar : add gic
2026-03-22 21:00:03,999 [INFO] IPUIPlugin:80 - create IPUIPlugin
2026-03-22 21:00:03,999 [INFO] PluginManager:220 - loadIPPluginJar : add gpio
2026-03-22 21:00:04,000 [INFO] IPUIPlugin:80 - create IPUIPlugin
2026-03-22 21:00:04,000 [INFO] PluginManager:220 - loadIPPluginJar : add gtzc
2026-03-22 21:00:04,001 [INFO] IPUIPlugin:80 - create IPUIPlugin
2026-03-22 21:00:04,002 [INFO] PluginManager:220 - loadIPPluginJar : add hash
2026-03-22 21:00:04,003 [INFO] IPUIPlugin:80 - create IPUIPlugin
2026-03-22 21:00:04,003 [INFO] PluginManager:220 - loadIPPluginJar : add i2c
2026-03-22 21:00:04,004 [INFO] IPUIPlugin:80 - create IPUIPlugin
2026-03-22 21:00:04,004 [INFO] PluginManager:220 - loadIPPluginJar : add i2s
2026-03-22 21:00:04,005 [INFO] IPUIPlugin:80 - create IPUIPlugin
2026-03-22 21:00:04,005 [INFO] PluginManager:220 - loadIPPluginJar : add i3c
2026-03-22 21:00:04,008 [INFO] IPUIPlugin:80 - create IPUIPlugin
2026-03-22 21:00:04,008 [INFO] PluginManager:220 - loadIPPluginJar : add ipddr
2026-03-22 21:00:04,012 [INFO] IPUIPlugin:80 - create IPUIPlugin
2026-03-22 21:00:04,012 [INFO] PluginManager:220 - loadIPPluginJar : add linkedlist
2026-03-22 21:00:04,013 [INFO] IPUIPlugin:80 - create IPUIPlugin
2026-03-22 21:00:04,013 [INFO] PluginManager:220 - loadIPPluginJar : add lorawan
2026-03-22 21:00:04,015 [INFO] IPUIPlugin:80 - create IPUIPlugin
2026-03-22 21:00:04,015 [INFO] PluginManager:220 - loadIPPluginJar : add ltdc
2026-03-22 21:00:04,017 [INFO] IPUIPlugin:80 - create IPUIPlugin
2026-03-22 21:00:04,017 [INFO] PluginManager:220 - loadIPPluginJar : add mdma
2026-03-22 21:00:04,018 [INFO] IPUIPlugin:80 - create IPUIPlugin
2026-03-22 21:00:04,018 [INFO] PluginManager:220 - loadIPPluginJar : add nvic
2026-03-22 21:00:04,020 [INFO] IPUIPlugin:80 - create IPUIPlugin
2026-03-22 21:00:04,020 [INFO] PluginManager:220 - loadIPPluginJar : add opamp
2026-03-22 21:00:04,021 [INFO] IPUIPlugin:80 - create IPUIPlugin
2026-03-22 21:00:04,021 [INFO] PluginManager:220 - loadIPPluginJar : add openamp
2026-03-22 21:00:04,022 [INFO] IPUIPlugin:80 - create IPUIPlugin
2026-03-22 21:00:04,022 [INFO] PluginManager:220 - loadIPPluginJar : add pdm2pcm
2026-03-22 21:00:04,025 [INFO] IPUIPlugin:80 - create IPUIPlugin
2026-03-22 21:00:04,026 [INFO] PluginManager:220 - loadIPPluginJar : add plateformsettings
2026-03-22 21:00:04,027 [INFO] IPUIPlugin:80 - create IPUIPlugin
2026-03-22 21:00:04,027 [INFO] PluginManager:220 - loadIPPluginJar : add quadspi
2026-03-22 21:00:04,028 [INFO] IPUIPlugin:80 - create IPUIPlugin
2026-03-22 21:00:04,028 [INFO] PluginManager:220 - loadIPPluginJar : add radio
2026-03-22 21:00:04,030 [INFO] IPUIPlugin:80 - create IPUIPlugin
2026-03-22 21:00:04,030 [INFO] PluginManager:220 - loadIPPluginJar : add resmgrutility
2026-03-22 21:00:04,032 [INFO] IPUIPlugin:80 - create IPUIPlugin
2026-03-22 21:00:04,032 [INFO] PluginManager:220 - loadIPPluginJar : add sai
2026-03-22 21:00:04,034 [INFO] IPUIPlugin:80 - create IPUIPlugin
2026-03-22 21:00:04,034 [INFO] PluginManager:220 - loadIPPluginJar : add spi
2026-03-22 21:00:04,036 [INFO] IPUIPlugin:80 - create IPUIPlugin
2026-03-22 21:00:04,037 [INFO] PluginManager:220 - loadIPPluginJar : add stm32_wpan
2026-03-22 21:00:04,037 [INFO] IPUIPlugin:80 - create IPUIPlugin
2026-03-22 21:00:04,037 [INFO] PluginManager:220 - loadIPPluginJar : add tim
2026-03-22 21:00:04,039 [INFO] IPUIPlugin:80 - create IPUIPlugin
2026-03-22 21:00:04,039 [INFO] PluginManager:220 - loadIPPluginJar : add touchsensing
2026-03-22 21:00:04,040 [INFO] IPUIPlugin:80 - create IPUIPlugin
2026-03-22 21:00:04,040 [INFO] PluginManager:220 - loadIPPluginJar : add tracer_emb
2026-03-22 21:00:04,041 [INFO] IPUIPlugin:80 - create IPUIPlugin
2026-03-22 21:00:04,041 [INFO] PluginManager:220 - loadIPPluginJar : add ts
2026-03-22 21:00:04,042 [INFO] IPUIPlugin:80 - create IPUIPlugin
2026-03-22 21:00:04,042 [INFO] PluginManager:220 - loadIPPluginJar : add tsc
2026-03-22 21:00:04,043 [INFO] IPUIPlugin:80 - create IPUIPlugin
2026-03-22 21:00:04,043 [INFO] PluginManager:220 - loadIPPluginJar : add ucpd
2026-03-22 21:00:04,044 [INFO] IPUIPlugin:80 - create IPUIPlugin
2026-03-22 21:00:04,044 [INFO] PluginManager:220 - loadIPPluginJar : add usart
2026-03-22 21:00:04,045 [INFO] IPUIPlugin:80 - create IPUIPlugin
2026-03-22 21:00:04,046 [INFO] PluginManager:220 - loadIPPluginJar : add usbx
2026-03-22 21:00:04,150 [FATAL] Updater:351 - Updater called before beeing initialized
2026-03-22 21:00:04,163 [INFO] RulesReader:64 - Compatibility file has been processed (302 Rules)
2026-03-22 21:00:04,169 [INFO] RulesReader:64 - Compatibility file has been processed (302 Rules)
2026-03-22 21:00:04,173 [INFO] CADModel:165 - CPN selected for project level
2026-03-22 21:00:04,173 [INFO] CADModel:114 - Register for checkConnection events
2026-03-22 21:00:04,174 [FATAL] Updater:351 - Updater called before beeing initialized
2026-03-22 21:00:04,174 [ERROR] CADModel:125 - Updater not yet initialized, retry later 
2026-03-22 21:00:04,258 [FATAL] Updater:351 - Updater called before beeing initialized
2026-03-22 21:00:04,259 [INFO] CADModel:165 - CPN selected for project level
2026-03-22 21:00:04,259 [INFO] CADModel:114 - Register for checkConnection events
2026-03-22 21:00:04,259 [FATAL] Updater:351 - Updater called before beeing initialized
2026-03-22 21:00:04,259 [ERROR] CADModel:125 - Updater not yet initialized, retry later 
2026-03-22 21:00:04,261 [FATAL] Updater:351 - Updater called before beeing initialized
2026-03-22 21:00:04,327 [FATAL] Updater:351 - Updater called before beeing initialized
2026-03-22 21:00:04,329 [INFO] DbMcusAds:53 - JSON generation date=Thu Mar 05 11:32:52 ART 2026 (1772721172890)
2026-03-22 21:00:04,329 [FATAL] Updater:351 - Updater called before beeing initialized
2026-03-22 21:00:04,346 [WARN] DetailPanel:346 - Failed to get advertising image, set to default
2026-03-22 21:00:04,495 [FATAL] Updater:351 - Updater called before beeing initialized
2026-03-22 21:00:04,496 [FATAL] Updater:351 - Updater called before beeing initialized
2026-03-22 21:00:04,496 [FATAL] Updater:351 - Updater called before beeing initialized
2026-03-22 21:00:04,496 [WARN] DetailPanel:346 - Failed to get advertising image, set to default
2026-03-22 21:00:04,497 [FATAL] Updater:351 - Updater called before beeing initialized
2026-03-22 21:00:04,524 [ERROR] Updater:1198 - MainUpdater not yet initialized. External WinMGr cannot be set.
2026-03-22 21:00:04,526 [INFO] Updater:1134 - Updater Version found : 6.14.1
2026-03-22 21:00:04,534 [INFO] ApplicationProperties:184 - Using Application install path: C:\ST\STM32CubeIDE_1.18.1\STM32CubeIDE\plugins\com.st.stm32cube.common.mx_6.14.1.202504091515
2026-03-22 21:00:06,096 [ERROR] LogOutputStream:75 - [STDERR_REDIRECT] Mar 22, 2026 9:00:06 PM java.util.prefs.WindowsPreferences <init>
2026-03-22 21:00:06,097 [ERROR] LogOutputStream:75 - [STDERR_REDIRECT] WARNING: Could not open/create prefs root node Software\JavaSoft\Prefs at root 0xffffffff80000002. Windows RegCreateKeyEx(...) returned error code 5.
2026-03-22 21:00:06,097 [ERROR] LogOutputStream:75 - [STDERR_REDIRECT] 
2026-03-22 21:00:06,258 [INFO] MainUpdater:2872 - connection check result : 10
2026-03-22 21:00:06,258 [INFO] MainUpdater:289 - Updater Check For Update Now.
2026-03-22 21:00:06,259 [INFO] MicroXplorer:498 - Change Database Version : DB.6.0.141
2026-03-22 21:00:06,263 [INFO] McuFinderGlobals:63 - Set McuFinder mode to 2 (CubeIDE integrated)
2026-03-22 21:00:06,263 [INFO] UserAuth:484 - Internet connection configuration mode: 1
2026-03-22 21:00:06,272 [INFO] JxBrowserEngine:152 - Initiate JxBrowser Engine with user profile folder
2026-03-22 21:00:06,416 [INFO] CheckServerUpdateThread:120 - End of CheckServer Thread
2026-03-22 21:00:06,669 [INFO] WebApp:169 - Instantiating new browser for Auth
2026-03-22 21:00:06,905 [WARN] PackLoader:240 - Cannot read IP mode file for STMicroelectronics.X-CUBE-AZRTOS-H7.3.5.0
2026-03-22 21:00:06,913 [WARN] PackLoader:240 - Cannot read IP mode file for STMicroelectronics.FP-SNS-MOTENVWB1.1.4.0
2026-03-22 21:00:06,919 [WARN] PackLoader:240 - Cannot read IP mode file for STMicroelectronics.FP-ATR-ASTRA1.2.0.2
2026-03-22 21:00:06,928 [WARN] PackLoader:240 - Cannot read IP mode file for STMicroelectronics.X-CUBE-SMBUS.2.1.0
2026-03-22 21:00:06,935 [WARN] PackLoader:240 - Cannot read IP mode file for STMicroelectronics.X-CUBE-WB05N.1.1.0
2026-03-22 21:00:06,939 [WARN] PackLoader:240 - Cannot read IP mode file for STMicroelectronics.X-CUBE-ST60.1.0.0
2026-03-22 21:00:06,955 [WARN] PackLoader:240 - Cannot read IP mode file for STMicroelectronics.X-CUBE-AZRTOS-F7.1.1.0
2026-03-22 21:00:06,960 [ERROR] Engine:466 - C:\Users\German\.stm32cubemx\thirdparties\pdsc\STMicroelectronics.FP-SNS-MOTENV1.5.1.0.pdsc: PDSC version is not supported
2026-03-22 21:00:06,984 [WARN] PackLoader:240 - Cannot read IP mode file for Infineon.AIROC-Wi-Fi-Bluetooth-STM32.1.7.0
2026-03-22 21:00:07,010 [WARN] PackLoader:240 - Cannot read IP mode file for STMicroelectronics.X-CUBE-AZRTOS-H7.3.4.0
2026-03-22 21:00:07,021 [WARN] PackLoader:240 - Cannot read IP mode file for STMicroelectronics.X-CUBE-DISPLAY.3.0.0
2026-03-22 21:00:07,027 [ERROR] Engine:466 - C:\Users\German\.stm32cubemx\thirdparties\pdsc\STMicroelectronics.FP-SNS-MOTENVWB1.1.5.0.pdsc: PDSC version is not supported
2026-03-22 21:00:07,032 [WARN] PackLoader:240 - Cannot read IP mode file for STMicroelectronics.X-CUBE-NFC10.1.0.0
2026-03-22 21:00:07,040 [WARN] PackLoader:240 - Cannot read IP mode file for STMicroelectronics.X-CUBE-BLEMGR.4.0.0
2026-03-22 21:00:07,044 [WARN] PackLoader:240 - Cannot read IP mode file for STMicroelectronics.X-CUBE-ST60.1.1.0
2026-03-22 21:00:07,048 [WARN] PackLoader:240 - Cannot read IP mode file for emotas.I-CUBE-CANOPEN.1.3.0
2026-03-22 21:00:07,051 [WARN] PackLoader:240 - Cannot read IP mode file for STMicroelectronics.X-CUBE-GNSS1.7.1.0
2026-03-22 21:00:07,053 [WARN] ConditionMgr:438 - getConditionDescription Invalid condition id : Cortex-A Device cause : null
2026-03-22 21:00:07,061 [WARN] ConditionMgr:1044 - genDependencies : Invalid condition id : Cortex-A Device cause : null
2026-03-22 21:00:07,062 [WARN] ConditionMgr:1044 - genDependencies : Invalid condition id : Cortex-A Device cause : null
2026-03-22 21:00:07,062 [WARN] ConditionMgr:1044 - genDependencies : Invalid condition id : Cortex-A Device cause : null
2026-03-22 21:00:07,064 [WARN] PackLoader:240 - Cannot read IP mode file for STMicroelectronics.X-CUBE-AI.10.0.0
2026-03-22 21:00:07,066 [ERROR] Engine:466 - C:\Users\German\.stm32cubemx\thirdparties\pdsc\STMicroelectronics.FP-SNS-STBOX1.2.1.0.pdsc: PDSC version is not supported
2026-03-22 21:00:07,074 [WARN] PackLoader:240 - Cannot read IP mode file for STMicroelectronics.FP-SNS-SMARTAG2.1.2.0
2026-03-22 21:00:07,077 [WARN] PackLoader:240 - Cannot read IP mode file for STMicroelectronics.FP-SNS-FLIGHT1.5.1.0
2026-03-22 21:00:07,097 [WARN] PackLoader:240 - Cannot read IP mode file for STMicroelectronics.X-CUBE-MEMS1.11.1.0
2026-03-22 21:00:07,163 [INFO] LogOutputStream:77 - [STDOUT_REDIRECT] 1 : Invalid condition id : UX_CORESTACK_Condition cause : null
2026-03-22 21:00:07,164 [INFO] LogOutputStream:77 - [STDOUT_REDIRECT] 1 : Invalid condition id : UX_CORESTACK_Condition cause : null
2026-03-22 21:00:07,165 [INFO] LogOutputStream:77 - [STDOUT_REDIRECT] 1 : Invalid condition id : UX_CORESTACK_Condition cause : null
2026-03-22 21:00:07,165 [INFO] LogOutputStream:77 - [STDOUT_REDIRECT] 1 : Invalid condition id : UX_CORESTACK_Condition cause : null
2026-03-22 21:00:07,166 [INFO] LogOutputStream:77 - [STDOUT_REDIRECT] 1 : Invalid condition id : UX_CORESTACK_Condition cause : null
2026-03-22 21:00:07,168 [WARN] PackLoader:240 - Cannot read IP mode file for STMicroelectronics.X-CUBE-AZRTOS-WL.2.0.0
2026-03-22 21:00:07,171 [WARN] PackLoader:240 - Cannot read IP mode file for STMicroelectronics.FP-SNS-MOTENV1.5.0.0
2026-03-22 21:00:07,186 [WARN] PackLoader:240 - Cannot read IP mode file for STMicroelectronics.X-CUBE-AZRTOS-H7RS.1.2.0
2026-03-22 21:00:07,195 [WARN] PackLoader:240 - Cannot read IP mode file for WES.I-CUBE-Cesium.1.3.0
2026-03-22 21:00:07,199 [WARN] PackLoader:240 - Cannot read IP mode file for STMicroelectronics.X-CUBE-BLE2.3.3.0
2026-03-22 21:00:07,213 [WARN] PackLoader:240 - Cannot read IP mode file for STMicroelectronics.X-CUBE-NFC9.1.0.0
2026-03-22 21:00:07,219 [WARN] PackLoader:240 - Cannot read IP mode file for STMicroelectronics.X-CUBE-BLE1.7.1.0
2026-03-22 21:00:07,222 [WARN] PackLoader:240 - Cannot read IP mode file for wolfSSL.I-CUBE-wolfMQTT.1.19.2
2026-03-22 21:00:07,224 [ERROR] Engine:466 - C:\Users\German\.stm32cubemx\thirdparties\pdsc\STMicroelectronics.X-CUBE-FREERTOS.1.4.0.pdsc: PDSC version is not supported
2026-03-22 21:00:07,228 [WARN] PackLoader:240 - Cannot read IP mode file for STMicroelectronics.X-CUBE-EEPRMA1.5.2.0
2026-03-22 21:00:07,230 [ERROR] Engine:466 - C:\Users\German\.stm32cubemx\thirdparties\pdsc\STMicroelectronics.X-CUBE-ST67W61.1.1.0.pdsc: PDSC version is not supported
2026-03-22 21:00:07,234 [WARN] PackLoader:240 - Cannot read IP mode file for STMicroelectronics.X-CUBE-AI.10.1.0
2026-03-22 21:00:07,271 [WARN] PackLoader:240 - Cannot read IP mode file for STMicroelectronics.X-CUBE-MEMS1.12.0.0
2026-03-22 21:00:07,297 [INFO] WebApp:463 - Apply proxy settings
2026-03-22 21:00:07,298 [INFO] WebApp:548 - Chromium requires no authentication
2026-03-22 21:00:07,306 [INFO] WebApp:491 - Direct internet connection detected
2026-03-22 21:00:07,327 [INFO] WebApp:894 - Register for checkConnection events
2026-03-22 21:00:07,327 [INFO] WebApp:463 - Apply proxy settings
2026-03-22 21:00:07,327 [INFO] WebApp:548 - Chromium requires no authentication
2026-03-22 21:00:07,328 [INFO] WebApp:491 - Direct internet connection detected
2026-03-22 21:00:07,348 [WARN] PackLoader:240 - Cannot read IP mode file for STMicroelectronics.X-CUBE-MEMS1.11.2.0
2026-03-22 21:00:07,400 [WARN] PackLoader:240 - Cannot read IP mode file for STMicroelectronics.X-CUBE-AZRTOS-G0.1.1.0
2026-03-22 21:00:07,403 [WARN] PackLoader:240 - Cannot read IP mode file for STMicroelectronics.X-CUBE-SAFEA1.1.2.2
2026-03-22 21:00:07,406 [WARN] PackLoader:240 - Cannot read IP mode file for STMicroelectronics.X-CUBE-NFC4.3.0.0
2026-03-22 21:00:07,409 [WARN] PackLoader:240 - Cannot read IP mode file for EmbeddedOffice.I-CUBE-FS-RTOS.1.0.1
2026-03-22 21:00:07,411 [WARN] PackLoader:240 - Cannot read IP mode file for STMicroelectronics.X-CUBE-WB05N.2.0.0
2026-03-22 21:00:07,414 [WARN] PackLoader:240 - Cannot read IP mode file for wolfSSL.I-CUBE-wolfTPM.3.8.0
2026-03-22 21:00:07,416 [WARN] PackLoader:240 - Cannot read IP mode file for STMicroelectronics.X-CUBE-TCPP.4.2.0
2026-03-22 21:00:07,420 [WARN] PackLoader:240 - Cannot read IP mode file for RealThread.X-CUBE-RT-Thread_Nano.4.1.1
2026-03-22 21:00:07,421 [WARN] PackLoader:240 - Cannot read IP mode file for STMicroelectronics.FP-ATR-SIGFOX1.3.2.0
2026-03-22 21:00:07,423 [WARN] PackLoader:240 - Cannot read IP mode file for STMicroelectronics.X-CUBE-EEPRMA1.5.1.0
2026-03-22 21:00:07,425 [ERROR] Engine:466 - C:\Users\German\.stm32cubemx\thirdparties\pdsc\STMicroelectronics.X-CUBE-FREERTOS.1.5.0.pdsc: PDSC version is not supported
2026-03-22 21:00:07,426 [WARN] PackLoader:240 - Cannot read IP mode file for wolfSSL.I-CUBE-wolfSSL.5.7.6
2026-03-22 21:00:07,429 [WARN] PackLoader:240 - Cannot read IP mode file for ITTIA_DB.I-CUBE-ITTIADB.8.9.0
2026-03-22 21:00:07,432 [WARN] PackLoader:240 - Cannot read IP mode file for STMicroelectronics.X-CUBE-NFC6.3.2.0
2026-03-22 21:00:07,438 [WARN] PackLoader:240 - Cannot read IP mode file for STMicroelectronics.X-CUBE-ST67W61.1.0.0
2026-03-22 21:00:07,440 [WARN] PackLoader:240 - Cannot read IP mode file for STMicroelectronics.X-CUBE-AI.10.2.0
2026-03-22 21:00:07,451 [WARN] PackLoader:240 - Cannot read IP mode file for SEGGER.I-CUBE-embOS.1.3.1
2026-03-22 21:00:07,469 [WARN] PackLoader:240 - Cannot read IP mode file for STMicroelectronics.X-CUBE-ALGOBUILD.1.4.0
2026-03-22 21:00:07,487 [WARN] PackLoader:240 - Cannot read IP mode file for STMicroelectronics.X-CUBE-MEMS1.11.3.0
2026-03-22 21:00:07,530 [INFO] WebApp:225 - Starting web application
2026-03-22 21:00:07,530 [INFO] WebApp:593 - Web application path used C:\ST\STM32CubeIDE_1.18.1\STM32CubeIDE\plugins\com.st.stm32cube.common.mx_6.14.1.202504091515\db\plugins\mcufinder\reactClient1\index.html
2026-03-22 21:00:07,530 [INFO] WebApp:191 - Connection restablished
2026-03-22 21:00:07,551 [WARN] PackLoader:240 - Cannot read IP mode file for STMicroelectronics.X-CUBE-PM33A1.1.0.0
2026-03-22 21:00:07,566 [WARN] PackLoader:240 - Cannot read IP mode file for STMicroelectronics.X-CUBE-AZRTOS-F4.1.1.0
2026-03-22 21:00:07,571 [WARN] PackLoader:240 - Cannot read IP mode file for Avnet-IotConnect.X-CUBE-IoTC-DA16k-PMOD.1.0.0
2026-03-22 21:00:07,575 [WARN] PackLoader:240 - Cannot read IP mode file for STMicroelectronics.X-CUBE-ISPU.2.1.0
2026-03-22 21:00:07,580 [ERROR] Engine:466 - C:\Users\German\.stm32cubemx\thirdparties\pdsc\STMicroelectronics.X-CUBE-IPS.3.2.0.pdsc: PDSC version is not supported
2026-03-22 21:00:07,584 [WARN] PackLoader:240 - Cannot read IP mode file for STMicroelectronics.X-CUBE-NFC12.1.0.0
2026-03-22 21:00:07,596 [WARN] PackLoader:240 - Cannot read IP mode file for STMicroelectronics.X-CUBE-AZRTOS-L5.2.0.0
2026-03-22 21:00:07,611 [WARN] PackLoader:240 - Cannot read IP mode file for STMicroelectronics.X-CUBE-NFC6.3.1.0
2026-03-22 21:00:07,617 [WARN] PackLoader:240 - Cannot read IP mode file for STMicroelectronics.X-CUBE-DPower.1.2.0
2026-03-22 21:00:07,621 [WARN] PackLoader:240 - Cannot read IP mode file for STMicroelectronics.X-CUBE-FREERTOS.1.3.1
2026-03-22 21:00:07,625 [WARN] PackLoader:240 - Cannot read IP mode file for STMicroelectronics.X-CUBE-FREERTOS.1.3.0
2026-03-22 21:00:07,630 [WARN] PackLoader:240 - Cannot read IP mode file for STMicroelectronics.X-CUBE-NFC7.1.0.1
2026-03-22 21:00:07,631 [INFO] UserAuth:484 - Internet connection configuration mode: 1
2026-03-22 21:00:07,634 [WARN] PackLoader:240 - Cannot read IP mode file for STMicroelectronics.X-CUBE-TOUCHGFX.4.26.0
2026-03-22 21:00:07,636 [WARN] PackLoader:240 - Cannot read IP mode file for STMicroelectronics.X-CUBE-TOUCHGFX.4.26.1
2026-03-22 21:00:07,640 [WARN] PackLoader:240 - Cannot read IP mode file for STMicroelectronics.FP-SNS-STAIOTCFT.1.0.0
2026-03-22 21:00:07,644 [WARN] PackLoader:240 - Cannot read IP mode file for STMicroelectronics.X-CUBE-DPower.1.3.0
2026-03-22 21:00:07,654 [WARN] ConditionMgr:438 - getConditionDescription Invalid condition id : LAN8742 Phy interface Condition cause : null
2026-03-22 21:00:07,654 [WARN] PackLoader:240 - Cannot read IP mode file for STMicroelectronics.X-CUBE-AZRTOS-L4.2.0.0
2026-03-22 21:00:07,655 [WARN] ConditionMgr:1044 - genDependencies : Invalid condition id : LAN8742 Phy interface Condition cause : null
2026-03-22 21:00:07,655 [WARN] ConditionMgr:1044 - genDependencies : Invalid condition id : LAN8742 Phy interface Condition cause : null
2026-03-22 21:00:07,656 [WARN] ConditionMgr:1044 - genDependencies : Invalid condition id : LAN8742 Phy interface Condition cause : null
2026-03-22 21:00:07,661 [WARN] PackLoader:240 - Cannot read IP mode file for STMicroelectronics.X-CUBE-SFXS2LP1.4.0.0
2026-03-22 21:00:07,664 [ERROR] Engine:466 - C:\Users\German\.stm32cubemx\thirdparties\pdsc\STMicroelectronics.X-CUBE-ST67W61.1.2.0.pdsc: PDSC version is not supported
2026-03-22 21:00:07,674 [WARN] PackLoader:240 - Cannot read IP mode file for STMicroelectronics.X-CUBE-AZRTOS-H7.3.3.0
2026-03-22 21:00:07,681 [WARN] PackLoader:240 - Cannot read IP mode file for STMicroelectronics.X-CUBE-BLEMGR.4.1.0
2026-03-22 21:00:07,691 [WARN] ConditionMgr:438 - getConditionDescription Invalid condition id : UX DEVICE CLASS RTOS Condition cause : null
2026-03-22 21:00:07,691 [WARN] ConditionMgr:438 - getConditionDescription Invalid condition id : UX DEVICE CLASS RTOS Condition cause : null
2026-03-22 21:00:07,692 [WARN] PackLoader:240 - Cannot read IP mode file for STMicroelectronics.X-CUBE-AZRTOS-WB.2.0.0
2026-03-22 21:00:07,693 [WARN] ConditionMgr:1044 - genDependencies : Invalid condition id : UX DEVICE CLASS RTOS Condition cause : null
2026-03-22 21:00:07,693 [WARN] ConditionMgr:1044 - genDependencies : Invalid condition id : UX DEVICE CLASS RTOS Condition cause : null
2026-03-22 21:00:07,693 [WARN] ConditionMgr:1044 - genDependencies : Invalid condition id : UX DEVICE CLASS RTOS Condition cause : null
2026-03-22 21:00:07,693 [WARN] ConditionMgr:1044 - genDependencies : Invalid condition id : UX DEVICE CLASS RTOS Condition cause : null
2026-03-22 21:00:07,693 [WARN] ConditionMgr:1044 - genDependencies : Invalid condition id : UX DEVICE CLASS RTOS Condition cause : null
2026-03-22 21:00:07,697 [WARN] PackLoader:240 - Cannot read IP mode file for STMicroelectronics.X-CUBE-GNSS1.7.0.1
2026-03-22 21:00:07,699 [WARN] PackLoader:240 - Cannot read IP mode file for STMicroelectronics.X-CUBE-TOUCHGFX.4.25.0
2026-03-22 21:00:07,703 [WARN] PackLoader:240 - Cannot read IP mode file for STMicroelectronics.FP-SNS-STBOX1.2.0.0
2026-03-22 21:00:07,709 [WARN] PackLoader:240 - Cannot read IP mode file for STMicroelectronics.X-CUBE-STSE01.2.0.0
2026-03-22 21:00:07,716 [WARN] PackLoader:240 - Cannot read IP mode file for STMicroelectronics.X-CUBE-SUBG2.5.0.0
2026-03-22 21:00:07,727 [WARN] PackLoader:240 - Cannot read IP mode file for STMicroelectronics.X-CUBE-AZRTOS-H7RS.1.1.0
2026-03-22 21:00:07,731 [WARN] PackLoader:240 - Cannot read IP mode file for Cesanta.I-CUBE-Mongoose.7.13.0
2026-03-22 21:00:07,738 [WARN] PackLoader:240 - Cannot read IP mode file for STMicroelectronics.X-CUBE-AZRTOS-G4.2.0.0
2026-03-22 21:00:07,741 [WARN] PackLoader:240 - Cannot read IP mode file for wolfSSL.I-CUBE-wolfSSH.1.4.20
2026-03-22 21:00:07,744 [WARN] PackLoader:240 - Cannot read IP mode file for STMicroelectronics.X-CUBE-NFC7.2.0.0
2026-03-22 21:00:07,753 [WARN] PackLoader:240 - Cannot read IP mode file for STMicroelectronics.X-CUBE-IPS.3.1.0
2026-03-22 21:00:07,760 [WARN] PackLoader:240 - Cannot read IP mode file for STMicroelectronics.X-CUBE-ALS.1.0.2
2026-03-22 21:00:07,764 [WARN] PackLoader:240 - Cannot read IP mode file for STMicroelectronics.X-CUBE-STSE01.1.0.0
2026-03-22 21:00:07,768 [WARN] PackLoader:240 - Cannot read IP mode file for portGmbH.I-Cube-SoM-uGOAL.1.1.0
2026-03-22 21:00:07,774 [WARN] PackLoader:240 - Cannot read IP mode file for STMicroelectronics.X-CUBE-TOF1.3.4.2
2026-03-22 21:00:07,785 [WARN] PackLoader:240 - Cannot read IP mode file for STMicroelectronics.X-CUBE-TOF1.3.4.3
2026-03-22 21:00:07,793 [INFO] ThirdParty:978 - Integrity check success = true
2026-03-22 21:00:07,793 [INFO] IntegrityCheckThread:100 - exiting critical section [integrity check]
2026-03-22 21:00:07,793 [INFO] IntegrityCheckThread:103 - End integrity checks thread
2026-03-22 21:03:20,539 [INFO] McuFinderGlobals:63 - Set McuFinder mode to 2 (CubeIDE integrated)
2026-03-22 21:03:21,743 [INFO] MainUpdater:2872 - connection check result : 10
2026-03-22 21:03:21,744 [INFO] MainUpdater:2872 - connection check result : 10
2026-03-22 21:03:21,768 [INFO] MicroXplorer:468 - Change Database Path : 
2026-03-22 21:03:21,769 [INFO] MicroXplorer:498 - Change Database Version : DB.6.0.141
2026-03-22 21:03:21,773 [WARN] ThirdParty:871 - waiting for thirdparty lock release [close project]
2026-03-22 21:03:21,773 [INFO] ThirdParty:873 - entering critical section [close project]
2026-03-22 21:03:21,774 [INFO] ThirdParty:883 - exiting critical section [close project]
2026-03-22 21:03:21,776 [INFO] PinOutPanel:1589 - setPackage(No Configuration,No Configuration)
2026-03-22 21:03:21,780 [INFO] UtilMem:75 - Begin LoadConfig() Used Memory: 235775464 Bytes (379584512)
2026-03-22 21:03:21,782 [INFO] MicroXplorer:468 - Change Database Path : 
2026-03-22 21:03:21,782 [INFO] MicroXplorer:498 - Change Database Version : DB.6.0.141
2026-03-22 21:03:21,782 [INFO] OpenFileManager:354 - Change cursor
2026-03-22 21:03:21,823 [INFO] Mcu:2011 - Initializing MCU STM32L476R(C-E-G)Tx STM32L476RGTx STM32L476RGT3
2026-03-22 21:03:23,219 [INFO] Context:756 - Trying to add GPIOservice into a context  which must be forbidden
2026-03-22 21:03:23,575 [INFO] ImportTextPane:218 - (OptionalMessage_ERROR) Pin15 (VP_RIF_VS_RIF1) cannot be retrieved for this MCU
2026-03-22 21:03:23,631 [INFO] RtosManager:558 - Registered RTOS mode: class=CMSIS, group=RTOS, mode=CMSIS_V1, owner=FREERTOS
2026-03-22 21:03:23,631 [INFO] RtosManager:558 - Registered RTOS mode: class=CMSIS, group=RTOS2, mode=CMSIS_V2, owner=FREERTOS
2026-03-22 21:03:23,631 [INFO] RtosManager:558 - Registered RTOS mode: class=RTOS, group=Core, mode=CMSIS_V1, owner=FREERTOS
2026-03-22 21:03:23,631 [INFO] RtosManager:558 - Registered RTOS mode: class=RTOS, group=Core, mode=CMSIS_V2, owner=FREERTOS
2026-03-22 21:03:23,631 [WARN] ModelIntegratedComponent:184 - Missing modes for component STMicroelectronics:FreeRTOS:0.0.1:STMicroelectronics:RTOS:FreeRTOS:Core:::10.2.0:
2026-03-22 21:03:23,637 [WARN] ModelIntegratedComponent:63 - No mode defined for component null
2026-03-22 21:03:23,637 [WARN] ModelIntegratedComponent:63 - No mode defined for component null
2026-03-22 21:03:23,638 [WARN] ModelIntegratedComponent:63 - No mode defined for component null
2026-03-22 21:03:23,638 [WARN] ModelIntegratedComponent:63 - No mode defined for component null
2026-03-22 21:03:23,638 [WARN] ModelIntegratedComponent:63 - No mode defined for component null
2026-03-22 21:03:23,638 [WARN] ModelIntegratedComponent:63 - No mode defined for component null
2026-03-22 21:03:23,638 [WARN] ModelIntegratedComponent:63 - No mode defined for component null
2026-03-22 21:03:23,638 [WARN] ModelIntegratedComponent:63 - No mode defined for component null
2026-03-22 21:03:23,638 [WARN] ModelIntegratedComponent:63 - No mode defined for component null
2026-03-22 21:03:23,638 [WARN] ModelIntegratedComponent:63 - No mode defined for component null
2026-03-22 21:03:23,638 [WARN] ModelIntegratedComponent:63 - No mode defined for component null
2026-03-22 21:03:23,638 [WARN] ModelIntegratedComponent:63 - No mode defined for component null
2026-03-22 21:03:23,638 [WARN] ModelIntegratedComponent:63 - No mode defined for component null
2026-03-22 21:03:23,638 [WARN] ModelIntegratedComponent:63 - No mode defined for component null
2026-03-22 21:03:23,638 [WARN] ModelIntegratedComponent:63 - No mode defined for component null
2026-03-22 21:03:23,638 [WARN] ModelIntegratedComponent:63 - No mode defined for component null
2026-03-22 21:03:23,638 [WARN] ModelIntegratedComponent:63 - No mode defined for component null
2026-03-22 21:03:23,638 [WARN] ModelIntegratedComponent:63 - No mode defined for component null
2026-03-22 21:03:23,638 [WARN] ModelIntegratedComponent:63 - No mode defined for component null
2026-03-22 21:03:23,638 [WARN] ModelIntegratedComponent:63 - No mode defined for component null
2026-03-22 21:03:23,638 [WARN] ModelIntegratedComponent:63 - No mode defined for component null
2026-03-22 21:03:23,638 [WARN] ModelIntegratedComponent:63 - No mode defined for component null
2026-03-22 21:03:23,639 [WARN] ModelIntegratedComponent:63 - No mode defined for component null
2026-03-22 21:03:23,639 [WARN] ModelIntegratedComponent:63 - No mode defined for component null
2026-03-22 21:03:23,639 [WARN] ModelIntegratedComponent:63 - No mode defined for component null
2026-03-22 21:03:23,639 [WARN] ModelIntegratedComponent:63 - No mode defined for component null
2026-03-22 21:03:23,639 [WARN] ModelIntegratedComponent:63 - No mode defined for component null
2026-03-22 21:03:23,639 [WARN] ModelIntegratedComponent:63 - No mode defined for component null
2026-03-22 21:03:23,639 [WARN] ModelIntegratedComponent:63 - No mode defined for component null
2026-03-22 21:03:23,639 [WARN] ModelIntegratedComponent:63 - No mode defined for component null
2026-03-22 21:03:23,639 [WARN] ModelIntegratedComponent:63 - No mode defined for component null
2026-03-22 21:03:23,639 [WARN] ModelIntegratedComponent:63 - No mode defined for component null
2026-03-22 21:03:23,639 [WARN] ModelIntegratedComponent:63 - No mode defined for component null
2026-03-22 21:03:23,639 [WARN] ModelIntegratedComponent:63 - No mode defined for component null
2026-03-22 21:03:23,639 [WARN] ModelIntegratedComponent:63 - No mode defined for component null
2026-03-22 21:03:23,639 [WARN] ModelPack:524 - Component already loaded: STMicroelectronics:HAL Drivers:0.0.0:STMicroelectronics:Device:STMicro_Driver:XSPI:HAL::0.0.1:HAL_XSPI
2026-03-22 21:03:23,802 [INFO] ThirdPartyModel:298 - Start build external matchings
2026-03-22 21:03:24,358 [INFO] ThirdPartyModel:316 - End build external matchings
2026-03-22 21:03:24,387 [INFO] ImportTextPane:218 - (OptionalMessage_ERROR) IP (DMA) : Parameter (Instance) has Id (SPI1_TX) currently not set
2026-03-22 21:03:24,387 [INFO] ImportTextPane:218 - (OptionalMessage_ERROR) IP (DMA) : Parameter (Request) has Id (SPI1_TX) currently not set
2026-03-22 21:03:24,387 [INFO] ImportTextPane:218 - (OptionalMessage_ERROR) IP (DMA) : Parameter (Direction) has Id (SPI1_TX) currently not set
2026-03-22 21:03:24,387 [INFO] ImportTextPane:218 - (OptionalMessage_ERROR) IP (DMA) : Parameter (PeriphInc) has Id (SPI1_TX) currently not set
2026-03-22 21:03:24,387 [INFO] ImportTextPane:218 - (OptionalMessage_ERROR) IP (DMA) : Parameter (MemInc) has Id (SPI1_TX) currently not set
2026-03-22 21:03:24,388 [INFO] ImportTextPane:218 - (OptionalMessage_ERROR) IP (DMA) : Parameter (PeriphDataAlignment) has Id (SPI1_TX) currently not set
2026-03-22 21:03:24,388 [INFO] ImportTextPane:218 - (OptionalMessage_ERROR) IP (DMA) : Parameter (MemDataAlignment) has Id (SPI1_TX) currently not set
2026-03-22 21:03:24,388 [INFO] ImportTextPane:218 - (OptionalMessage_ERROR) IP (DMA) : Parameter (Mode) has Id (SPI1_TX) currently not set
2026-03-22 21:03:24,388 [INFO] ImportTextPane:218 - (OptionalMessage_ERROR) IP (DMA) : Parameter (Priority) has Id (SPI1_TX) currently not set
2026-03-22 21:03:24,389 [INFO] ImportTextPane:218 - (OptionalMessage_ERROR) IP (RCC) : Invalid parameter (FamilyName)
2026-03-22 21:03:24,390 [INFO] ImportTextPane:218 - (OptionalMessage_ERROR) IP (RCC) : Parameter (RNGFreq_Value) has invalid value (64000000)
2026-03-22 21:03:24,390 [INFO] ImportTextPane:218 - (OptionalMessage_ERROR) IP (RCC) : Parameter (SDMMCFreq_Value) has invalid value (64000000)
2026-03-22 21:03:24,390 [INFO] ImportTextPane:218 - (OptionalMessage_ERROR) IP (RCC) : Parameter (USBFreq_Value) has invalid value (64000000)
2026-03-22 21:03:24,752 [INFO] ApiDb:581 - Connected to CubeFinder SQLite database (C:\Users\German\.stmcufinder\plugins\mcufinder\mcu\cube-finder-db.db)
2026-03-22 21:03:24,809 [INFO] ApiDb:668 - CubeFinder database Data Model version=2.1
2026-03-22 21:03:24,809 [INFO] ApiDb:669 - CubeFinder database Configuration version=3.0.42
2026-03-22 21:03:24,809 [INFO] ApiDb:670 - CubeFinder database generation date=2026-02-13 (1770995876)
2026-03-22 21:03:24,809 [INFO] ApiDb:671 - CubeFinder database FW Pack versions=[FP-ATR-ASTRA1_V2.0.0, FP-SNS-FLIGHT1_V5.1.0, FP-SNS-MOTENV1_V5.1.0, FP-SNS-MOTENVWB1_V1.4.0, FP-SNS-SMARTAG2_V1.2.0, FP-SNS-STBOX1_V2.1.0, STM32Cube_FW_C0_V1.4.0, STM32Cube_FW_F4_V1.28.3, STM32Cube_FW_F7_V1.17.4, STM32Cube_FW_G0_V1.6.2, STM32Cube_FW_G4_V1.6.1, STM32Cube_FW_H5_V1.6.0, STM32Cube_FW_H7RS_V1.3.0, STM32Cube_FW_H7_V1.13.0, STM32Cube_FW_L0_V1.12.2, STM32Cube_FW_L4_V1.18.2, STM32Cube_FW_L5_V1.6.0, STM32Cube_FW_N6_V1.3.0, STM32Cube_FW_U0_V1.3.0, STM32Cube_FW_U3_V1.3.0, STM32Cube_FW_U5_V1.8.0, STM32Cube_FW_WB0_V1.4.0, STM32Cube_FW_WBA_V1.9.0, STM32Cube_FW_WB_V1.24.0, STM32Cube_FW_WL3_V1.4.0, STM32Cube_FW_WL_V1.5.0, X-CUBE-ALGOBUILD_V1.4.0, X-CUBE-ALS_V1.0.2, X-CUBE-AZRTOS-F4_V1.1.0, X-CUBE-AZRTOS-F7_V1.1.0, X-CUBE-AZRTOS-G0_V1.1.0, X-CUBE-AZRTOS-G4_V2.0.0, X-CUBE-AZRTOS-H7RS_V1.1.0, X-CUBE-AZRTOS-H7_V3.4.0, X-CUBE-AZRTOS-L4_V2.0.0, X-CUBE-AZRTOS-L5_V2.0.0, X-CUBE-AZRTOS-WB_V2.0.0, X-CUBE-AZRTOS-WL_V2.0.0, X-CUBE-BLE1_V7.1.0, X-CUBE-BLE2_V3.3.0, X-CUBE-BLEMGR_V4.1.0, X-CUBE-EEPRMA1_V5.2.0, X-CUBE-FREERTOS_V1.3.1, X-CUBE-GNSS1_V6.0.0, X-CUBE-MEMS1_V12.0.0, X-CUBE-NFC4_V3.0.0, X-CUBE-NFC7_V2.0.0, X-CUBE-SFXS2LP1_V4.0.0, X-CUBE-ST67W61_V1.1.0, X-CUBE-SUBG2_V5.0.0, X-CUBE-TOF1_V3.4.3]
2026-03-22 21:03:24,896 [INFO] DbBoardsSqlite:226 - include board P-NUCLEO-WB55-NUCLEO as a kit item of type 'Nucleo-64'
2026-03-22 21:03:24,896 [INFO] DbBoardsSqlite:226 - include board P-NUCLEO-WB55-USBDONGLE as a kit item of type 'Nucleo USB Dongle'
2026-03-22 21:03:24,897 [INFO] DbBoardsSqlite:226 - include board STEVAL-IDP005V1 as a kit item of type 'Evaluation Board'
2026-03-22 21:03:24,897 [INFO] DbBoardsSqlite:226 - include board STEVAL-IDP005V2 as a kit item of type 'Evaluation Board'
2026-03-22 21:03:25,380 [INFO] ApiDb:240 - Found 895 in-development CPN: [B-G473E-ZEST1S, B-WB1M-WPAN1, B-WBA5M-WPAN, B-WL5M-SUBG1, NUCLEO-C031C6, NUCLEO-C051C8, NUCLEO-C071RB, NUCLEO-C092RC, NUCLEO-H503RB, NUCLEO-H533RE, NUCLEO-H563ZI, NUCLEO-H7S3L8, NUCLEO-N657X0-Q, NUCLEO-U031R8, NUCLEO-U083RC, NUCLEO-U385RG-Q, NUCLEO-U545RE-Q, NUCLEO-U5A5ZJ-Q, NUCLEO-WB05KZ, NUCLEO-WB07CC, NUCLEO-WB09KE, NUCLEO-WBA52CG, NUCLEO-WBA55CG, NUCLEO-WBA65RI, NUCLEO-WL33CC1, NUCLEO-WL33CC2, STEVAL-PROTEUS1, STEVAL-SMARTAG2, STEVAL-STWINBX1, STM320518-EVAL, STM32C0116-DK, STM32C011D6Y3TR, STM32C011D6Y6TR, STM32C011F4P3, STM32C011F4P6, STM32C011F4U3, STM32C011F4U6TR, STM32C011F6P3, STM32C011F6P6, STM32C011F6U3, STM32C011F6U6TR, STM32C011J4M3, STM32C011J4M6, STM32C011J6M3, STM32C011J6M6, STM32C0316-DK, STM32C031C4T3, STM32C031C4T6, STM32C031C4U3, STM32C031C4U6, STM32C031C6T3, STM32C031C6T6, STM32C031C6U3, STM32C031C6U6, STM32C031F4P3, STM32C031F4P6, STM32C031F6P3, STM32C031F6P6, STM32C031G4U3, STM32C031G4U6, STM32C031G6U3, STM32C031G6U6, STM32C031K4T3, STM32C031K4T6, STM32C031K4U3, STM32C031K4U6, STM32C031K6T3, STM32C031K6T6, STM32C031K6U3, STM32C031K6U6, STM32C051C6T6, STM32C051C6U6, STM32C051C8T6, STM32C051C8U6, STM32C051D8Y6TR, STM32C051F6P6, STM32C051F8P6, STM32C051G6U6, STM32C051G8U6, STM32C051K6T6, STM32C051K6U6, STM32C051K8T6, STM32C071C8T6, STM32C071C8T6N, STM32C071C8U6, STM32C071C8U6N, STM32C071CBT6, STM32C071CBT6N, STM32C071CBU6, STM32C071CBU6N, STM32C071F8P6, STM32C071F8P6N, STM32C071FBP6, STM32C071FBP6N, STM32C071FBY6TR, STM32C071G8U6, STM32C071G8U6N, STM32C071GBU6, STM32C071GBU6N, STM32C071K8T6, STM32C071K8T6N, STM32C071K8U6, STM32C071K8U6N, STM32C071KBT6, STM32C071KBT6N, STM32C071KBU6, STM32C071KBU6N, STM32C071R8T6, STM32C071R8T6N, STM32C071RBI6N, STM32C071RBT6, STM32C071RBT6N, STM32C091CBT6, STM32C091CBU6, STM32C091CCT6, STM32C091CCU6, STM32C091ECY6TR, STM32C091FBP6, STM32C091FCP6, STM32C091GBU6, STM32C091GCU6, STM32C091KBT6, STM32C091KBU6, STM32C091KCT6, STM32C091KCU6, STM32C091RBT6, STM32C091RCI6, STM32C091RCT6, STM32C092CBT6, STM32C092CBU6, STM32C092CCT6, STM32C092CCU6, STM32C092ECY6TR, STM32C092FBP6, STM32C092FCP6, STM32C092GBU6, STM32C092GCU6, STM32C092KBT6, STM32C092KBU6, STM32C092KCT6, STM32C092KCU6, STM32C092RBT6, STM32C092RCI6, STM32C092RCT6, STM32G071K8TXN, STM32G071K8UXN, STM32G081GBU6N, STM32G081KBT6N, STM32G081KBUXN, STM32G0B1CCT6N, STM32G0B1KCT6, STM32G0B1NEY6TR, STM32G0B1RCT6N, STM32G0C1CCT6, STM32G0C1CCT6N, STM32G0C1CCU6N, STM32G0C1CET6N, STM32G0C1CEU6N, STM32G0C1KCT6, STM32G0C1NEY6TR, STM32G0C1RCI6N, STM32G0C1RCT6N, STM32G0C1REI6N, STM32G0C1RET6N, STM32G0C1VCI6, STM32G0C1VEI6, STM32G411C6T3, STM32G411C6T6, STM32G411C6U3, STM32G411C6U6, STM32G411C8T3, STM32G411C8T6, STM32G411C8U3, STM32G411C8U6, STM32G411CBT3, STM32G411CBT6, STM32G411CBU3, STM32G411CBU6, STM32G411CCT3, STM32G411CCT6, STM32G411CCU3, STM32G411CCU6, STM32G411K6T3, STM32G411K6T6, STM32G411K6U3, STM32G411K6U6, STM32G411K8T3, STM32G411K8T6, STM32G411K8U3, STM32G411K8U6, STM32G411KBT3, STM32G411KBT6, STM32G411KBU3, STM32G411KBU6, STM32G411M6T3, STM32G411M6T6, STM32G411M8T3, STM32G411M8T6, STM32G411MBT3, STM32G411MBT6, STM32G411MCT3, STM32G411MCT6, STM32G411R6T3, STM32G411R6T6, STM32G411R8T3, STM32G411R8T6, STM32G411RBT3, STM32G411RBT6, STM32G411RCT3, STM32G411RCT6, STM32G414CBT3, STM32G414CBT6, STM32G414CBU3, STM32G414CBU6, STM32G414CCT3, STM32G414CCT6, STM32G414CCU3, STM32G414CCU6, STM32G414MBT3, STM32G414MBT6, STM32G414MCT3, STM32G414MCT6, STM32G414RBT3, STM32G414RBT6, STM32G414RCT3, STM32G414RCT6, STM32G414VBT3, STM32G414VBT6, STM32G414VCT3, STM32G414VCT6, STM32G431CBT3Z, STM32G431RBT3Z, STM32G471CCT6, STM32G471CCU6, STM32G471CET3, STM32G471CET6, STM32G471CEU3, STM32G471CEU6, STM32G471MCT6, STM32G471MET3, STM32G471MET6, STM32G471MEY6TR, STM32G471QCT6, STM32G471QET3, STM32G471RCT6, STM32G471RET3, STM32G471RET6, STM32G471VCH6, STM32G471VCI6, STM32G471VCT6, STM32G471VEH3, STM32G471VEH6, STM32G471VEI3, STM32G471VEI6, STM32G471VET3, STM32G471VET6, STM32G473QET3Z, STM32G473RET3Z, STM32G474CCT6, STM32G491RET3Z, STM32H503CBT6, STM32H503CBU6, STM32H503EBY6TR, STM32H503KBU6, STM32H503RBT6, STM32H523CCT6, STM32H523CCU6, STM32H523CET6, STM32H523CEU6, STM32H523HEY6TR, STM32H523RCT6, STM32H523RET6, STM32H523VCI6, STM32H523VCT6, STM32H523VEI6, STM32H523VET6, STM32H523ZCJ6, STM32H523ZCT6, STM32H523ZEJ6, STM32H523ZET6, STM32H533CET6, STM32H533CEU6, STM32H533HEY6TR, STM32H533RET6, STM32H533VEI6, STM32H533VET6, STM32H533ZEJ6, STM32H533ZET6, STM32H562AGI6, STM32H562AII6, STM32H562IGK6, STM32H562IGT6, STM32H562IIK6, STM32H562IIT6, STM32H562RGT6, STM32H562RGV6, STM32H562RIT6, STM32H562RIV6, STM32H562VGT6, STM32H562VIT6, STM32H562ZGT6, STM32H562ZIT6, STM32H563AGI6, STM32H563AII3Q, STM32H563AII6, STM32H563IGK6, STM32H563IGT6, STM32H563IIK3Q, STM32H563IIK6, STM32H563IIT3Q, STM32H563IIT6, STM32H563MIY3QTR, STM32H563RGT6, STM32H563RGV6, STM32H563RIT6, STM32H563RIV6, STM32H563VGT6, STM32H563VIT3Q, STM32H563VIT6, STM32H563ZGT6, STM32H563ZIT3Q, STM32H563ZIT6, STM32H573AII3Q, STM32H573AII6, STM32H573I-DK, STM32H573IIK3Q, STM32H573IIK6, STM32H573IIT3Q, STM32H573IIT6, STM32H573MIY3QTR, STM32H573RIT6, STM32H573RIV6, STM32H573VIT3Q, STM32H573VIT6, STM32H573ZIT3Q, STM32H573ZIT6, STM32H7R3A8I6, STM32H7R3I8K6, STM32H7R3I8T6, STM32H7R3L8H6, STM32H7R3L8H6H, STM32H7R3R8V6, STM32H7R3V8H6, STM32H7R3V8T6, STM32H7R3V8Y6TR, STM32H7R3Z8J6, STM32H7R3Z8T6, STM32H7R7A8I6, STM32H7R7I8K6, STM32H7R7I8T6, STM32H7R7L8H6, STM32H7R7L8H6H, STM32H7R7Z8J6, STM32H7S3A8I6, STM32H7S3I8K6, STM32H7S3I8T6, STM32H7S3L8H6, STM32H7S3L8H6H, STM32H7S3R8V6, STM32H7S3V8H6, STM32H7S3V8T6, STM32H7S3V8Y6TR, STM32H7S3Z8J6, STM32H7S3Z8T6, STM32H7S78-DK, STM32H7S7A8I6, STM32H7S7I8K6, STM32H7S7I8T6, STM32H7S7L8H6, STM32H7S7L8H6H, STM32H7S7Z8J6, STM32L4R5QGI6STR, STM32MP131AAE3, STM32MP131AAF3, STM32MP131AAG3, STM32MP131CAE3, STM32MP131CAF3, STM32MP131CAG3, STM32MP131DAE7, STM32MP131DAF7, STM32MP131DAG7, STM32MP131FAE7, STM32MP131FAF7, STM32MP131FAG7, STM32MP133AAE3, STM32MP133AAF3, STM32MP133AAG3, STM32MP133CAE3, STM32MP133CAF3, STM32MP133CAG3, STM32MP133DAE7, STM32MP133DAF7, STM32MP133DAG7, STM32MP133FAE7, STM32MP133FAF7, STM32MP133FAG7, STM32MP135AAE3, STM32MP135AAF3, STM32MP135AAG3, STM32MP135CAE3, STM32MP135CAF3, STM32MP135CAG3, STM32MP135DAE7, STM32MP135DAF7, STM32MP135DAG7, STM32MP135F-DK, STM32MP135FAE7, STM32MP135FAF7, STM32MP135FAF7T, STM32MP135FAF7U, STM32MP135FAG7, STM32MP231AAJ3, STM32MP231AAK3, STM32MP231AAL3, STM32MP231CAJ3, STM32MP231CAK3, STM32MP231CAL3, STM32MP231DAJ3, STM32MP231DAK3, STM32MP231DAL3, STM32MP231FAJ3, STM32MP231FAK3, STM32MP231FAL3, STM32MP233AAJ3, STM32MP233AAK3, STM32MP233AAL3, STM32MP233CAJ3, STM32MP233CAK3, STM32MP233CAL3, STM32MP233DAJ3, STM32MP233DAK3, STM32MP233DAL3, STM32MP233FAJ3, STM32MP233FAK3, STM32MP233FAL3, STM32MP235AAJ3, STM32MP235AAK3, STM32MP235AAL3, STM32MP235CAJ3, STM32MP235CAK3, STM32MP235CAL3, STM32MP235DAJ3, STM32MP235DAK3, STM32MP235DAL3, STM32MP235FAJ3, STM32MP235FAK3, STM32MP235FAL3, STM32MP251AAI3, STM32MP251AAJ3, STM32MP251AAK3, STM32MP251AAL3, STM32MP251CAI3, STM32MP251CAJ3, STM32MP251CAK3, STM32MP251CAL3, STM32MP251DAI3, STM32MP251DAJ3, STM32MP251DAK3, STM32MP251DAL3, STM32MP251FAI3, STM32MP251FAJ3, STM32MP251FAK3, STM32MP251FAL3, STM32MP253AAI3, STM32MP253AAJ3, STM32MP253AAK3, STM32MP253AAL3, STM32MP253CAI3, STM32MP253CAJ3, STM32MP253CAK3, STM32MP253CAL3, STM32MP253DAI3, STM32MP253DAJ3, STM32MP253DAK3, STM32MP253DAL3, STM32MP253FAI3, STM32MP253FAJ3, STM32MP253FAK3, STM32MP253FAL3, STM32MP255AAI3, STM32MP255AAJ3, STM32MP255AAK3, STM32MP255AAL3, STM32MP255CAI3, STM32MP255CAJ3, STM32MP255CAK3, STM32MP255CAL3, STM32MP255DAI3, STM32MP255DAJ3, STM32MP255DAK3, STM32MP255DAL3, STM32MP255FAI3, STM32MP255FAJ3, STM32MP255FAK3, STM32MP255FAL3, STM32MP257AAI3, STM32MP257AAJ3, STM32MP257AAK3, STM32MP257AAL3, STM32MP257CAI3, STM32MP257CAJ3, STM32MP257CAK3, STM32MP257CAL3, STM32MP257DAI3, STM32MP257DAJ3, STM32MP257DAK3, STM32MP257DAL3, STM32MP257F-DK, STM32MP257F-EV1, STM32MP257FAI3, STM32MP257FAJ3, STM32MP257FAK3, STM32MP257FAL3, STM32N645A0H3Q, STM32N645B0H3Q, STM32N645I0H3Q, STM32N645L0H3Q, STM32N645X0H3Q, STM32N645Z0H3Q, STM32N647A0H3Q, STM32N647B0H3Q, STM32N647I0H3Q, STM32N647L0H3Q, STM32N647X0H3Q, STM32N647Z0H3Q, STM32N655A0H3Q, STM32N655B0H3Q, STM32N655I0H3Q, STM32N655L0H3Q, STM32N655X0H3Q, STM32N655Z0H3Q, STM32N6570-DK, STM32N657A0H3Q, STM32N657B0H3Q, STM32N657I0H3Q, STM32N657L0H3Q, STM32N657X0H3Q, STM32N657Z0H3Q, STM32U031C6T6, STM32U031C6U6, STM32U031C8T6, STM32U031C8U6, STM32U031F4P6, STM32U031F6P6, STM32U031F8P6, STM32U031G6Y6TR, STM32U031G8Y6TR, STM32U031K4U6, STM32U031K6U6, STM32U031K8U6, STM32U031R6I6, STM32U031R6T6, STM32U031R8I6, STM32U031R8T6, STM32U073C8T6, STM32U073C8U6, STM32U073CBT6, STM32U073CBU6, STM32U073CCT6, STM32U073CCU6, STM32U073H8Y6TR, STM32U073HBY6TR, STM32U073HCY6TR, STM32U073K8U6, STM32U073KBU6, STM32U073KCU6, STM32U073M8I6, STM32U073M8T6, STM32U073MBI6, STM32U073MBT6, STM32U073MCI6, STM32U073MCT6, STM32U073R8I6, STM32U073R8T6, STM32U073RBI6, STM32U073RBT6, STM32U073RCI6, STM32U073RCT6, STM32U083C-DK, STM32U083CCT6, STM32U083CCU6, STM32U083HCY6TR, STM32U083KCU6, STM32U083MCI6, STM32U083MCT6, STM32U083RCI6, STM32U083RCT6, STM32U375CET6, STM32U375CET6Q, STM32U375CEU6, STM32U375CEU6Q, STM32U375CEY6QTR, STM32U375CGT6, STM32U375CGT6Q, STM32U375CGU6, STM32U375CGU6Q, STM32U375CGY6QTR, STM32U375KEU6, STM32U375KGU6, STM32U375REI6, STM32U375REI6Q, STM32U375RET6, STM32U375RET6Q, STM32U375REY6GTR, STM32U375REY6QTR, STM32U375RGI6, STM32U375RGI6Q, STM32U375RGT6, STM32U375RGT6Q, STM32U375RGY6GTR, STM32U375RGY6QTR, STM32U375VEI6, STM32U375VEI6Q, STM32U375VET6, STM32U375VET6Q, STM32U375VGI6, STM32U375VGI6Q, STM32U375VGT6, STM32U375VGT6Q, STM32U385CGT6, STM32U385CGT6Q, STM32U385CGU6, STM32U385CGU6Q, STM32U385CGY6QTR, STM32U385KGU6, STM32U385RGI6, STM32U385RGI6Q, STM32U385RGT6, STM32U385RGT6Q, STM32U385RGY6GTR, STM32U385RGY6QTR, STM32U385VGI6, STM32U385VGI6Q, STM32U385VGT6, STM32U385VGT6Q, STM32U535CBT6, STM32U535CBT6Q, STM32U535CBU6, STM32U535CBU6Q, STM32U535CCT6, STM32U535CCT6Q, STM32U535CCU6, STM32U535CCU6Q, STM32U535CET6, STM32U535CET6Q, STM32U535CEU6, STM32U535CEU6Q, STM32U535JEY6QTR, STM32U535NCY6QTR, STM32U535NEY6QTR, STM32U535RBI6, STM32U535RBI6Q, STM32U535RBT6, STM32U535RBT6Q, STM32U535RCI6, STM32U535RCI6Q, STM32U535RCT6, STM32U535RCT6Q, STM32U535REI6, STM32U535REI6Q, STM32U535RET6, STM32U535RET6Q, STM32U535VCI6, STM32U535VCI6Q, STM32U535VCT6, STM32U535VCT6Q, STM32U535VEI6, STM32U535VEI6Q, STM32U535VET6, STM32U535VET6Q, STM32U545CET6, STM32U545CET6Q, STM32U545CEU6, STM32U545CEU6Q, STM32U545JEY6QTR, STM32U545NEY6QTR, STM32U545REI6, STM32U545REI6Q, STM32U545RET6, STM32U545RET6Q, STM32U545VEI6, STM32U545VEI6Q, STM32U545VET6, STM32U545VET6Q, STM32U595AIH6, STM32U595AIH6Q, STM32U595AJH6, STM32U595AJH6Q, STM32U595QII6, STM32U595QII6Q, STM32U595QJI6, STM32U595QJI6Q, STM32U595RIT6, STM32U595RIT6Q, STM32U595RJT6, STM32U595RJT6Q, STM32U595VIT6, STM32U595VIT6Q, STM32U595VJT6, STM32U595VJT6Q, STM32U595ZIT6, STM32U595ZIT6Q, STM32U595ZIY6QTR, STM32U595ZJT6, STM32U595ZJT6Q, STM32U595ZJY6QTR, STM32U599BJY6QTR, STM32U599NIH6Q, STM32U599NJH6Q, STM32U599VIT6Q, STM32U599VJT6, STM32U599VJT6Q, STM32U599ZIT6Q, STM32U599ZIY6QTR, STM32U599ZJT6Q, STM32U599ZJY6QTR, STM32U5A5AJH6, STM32U5A5AJH6Q, STM32U5A5QII3Q , STM32U5A5QJI6, STM32U5A5QJI6Q, STM32U5A5RJT6, STM32U5A5RJT6Q, STM32U5A5VJT6, STM32U5A5VJT6Q, STM32U5A5ZJT6, STM32U5A5ZJT6Q, STM32U5A5ZJY6QTR, STM32U5A9BJY6QTR, STM32U5A9J-DK, STM32U5A9NJH6Q, STM32U5A9VJT6Q, STM32U5A9ZJT6Q, STM32U5A9ZJY6QTR, STM32U5F7VIT6, STM32U5F7VIT6Q, STM32U5F7VJT6, STM32U5F7VJT6Q, STM32U5F9BJY6QTR, STM32U5F9NJH6Q, STM32U5F9VIT6Q, STM32U5F9VJT6Q, STM32U5F9ZIJ6QTR, STM32U5F9ZIT6Q, STM32U5F9ZJJ6QTR, STM32U5F9ZJT6Q, STM32U5G7VJT6, STM32U5G7VJT6Q, STM32U5G9BJY6QTR, STM32U5G9J-DK1, STM32U5G9J-DK2, STM32U5G9NJH6Q, STM32U5G9VJT6Q, STM32U5G9ZJJ6QTR, STM32U5G9ZJT6Q, STM32WB05KZV6TR, STM32WB05KZV7TR, STM32WB05TZF6TR, STM32WB05TZF7TR, STM32WB06CCF6TR, STM32WB06CCF7TR, STM32WB06CCV6TR, STM32WB06CCV7TR, STM32WB06KCV6TR, STM32WB06KCV7TR, STM32WB07CCF6TR, STM32WB07CCF7TR, STM32WB07CCV6TR, STM32WB07CCV7TR, STM32WB07KCV6TR, STM32WB07KCV7TR, STM32WB09KEV6TR, STM32WB09KEV7TR, STM32WB09TEF6TR, STM32WB09TEF7TR, STM32WB1MMCH6, STM32WBA50KGU6, STM32WBA50KGU6TR, STM32WBA52CEU6, STM32WBA52CEU6TR, STM32WBA52CEU7, STM32WBA52CEU7TR, STM32WBA52CGU6, STM32WBA52CGU6TR, STM32WBA52CGU6U, STM32WBA52CGU7, STM32WBA52CGU7TR, STM32WBA52KEU6, STM32WBA52KEU6TR, STM32WBA52KGU6, STM32WBA52KGU6TR, STM32WBA54CEU6, STM32WBA54CEU6TR, STM32WBA54CEU7, STM32WBA54CEU7TR, STM32WBA54CGU6, STM32WBA54CGU6TR, STM32WBA54CGU7, STM32WBA54CGU7TR, STM32WBA54KEU6, STM32WBA54KEU6TR, STM32WBA54KEU7, STM32WBA54KEU7TR, STM32WBA54KGU6, STM32WBA54KGU6TR, STM32WBA54KGU7, STM32WBA54KGU7TR, STM32WBA55CEU6, STM32WBA55CEU6TR, STM32WBA55CEU7, STM32WBA55CEU7TR, STM32WBA55CGU6, STM32WBA55CGU6TR, STM32WBA55CGU6U, STM32WBA55CGU7, STM32WBA55CGU7TR, STM32WBA55G-DK1, STM32WBA55HEF6, STM32WBA55HEF7, STM32WBA55HGF6, STM32WBA55HGF7, STM32WBA55UEI6, STM32WBA55UEI6TR, STM32WBA55UEI7, STM32WBA55UEI7TR, STM32WBA55UGI6, STM32WBA55UGI6TR, STM32WBA55UGI7, STM32WBA55UGI7TR, STM32WBA5MJGH6TR, STM32WBA62CGU6, STM32WBA62CIU6, STM32WBA62MGF6, STM32WBA62MIF6, STM32WBA62PGI6, STM32WBA62PII6, STM32WBA63CGU6, STM32WBA63CGU7, STM32WBA63CIU6, STM32WBA63CIU7, STM32WBA64CGU6, STM32WBA64CGU7, STM32WBA64CIU6, STM32WBA64CIU7, STM32WBA65CGU6, STM32WBA65CGU7, STM32WBA65CIU6, STM32WBA65CIU7, STM32WBA65I-DK1, STM32WBA65MGF6, STM32WBA65MGF7, STM32WBA65MIF6, STM32WBA65MIF7, STM32WBA65PGI6, STM32WBA65PGI7, STM32WBA65PII6, STM32WBA65PII7, STM32WBA65RGV6, STM32WBA65RGV7, STM32WBA65RIV6, STM32WBA65RIV7, STM32WL30K8V6, STM32WL30KBV6, STM32WL31C8V6, STM32WL31CBV6, STM32WL31K8V6, STM32WL31KBV6, STM32WL33C8V6, STM32WL33C8V6TR, STM32WL33C8V7, STM32WL33C8V7TR, STM32WL33CBV6, STM32WL33CBV6TR, STM32WL33CBV7, STM32WL33CBV7TR, STM32WL33CCV6, STM32WL33CCV6TR, STM32WL33CCV7, STM32WL33CCV7A, STM32WL33CCV7ATR, STM32WL33CCV7TR, STM32WL33K8V6, STM32WL33K8V6TR, STM32WL33K8V7, STM32WL33K8V7TR, STM32WL33KBV6, STM32WL33KBV6TR, STM32WL33KBV7, STM32WL33KBV7TR, STM32WL33KCV6, STM32WL33KCV6TR, STM32WL33KCV7, STM32WL33KCV7TR, STM32WL5MOCH6, STM32WL5MOCH6TR]
2026-03-22 21:03:25,383 [INFO] ApiDb:668 - CubeFinder database Data Model version=2.1
2026-03-22 21:03:25,383 [INFO] ApiDb:669 - CubeFinder database Configuration version=3.0.42
2026-03-22 21:03:25,383 [INFO] ApiDb:670 - CubeFinder database generation date=2026-02-13 (1770995876)
2026-03-22 21:03:25,383 [INFO] ApiDb:671 - CubeFinder database FW Pack versions=[FP-ATR-ASTRA1_V2.0.0, FP-SNS-FLIGHT1_V5.1.0, FP-SNS-MOTENV1_V5.1.0, FP-SNS-MOTENVWB1_V1.4.0, FP-SNS-SMARTAG2_V1.2.0, FP-SNS-STBOX1_V2.1.0, STM32Cube_FW_C0_V1.4.0, STM32Cube_FW_F4_V1.28.3, STM32Cube_FW_F7_V1.17.4, STM32Cube_FW_G0_V1.6.2, STM32Cube_FW_G4_V1.6.1, STM32Cube_FW_H5_V1.6.0, STM32Cube_FW_H7RS_V1.3.0, STM32Cube_FW_H7_V1.13.0, STM32Cube_FW_L0_V1.12.2, STM32Cube_FW_L4_V1.18.2, STM32Cube_FW_L5_V1.6.0, STM32Cube_FW_N6_V1.3.0, STM32Cube_FW_U0_V1.3.0, STM32Cube_FW_U3_V1.3.0, STM32Cube_FW_U5_V1.8.0, STM32Cube_FW_WB0_V1.4.0, STM32Cube_FW_WBA_V1.9.0, STM32Cube_FW_WB_V1.24.0, STM32Cube_FW_WL3_V1.4.0, STM32Cube_FW_WL_V1.5.0, X-CUBE-ALGOBUILD_V1.4.0, X-CUBE-ALS_V1.0.2, X-CUBE-AZRTOS-F4_V1.1.0, X-CUBE-AZRTOS-F7_V1.1.0, X-CUBE-AZRTOS-G0_V1.1.0, X-CUBE-AZRTOS-G4_V2.0.0, X-CUBE-AZRTOS-H7RS_V1.1.0, X-CUBE-AZRTOS-H7_V3.4.0, X-CUBE-AZRTOS-L4_V2.0.0, X-CUBE-AZRTOS-L5_V2.0.0, X-CUBE-AZRTOS-WB_V2.0.0, X-CUBE-AZRTOS-WL_V2.0.0, X-CUBE-BLE1_V7.1.0, X-CUBE-BLE2_V3.3.0, X-CUBE-BLEMGR_V4.1.0, X-CUBE-EEPRMA1_V5.2.0, X-CUBE-FREERTOS_V1.3.1, X-CUBE-GNSS1_V6.0.0, X-CUBE-MEMS1_V12.0.0, X-CUBE-NFC4_V3.0.0, X-CUBE-NFC7_V2.0.0, X-CUBE-SFXS2LP1_V4.0.0, X-CUBE-ST67W61_V1.1.0, X-CUBE-SUBG2_V5.0.0, X-CUBE-TOF1_V3.4.3]
2026-03-22 21:03:26,889 [INFO] ApiDb:240 - Found 895 in-development CPN: [B-G473E-ZEST1S, B-WB1M-WPAN1, B-WBA5M-WPAN, B-WL5M-SUBG1, NUCLEO-C031C6, NUCLEO-C051C8, NUCLEO-C071RB, NUCLEO-C092RC, NUCLEO-H503RB, NUCLEO-H533RE, NUCLEO-H563ZI, NUCLEO-H7S3L8, NUCLEO-N657X0-Q, NUCLEO-U031R8, NUCLEO-U083RC, NUCLEO-U385RG-Q, NUCLEO-U545RE-Q, NUCLEO-U5A5ZJ-Q, NUCLEO-WB05KZ, NUCLEO-WB07CC, NUCLEO-WB09KE, NUCLEO-WBA52CG, NUCLEO-WBA55CG, NUCLEO-WBA65RI, NUCLEO-WL33CC1, NUCLEO-WL33CC2, STEVAL-PROTEUS1, STEVAL-SMARTAG2, STEVAL-STWINBX1, STM320518-EVAL, STM32C0116-DK, STM32C011D6Y3TR, STM32C011D6Y6TR, STM32C011F4P3, STM32C011F4P6, STM32C011F4U3, STM32C011F4U6TR, STM32C011F6P3, STM32C011F6P6, STM32C011F6U3, STM32C011F6U6TR, STM32C011J4M3, STM32C011J4M6, STM32C011J6M3, STM32C011J6M6, STM32C0316-DK, STM32C031C4T3, STM32C031C4T6, STM32C031C4U3, STM32C031C4U6, STM32C031C6T3, STM32C031C6T6, STM32C031C6U3, STM32C031C6U6, STM32C031F4P3, STM32C031F4P6, STM32C031F6P3, STM32C031F6P6, STM32C031G4U3, STM32C031G4U6, STM32C031G6U3, STM32C031G6U6, STM32C031K4T3, STM32C031K4T6, STM32C031K4U3, STM32C031K4U6, STM32C031K6T3, STM32C031K6T6, STM32C031K6U3, STM32C031K6U6, STM32C051C6T6, STM32C051C6U6, STM32C051C8T6, STM32C051C8U6, STM32C051D8Y6TR, STM32C051F6P6, STM32C051F8P6, STM32C051G6U6, STM32C051G8U6, STM32C051K6T6, STM32C051K6U6, STM32C051K8T6, STM32C071C8T6, STM32C071C8T6N, STM32C071C8U6, STM32C071C8U6N, STM32C071CBT6, STM32C071CBT6N, STM32C071CBU6, STM32C071CBU6N, STM32C071F8P6, STM32C071F8P6N, STM32C071FBP6, STM32C071FBP6N, STM32C071FBY6TR, STM32C071G8U6, STM32C071G8U6N, STM32C071GBU6, STM32C071GBU6N, STM32C071K8T6, STM32C071K8T6N, STM32C071K8U6, STM32C071K8U6N, STM32C071KBT6, STM32C071KBT6N, STM32C071KBU6, STM32C071KBU6N, STM32C071R8T6, STM32C071R8T6N, STM32C071RBI6N, STM32C071RBT6, STM32C071RBT6N, STM32C091CBT6, STM32C091CBU6, STM32C091CCT6, STM32C091CCU6, STM32C091ECY6TR, STM32C091FBP6, STM32C091FCP6, STM32C091GBU6, STM32C091GCU6, STM32C091KBT6, STM32C091KBU6, STM32C091KCT6, STM32C091KCU6, STM32C091RBT6, STM32C091RCI6, STM32C091RCT6, STM32C092CBT6, STM32C092CBU6, STM32C092CCT6, STM32C092CCU6, STM32C092ECY6TR, STM32C092FBP6, STM32C092FCP6, STM32C092GBU6, STM32C092GCU6, STM32C092KBT6, STM32C092KBU6, STM32C092KCT6, STM32C092KCU6, STM32C092RBT6, STM32C092RCI6, STM32C092RCT6, STM32G071K8TXN, STM32G071K8UXN, STM32G081GBU6N, STM32G081KBT6N, STM32G081KBUXN, STM32G0B1CCT6N, STM32G0B1KCT6, STM32G0B1NEY6TR, STM32G0B1RCT6N, STM32G0C1CCT6, STM32G0C1CCT6N, STM32G0C1CCU6N, STM32G0C1CET6N, STM32G0C1CEU6N, STM32G0C1KCT6, STM32G0C1NEY6TR, STM32G0C1RCI6N, STM32G0C1RCT6N, STM32G0C1REI6N, STM32G0C1RET6N, STM32G0C1VCI6, STM32G0C1VEI6, STM32G411C6T3, STM32G411C6T6, STM32G411C6U3, STM32G411C6U6, STM32G411C8T3, STM32G411C8T6, STM32G411C8U3, STM32G411C8U6, STM32G411CBT3, STM32G411CBT6, STM32G411CBU3, STM32G411CBU6, STM32G411CCT3, STM32G411CCT6, STM32G411CCU3, STM32G411CCU6, STM32G411K6T3, STM32G411K6T6, STM32G411K6U3, STM32G411K6U6, STM32G411K8T3, STM32G411K8T6, STM32G411K8U3, STM32G411K8U6, STM32G411KBT3, STM32G411KBT6, STM32G411KBU3, STM32G411KBU6, STM32G411M6T3, STM32G411M6T6, STM32G411M8T3, STM32G411M8T6, STM32G411MBT3, STM32G411MBT6, STM32G411MCT3, STM32G411MCT6, STM32G411R6T3, STM32G411R6T6, STM32G411R8T3, STM32G411R8T6, STM32G411RBT3, STM32G411RBT6, STM32G411RCT3, STM32G411RCT6, STM32G414CBT3, STM32G414CBT6, STM32G414CBU3, STM32G414CBU6, STM32G414CCT3, STM32G414CCT6, STM32G414CCU3, STM32G414CCU6, STM32G414MBT3, STM32G414MBT6, STM32G414MCT3, STM32G414MCT6, STM32G414RBT3, STM32G414RBT6, STM32G414RCT3, STM32G414RCT6, STM32G414VBT3, STM32G414VBT6, STM32G414VCT3, STM32G414VCT6, STM32G431CBT3Z, STM32G431RBT3Z, STM32G471CCT6, STM32G471CCU6, STM32G471CET3, STM32G471CET6, STM32G471CEU3, STM32G471CEU6, STM32G471MCT6, STM32G471MET3, STM32G471MET6, STM32G471MEY6TR, STM32G471QCT6, STM32G471QET3, STM32G471RCT6, STM32G471RET3, STM32G471RET6, STM32G471VCH6, STM32G471VCI6, STM32G471VCT6, STM32G471VEH3, STM32G471VEH6, STM32G471VEI3, STM32G471VEI6, STM32G471VET3, STM32G471VET6, STM32G473QET3Z, STM32G473RET3Z, STM32G474CCT6, STM32G491RET3Z, STM32H503CBT6, STM32H503CBU6, STM32H503EBY6TR, STM32H503KBU6, STM32H503RBT6, STM32H523CCT6, STM32H523CCU6, STM32H523CET6, STM32H523CEU6, STM32H523HEY6TR, STM32H523RCT6, STM32H523RET6, STM32H523VCI6, STM32H523VCT6, STM32H523VEI6, STM32H523VET6, STM32H523ZCJ6, STM32H523ZCT6, STM32H523ZEJ6, STM32H523ZET6, STM32H533CET6, STM32H533CEU6, STM32H533HEY6TR, STM32H533RET6, STM32H533VEI6, STM32H533VET6, STM32H533ZEJ6, STM32H533ZET6, STM32H562AGI6, STM32H562AII6, STM32H562IGK6, STM32H562IGT6, STM32H562IIK6, STM32H562IIT6, STM32H562RGT6, STM32H562RGV6, STM32H562RIT6, STM32H562RIV6, STM32H562VGT6, STM32H562VIT6, STM32H562ZGT6, STM32H562ZIT6, STM32H563AGI6, STM32H563AII3Q, STM32H563AII6, STM32H563IGK6, STM32H563IGT6, STM32H563IIK3Q, STM32H563IIK6, STM32H563IIT3Q, STM32H563IIT6, STM32H563MIY3QTR, STM32H563RGT6, STM32H563RGV6, STM32H563RIT6, STM32H563RIV6, STM32H563VGT6, STM32H563VIT3Q, STM32H563VIT6, STM32H563ZGT6, STM32H563ZIT3Q, STM32H563ZIT6, STM32H573AII3Q, STM32H573AII6, STM32H573I-DK, STM32H573IIK3Q, STM32H573IIK6, STM32H573IIT3Q, STM32H573IIT6, STM32H573MIY3QTR, STM32H573RIT6, STM32H573RIV6, STM32H573VIT3Q, STM32H573VIT6, STM32H573ZIT3Q, STM32H573ZIT6, STM32H7R3A8I6, STM32H7R3I8K6, STM32H7R3I8T6, STM32H7R3L8H6, STM32H7R3L8H6H, STM32H7R3R8V6, STM32H7R3V8H6, STM32H7R3V8T6, STM32H7R3V8Y6TR, STM32H7R3Z8J6, STM32H7R3Z8T6, STM32H7R7A8I6, STM32H7R7I8K6, STM32H7R7I8T6, STM32H7R7L8H6, STM32H7R7L8H6H, STM32H7R7Z8J6, STM32H7S3A8I6, STM32H7S3I8K6, STM32H7S3I8T6, STM32H7S3L8H6, STM32H7S3L8H6H, STM32H7S3R8V6, STM32H7S3V8H6, STM32H7S3V8T6, STM32H7S3V8Y6TR, STM32H7S3Z8J6, STM32H7S3Z8T6, STM32H7S78-DK, STM32H7S7A8I6, STM32H7S7I8K6, STM32H7S7I8T6, STM32H7S7L8H6, STM32H7S7L8H6H, STM32H7S7Z8J6, STM32L4R5QGI6STR, STM32MP131AAE3, STM32MP131AAF3, STM32MP131AAG3, STM32MP131CAE3, STM32MP131CAF3, STM32MP131CAG3, STM32MP131DAE7, STM32MP131DAF7, STM32MP131DAG7, STM32MP131FAE7, STM32MP131FAF7, STM32MP131FAG7, STM32MP133AAE3, STM32MP133AAF3, STM32MP133AAG3, STM32MP133CAE3, STM32MP133CAF3, STM32MP133CAG3, STM32MP133DAE7, STM32MP133DAF7, STM32MP133DAG7, STM32MP133FAE7, STM32MP133FAF7, STM32MP133FAG7, STM32MP135AAE3, STM32MP135AAF3, STM32MP135AAG3, STM32MP135CAE3, STM32MP135CAF3, STM32MP135CAG3, STM32MP135DAE7, STM32MP135DAF7, STM32MP135DAG7, STM32MP135F-DK, STM32MP135FAE7, STM32MP135FAF7, STM32MP135FAF7T, STM32MP135FAF7U, STM32MP135FAG7, STM32MP231AAJ3, STM32MP231AAK3, STM32MP231AAL3, STM32MP231CAJ3, STM32MP231CAK3, STM32MP231CAL3, STM32MP231DAJ3, STM32MP231DAK3, STM32MP231DAL3, STM32MP231FAJ3, STM32MP231FAK3, STM32MP231FAL3, STM32MP233AAJ3, STM32MP233AAK3, STM32MP233AAL3, STM32MP233CAJ3, STM32MP233CAK3, STM32MP233CAL3, STM32MP233DAJ3, STM32MP233DAK3, STM32MP233DAL3, STM32MP233FAJ3, STM32MP233FAK3, STM32MP233FAL3, STM32MP235AAJ3, STM32MP235AAK3, STM32MP235AAL3, STM32MP235CAJ3, STM32MP235CAK3, STM32MP235CAL3, STM32MP235DAJ3, STM32MP235DAK3, STM32MP235DAL3, STM32MP235FAJ3, STM32MP235FAK3, STM32MP235FAL3, STM32MP251AAI3, STM32MP251AAJ3, STM32MP251AAK3, STM32MP251AAL3, STM32MP251CAI3, STM32MP251CAJ3, STM32MP251CAK3, STM32MP251CAL3, STM32MP251DAI3, STM32MP251DAJ3, STM32MP251DAK3, STM32MP251DAL3, STM32MP251FAI3, STM32MP251FAJ3, STM32MP251FAK3, STM32MP251FAL3, STM32MP253AAI3, STM32MP253AAJ3, STM32MP253AAK3, STM32MP253AAL3, STM32MP253CAI3, STM32MP253CAJ3, STM32MP253CAK3, STM32MP253CAL3, STM32MP253DAI3, STM32MP253DAJ3, STM32MP253DAK3, STM32MP253DAL3, STM32MP253FAI3, STM32MP253FAJ3, STM32MP253FAK3, STM32MP253FAL3, STM32MP255AAI3, STM32MP255AAJ3, STM32MP255AAK3, STM32MP255AAL3, STM32MP255CAI3, STM32MP255CAJ3, STM32MP255CAK3, STM32MP255CAL3, STM32MP255DAI3, STM32MP255DAJ3, STM32MP255DAK3, STM32MP255DAL3, STM32MP255FAI3, STM32MP255FAJ3, STM32MP255FAK3, STM32MP255FAL3, STM32MP257AAI3, STM32MP257AAJ3, STM32MP257AAK3, STM32MP257AAL3, STM32MP257CAI3, STM32MP257CAJ3, STM32MP257CAK3, STM32MP257CAL3, STM32MP257DAI3, STM32MP257DAJ3, STM32MP257DAK3, STM32MP257DAL3, STM32MP257F-DK, STM32MP257F-EV1, STM32MP257FAI3, STM32MP257FAJ3, STM32MP257FAK3, STM32MP257FAL3, STM32N645A0H3Q, STM32N645B0H3Q, STM32N645I0H3Q, STM32N645L0H3Q, STM32N645X0H3Q, STM32N645Z0H3Q, STM32N647A0H3Q, STM32N647B0H3Q, STM32N647I0H3Q, STM32N647L0H3Q, STM32N647X0H3Q, STM32N647Z0H3Q, STM32N655A0H3Q, STM32N655B0H3Q, STM32N655I0H3Q, STM32N655L0H3Q, STM32N655X0H3Q, STM32N655Z0H3Q, STM32N6570-DK, STM32N657A0H3Q, STM32N657B0H3Q, STM32N657I0H3Q, STM32N657L0H3Q, STM32N657X0H3Q, STM32N657Z0H3Q, STM32U031C6T6, STM32U031C6U6, STM32U031C8T6, STM32U031C8U6, STM32U031F4P6, STM32U031F6P6, STM32U031F8P6, STM32U031G6Y6TR, STM32U031G8Y6TR, STM32U031K4U6, STM32U031K6U6, STM32U031K8U6, STM32U031R6I6, STM32U031R6T6, STM32U031R8I6, STM32U031R8T6, STM32U073C8T6, STM32U073C8U6, STM32U073CBT6, STM32U073CBU6, STM32U073CCT6, STM32U073CCU6, STM32U073H8Y6TR, STM32U073HBY6TR, STM32U073HCY6TR, STM32U073K8U6, STM32U073KBU6, STM32U073KCU6, STM32U073M8I6, STM32U073M8T6, STM32U073MBI6, STM32U073MBT6, STM32U073MCI6, STM32U073MCT6, STM32U073R8I6, STM32U073R8T6, STM32U073RBI6, STM32U073RBT6, STM32U073RCI6, STM32U073RCT6, STM32U083C-DK, STM32U083CCT6, STM32U083CCU6, STM32U083HCY6TR, STM32U083KCU6, STM32U083MCI6, STM32U083MCT6, STM32U083RCI6, STM32U083RCT6, STM32U375CET6, STM32U375CET6Q, STM32U375CEU6, STM32U375CEU6Q, STM32U375CEY6QTR, STM32U375CGT6, STM32U375CGT6Q, STM32U375CGU6, STM32U375CGU6Q, STM32U375CGY6QTR, STM32U375KEU6, STM32U375KGU6, STM32U375REI6, STM32U375REI6Q, STM32U375RET6, STM32U375RET6Q, STM32U375REY6GTR, STM32U375REY6QTR, STM32U375RGI6, STM32U375RGI6Q, STM32U375RGT6, STM32U375RGT6Q, STM32U375RGY6GTR, STM32U375RGY6QTR, STM32U375VEI6, STM32U375VEI6Q, STM32U375VET6, STM32U375VET6Q, STM32U375VGI6, STM32U375VGI6Q, STM32U375VGT6, STM32U375VGT6Q, STM32U385CGT6, STM32U385CGT6Q, STM32U385CGU6, STM32U385CGU6Q, STM32U385CGY6QTR, STM32U385KGU6, STM32U385RGI6, STM32U385RGI6Q, STM32U385RGT6, STM32U385RGT6Q, STM32U385RGY6GTR, STM32U385RGY6QTR, STM32U385VGI6, STM32U385VGI6Q, STM32U385VGT6, STM32U385VGT6Q, STM32U535CBT6, STM32U535CBT6Q, STM32U535CBU6, STM32U535CBU6Q, STM32U535CCT6, STM32U535CCT6Q, STM32U535CCU6, STM32U535CCU6Q, STM32U535CET6, STM32U535CET6Q, STM32U535CEU6, STM32U535CEU6Q, STM32U535JEY6QTR, STM32U535NCY6QTR, STM32U535NEY6QTR, STM32U535RBI6, STM32U535RBI6Q, STM32U535RBT6, STM32U535RBT6Q, STM32U535RCI6, STM32U535RCI6Q, STM32U535RCT6, STM32U535RCT6Q, STM32U535REI6, STM32U535REI6Q, STM32U535RET6, STM32U535RET6Q, STM32U535VCI6, STM32U535VCI6Q, STM32U535VCT6, STM32U535VCT6Q, STM32U535VEI6, STM32U535VEI6Q, STM32U535VET6, STM32U535VET6Q, STM32U545CET6, STM32U545CET6Q, STM32U545CEU6, STM32U545CEU6Q, STM32U545JEY6QTR, STM32U545NEY6QTR, STM32U545REI6, STM32U545REI6Q, STM32U545RET6, STM32U545RET6Q, STM32U545VEI6, STM32U545VEI6Q, STM32U545VET6, STM32U545VET6Q, STM32U595AIH6, STM32U595AIH6Q, STM32U595AJH6, STM32U595AJH6Q, STM32U595QII6, STM32U595QII6Q, STM32U595QJI6, STM32U595QJI6Q, STM32U595RIT6, STM32U595RIT6Q, STM32U595RJT6, STM32U595RJT6Q, STM32U595VIT6, STM32U595VIT6Q, STM32U595VJT6, STM32U595VJT6Q, STM32U595ZIT6, STM32U595ZIT6Q, STM32U595ZIY6QTR, STM32U595ZJT6, STM32U595ZJT6Q, STM32U595ZJY6QTR, STM32U599BJY6QTR, STM32U599NIH6Q, STM32U599NJH6Q, STM32U599VIT6Q, STM32U599VJT6, STM32U599VJT6Q, STM32U599ZIT6Q, STM32U599ZIY6QTR, STM32U599ZJT6Q, STM32U599ZJY6QTR, STM32U5A5AJH6, STM32U5A5AJH6Q, STM32U5A5QII3Q , STM32U5A5QJI6, STM32U5A5QJI6Q, STM32U5A5RJT6, STM32U5A5RJT6Q, STM32U5A5VJT6, STM32U5A5VJT6Q, STM32U5A5ZJT6, STM32U5A5ZJT6Q, STM32U5A5ZJY6QTR, STM32U5A9BJY6QTR, STM32U5A9J-DK, STM32U5A9NJH6Q, STM32U5A9VJT6Q, STM32U5A9ZJT6Q, STM32U5A9ZJY6QTR, STM32U5F7VIT6, STM32U5F7VIT6Q, STM32U5F7VJT6, STM32U5F7VJT6Q, STM32U5F9BJY6QTR, STM32U5F9NJH6Q, STM32U5F9VIT6Q, STM32U5F9VJT6Q, STM32U5F9ZIJ6QTR, STM32U5F9ZIT6Q, STM32U5F9ZJJ6QTR, STM32U5F9ZJT6Q, STM32U5G7VJT6, STM32U5G7VJT6Q, STM32U5G9BJY6QTR, STM32U5G9J-DK1, STM32U5G9J-DK2, STM32U5G9NJH6Q, STM32U5G9VJT6Q, STM32U5G9ZJJ6QTR, STM32U5G9ZJT6Q, STM32WB05KZV6TR, STM32WB05KZV7TR, STM32WB05TZF6TR, STM32WB05TZF7TR, STM32WB06CCF6TR, STM32WB06CCF7TR, STM32WB06CCV6TR, STM32WB06CCV7TR, STM32WB06KCV6TR, STM32WB06KCV7TR, STM32WB07CCF6TR, STM32WB07CCF7TR, STM32WB07CCV6TR, STM32WB07CCV7TR, STM32WB07KCV6TR, STM32WB07KCV7TR, STM32WB09KEV6TR, STM32WB09KEV7TR, STM32WB09TEF6TR, STM32WB09TEF7TR, STM32WB1MMCH6, STM32WBA50KGU6, STM32WBA50KGU6TR, STM32WBA52CEU6, STM32WBA52CEU6TR, STM32WBA52CEU7, STM32WBA52CEU7TR, STM32WBA52CGU6, STM32WBA52CGU6TR, STM32WBA52CGU6U, STM32WBA52CGU7, STM32WBA52CGU7TR, STM32WBA52KEU6, STM32WBA52KEU6TR, STM32WBA52KGU6, STM32WBA52KGU6TR, STM32WBA54CEU6, STM32WBA54CEU6TR, STM32WBA54CEU7, STM32WBA54CEU7TR, STM32WBA54CGU6, STM32WBA54CGU6TR, STM32WBA54CGU7, STM32WBA54CGU7TR, STM32WBA54KEU6, STM32WBA54KEU6TR, STM32WBA54KEU7, STM32WBA54KEU7TR, STM32WBA54KGU6, STM32WBA54KGU6TR, STM32WBA54KGU7, STM32WBA54KGU7TR, STM32WBA55CEU6, STM32WBA55CEU6TR, STM32WBA55CEU7, STM32WBA55CEU7TR, STM32WBA55CGU6, STM32WBA55CGU6TR, STM32WBA55CGU6U, STM32WBA55CGU7, STM32WBA55CGU7TR, STM32WBA55G-DK1, STM32WBA55HEF6, STM32WBA55HEF7, STM32WBA55HGF6, STM32WBA55HGF7, STM32WBA55UEI6, STM32WBA55UEI6TR, STM32WBA55UEI7, STM32WBA55UEI7TR, STM32WBA55UGI6, STM32WBA55UGI6TR, STM32WBA55UGI7, STM32WBA55UGI7TR, STM32WBA5MJGH6TR, STM32WBA62CGU6, STM32WBA62CIU6, STM32WBA62MGF6, STM32WBA62MIF6, STM32WBA62PGI6, STM32WBA62PII6, STM32WBA63CGU6, STM32WBA63CGU7, STM32WBA63CIU6, STM32WBA63CIU7, STM32WBA64CGU6, STM32WBA64CGU7, STM32WBA64CIU6, STM32WBA64CIU7, STM32WBA65CGU6, STM32WBA65CGU7, STM32WBA65CIU6, STM32WBA65CIU7, STM32WBA65I-DK1, STM32WBA65MGF6, STM32WBA65MGF7, STM32WBA65MIF6, STM32WBA65MIF7, STM32WBA65PGI6, STM32WBA65PGI7, STM32WBA65PII6, STM32WBA65PII7, STM32WBA65RGV6, STM32WBA65RGV7, STM32WBA65RIV6, STM32WBA65RIV7, STM32WL30K8V6, STM32WL30KBV6, STM32WL31C8V6, STM32WL31CBV6, STM32WL31K8V6, STM32WL31KBV6, STM32WL33C8V6, STM32WL33C8V6TR, STM32WL33C8V7, STM32WL33C8V7TR, STM32WL33CBV6, STM32WL33CBV6TR, STM32WL33CBV7, STM32WL33CBV7TR, STM32WL33CCV6, STM32WL33CCV6TR, STM32WL33CCV7, STM32WL33CCV7A, STM32WL33CCV7ATR, STM32WL33CCV7TR, STM32WL33K8V6, STM32WL33K8V6TR, STM32WL33K8V7, STM32WL33K8V7TR, STM32WL33KBV6, STM32WL33KBV6TR, STM32WL33KBV7, STM32WL33KBV7TR, STM32WL33KCV6, STM32WL33KCV6TR, STM32WL33KCV7, STM32WL33KCV7TR, STM32WL5MOCH6, STM32WL5MOCH6TR]
2026-03-22 21:03:26,893 [INFO] DbMcus:218 - Found 4918 MCUs, 4918 are supported
2026-03-22 21:03:26,894 [INFO] ApiDb:423 - Load user favorites file C:\Users\German/.stm32cubeide/favorites.mcus.txt: 0 item(s)
2026-03-22 21:03:26,894 [INFO] ApiDb:427 - User favorites MCUs=[]
2026-03-22 21:03:26,894 [INFO] DbMcus:224 - Set 0 / 0 favorites MCUs
2026-03-22 21:03:27,274 [INFO] BoardInfo:889 - No configuration file found for board P-NUCLEO-WB55
2026-03-22 21:03:27,274 [INFO] DbBoards:161 - Kit is not supported: P-NUCLEO-WB55
2026-03-22 21:03:27,279 [INFO] BoardInfo:889 - No configuration file found for board STEVAL-BFA001V1B
2026-03-22 21:03:27,279 [INFO] DbBoards:161 - Kit is not supported: STEVAL-BFA001V1B
2026-03-22 21:03:27,280 [INFO] BoardInfo:889 - No configuration file found for board STEVAL-BFA001V2B
2026-03-22 21:03:27,281 [INFO] DbBoards:161 - Kit is not supported: STEVAL-BFA001V2B
2026-03-22 21:03:27,395 [INFO] BoardInfo:889 - No configuration file found for board STM32MP215F-DK
2026-03-22 21:03:27,396 [INFO] DbBoards:161 - Board is not supported: STM32MP215F-DK
2026-03-22 21:03:27,411 [INFO] DbBoards:168 - Found 212 boards, 208 are supported
2026-03-22 21:03:27,411 [INFO] DbBoards:169 - Found 212 boards, 43 of them is supported for  Bsp
2026-03-22 21:03:27,415 [INFO] ApiDb:423 - Load user favorites file C:\Users\German/.stm32cubeide/favorites.boards.txt: 1 item(s)
2026-03-22 21:03:27,415 [INFO] ApiDb:427 - User favorites Boards=[P-NUCLEO-WB55-NUCLEO]
2026-03-22 21:03:27,415 [INFO] DbBoards:198 - Set 1 / 1 favorites Boards
2026-03-22 21:03:27,471 [INFO] UtilMem:75 - End LoadConfig() Used Memory: 382417816 Bytes (444596224)
2026-03-22 21:03:27,590 [WARN] ThirdParty:833 - waiting for thirdparty lock release [change project]
2026-03-22 21:03:27,590 [INFO] ThirdParty:835 - entering critical section [change project]
2026-03-22 21:03:27,590 [INFO] ThirdParty:1030 - CMSIS Pack Vendor :STMicroelectronics X-CUBE-AZRTOS-H7 3.5.0
2026-03-22 21:03:27,590 [INFO] ThirdParty:1030 - CMSIS Pack Vendor :STMicroelectronics X-CUBE-PM33A1 1.0.0
2026-03-22 21:03:27,590 [INFO] ThirdParty:1030 - CMSIS Pack Vendor :STMicroelectronics USBPD 4.1
2026-03-22 21:03:27,590 [INFO] ThirdParty:1030 - CMSIS Pack Vendor :STMicroelectronics USB_HOST 2.0.0
2026-03-22 21:03:27,590 [INFO] ThirdParty:1030 - CMSIS Pack Vendor :STMicroelectronics FP-SNS-MOTENVWB1 1.4.0
2026-03-22 21:03:27,590 [INFO] ThirdParty:1030 - CMSIS Pack Vendor :STMicroelectronics X-CUBE-AZRTOS-F4 1.1.0
2026-03-22 21:03:27,590 [INFO] ThirdParty:1030 - CMSIS Pack Vendor :STMicroelectronics LIBJPEG 8.0.0
2026-03-22 21:03:27,590 [INFO] ThirdParty:1030 - CMSIS Pack Vendor :STMicroelectronics FP-ATR-ASTRA1 2.0.2
2026-03-22 21:03:27,590 [INFO] ThirdParty:1030 - CMSIS Pack Vendor :Avnet-IotConnect X-CUBE-IoTC-DA16k-PMOD 1.0.0
2026-03-22 21:03:27,590 [INFO] ThirdParty:1030 - CMSIS Pack Vendor :STMicroelectronics X-CUBE-SMBUS 2.1.0
2026-03-22 21:03:27,591 [INFO] ThirdParty:1030 - CMSIS Pack Vendor :STMicroelectronics X-CUBE-WB05N 1.1.0
2026-03-22 21:03:27,591 [INFO] ThirdParty:1030 - CMSIS Pack Vendor :STMicroelectronics X-CUBE-ISPU 2.1.0
2026-03-22 21:03:27,591 [INFO] ThirdParty:1030 - CMSIS Pack Vendor :STMicroelectronics X-CUBE-ST60 1.0.0
2026-03-22 21:03:27,591 [INFO] ThirdParty:1030 - CMSIS Pack Vendor :STMicroelectronics X-CUBE-NFC12 1.0.0
2026-03-22 21:03:27,591 [INFO] ThirdParty:1030 - CMSIS Pack Vendor :STMicroelectronics X-CUBE-AZRTOS-F7 1.1.0
2026-03-22 21:03:27,591 [INFO] ThirdParty:1030 - CMSIS Pack Vendor :STMicroelectronics X-CUBE-AZRTOS-L5 2.0.0
2026-03-22 21:03:27,591 [INFO] ThirdParty:1030 - CMSIS Pack Vendor :STMicroelectronics USB_DEVICE 2.0.0
2026-03-22 21:03:27,591 [INFO] ThirdParty:1030 - CMSIS Pack Vendor :STMicroelectronics X-CUBE-NFC6 3.1.0
2026-03-22 21:03:27,591 [INFO] ThirdParty:1030 - CMSIS Pack Vendor :STMicroelectronics FreeRTOS 0.0.1
2026-03-22 21:03:27,591 [INFO] ThirdParty:1030 - CMSIS Pack Vendor :STMicroelectronics X-CUBE-DPower 1.2.0
2026-03-22 21:03:27,591 [INFO] ThirdParty:1030 - CMSIS Pack Vendor :Infineon AIROC-Wi-Fi-Bluetooth-STM32 1.7.0
2026-03-22 21:03:27,591 [INFO] ThirdParty:1030 - CMSIS Pack Vendor :STMicroelectronics PDM2PCM 3.3.0
2026-03-22 21:03:27,591 [INFO] ThirdParty:1030 - CMSIS Pack Vendor :STMicroelectronics X-CUBE-AZRTOS-H7 3.4.0
2026-03-22 21:03:27,591 [INFO] ThirdParty:1030 - CMSIS Pack Vendor :STMicroelectronics X-CUBE-DISPLAY 3.0.0
2026-03-22 21:03:27,591 [INFO] ThirdParty:1030 - CMSIS Pack Vendor :STMicroelectronics X-CUBE-NFC10 1.0.0
2026-03-22 21:03:27,591 [INFO] ThirdParty:1030 - CMSIS Pack Vendor :STMicroelectronics X-CUBE-BLEMGR 4.0.0
2026-03-22 21:03:27,591 [INFO] ThirdParty:1030 - CMSIS Pack Vendor :STMicroelectronics X-CUBE-FREERTOS 1.3.1
2026-03-22 21:03:27,591 [INFO] ThirdParty:1030 - CMSIS Pack Vendor :STMicroelectronics HAL Drivers 0.0.0
2026-03-22 21:03:27,591 [INFO] ThirdParty:1030 - CMSIS Pack Vendor :STMicroelectronics X-CUBE-ST60 1.1.0
2026-03-22 21:03:27,591 [INFO] ThirdParty:1030 - CMSIS Pack Vendor :emotas I-CUBE-CANOPEN 1.3.0
2026-03-22 21:03:27,591 [INFO] ThirdParty:1030 - CMSIS Pack Vendor :STMicroelectronics X-CUBE-FREERTOS 1.3.0
2026-03-22 21:03:27,591 [INFO] ThirdParty:1030 - CMSIS Pack Vendor :STMicroelectronics X-CUBE-NFC7 1.0.1
2026-03-22 21:03:27,591 [INFO] ThirdParty:1030 - CMSIS Pack Vendor :STMicroelectronics MBEDTLS 2.14.1
2026-03-22 21:03:27,591 [INFO] ThirdParty:1030 - CMSIS Pack Vendor :STMicroelectronics X-CUBE-GNSS1 7.1.0
2026-03-22 21:03:27,591 [INFO] ThirdParty:1030 - CMSIS Pack Vendor :STMicroelectronics X-CUBE-TOUCHGFX 4.26.0
2026-03-22 21:03:27,591 [INFO] ThirdParty:1030 - CMSIS Pack Vendor :STMicroelectronics X-CUBE-TOUCHGFX 4.26.1
2026-03-22 21:03:27,591 [INFO] ThirdParty:1030 - CMSIS Pack Vendor :quantropi X-CUBE-qispace-sdk-base 2.0.0
2026-03-22 21:03:27,591 [INFO] ThirdParty:1030 - CMSIS Pack Vendor :STMicroelectronics X-CUBE-AI 10.0.0
2026-03-22 21:03:27,591 [INFO] ThirdParty:1030 - CMSIS Pack Vendor :STMicroelectronics FP-SNS-STAIOTCFT 1.0.0
2026-03-22 21:03:27,591 [INFO] ThirdParty:1030 - CMSIS Pack Vendor :STMicroelectronics FP-SNS-SMARTAG2 1.2.0
2026-03-22 21:03:27,591 [INFO] ThirdParty:1030 - CMSIS Pack Vendor :STMicroelectronics FP-SNS-FLIGHT1 5.1.0
2026-03-22 21:03:27,591 [INFO] ThirdParty:1030 - CMSIS Pack Vendor :STMicroelectronics X-CUBE-MEMS1 11.1.0
2026-03-22 21:03:27,591 [INFO] ThirdParty:1030 - CMSIS Pack Vendor :STMicroelectronics X-CUBE-AZRTOS-WL 2.0.0
2026-03-22 21:03:27,591 [INFO] ThirdParty:1030 - CMSIS Pack Vendor :STMicroelectronics X-CUBE-DPower 1.3.0
2026-03-22 21:03:27,591 [INFO] ThirdParty:1030 - CMSIS Pack Vendor :STMicroelectronics FP-SNS-MOTENV1 5.0.0
2026-03-22 21:03:27,591 [INFO] ThirdParty:1030 - CMSIS Pack Vendor :STMicroelectronics USB_DEVICE 1.0.0
2026-03-22 21:03:27,591 [INFO] ThirdParty:1030 - CMSIS Pack Vendor :STMicroelectronics X-CUBE-AZRTOS-H7RS 1.2.0
2026-03-22 21:03:27,591 [INFO] ThirdParty:1030 - CMSIS Pack Vendor :STMicroelectronics X-CUBE-AZRTOS-L4 2.0.0
2026-03-22 21:03:27,591 [INFO] ThirdParty:1030 - CMSIS Pack Vendor :STMicroelectronics ThreadX 0.0.2
2026-03-22 21:03:27,591 [INFO] ThirdParty:1030 - CMSIS Pack Vendor :WES I-CUBE-Cesium 1.3.0
2026-03-22 21:03:27,591 [INFO] ThirdParty:1030 - CMSIS Pack Vendor :STMicroelectronics lwIP 2.1.2
2026-03-22 21:03:27,591 [INFO] ThirdParty:1030 - CMSIS Pack Vendor :STMicroelectronics X-CUBE-SFXS2LP1 4.0.0
2026-03-22 21:03:27,592 [INFO] ThirdParty:1030 - CMSIS Pack Vendor :STMicroelectronics X-CUBE-BLE2 3.3.0
2026-03-22 21:03:27,592 [INFO] ThirdParty:1030 - CMSIS Pack Vendor :Avnet-IOTCONNECT X-CUBE-iotc-st67-sdk 1.0.0
2026-03-22 21:03:27,592 [INFO] ThirdParty:1030 - CMSIS Pack Vendor :STMicroelectronics PDM2PCM 3.2.0
2026-03-22 21:03:27,592 [INFO] ThirdParty:1030 - CMSIS Pack Vendor :STMicroelectronics X-CUBE-AZRTOS-H7 3.3.0
2026-03-22 21:03:27,592 [INFO] ThirdParty:1030 - CMSIS Pack Vendor :STMicroelectronics X-CUBE-NFC9 1.0.0
2026-03-22 21:03:27,592 [INFO] ThirdParty:1030 - CMSIS Pack Vendor :STMicroelectronics X-CUBE-BLE1 7.1.0
2026-03-22 21:03:27,592 [INFO] ThirdParty:1030 - CMSIS Pack Vendor :wolfSSL I-CUBE-wolfMQTT 1.19.2
2026-03-22 21:03:27,592 [INFO] ThirdParty:1030 - CMSIS Pack Vendor :STMicroelectronics USB_DEVICE 3.0.0
2026-03-22 21:03:27,592 [INFO] ThirdParty:1030 - CMSIS Pack Vendor :STMicroelectronics X-CUBE-EEPRMA1 5.2.0
2026-03-22 21:03:27,592 [INFO] ThirdParty:1030 - CMSIS Pack Vendor :STMicroelectronics X-CUBE-BLEMGR 4.1.0
2026-03-22 21:03:27,592 [INFO] ThirdParty:1030 - CMSIS Pack Vendor :STMicroelectronics X-CUBE-AZRTOS-WB 2.0.0
2026-03-22 21:03:27,592 [INFO] ThirdParty:1030 - CMSIS Pack Vendor :STMicroelectronics X-CUBE-GNSS1 7.0.1
2026-03-22 21:03:27,592 [INFO] ThirdParty:1030 - CMSIS Pack Vendor :STMicroelectronics X-CUBE-TOUCHGFX 4.25.0
2026-03-22 21:03:27,592 [INFO] ThirdParty:1030 - CMSIS Pack Vendor :STMicroelectronics X-CUBE-AI 10.1.0
2026-03-22 21:03:27,592 [INFO] ThirdParty:1030 - CMSIS Pack Vendor :STMicroelectronics FP-SNS-STBOX1 2.0.0
2026-03-22 21:03:27,592 [INFO] ThirdParty:1030 - CMSIS Pack Vendor :STMicroelectronics X-CUBE-MEMS1 12.0.0
2026-03-22 21:03:27,592 [INFO] ThirdParty:1030 - CMSIS Pack Vendor :STMicroelectronics X-CUBE-STSE01 2.0.0
2026-03-22 21:03:27,592 [INFO] ThirdParty:1030 - CMSIS Pack Vendor :STMicroelectronics X-CUBE-MEMS1 11.2.0
2026-03-22 21:03:27,592 [INFO] ThirdParty:1030 - CMSIS Pack Vendor :STMicroelectronics X-CUBE-AZRTOS-G0 1.1.0
2026-03-22 21:03:27,592 [INFO] ThirdParty:1030 - CMSIS Pack Vendor :STMicroelectronics X-CUBE-SAFEA1 1.2.2
2026-03-22 21:03:27,592 [INFO] ThirdParty:1030 - CMSIS Pack Vendor :STMicroelectronics X-CUBE-NFC4 3.0.0
2026-03-22 21:03:27,592 [INFO] ThirdParty:1030 - CMSIS Pack Vendor :STMicroelectronics X-CUBE-SUBG2 5.0.0
2026-03-22 21:03:27,592 [INFO] ThirdParty:1030 - CMSIS Pack Vendor :STMicroelectronics X-CUBE-AZRTOS-H7RS 1.1.0
2026-03-22 21:03:27,592 [INFO] ThirdParty:1030 - CMSIS Pack Vendor :STMicroelectronics STM32_WPAN 1.0.0
2026-03-22 21:03:27,592 [INFO] ThirdParty:1030 - CMSIS Pack Vendor :EmbeddedOffice I-CUBE-FS-RTOS 1.0.1
2026-03-22 21:03:27,592 [INFO] ThirdParty:1030 - CMSIS Pack Vendor :STMicroelectronics lwIP 2.0.3
2026-03-22 21:03:27,592 [INFO] ThirdParty:1030 - CMSIS Pack Vendor :Cesanta I-CUBE-Mongoose 7.13.0
2026-03-22 21:03:27,592 [INFO] ThirdParty:1030 - CMSIS Pack Vendor :STMicroelectronics USB_HOST 1.0.0
2026-03-22 21:03:27,592 [INFO] ThirdParty:1030 - CMSIS Pack Vendor :STMicroelectronics X-CUBE-AZRTOS-G4 2.0.0
2026-03-22 21:03:27,592 [INFO] ThirdParty:1030 - CMSIS Pack Vendor :STMicroelectronics X-CUBE-WB05N 2.0.0
2026-03-22 21:03:27,592 [INFO] ThirdParty:1030 - CMSIS Pack Vendor :STMicroelectronics PDM2PCM 3.1.0
2026-03-22 21:03:27,592 [INFO] ThirdParty:1030 - CMSIS Pack Vendor :wolfSSL I-CUBE-wolfTPM 3.8.0
2026-03-22 21:03:27,592 [INFO] ThirdParty:1030 - CMSIS Pack Vendor :wolfSSL I-CUBE-wolfSSH 1.4.20
2026-03-22 21:03:27,592 [INFO] ThirdParty:1030 - CMSIS Pack Vendor :STMicroelectronics X-CUBE-NFC7 2.0.0
2026-03-22 21:03:27,592 [INFO] ThirdParty:1030 - CMSIS Pack Vendor :STMicroelectronics X-CUBE-TCPP 4.2.0
2026-03-22 21:03:27,592 [INFO] ThirdParty:1030 - CMSIS Pack Vendor :RealThread X-CUBE-RT-Thread_Nano 4.1.1
2026-03-22 21:03:27,593 [INFO] ThirdParty:1030 - CMSIS Pack Vendor :STMicroelectronics FP-ATR-SIGFOX1 3.2.0
2026-03-22 21:03:27,593 [INFO] ThirdParty:1030 - CMSIS Pack Vendor :STMicroelectronics X-CUBE-EEPRMA1 5.1.0
2026-03-22 21:03:27,593 [INFO] ThirdParty:1030 - CMSIS Pack Vendor :STMicroelectronics MBEDTLS 2.16.2
2026-03-22 21:03:27,593 [INFO] ThirdParty:1030 - CMSIS Pack Vendor :STMicroelectronics X-CUBE-IPS 3.1.0
2026-03-22 21:03:27,593 [INFO] ThirdParty:1030 - CMSIS Pack Vendor :STMicroelectronics X-CUBE-ALS 1.0.2
2026-03-22 21:03:27,593 [INFO] ThirdParty:1030 - CMSIS Pack Vendor :wolfSSL I-CUBE-wolfSSL 5.7.6
2026-03-22 21:03:27,593 [INFO] ThirdParty:1030 - CMSIS Pack Vendor :ITTIA_DB I-CUBE-ITTIADB 8.9.0
2026-03-22 21:03:27,593 [INFO] ThirdParty:1030 - CMSIS Pack Vendor :STMicroelectronics X-CUBE-STSE01 1.0.0
2026-03-22 21:03:27,593 [INFO] ThirdParty:1030 - CMSIS Pack Vendor :portGmbH I-Cube-SoM-uGOAL 1.1.0
2026-03-22 21:03:27,593 [INFO] ThirdParty:1030 - CMSIS Pack Vendor :STMicroelectronics X-CUBE-NFC6 3.2.0
2026-03-22 21:03:27,593 [INFO] ThirdParty:1030 - CMSIS Pack Vendor :STMicroelectronics X-CUBE-ST67W61 1.0.0
2026-03-22 21:03:27,593 [INFO] ThirdParty:1030 - CMSIS Pack Vendor :STMicroelectronics X-CUBE-AI 10.2.0
2026-03-22 21:03:27,593 [INFO] ThirdParty:1030 - CMSIS Pack Vendor :STMicroelectronics ThreadX 1.0.0
2026-03-22 21:03:27,593 [INFO] ThirdParty:1030 - CMSIS Pack Vendor :SEGGER I-CUBE-embOS 1.3.1
2026-03-22 21:03:27,593 [INFO] ThirdParty:1030 - CMSIS Pack Vendor :STMicroelectronics X-CUBE-ALGOBUILD 1.4.0
2026-03-22 21:03:27,593 [INFO] ThirdParty:1030 - CMSIS Pack Vendor :STMicroelectronics X-CUBE-MEMS1 11.3.0
2026-03-22 21:03:27,593 [INFO] ThirdParty:1030 - CMSIS Pack Vendor :STMicroelectronics X-CUBE-TOF1 3.4.2
2026-03-22 21:03:27,593 [INFO] ThirdParty:1030 - CMSIS Pack Vendor :STMicroelectronics X-CUBE-TOF1 3.4.3
2026-03-22 21:03:27,593 [INFO] ThirdParty:841 - exiting critical section [change project]
2026-03-22 21:03:27,999 [INFO] PinOutPanel:1589 - setPackage(No Configuration,No Configuration)
2026-03-22 21:03:28,001 [INFO] PinOutPanel:1589 - setPackage(STM32L476RGTx,LQFP64)
2026-03-22 21:03:28,507 [INFO] UtilMem:75 - Before build in PCC Used Memory: 284646816 Bytes (444596224)
2026-03-22 21:03:29,206 [INFO] UtilMem:75 - After build in PCC Used Memory: 386887672 Bytes (444596224)
2026-03-22 21:03:29,227 [INFO] IPUIPlugin:80 - create IPUIPlugin
2026-03-22 21:03:29,227 [INFO] IPUIPlugin:80 - create IPUIPlugin
2026-03-22 21:03:29,227 [INFO] IPUIPlugin:80 - create IPUIPlugin
2026-03-22 21:03:29,227 [INFO] IPUIPlugin:80 - create IPUIPlugin
2026-03-22 21:03:29,227 [INFO] IPUIPlugin:80 - create IPUIPlugin
2026-03-22 21:03:29,227 [INFO] IPUIPlugin:80 - create IPUIPlugin
2026-03-22 21:03:29,227 [INFO] IPUIPlugin:80 - create IPUIPlugin
2026-03-22 21:03:29,227 [INFO] IPUIPlugin:80 - create IPUIPlugin
2026-03-22 21:03:29,227 [INFO] IPUIPlugin:80 - create IPUIPlugin
2026-03-22 21:03:29,227 [INFO] IPUIPlugin:80 - create IPUIPlugin
2026-03-22 21:03:29,227 [INFO] IPUIPlugin:80 - create IPUIPlugin
2026-03-22 21:03:29,227 [INFO] IPUIPlugin:80 - create IPUIPlugin
2026-03-22 21:03:29,228 [INFO] IPUIPlugin:80 - create IPUIPlugin
2026-03-22 21:03:29,228 [INFO] IPUIPlugin:80 - create IPUIPlugin
2026-03-22 21:03:29,228 [INFO] IPUIPlugin:80 - create IPUIPlugin
2026-03-22 21:03:29,228 [INFO] IPUIPlugin:80 - create IPUIPlugin
2026-03-22 21:03:29,228 [INFO] IPUIPlugin:80 - create IPUIPlugin
2026-03-22 21:03:29,228 [INFO] IPUIPlugin:80 - create IPUIPlugin
2026-03-22 21:03:29,228 [INFO] IPUIPlugin:80 - create IPUIPlugin
2026-03-22 21:03:29,228 [INFO] IPUIPlugin:80 - create IPUIPlugin
2026-03-22 21:03:29,228 [INFO] IPUIPlugin:80 - create IPUIPlugin
2026-03-22 21:03:29,228 [INFO] IPUIPlugin:80 - create IPUIPlugin
2026-03-22 21:03:29,228 [INFO] IPUIPlugin:80 - create IPUIPlugin
2026-03-22 21:03:29,228 [INFO] IPUIPlugin:80 - create IPUIPlugin
2026-03-22 21:03:29,228 [INFO] IPUIPlugin:80 - create IPUIPlugin
2026-03-22 21:03:29,228 [INFO] IPUIPlugin:80 - create IPUIPlugin
2026-03-22 21:03:29,229 [INFO] IPUIPlugin:80 - create IPUIPlugin
2026-03-22 21:03:29,229 [INFO] IPUIPlugin:80 - create IPUIPlugin
2026-03-22 21:03:29,229 [INFO] IPUIPlugin:80 - create IPUIPlugin
2026-03-22 21:03:29,229 [INFO] IPUIPlugin:80 - create IPUIPlugin
2026-03-22 21:03:29,229 [INFO] IPUIPlugin:80 - create IPUIPlugin
2026-03-22 21:03:29,234 [INFO] IPUIPlugin:80 - create IPUIPlugin
2026-03-22 21:03:29,234 [INFO] IPUIPlugin:80 - create IPUIPlugin
2026-03-22 21:03:29,234 [INFO] IPUIPlugin:80 - create IPUIPlugin
2026-03-22 21:03:29,235 [INFO] IPUIPlugin:80 - create IPUIPlugin
2026-03-22 21:03:29,235 [INFO] IPUIPlugin:80 - create IPUIPlugin
2026-03-22 21:03:29,235 [INFO] IPUIPlugin:80 - create IPUIPlugin
2026-03-22 21:03:29,235 [INFO] IPUIPlugin:80 - create IPUIPlugin
2026-03-22 21:03:29,236 [INFO] IPUIPlugin:80 - create IPUIPlugin
2026-03-22 21:03:29,236 [INFO] IPUIPlugin:80 - create IPUIPlugin
2026-03-22 21:03:29,236 [INFO] IPUIPlugin:80 - create IPUIPlugin
2026-03-22 21:03:29,236 [INFO] IPUIPlugin:80 - create IPUIPlugin
2026-03-22 21:03:29,237 [INFO] IPUIPlugin:80 - create IPUIPlugin
2026-03-22 21:03:29,237 [INFO] IPUIPlugin:80 - create IPUIPlugin
2026-03-22 21:03:29,237 [INFO] IPUIPlugin:80 - create IPUIPlugin
2026-03-22 21:03:29,237 [INFO] IPUIPlugin:80 - create IPUIPlugin
2026-03-22 21:03:29,238 [INFO] IPUIPlugin:80 - create IPUIPlugin
2026-03-22 21:03:29,238 [INFO] IPUIPlugin:80 - create IPUIPlugin
2026-03-22 21:03:29,238 [INFO] IPUIPlugin:80 - create IPUIPlugin
2026-03-22 21:03:29,238 [INFO] IPUIPlugin:80 - create IPUIPlugin
2026-03-22 21:03:29,239 [INFO] IPUIPlugin:80 - create IPUIPlugin
2026-03-22 21:03:29,239 [INFO] IPUIPlugin:80 - create IPUIPlugin
2026-03-22 21:03:29,239 [INFO] IPUIPlugin:80 - create IPUIPlugin
2026-03-22 21:03:29,239 [INFO] IPUIPlugin:80 - create IPUIPlugin
2026-03-22 21:03:29,240 [INFO] IPUIPlugin:80 - create IPUIPlugin
2026-03-22 21:03:29,240 [INFO] IPUIPlugin:80 - create IPUIPlugin
2026-03-22 21:03:29,240 [INFO] IPUIPlugin:80 - create IPUIPlugin
2026-03-22 21:03:29,240 [INFO] IPUIPlugin:80 - create IPUIPlugin
2026-03-22 21:03:29,241 [INFO] IPUIPlugin:80 - create IPUIPlugin
2026-03-22 21:03:29,446 [INFO] CADModel:165 - CPN selected for project levelSTM32L476RGT3
2026-03-22 21:03:29,446 [INFO] CADModel:114 - Register for checkConnection events
2026-03-22 21:03:29,498 [INFO] OpenFileManager:385 - Restore cursor
2026-03-22 21:04:24,579 [INFO] UtilMem:75 - End SaveConfig() Used Memory: 492939136 Bytes (608174080)
2026-03-22 21:04:42,014 [INFO] UtilMem:75 - End SaveConfig() Used Memory: 481237448 Bytes (612368384)
2026-03-22 21:04:42,365 [INFO] BlockDiagram:2775 - set Specific Code input for plugin: DAC
2026-03-22 21:04:42,365 [INFO] BlockDiagram:2775 - set Specific Code input for plugin: TIM1_8L4
2026-03-22 21:04:42,365 [INFO] BlockDiagram:2775 - set Specific Code input for plugin: SYS
2026-03-22 21:04:42,365 [INFO] BlockDiagram:2775 - set Specific Code input for plugin: RCC
2026-03-22 21:04:42,365 [INFO] BlockDiagram:2775 - set Specific Code input for plugin: NVIC
2026-03-22 21:04:42,365 [INFO] BlockDiagram:2775 - set Specific Code input for plugin: USART
2026-03-22 21:04:42,366 [INFO] BlockDiagram:2775 - set Specific Code input for plugin: GPIO
2026-03-22 21:04:42,367 [INFO] CodeGenerator:882 - code generatio: config db path: C:\ST\STM32CubeIDE_1.18.1\STM32CubeIDE\plugins\com.st.stm32cube.common.mx_6.14.1.202504091515\\db\
2026-03-22 21:04:42,512 [INFO] CodeEngine:263 - oldGeneratedFile, C:\Users\German\Documents\equipo_medicion_ensayo_celdas\pruebas_eq_med_celdas\MXTmpFiles\license.tmp_save
2026-03-22 21:04:42,786 [INFO] CodeEngine:287 - Generated code: C:\Users\German\Documents\equipo_medicion_ensayo_celdas\pruebas_eq_med_celdas\MXTmpFiles\license.tmp
2026-03-22 21:04:42,851 [INFO] CodeEngine:263 - oldGeneratedFile, C:\Users\German\Documents\equipo_medicion_ensayo_celdas\pruebas_eq_med_celdas\MXTmpFiles\gpio.tmp_save
2026-03-22 21:04:42,933 [INFO] CodeEngine:287 - Generated code: C:\Users\German\Documents\equipo_medicion_ensayo_celdas\pruebas_eq_med_celdas\MXTmpFiles\gpio.tmp
2026-03-22 21:04:43,057 [INFO] CodeEngine:263 - oldGeneratedFile, C:\Users\German\Documents\equipo_medicion_ensayo_celdas\pruebas_eq_med_celdas\Core\Src\stm32l4xx_it.c_save
2026-03-22 21:04:43,134 [INFO] CodeEngine:287 - Generated code: C:\Users\German\Documents\equipo_medicion_ensayo_celdas\pruebas_eq_med_celdas\Core\Src\stm32l4xx_it.c
2026-03-22 21:04:43,140 [INFO] CodeEngine:263 - oldGeneratedFile, C:\Users\German\Documents\equipo_medicion_ensayo_celdas\pruebas_eq_med_celdas\Core\Inc\stm32l4xx_it.h_save
2026-03-22 21:04:43,189 [INFO] CodeEngine:287 - Generated code: C:\Users\German\Documents\equipo_medicion_ensayo_celdas\pruebas_eq_med_celdas\Core\Inc\stm32l4xx_it.h
2026-03-22 21:04:43,200 [INFO] CodeEngine:263 - oldGeneratedFile, C:\Users\German\Documents\equipo_medicion_ensayo_celdas\pruebas_eq_med_celdas\Core\Src\stm32l4xx_hal_msp.c_save
2026-03-22 21:04:43,335 [INFO] CodeEngine:287 - Generated code: C:\Users\German\Documents\equipo_medicion_ensayo_celdas\pruebas_eq_med_celdas\Core\Src\stm32l4xx_hal_msp.c
2026-03-22 21:04:43,340 [INFO] CodeEngine:263 - oldGeneratedFile, C:\Users\German\Documents\equipo_medicion_ensayo_celdas\pruebas_eq_med_celdas\MXTmpFiles\system.tmp_save
2026-03-22 21:04:43,407 [INFO] CodeEngine:287 - Generated code: C:\Users\German\Documents\equipo_medicion_ensayo_celdas\pruebas_eq_med_celdas\MXTmpFiles\system.tmp
2026-03-22 21:04:43,419 [INFO] CodeEngine:319 - oldGeneratedFile, C:\Users\German\Documents\equipo_medicion_ensayo_celdas\pruebas_eq_med_celdas\Core\Inc\stm32l4xx_hal_conf.h_save
2026-03-22 21:04:43,516 [INFO] CodeEngine:343 - Generated code: C:\Users\German\Documents\equipo_medicion_ensayo_celdas\pruebas_eq_med_celdas\Core\Inc\stm32l4xx_hal_conf.h
2026-03-22 21:04:43,549 [INFO] ApiDbMcu:508 - Load IP Config File for DAC1
2026-03-22 21:04:43,562 [INFO] ApiDbMcu:508 - Load IP Config File for TIM2
2026-03-22 21:04:43,575 [INFO] ApiDbMcu:508 - Load IP Config File for USART2
2026-03-22 21:04:43,580 [INFO] ApiDbMcu:508 - Load IP Config File for RCC
2026-03-22 21:04:43,582 [WARN] IPConfigManager:3790 - IP not found : TIM
2026-03-22 21:04:43,584 [WARN] CodeGenerator:4198 - IP not found : null
2026-03-22 21:04:43,593 [INFO] CodeEngine:263 - oldGeneratedFile, C:\Users\German\Documents\equipo_medicion_ensayo_celdas\pruebas_eq_med_celdas\Core\Inc\main.h_save
2026-03-22 21:04:43,680 [INFO] CodeEngine:287 - Generated code: C:\Users\German\Documents\equipo_medicion_ensayo_celdas\pruebas_eq_med_celdas\Core\Inc\main.h
2026-03-22 21:04:43,688 [INFO] CodeEngine:263 - oldGeneratedFile, C:\Users\German\Documents\equipo_medicion_ensayo_celdas\pruebas_eq_med_celdas\Core\Src\main.c_save
2026-03-22 21:04:43,814 [INFO] CodeEngine:287 - Generated code: C:\Users\German\Documents\equipo_medicion_ensayo_celdas\pruebas_eq_med_celdas\Core\Src\main.c
2026-03-22 21:04:44,154 [INFO] ProjectBuilder:3324 - Time for Copy HAL[1] : 142mS.
2026-03-22 21:04:44,159 [INFO] ProjectBuilder:4912 - Project Generator version: 4.6.0.1-B1
2026-03-22 21:04:44,245 [INFO] ConfigFileManager:1590 - The Die is : DIE415
2026-03-22 21:04:44,250 [INFO] ApiDbMcu:508 - Load IP Config File for FATFS
2026-03-22 21:04:44,253 [INFO] ApiDbMcu:508 - Load IP Config File for FREERTOS
2026-03-22 21:04:44,262 [INFO] ApiDbMcu:508 - Load IP Config File for TOUCHSENSING
2026-03-22 21:04:44,265 [INFO] ApiDbMcu:508 - Load IP Config File for USB_DEVICE
2026-03-22 21:04:44,268 [INFO] ApiDbMcu:508 - Load IP Config File for USB_HOST
2026-03-22 21:04:44,545 [INFO] LogOutputStream:77 - [STDOUT_REDIRECT] 
2026-03-22 21:04:45,267 [INFO] ProjectBuilder:5191 - Time for Generating toolchain IDE Files: 1108mS.
2026-03-22 21:04:45,268 [INFO] ProjectBuilder:3181 - Time for Copy CMSIS : 1mS.
2026-03-22 21:04:45,270 [INFO] ProjectBuilder:3181 - Time for Copy CMSIS : 0mS.
2026-03-22 21:07:51,121 [ERROR] LogOutputStream:75 - [STDERR_REDIRECT] 
2026-03-22 21:08:51,153 [INFO] Activator:176 - 


2026-03-22 21:08:51,154 [INFO] Activator:177 - !SESSION log4j initialized
2026-03-22 21:08:54,973 [INFO] LogOutputStream:77 - [STDOUT_REDIRECT] 
2026-03-22 21:08:55,799 [INFO] ApplicationProperties:184 - Using Application install path: C:\ST\STM32CubeIDE_1.18.1\STM32CubeIDE\plugins\com.st.stm32cube.common.mx_6.14.1.202504091515
2026-03-22 21:08:55,811 [INFO] DbMcusXml:78 - Set database path to: C:\ST\STM32CubeIDE_1.18.1\STM32CubeIDE\plugins\com.st.stm32cube.common.mx_6.14.1.202504091515\\db\/mcu/
2026-03-22 21:08:55,811 [INFO] ApiDb:274 - Set plugin database path to: C:\ST\STM32CubeIDE_1.18.1\STM32CubeIDE\plugins\com.st.stm32cube.common.mx_6.14.1.202504091515\\db\/plugins/boardmanager/
2026-03-22 21:08:55,811 [WARN] ApiDb:259 - Overriding images path with different value:  => C:\ST\STM32CubeIDE_1.18.1\STM32CubeIDE\plugins\com.st.stm32cube.common.mx_6.14.1.202504091515\\db\/plugins/mcufinder/images/
2026-03-22 21:08:55,817 [INFO] ApiDb:250 - Set database path to: C:\Users\German\.stmcufinder\plugins\mcufinder//mcu/
2026-03-22 21:08:55,818 [INFO] DbMcusAds:125 - Set database path to: C:\Users\German\.stmcufinder\plugins\mcufinder//mcu/
2026-03-22 21:08:55,819 [INFO] CrossReferenceDbSqlite:203 - Set database path to: C:\Users\German\.stmcufinder\plugins\mcufinder//mcu/cs/
2026-03-22 21:08:55,890 [INFO] RulesReader:64 - Compatibility file has been processed (302 Rules)
2026-03-22 21:08:55,944 [INFO] DbMcusXml:78 - Set database path to: C:\ST\STM32CubeIDE_1.18.1\STM32CubeIDE\plugins\com.st.stm32cube.common.mx_6.14.1.202504091515\\db\/mcu/
2026-03-22 21:08:55,944 [INFO] ApiDb:274 - Set plugin database path to: C:\ST\STM32CubeIDE_1.18.1\STM32CubeIDE\plugins\com.st.stm32cube.common.mx_6.14.1.202504091515\\db\/plugins/boardmanager/
2026-03-22 21:08:55,944 [INFO] ApiDb:261 - Set plugin images path to: C:\ST\STM32CubeIDE_1.18.1\STM32CubeIDE\plugins\com.st.stm32cube.common.mx_6.14.1.202504091515\\db\/plugins/mcufinder/images/
2026-03-22 21:08:55,944 [WARN] DbFile:41 - Overriding database path with different value: C:\Users\German\.stmcufinder\plugins\mcufinder/ => C:\Users\German\.stmcufinder\plugins\mcufinder
2026-03-22 21:08:55,944 [INFO] ApiDb:250 - Set database path to: C:\Users\German\.stmcufinder\plugins\mcufinder//mcu/
2026-03-22 21:08:55,944 [WARN] DbFile:41 - Overriding database path with different value: C:\Users\German\.stmcufinder\plugins\mcufinder/ => C:\Users\German\.stmcufinder\plugins\mcufinder
2026-03-22 21:08:55,944 [INFO] DbMcusAds:125 - Set database path to: C:\Users\German\.stmcufinder\plugins\mcufinder//mcu/
2026-03-22 21:08:55,944 [WARN] DbFile:41 - Overriding database path with different value: C:\Users\German\.stmcufinder\plugins\mcufinder/ => C:\Users\German\.stmcufinder\plugins\mcufinder
2026-03-22 21:08:55,944 [WARN] DbFile:41 - Overriding database path with different value: C:\Users\German\.stmcufinder\plugins\mcufinder/ => C:\Users\German\.stmcufinder\plugins\mcufinder
2026-03-22 21:08:55,944 [INFO] CrossReferenceDbSqlite:203 - Set database path to: C:\Users\German\.stmcufinder\plugins\mcufinder//mcu/cs/
2026-03-22 21:08:55,996 [INFO] MainPanel:272 - HeapMemory: 268435456
2026-03-22 21:08:56,066 [INFO] DbMcusXml:78 - Set database path to: C:\ST\STM32CubeIDE_1.18.1\STM32CubeIDE\plugins\com.st.stm32cube.common.mx_6.14.1.202504091515\\db\/mcu/
2026-03-22 21:08:56,067 [INFO] ApiDb:274 - Set plugin database path to: C:\ST\STM32CubeIDE_1.18.1\STM32CubeIDE\plugins\com.st.stm32cube.common.mx_6.14.1.202504091515\\db\/plugins/boardmanager/
2026-03-22 21:08:56,067 [INFO] ApiDb:261 - Set plugin images path to: C:\ST\STM32CubeIDE_1.18.1\STM32CubeIDE\plugins\com.st.stm32cube.common.mx_6.14.1.202504091515\\db\/plugins/mcufinder/images/
2026-03-22 21:08:56,067 [WARN] DbFile:41 - Overriding database path with different value: C:\Users\German\.stmcufinder\plugins\mcufinder/ => C:\Users\German\.stmcufinder\plugins\mcufinder
2026-03-22 21:08:56,067 [INFO] ApiDb:250 - Set database path to: C:\Users\German\.stmcufinder\plugins\mcufinder//mcu/
2026-03-22 21:08:56,067 [WARN] DbFile:41 - Overriding database path with different value: C:\Users\German\.stmcufinder\plugins\mcufinder/ => C:\Users\German\.stmcufinder\plugins\mcufinder
2026-03-22 21:08:56,067 [INFO] DbMcusAds:125 - Set database path to: C:\Users\German\.stmcufinder\plugins\mcufinder//mcu/
2026-03-22 21:08:56,067 [WARN] DbFile:41 - Overriding database path with different value: C:\Users\German\.stmcufinder\plugins\mcufinder/ => C:\Users\German\.stmcufinder\plugins\mcufinder
2026-03-22 21:08:56,067 [WARN] DbFile:41 - Overriding database path with different value: C:\Users\German\.stmcufinder\plugins\mcufinder/ => C:\Users\German\.stmcufinder\plugins\mcufinder
2026-03-22 21:08:56,067 [INFO] CrossReferenceDbSqlite:203 - Set database path to: C:\Users\German\.stmcufinder\plugins\mcufinder//mcu/cs/
2026-03-22 21:08:56,079 [INFO] ApplicationProperties:184 - Using Application install path: C:\ST\STM32CubeIDE_1.18.1\STM32CubeIDE\plugins\com.st.stm32cube.common.mx_6.14.1.202504091515
2026-03-22 21:08:56,079 [INFO] PluginManage:196 - Search for loadable plugins [exclusion list=, ]
2026-03-22 21:08:56,080 [INFO] PluginManage:310 - Check plugin analytics
2026-03-22 21:08:56,215 [INFO] AnalyticsPlugin:253 - Accepted Software Licenses: STM32CubeMX.6.14.1,STM32CubeMX.6.17.0
2026-03-22 21:08:56,215 [INFO] AnalyticsPlugin:255 - Accepted CMSIS Pack Licenses: 
2026-03-22 21:08:56,216 [INFO] AnalyticsPlugin:257 - Accepted Firmware Licenses: FW.WB.1.17.0,FW.WB.1.22.0,FW.L4.1.18.0,FW.WB.1.13.0,FW.WB.1.23.0,FW.WB.1.24.0
2026-03-22 21:08:56,217 [INFO] PluginManage:359 - Loaded plugin analytics (category:tool,tabindex:-1)
2026-03-22 21:08:56,217 [INFO] PluginManage:310 - Check plugin cadmodel
2026-03-22 21:08:56,221 [INFO] CADModel:105 - Init CAD model plugin
2026-03-22 21:08:56,221 [INFO] PluginManage:359 - Loaded plugin cadmodel (category:power,tabindex:5)
2026-03-22 21:08:56,222 [INFO] PluginManage:310 - Check plugin clock
2026-03-22 21:08:56,229 [INFO] PluginManage:359 - Loaded plugin clock (category:base,tabindex:2)
2026-03-22 21:08:56,229 [INFO] PluginManage:310 - Check plugin ddr
2026-03-22 21:08:56,230 [INFO] PluginManage:359 - Loaded plugin ddr (category:tool,tabindex:6)
2026-03-22 21:08:56,230 [INFO] PluginManage:310 - Check plugin filemanager
2026-03-22 21:08:56,320 [INFO] PluginManage:359 - Loaded plugin filemanager (category:base,tabindex:10)
2026-03-22 21:08:56,321 [INFO] PluginManage:310 - Check plugin ipmanager
2026-03-22 21:08:56,325 [INFO] PluginManage:359 - Loaded plugin ipmanager (category:base,tabindex:5)
2026-03-22 21:08:56,325 [INFO] PluginManage:310 - Check plugin lpbam
2026-03-22 21:08:56,330 [INFO] PluginManage:359 - Loaded plugin lpbam (category:base,tabindex:0)
2026-03-22 21:08:56,330 [INFO] PluginManage:310 - Check plugin memorymap
2026-03-22 21:08:56,339 [INFO] PluginManage:359 - Loaded plugin memorymap (category:base,tabindex:4)
2026-03-22 21:08:56,339 [INFO] PluginManage:310 - Check plugin pinoutandconfiguration
2026-03-22 21:08:56,345 [INFO] PluginManage:359 - Loaded plugin pinoutandconfiguration (category:base,tabindex:1)
2026-03-22 21:08:56,345 [INFO] PluginManage:310 - Check plugin pinoutconfig
2026-03-22 21:08:56,407 [WARN] SupportedApi:132 - Cannot load RTOS API schema: s4s-elt-must-match.1: The content of 'definitions' must match (annotation?, (simpleType | complexType)?, (unique | key | keyref)*)). A problem was found starting at: attribute.
2026-03-22 21:08:56,492 [INFO] PluginManage:359 - Loaded plugin pinoutconfig (category:base,tabindex:0)
2026-03-22 21:08:56,492 [INFO] PluginManage:310 - Check plugin power
2026-03-22 21:08:56,501 [INFO] PluginManage:359 - Loaded plugin power (category:power,tabindex:4)
2026-03-22 21:08:56,501 [INFO] PluginManage:310 - Check plugin projectmanager
2026-03-22 21:08:56,510 [INFO] PluginManage:359 - Loaded plugin projectmanager (category:projectmanager,tabindex:4)
2026-03-22 21:08:56,510 [INFO] PluginManage:310 - Check plugin rif
2026-03-22 21:08:56,516 [INFO] PluginManage:359 - Loaded plugin rif (category:base,tabindex:3)
2026-03-22 21:08:56,517 [INFO] PluginManage:310 - Check plugin thirdparty
2026-03-22 21:08:56,604 [INFO] PluginManage:359 - Loaded plugin thirdparty (category:base,tabindex:-1)
2026-03-22 21:08:56,605 [INFO] PluginManage:310 - Check plugin tools
2026-03-22 21:08:56,604 [WARN] IntegrityCheckThread:84 - waiting for thirdparty lock release [integrity check]
2026-03-22 21:08:56,605 [INFO] IntegrityCheckThread:86 - entering critical section [integrity check]
2026-03-22 21:08:56,605 [INFO] ThirdPartyUpdaterWithRetryManager:70 - Updater plugin not ready yet. [1/15]
2026-03-22 21:08:56,606 [INFO] PluginManage:359 - Loaded plugin tools (category:base,tabindex:7)
2026-03-22 21:08:56,606 [INFO] PluginManage:310 - Check plugin tutovideos
2026-03-22 21:08:56,715 [INFO] PluginManage:359 - Loaded plugin tutovideos (category:base,tabindex:-1)
2026-03-22 21:08:56,715 [INFO] PluginManage:310 - Check plugin updater
2026-03-22 21:08:56,731 [INFO] PluginManage:359 - Loaded plugin updater (category:base,tabindex:12)
2026-03-22 21:08:56,731 [INFO] PluginManage:310 - Check plugin userauth
2026-03-22 21:08:56,742 [INFO] UserAuth:118 - Init User Auth plugin
2026-03-22 21:08:56,743 [INFO] PluginManage:359 - Loaded plugin userauth (category:base,tabindex:14)
2026-03-22 21:08:56,743 [INFO] PluginManage:283 - PluginManage : Loaded plugins [18]
2026-03-22 21:08:56,867 [INFO] PinOutPanel:1589 - setPackage(No Configuration,No Configuration)
2026-03-22 21:08:56,917 [INFO] CADModel:165 - CPN selected for project level
2026-03-22 21:08:56,917 [INFO] CADModel:114 - Register for checkConnection events
2026-03-22 21:08:56,928 [INFO] IPUIPlugin:80 - create IPUIPlugin
2026-03-22 21:08:56,928 [INFO] PluginManager:220 - loadIPPluginJar : add adc
2026-03-22 21:08:56,930 [INFO] IPUIPlugin:80 - create IPUIPlugin
2026-03-22 21:08:56,931 [INFO] PluginManager:220 - loadIPPluginJar : add aes
2026-03-22 21:08:56,933 [INFO] IPUIPlugin:80 - create IPUIPlugin
2026-03-22 21:08:56,933 [INFO] PluginManager:220 - loadIPPluginJar : add can
2026-03-22 21:08:56,934 [INFO] IPUIPlugin:80 - create IPUIPlugin
2026-03-22 21:08:56,934 [INFO] PluginManager:220 - loadIPPluginJar : add comp
2026-03-22 21:08:56,936 [INFO] IPUIPlugin:80 - create IPUIPlugin
2026-03-22 21:08:56,936 [INFO] PluginManager:220 - loadIPPluginJar : add cryp
2026-03-22 21:08:56,937 [INFO] IPUIPlugin:80 - create IPUIPlugin
2026-03-22 21:08:56,937 [INFO] PluginManager:220 - loadIPPluginJar : add ddr_ctrl_phy
2026-03-22 21:08:56,939 [INFO] IPUIPlugin:80 - create IPUIPlugin
2026-03-22 21:08:56,939 [INFO] PluginManager:220 - loadIPPluginJar : add dfsdm
2026-03-22 21:08:56,942 [INFO] IPUIPlugin:80 - create IPUIPlugin
2026-03-22 21:08:56,942 [INFO] PluginManager:220 - loadIPPluginJar : add dma
2026-03-22 21:08:56,944 [INFO] IPUIPlugin:80 - create IPUIPlugin
2026-03-22 21:08:56,944 [INFO] PluginManager:220 - loadIPPluginJar : add dma3
2026-03-22 21:08:56,946 [INFO] IPUIPlugin:80 - create IPUIPlugin
2026-03-22 21:08:56,946 [INFO] PluginManager:220 - loadIPPluginJar : add extmemmanager
2026-03-22 21:08:56,947 [INFO] IPUIPlugin:80 - create IPUIPlugin
2026-03-22 21:08:56,947 [INFO] PluginManager:220 - loadIPPluginJar : add fatfs
2026-03-22 21:08:56,951 [INFO] IPUIPlugin:80 - create IPUIPlugin
2026-03-22 21:08:56,951 [INFO] PluginManager:220 - loadIPPluginJar : add fmc
2026-03-22 21:08:56,956 [INFO] IPUIPlugin:80 - create IPUIPlugin
2026-03-22 21:08:56,956 [INFO] PluginManager:220 - loadIPPluginJar : add freertos
2026-03-22 21:08:56,957 [INFO] IPUIPlugin:80 - create IPUIPlugin
2026-03-22 21:08:56,957 [INFO] PluginManager:220 - loadIPPluginJar : add genericplugin
2026-03-22 21:08:56,959 [INFO] IPUIPlugin:80 - create IPUIPlugin
2026-03-22 21:08:56,959 [INFO] PluginManager:220 - loadIPPluginJar : add gfxmmu
2026-03-22 21:08:56,963 [INFO] IPUIPlugin:80 - create IPUIPlugin
2026-03-22 21:08:56,963 [INFO] PluginManager:220 - loadIPPluginJar : add gic
2026-03-22 21:08:56,965 [INFO] IPUIPlugin:80 - create IPUIPlugin
2026-03-22 21:08:56,966 [INFO] PluginManager:220 - loadIPPluginJar : add gpio
2026-03-22 21:08:56,968 [INFO] IPUIPlugin:80 - create IPUIPlugin
2026-03-22 21:08:56,968 [INFO] PluginManager:220 - loadIPPluginJar : add gtzc
2026-03-22 21:08:56,970 [INFO] IPUIPlugin:80 - create IPUIPlugin
2026-03-22 21:08:56,970 [INFO] PluginManager:220 - loadIPPluginJar : add hash
2026-03-22 21:08:56,972 [INFO] IPUIPlugin:80 - create IPUIPlugin
2026-03-22 21:08:56,972 [INFO] PluginManager:220 - loadIPPluginJar : add i2c
2026-03-22 21:08:56,974 [INFO] IPUIPlugin:80 - create IPUIPlugin
2026-03-22 21:08:56,974 [INFO] PluginManager:220 - loadIPPluginJar : add i2s
2026-03-22 21:08:56,977 [INFO] IPUIPlugin:80 - create IPUIPlugin
2026-03-22 21:08:56,977 [INFO] PluginManager:220 - loadIPPluginJar : add i3c
2026-03-22 21:08:56,979 [INFO] IPUIPlugin:80 - create IPUIPlugin
2026-03-22 21:08:56,979 [INFO] PluginManager:220 - loadIPPluginJar : add ipddr
2026-03-22 21:08:56,985 [INFO] IPUIPlugin:80 - create IPUIPlugin
2026-03-22 21:08:56,985 [INFO] PluginManager:220 - loadIPPluginJar : add linkedlist
2026-03-22 21:08:56,987 [INFO] IPUIPlugin:80 - create IPUIPlugin
2026-03-22 21:08:56,987 [INFO] PluginManager:220 - loadIPPluginJar : add lorawan
2026-03-22 21:08:56,988 [INFO] IPUIPlugin:80 - create IPUIPlugin
2026-03-22 21:08:56,988 [INFO] PluginManager:220 - loadIPPluginJar : add ltdc
2026-03-22 21:08:56,991 [INFO] IPUIPlugin:80 - create IPUIPlugin
2026-03-22 21:08:56,991 [INFO] PluginManager:220 - loadIPPluginJar : add mdma
2026-03-22 21:08:56,993 [INFO] IPUIPlugin:80 - create IPUIPlugin
2026-03-22 21:08:56,993 [INFO] PluginManager:220 - loadIPPluginJar : add nvic
2026-03-22 21:08:56,995 [INFO] IPUIPlugin:80 - create IPUIPlugin
2026-03-22 21:08:56,995 [INFO] PluginManager:220 - loadIPPluginJar : add opamp
2026-03-22 21:08:56,997 [INFO] IPUIPlugin:80 - create IPUIPlugin
2026-03-22 21:08:56,997 [INFO] PluginManager:220 - loadIPPluginJar : add openamp
2026-03-22 21:08:56,998 [INFO] IPUIPlugin:80 - create IPUIPlugin
2026-03-22 21:08:56,998 [INFO] PluginManager:220 - loadIPPluginJar : add pdm2pcm
2026-03-22 21:08:57,001 [INFO] IPUIPlugin:80 - create IPUIPlugin
2026-03-22 21:08:57,002 [INFO] PluginManager:220 - loadIPPluginJar : add plateformsettings
2026-03-22 21:08:57,003 [INFO] IPUIPlugin:80 - create IPUIPlugin
2026-03-22 21:08:57,003 [INFO] PluginManager:220 - loadIPPluginJar : add quadspi
2026-03-22 21:08:57,004 [INFO] IPUIPlugin:80 - create IPUIPlugin
2026-03-22 21:08:57,005 [INFO] PluginManager:220 - loadIPPluginJar : add radio
2026-03-22 21:08:57,007 [INFO] IPUIPlugin:80 - create IPUIPlugin
2026-03-22 21:08:57,007 [INFO] PluginManager:220 - loadIPPluginJar : add resmgrutility
2026-03-22 21:08:57,009 [INFO] IPUIPlugin:80 - create IPUIPlugin
2026-03-22 21:08:57,009 [INFO] PluginManager:220 - loadIPPluginJar : add sai
2026-03-22 21:08:57,010 [INFO] IPUIPlugin:80 - create IPUIPlugin
2026-03-22 21:08:57,010 [INFO] PluginManager:220 - loadIPPluginJar : add spi
2026-03-22 21:08:57,013 [INFO] IPUIPlugin:80 - create IPUIPlugin
2026-03-22 21:08:57,013 [INFO] PluginManager:220 - loadIPPluginJar : add stm32_wpan
2026-03-22 21:08:57,014 [INFO] IPUIPlugin:80 - create IPUIPlugin
2026-03-22 21:08:57,014 [INFO] PluginManager:220 - loadIPPluginJar : add tim
2026-03-22 21:08:57,016 [INFO] IPUIPlugin:80 - create IPUIPlugin
2026-03-22 21:08:57,016 [INFO] PluginManager:220 - loadIPPluginJar : add touchsensing
2026-03-22 21:08:57,017 [INFO] IPUIPlugin:80 - create IPUIPlugin
2026-03-22 21:08:57,017 [INFO] PluginManager:220 - loadIPPluginJar : add tracer_emb
2026-03-22 21:08:57,018 [INFO] IPUIPlugin:80 - create IPUIPlugin
2026-03-22 21:08:57,018 [INFO] PluginManager:220 - loadIPPluginJar : add ts
2026-03-22 21:08:57,019 [INFO] IPUIPlugin:80 - create IPUIPlugin
2026-03-22 21:08:57,019 [INFO] PluginManager:220 - loadIPPluginJar : add tsc
2026-03-22 21:08:57,020 [INFO] IPUIPlugin:80 - create IPUIPlugin
2026-03-22 21:08:57,020 [INFO] PluginManager:220 - loadIPPluginJar : add ucpd
2026-03-22 21:08:57,022 [INFO] IPUIPlugin:80 - create IPUIPlugin
2026-03-22 21:08:57,022 [INFO] PluginManager:220 - loadIPPluginJar : add usart
2026-03-22 21:08:57,024 [INFO] IPUIPlugin:80 - create IPUIPlugin
2026-03-22 21:08:57,024 [INFO] PluginManager:220 - loadIPPluginJar : add usbx
2026-03-22 21:08:57,127 [FATAL] Updater:351 - Updater called before beeing initialized
2026-03-22 21:08:57,143 [INFO] RulesReader:64 - Compatibility file has been processed (302 Rules)
2026-03-22 21:08:57,148 [INFO] RulesReader:64 - Compatibility file has been processed (302 Rules)
2026-03-22 21:08:57,153 [INFO] CADModel:165 - CPN selected for project level
2026-03-22 21:08:57,154 [INFO] CADModel:114 - Register for checkConnection events
2026-03-22 21:08:57,154 [FATAL] Updater:351 - Updater called before beeing initialized
2026-03-22 21:08:57,154 [ERROR] CADModel:125 - Updater not yet initialized, retry later 
2026-03-22 21:08:57,258 [FATAL] Updater:351 - Updater called before beeing initialized
2026-03-22 21:08:57,259 [INFO] CADModel:165 - CPN selected for project level
2026-03-22 21:08:57,259 [INFO] CADModel:114 - Register for checkConnection events
2026-03-22 21:08:57,259 [FATAL] Updater:351 - Updater called before beeing initialized
2026-03-22 21:08:57,259 [ERROR] CADModel:125 - Updater not yet initialized, retry later 
2026-03-22 21:08:57,261 [FATAL] Updater:351 - Updater called before beeing initialized
2026-03-22 21:08:57,326 [FATAL] Updater:351 - Updater called before beeing initialized
2026-03-22 21:08:57,328 [INFO] DbMcusAds:53 - JSON generation date=Thu Mar 05 11:32:52 ART 2026 (1772721172890)
2026-03-22 21:08:57,328 [FATAL] Updater:351 - Updater called before beeing initialized
2026-03-22 21:08:57,350 [WARN] DetailPanel:346 - Failed to get advertising image, set to default
2026-03-22 21:08:57,500 [FATAL] Updater:351 - Updater called before beeing initialized
2026-03-22 21:08:57,502 [FATAL] Updater:351 - Updater called before beeing initialized
2026-03-22 21:08:57,502 [FATAL] Updater:351 - Updater called before beeing initialized
2026-03-22 21:08:57,502 [WARN] DetailPanel:346 - Failed to get advertising image, set to default
2026-03-22 21:08:57,502 [FATAL] Updater:351 - Updater called before beeing initialized
2026-03-22 21:08:57,536 [ERROR] Updater:1198 - MainUpdater not yet initialized. External WinMGr cannot be set.
2026-03-22 21:08:57,537 [INFO] Updater:1134 - Updater Version found : 6.14.1
2026-03-22 21:08:57,550 [INFO] ApplicationProperties:184 - Using Application install path: C:\ST\STM32CubeIDE_1.18.1\STM32CubeIDE\plugins\com.st.stm32cube.common.mx_6.14.1.202504091515
2026-03-22 21:08:59,116 [ERROR] LogOutputStream:75 - [STDERR_REDIRECT] Mar 22, 2026 9:08:59 PM java.util.prefs.WindowsPreferences <init>
2026-03-22 21:08:59,117 [ERROR] LogOutputStream:75 - [STDERR_REDIRECT] WARNING: Could not open/create prefs root node Software\JavaSoft\Prefs at root 0xffffffff80000002. Windows RegCreateKeyEx(...) returned error code 5.
2026-03-22 21:08:59,117 [ERROR] LogOutputStream:75 - [STDERR_REDIRECT] 
2026-03-22 21:08:59,347 [INFO] MainUpdater:2872 - connection check result : 10
2026-03-22 21:08:59,348 [INFO] MainUpdater:289 - Updater Check For Update Now.
2026-03-22 21:08:59,348 [INFO] MicroXplorer:498 - Change Database Version : DB.6.0.141
2026-03-22 21:08:59,351 [INFO] McuFinderGlobals:63 - Set McuFinder mode to 2 (CubeIDE integrated)
2026-03-22 21:08:59,352 [INFO] UserAuth:484 - Internet connection configuration mode: 1
2026-03-22 21:08:59,369 [INFO] JxBrowserEngine:152 - Initiate JxBrowser Engine with user profile folder
2026-03-22 21:08:59,504 [INFO] CheckServerUpdateThread:120 - End of CheckServer Thread
2026-03-22 21:08:59,912 [WARN] PackLoader:240 - Cannot read IP mode file for STMicroelectronics.X-CUBE-AZRTOS-H7.3.5.0
2026-03-22 21:08:59,924 [WARN] PackLoader:240 - Cannot read IP mode file for STMicroelectronics.FP-SNS-MOTENVWB1.1.4.0
2026-03-22 21:08:59,930 [WARN] PackLoader:240 - Cannot read IP mode file for STMicroelectronics.FP-ATR-ASTRA1.2.0.2
2026-03-22 21:08:59,940 [WARN] PackLoader:240 - Cannot read IP mode file for STMicroelectronics.X-CUBE-SMBUS.2.1.0
2026-03-22 21:08:59,950 [WARN] PackLoader:240 - Cannot read IP mode file for STMicroelectronics.X-CUBE-WB05N.1.1.0
2026-03-22 21:08:59,971 [WARN] PackLoader:240 - Cannot read IP mode file for STMicroelectronics.X-CUBE-ST60.1.0.0
2026-03-22 21:08:59,991 [WARN] PackLoader:240 - Cannot read IP mode file for STMicroelectronics.X-CUBE-AZRTOS-F7.1.1.0
2026-03-22 21:08:59,998 [ERROR] Engine:466 - C:\Users\German\.stm32cubemx\thirdparties\pdsc\STMicroelectronics.FP-SNS-MOTENV1.5.1.0.pdsc: PDSC version is not supported
2026-03-22 21:09:00,021 [WARN] PackLoader:240 - Cannot read IP mode file for Infineon.AIROC-Wi-Fi-Bluetooth-STM32.1.7.0
2026-03-22 21:09:00,050 [WARN] PackLoader:240 - Cannot read IP mode file for STMicroelectronics.X-CUBE-AZRTOS-H7.3.4.0
2026-03-22 21:09:00,059 [WARN] PackLoader:240 - Cannot read IP mode file for STMicroelectronics.X-CUBE-DISPLAY.3.0.0
2026-03-22 21:09:00,065 [ERROR] Engine:466 - C:\Users\German\.stm32cubemx\thirdparties\pdsc\STMicroelectronics.FP-SNS-MOTENVWB1.1.5.0.pdsc: PDSC version is not supported
2026-03-22 21:09:00,070 [WARN] PackLoader:240 - Cannot read IP mode file for STMicroelectronics.X-CUBE-NFC10.1.0.0
2026-03-22 21:09:00,080 [WARN] PackLoader:240 - Cannot read IP mode file for STMicroelectronics.X-CUBE-BLEMGR.4.0.0
2026-03-22 21:09:00,086 [WARN] PackLoader:240 - Cannot read IP mode file for STMicroelectronics.X-CUBE-ST60.1.1.0
2026-03-22 21:09:00,091 [WARN] PackLoader:240 - Cannot read IP mode file for emotas.I-CUBE-CANOPEN.1.3.0
2026-03-22 21:09:00,096 [WARN] PackLoader:240 - Cannot read IP mode file for STMicroelectronics.X-CUBE-GNSS1.7.1.0
2026-03-22 21:09:00,101 [WARN] ConditionMgr:438 - getConditionDescription Invalid condition id : Cortex-A Device cause : null
2026-03-22 21:09:00,110 [WARN] ConditionMgr:1044 - genDependencies : Invalid condition id : Cortex-A Device cause : null
2026-03-22 21:09:00,111 [WARN] ConditionMgr:1044 - genDependencies : Invalid condition id : Cortex-A Device cause : null
2026-03-22 21:09:00,111 [WARN] ConditionMgr:1044 - genDependencies : Invalid condition id : Cortex-A Device cause : null
2026-03-22 21:09:00,114 [WARN] PackLoader:240 - Cannot read IP mode file for STMicroelectronics.X-CUBE-AI.10.0.0
2026-03-22 21:09:00,118 [ERROR] Engine:466 - C:\Users\German\.stm32cubemx\thirdparties\pdsc\STMicroelectronics.FP-SNS-STBOX1.2.1.0.pdsc: PDSC version is not supported
2026-03-22 21:09:00,122 [WARN] PackLoader:240 - Cannot read IP mode file for STMicroelectronics.FP-SNS-SMARTAG2.1.2.0
2026-03-22 21:09:00,126 [WARN] PackLoader:240 - Cannot read IP mode file for STMicroelectronics.FP-SNS-FLIGHT1.5.1.0
2026-03-22 21:09:00,161 [WARN] PackLoader:240 - Cannot read IP mode file for STMicroelectronics.X-CUBE-MEMS1.11.1.0
2026-03-22 21:09:00,224 [INFO] WebApp:169 - Instantiating new browser for Auth
2026-03-22 21:09:00,265 [INFO] LogOutputStream:77 - [STDOUT_REDIRECT] 1 : Invalid condition id : UX_CORESTACK_Condition cause : null
2026-03-22 21:09:00,265 [INFO] LogOutputStream:77 - [STDOUT_REDIRECT] 1 : Invalid condition id : UX_CORESTACK_Condition cause : null
2026-03-22 21:09:00,266 [INFO] LogOutputStream:77 - [STDOUT_REDIRECT] 1 : Invalid condition id : UX_CORESTACK_Condition cause : null
2026-03-22 21:09:00,267 [INFO] LogOutputStream:77 - [STDOUT_REDIRECT] 1 : Invalid condition id : UX_CORESTACK_Condition cause : null
2026-03-22 21:09:00,268 [INFO] LogOutputStream:77 - [STDOUT_REDIRECT] 1 : Invalid condition id : UX_CORESTACK_Condition cause : null
2026-03-22 21:09:00,271 [WARN] PackLoader:240 - Cannot read IP mode file for STMicroelectronics.X-CUBE-AZRTOS-WL.2.0.0
2026-03-22 21:09:00,276 [WARN] PackLoader:240 - Cannot read IP mode file for STMicroelectronics.FP-SNS-MOTENV1.5.0.0
2026-03-22 21:09:00,291 [WARN] PackLoader:240 - Cannot read IP mode file for STMicroelectronics.X-CUBE-AZRTOS-H7RS.1.2.0
2026-03-22 21:09:00,298 [WARN] PackLoader:240 - Cannot read IP mode file for WES.I-CUBE-Cesium.1.3.0
2026-03-22 21:09:00,303 [WARN] PackLoader:240 - Cannot read IP mode file for STMicroelectronics.X-CUBE-BLE2.3.3.0
2026-03-22 21:09:00,317 [WARN] PackLoader:240 - Cannot read IP mode file for STMicroelectronics.X-CUBE-NFC9.1.0.0
2026-03-22 21:09:00,321 [WARN] PackLoader:240 - Cannot read IP mode file for STMicroelectronics.X-CUBE-BLE1.7.1.0
2026-03-22 21:09:00,325 [WARN] PackLoader:240 - Cannot read IP mode file for wolfSSL.I-CUBE-wolfMQTT.1.19.2
2026-03-22 21:09:00,328 [ERROR] Engine:466 - C:\Users\German\.stm32cubemx\thirdparties\pdsc\STMicroelectronics.X-CUBE-FREERTOS.1.4.0.pdsc: PDSC version is not supported
2026-03-22 21:09:00,332 [WARN] PackLoader:240 - Cannot read IP mode file for STMicroelectronics.X-CUBE-EEPRMA1.5.2.0
2026-03-22 21:09:00,335 [ERROR] Engine:466 - C:\Users\German\.stm32cubemx\thirdparties\pdsc\STMicroelectronics.X-CUBE-ST67W61.1.1.0.pdsc: PDSC version is not supported
2026-03-22 21:09:00,337 [WARN] PackLoader:240 - Cannot read IP mode file for STMicroelectronics.X-CUBE-AI.10.1.0
2026-03-22 21:09:00,357 [WARN] PackLoader:240 - Cannot read IP mode file for STMicroelectronics.X-CUBE-MEMS1.12.0.0
2026-03-22 21:09:00,463 [WARN] PackLoader:240 - Cannot read IP mode file for STMicroelectronics.X-CUBE-MEMS1.11.2.0
2026-03-22 21:09:00,554 [WARN] PackLoader:240 - Cannot read IP mode file for STMicroelectronics.X-CUBE-AZRTOS-G0.1.1.0
2026-03-22 21:09:00,559 [WARN] PackLoader:240 - Cannot read IP mode file for STMicroelectronics.X-CUBE-SAFEA1.1.2.2
2026-03-22 21:09:00,563 [WARN] PackLoader:240 - Cannot read IP mode file for STMicroelectronics.X-CUBE-NFC4.3.0.0
2026-03-22 21:09:00,569 [WARN] PackLoader:240 - Cannot read IP mode file for EmbeddedOffice.I-CUBE-FS-RTOS.1.0.1
2026-03-22 21:09:00,573 [WARN] PackLoader:240 - Cannot read IP mode file for STMicroelectronics.X-CUBE-WB05N.2.0.0
2026-03-22 21:09:00,577 [WARN] PackLoader:240 - Cannot read IP mode file for wolfSSL.I-CUBE-wolfTPM.3.8.0
2026-03-22 21:09:00,582 [WARN] PackLoader:240 - Cannot read IP mode file for STMicroelectronics.X-CUBE-TCPP.4.2.0
2026-03-22 21:09:00,586 [WARN] PackLoader:240 - Cannot read IP mode file for RealThread.X-CUBE-RT-Thread_Nano.4.1.1
2026-03-22 21:09:00,589 [WARN] PackLoader:240 - Cannot read IP mode file for STMicroelectronics.FP-ATR-SIGFOX1.3.2.0
2026-03-22 21:09:00,593 [WARN] PackLoader:240 - Cannot read IP mode file for STMicroelectronics.X-CUBE-EEPRMA1.5.1.0
2026-03-22 21:09:00,595 [ERROR] Engine:466 - C:\Users\German\.stm32cubemx\thirdparties\pdsc\STMicroelectronics.X-CUBE-FREERTOS.1.5.0.pdsc: PDSC version is not supported
2026-03-22 21:09:00,598 [WARN] PackLoader:240 - Cannot read IP mode file for wolfSSL.I-CUBE-wolfSSL.5.7.6
2026-03-22 21:09:00,602 [WARN] PackLoader:240 - Cannot read IP mode file for ITTIA_DB.I-CUBE-ITTIADB.8.9.0
2026-03-22 21:09:00,607 [WARN] PackLoader:240 - Cannot read IP mode file for STMicroelectronics.X-CUBE-NFC6.3.2.0
2026-03-22 21:09:00,613 [WARN] PackLoader:240 - Cannot read IP mode file for STMicroelectronics.X-CUBE-ST67W61.1.0.0
2026-03-22 21:09:00,616 [WARN] PackLoader:240 - Cannot read IP mode file for STMicroelectronics.X-CUBE-AI.10.2.0
2026-03-22 21:09:00,634 [WARN] PackLoader:240 - Cannot read IP mode file for SEGGER.I-CUBE-embOS.1.3.1
2026-03-22 21:09:00,655 [WARN] PackLoader:240 - Cannot read IP mode file for STMicroelectronics.X-CUBE-ALGOBUILD.1.4.0
2026-03-22 21:09:00,686 [WARN] PackLoader:240 - Cannot read IP mode file for STMicroelectronics.X-CUBE-MEMS1.11.3.0
2026-03-22 21:09:00,763 [WARN] PackLoader:240 - Cannot read IP mode file for STMicroelectronics.X-CUBE-PM33A1.1.0.0
2026-03-22 21:09:00,771 [WARN] PackLoader:240 - Cannot read IP mode file for STMicroelectronics.X-CUBE-AZRTOS-F4.1.1.0
2026-03-22 21:09:00,775 [WARN] PackLoader:240 - Cannot read IP mode file for Avnet-IotConnect.X-CUBE-IoTC-DA16k-PMOD.1.0.0
2026-03-22 21:09:00,778 [WARN] PackLoader:240 - Cannot read IP mode file for STMicroelectronics.X-CUBE-ISPU.2.1.0
2026-03-22 21:09:00,781 [ERROR] Engine:466 - C:\Users\German\.stm32cubemx\thirdparties\pdsc\STMicroelectronics.X-CUBE-IPS.3.2.0.pdsc: PDSC version is not supported
2026-03-22 21:09:00,784 [WARN] PackLoader:240 - Cannot read IP mode file for STMicroelectronics.X-CUBE-NFC12.1.0.0
2026-03-22 21:09:00,794 [WARN] PackLoader:240 - Cannot read IP mode file for STMicroelectronics.X-CUBE-AZRTOS-L5.2.0.0
2026-03-22 21:09:00,799 [WARN] PackLoader:240 - Cannot read IP mode file for STMicroelectronics.X-CUBE-NFC6.3.1.0
2026-03-22 21:09:00,803 [WARN] PackLoader:240 - Cannot read IP mode file for STMicroelectronics.X-CUBE-DPower.1.2.0
2026-03-22 21:09:00,807 [WARN] PackLoader:240 - Cannot read IP mode file for STMicroelectronics.X-CUBE-FREERTOS.1.3.1
2026-03-22 21:09:00,810 [WARN] PackLoader:240 - Cannot read IP mode file for STMicroelectronics.X-CUBE-FREERTOS.1.3.0
2026-03-22 21:09:00,816 [WARN] PackLoader:240 - Cannot read IP mode file for STMicroelectronics.X-CUBE-NFC7.1.0.1
2026-03-22 21:09:00,822 [WARN] PackLoader:240 - Cannot read IP mode file for STMicroelectronics.X-CUBE-TOUCHGFX.4.26.0
2026-03-22 21:09:00,825 [WARN] PackLoader:240 - Cannot read IP mode file for STMicroelectronics.X-CUBE-TOUCHGFX.4.26.1
2026-03-22 21:09:00,830 [WARN] PackLoader:240 - Cannot read IP mode file for STMicroelectronics.FP-SNS-STAIOTCFT.1.0.0
2026-03-22 21:09:00,834 [WARN] PackLoader:240 - Cannot read IP mode file for STMicroelectronics.X-CUBE-DPower.1.3.0
2026-03-22 21:09:00,845 [WARN] ConditionMgr:438 - getConditionDescription Invalid condition id : LAN8742 Phy interface Condition cause : null
2026-03-22 21:09:00,845 [WARN] PackLoader:240 - Cannot read IP mode file for STMicroelectronics.X-CUBE-AZRTOS-L4.2.0.0
2026-03-22 21:09:00,846 [WARN] ConditionMgr:1044 - genDependencies : Invalid condition id : LAN8742 Phy interface Condition cause : null
2026-03-22 21:09:00,846 [WARN] ConditionMgr:1044 - genDependencies : Invalid condition id : LAN8742 Phy interface Condition cause : null
2026-03-22 21:09:00,846 [WARN] ConditionMgr:1044 - genDependencies : Invalid condition id : LAN8742 Phy interface Condition cause : null
2026-03-22 21:09:00,850 [WARN] PackLoader:240 - Cannot read IP mode file for STMicroelectronics.X-CUBE-SFXS2LP1.4.0.0
2026-03-22 21:09:00,859 [ERROR] Engine:466 - C:\Users\German\.stm32cubemx\thirdparties\pdsc\STMicroelectronics.X-CUBE-ST67W61.1.2.0.pdsc: PDSC version is not supported
2026-03-22 21:09:00,873 [WARN] PackLoader:240 - Cannot read IP mode file for STMicroelectronics.X-CUBE-AZRTOS-H7.3.3.0
2026-03-22 21:09:00,881 [WARN] PackLoader:240 - Cannot read IP mode file for STMicroelectronics.X-CUBE-BLEMGR.4.1.0
2026-03-22 21:09:00,891 [WARN] ConditionMgr:438 - getConditionDescription Invalid condition id : UX DEVICE CLASS RTOS Condition cause : null
2026-03-22 21:09:00,891 [WARN] ConditionMgr:438 - getConditionDescription Invalid condition id : UX DEVICE CLASS RTOS Condition cause : null
2026-03-22 21:09:00,892 [WARN] PackLoader:240 - Cannot read IP mode file for STMicroelectronics.X-CUBE-AZRTOS-WB.2.0.0
2026-03-22 21:09:00,893 [WARN] ConditionMgr:1044 - genDependencies : Invalid condition id : UX DEVICE CLASS RTOS Condition cause : null
2026-03-22 21:09:00,893 [WARN] ConditionMgr:1044 - genDependencies : Invalid condition id : UX DEVICE CLASS RTOS Condition cause : null
2026-03-22 21:09:00,893 [WARN] ConditionMgr:1044 - genDependencies : Invalid condition id : UX DEVICE CLASS RTOS Condition cause : null
2026-03-22 21:09:00,893 [WARN] ConditionMgr:1044 - genDependencies : Invalid condition id : UX DEVICE CLASS RTOS Condition cause : null
2026-03-22 21:09:00,893 [WARN] ConditionMgr:1044 - genDependencies : Invalid condition id : UX DEVICE CLASS RTOS Condition cause : null
2026-03-22 21:09:00,897 [WARN] PackLoader:240 - Cannot read IP mode file for STMicroelectronics.X-CUBE-GNSS1.7.0.1
2026-03-22 21:09:00,900 [WARN] PackLoader:240 - Cannot read IP mode file for STMicroelectronics.X-CUBE-TOUCHGFX.4.25.0
2026-03-22 21:09:00,904 [WARN] PackLoader:240 - Cannot read IP mode file for STMicroelectronics.FP-SNS-STBOX1.2.0.0
2026-03-22 21:09:00,917 [WARN] PackLoader:240 - Cannot read IP mode file for STMicroelectronics.X-CUBE-STSE01.2.0.0
2026-03-22 21:09:00,924 [WARN] PackLoader:240 - Cannot read IP mode file for STMicroelectronics.X-CUBE-SUBG2.5.0.0
2026-03-22 21:09:00,935 [WARN] PackLoader:240 - Cannot read IP mode file for STMicroelectronics.X-CUBE-AZRTOS-H7RS.1.1.0
2026-03-22 21:09:00,940 [WARN] PackLoader:240 - Cannot read IP mode file for Cesanta.I-CUBE-Mongoose.7.13.0
2026-03-22 21:09:00,943 [INFO] WebApp:463 - Apply proxy settings
2026-03-22 21:09:00,943 [INFO] WebApp:548 - Chromium requires no authentication
2026-03-22 21:09:00,947 [WARN] PackLoader:240 - Cannot read IP mode file for STMicroelectronics.X-CUBE-AZRTOS-G4.2.0.0
2026-03-22 21:09:00,950 [WARN] PackLoader:240 - Cannot read IP mode file for wolfSSL.I-CUBE-wolfSSH.1.4.20
2026-03-22 21:09:00,951 [INFO] WebApp:491 - Direct internet connection detected
2026-03-22 21:09:00,952 [WARN] PackLoader:240 - Cannot read IP mode file for STMicroelectronics.X-CUBE-NFC7.2.0.0
2026-03-22 21:09:00,958 [WARN] PackLoader:240 - Cannot read IP mode file for STMicroelectronics.X-CUBE-IPS.3.1.0
2026-03-22 21:09:00,964 [WARN] PackLoader:240 - Cannot read IP mode file for STMicroelectronics.X-CUBE-ALS.1.0.2
2026-03-22 21:09:00,967 [WARN] PackLoader:240 - Cannot read IP mode file for STMicroelectronics.X-CUBE-STSE01.1.0.0
2026-03-22 21:09:00,970 [WARN] PackLoader:240 - Cannot read IP mode file for portGmbH.I-Cube-SoM-uGOAL.1.1.0
2026-03-22 21:09:00,974 [INFO] WebApp:894 - Register for checkConnection events
2026-03-22 21:09:00,974 [INFO] WebApp:463 - Apply proxy settings
2026-03-22 21:09:00,974 [INFO] WebApp:548 - Chromium requires no authentication
2026-03-22 21:09:00,974 [INFO] WebApp:491 - Direct internet connection detected
2026-03-22 21:09:00,975 [WARN] PackLoader:240 - Cannot read IP mode file for STMicroelectronics.X-CUBE-TOF1.3.4.2
2026-03-22 21:09:00,983 [WARN] PackLoader:240 - Cannot read IP mode file for STMicroelectronics.X-CUBE-TOF1.3.4.3
2026-03-22 21:09:00,987 [INFO] ThirdParty:978 - Integrity check success = true
2026-03-22 21:09:00,987 [INFO] IntegrityCheckThread:100 - exiting critical section [integrity check]
2026-03-22 21:09:00,987 [INFO] IntegrityCheckThread:103 - End integrity checks thread
2026-03-22 21:09:01,096 [INFO] WebApp:225 - Starting web application
2026-03-22 21:09:01,096 [INFO] WebApp:593 - Web application path used C:\ST\STM32CubeIDE_1.18.1\STM32CubeIDE\plugins\com.st.stm32cube.common.mx_6.14.1.202504091515\db\plugins\mcufinder\reactClient1\index.html
2026-03-22 21:09:01,185 [INFO] WebApp:191 - Connection restablished
2026-03-22 21:09:01,218 [INFO] UserAuth:484 - Internet connection configuration mode: 1
2026-03-22 21:10:29,918 [INFO] WebApp:194 - Connection lost
2026-03-22 21:10:30,065 [INFO] WebApp:191 - Connection restablished
2026-03-22 21:14:40,928 [INFO] McuFinderGlobals:63 - Set McuFinder mode to 2 (CubeIDE integrated)
2026-03-22 21:14:40,931 [INFO] MainUpdater:2872 - connection check result : 10
2026-03-22 21:14:40,931 [INFO] MainUpdater:2872 - connection check result : 10
2026-03-22 21:14:40,954 [INFO] MicroXplorer:468 - Change Database Path : 
2026-03-22 21:14:40,954 [INFO] MicroXplorer:498 - Change Database Version : DB.6.0.141
2026-03-22 21:14:40,958 [WARN] ThirdParty:871 - waiting for thirdparty lock release [close project]
2026-03-22 21:14:40,958 [INFO] ThirdParty:873 - entering critical section [close project]
2026-03-22 21:14:40,959 [INFO] ThirdParty:883 - exiting critical section [close project]
2026-03-22 21:14:40,960 [INFO] PinOutPanel:1589 - setPackage(No Configuration,No Configuration)
2026-03-22 21:14:40,962 [INFO] UtilMem:75 - Begin LoadConfig() Used Memory: 306348560 Bytes (346030080)
2026-03-22 21:14:40,963 [INFO] MicroXplorer:468 - Change Database Path : 
2026-03-22 21:14:40,963 [INFO] MicroXplorer:498 - Change Database Version : DB.6.0.141
2026-03-22 21:14:40,963 [INFO] OpenFileManager:354 - Change cursor
2026-03-22 21:14:40,997 [INFO] Mcu:2011 - Initializing MCU STM32L476R(C-E-G)Tx STM32L476RGTx STM32L476RGT3
2026-03-22 21:14:42,379 [INFO] Context:756 - Trying to add GPIOservice into a context  which must be forbidden
2026-03-22 21:14:43,049 [INFO] ImportTextPane:218 - (OptionalMessage_ERROR) Pin14 (VP_RIF_VS_RIF1) cannot be retrieved for this MCU
2026-03-22 21:14:43,140 [INFO] RtosManager:558 - Registered RTOS mode: class=CMSIS, group=RTOS, mode=CMSIS_V1, owner=FREERTOS
2026-03-22 21:14:43,140 [INFO] RtosManager:558 - Registered RTOS mode: class=CMSIS, group=RTOS2, mode=CMSIS_V2, owner=FREERTOS
2026-03-22 21:14:43,140 [INFO] RtosManager:558 - Registered RTOS mode: class=RTOS, group=Core, mode=CMSIS_V1, owner=FREERTOS
2026-03-22 21:14:43,140 [INFO] RtosManager:558 - Registered RTOS mode: class=RTOS, group=Core, mode=CMSIS_V2, owner=FREERTOS
2026-03-22 21:14:43,140 [WARN] ModelIntegratedComponent:184 - Missing modes for component STMicroelectronics:FreeRTOS:0.0.1:STMicroelectronics:RTOS:FreeRTOS:Core:::10.2.0:
2026-03-22 21:14:43,157 [WARN] ModelIntegratedComponent:63 - No mode defined for component null
2026-03-22 21:14:43,158 [WARN] ModelIntegratedComponent:63 - No mode defined for component null
2026-03-22 21:14:43,158 [WARN] ModelIntegratedComponent:63 - No mode defined for component null
2026-03-22 21:14:43,158 [WARN] ModelIntegratedComponent:63 - No mode defined for component null
2026-03-22 21:14:43,158 [WARN] ModelIntegratedComponent:63 - No mode defined for component null
2026-03-22 21:14:43,158 [WARN] ModelIntegratedComponent:63 - No mode defined for component null
2026-03-22 21:14:43,158 [WARN] ModelIntegratedComponent:63 - No mode defined for component null
2026-03-22 21:14:43,158 [WARN] ModelIntegratedComponent:63 - No mode defined for component null
2026-03-22 21:14:43,158 [WARN] ModelIntegratedComponent:63 - No mode defined for component null
2026-03-22 21:14:43,158 [WARN] ModelIntegratedComponent:63 - No mode defined for component null
2026-03-22 21:14:43,158 [WARN] ModelIntegratedComponent:63 - No mode defined for component null
2026-03-22 21:14:43,158 [WARN] ModelIntegratedComponent:63 - No mode defined for component null
2026-03-22 21:14:43,158 [WARN] ModelIntegratedComponent:63 - No mode defined for component null
2026-03-22 21:14:43,158 [WARN] ModelIntegratedComponent:63 - No mode defined for component null
2026-03-22 21:14:43,158 [WARN] ModelIntegratedComponent:63 - No mode defined for component null
2026-03-22 21:14:43,158 [WARN] ModelIntegratedComponent:63 - No mode defined for component null
2026-03-22 21:14:43,158 [WARN] ModelIntegratedComponent:63 - No mode defined for component null
2026-03-22 21:14:43,158 [WARN] ModelIntegratedComponent:63 - No mode defined for component null
2026-03-22 21:14:43,158 [WARN] ModelIntegratedComponent:63 - No mode defined for component null
2026-03-22 21:14:43,158 [WARN] ModelIntegratedComponent:63 - No mode defined for component null
2026-03-22 21:14:43,158 [WARN] ModelIntegratedComponent:63 - No mode defined for component null
2026-03-22 21:14:43,158 [WARN] ModelIntegratedComponent:63 - No mode defined for component null
2026-03-22 21:14:43,158 [WARN] ModelIntegratedComponent:63 - No mode defined for component null
2026-03-22 21:14:43,158 [WARN] ModelIntegratedComponent:63 - No mode defined for component null
2026-03-22 21:14:43,158 [WARN] ModelIntegratedComponent:63 - No mode defined for component null
2026-03-22 21:14:43,158 [WARN] ModelIntegratedComponent:63 - No mode defined for component null
2026-03-22 21:14:43,158 [WARN] ModelIntegratedComponent:63 - No mode defined for component null
2026-03-22 21:14:43,158 [WARN] ModelIntegratedComponent:63 - No mode defined for component null
2026-03-22 21:14:43,158 [WARN] ModelIntegratedComponent:63 - No mode defined for component null
2026-03-22 21:14:43,158 [WARN] ModelIntegratedComponent:63 - No mode defined for component null
2026-03-22 21:14:43,158 [WARN] ModelIntegratedComponent:63 - No mode defined for component null
2026-03-22 21:14:43,159 [WARN] ModelIntegratedComponent:63 - No mode defined for component null
2026-03-22 21:14:43,159 [WARN] ModelIntegratedComponent:63 - No mode defined for component null
2026-03-22 21:14:43,159 [WARN] ModelIntegratedComponent:63 - No mode defined for component null
2026-03-22 21:14:43,159 [WARN] ModelIntegratedComponent:63 - No mode defined for component null
2026-03-22 21:14:43,159 [WARN] ModelPack:524 - Component already loaded: STMicroelectronics:HAL Drivers:0.0.0:STMicroelectronics:Device:STMicro_Driver:XSPI:HAL::0.0.1:HAL_XSPI
2026-03-22 21:14:43,373 [INFO] ThirdPartyModel:298 - Start build external matchings
2026-03-22 21:14:44,417 [INFO] ThirdPartyModel:316 - End build external matchings
2026-03-22 21:14:44,456 [INFO] ImportTextPane:218 - (OptionalMessage_ERROR) IP (RCC) : Invalid parameter (FamilyName)
2026-03-22 21:14:44,457 [INFO] ImportTextPane:218 - (OptionalMessage_ERROR) IP (RCC) : Parameter (RNGFreq_Value) has invalid value (64000000)
2026-03-22 21:14:44,457 [INFO] ImportTextPane:218 - (OptionalMessage_ERROR) IP (RCC) : Parameter (SDMMCFreq_Value) has invalid value (64000000)
2026-03-22 21:14:44,458 [INFO] ImportTextPane:218 - (OptionalMessage_ERROR) IP (RCC) : Parameter (USBFreq_Value) has invalid value (64000000)
2026-03-22 21:14:44,861 [INFO] ApiDb:581 - Connected to CubeFinder SQLite database (C:\Users\German\.stmcufinder\plugins\mcufinder\mcu\cube-finder-db.db)
2026-03-22 21:14:44,972 [INFO] ApiDb:668 - CubeFinder database Data Model version=2.1
2026-03-22 21:14:44,972 [INFO] ApiDb:669 - CubeFinder database Configuration version=3.0.42
2026-03-22 21:14:44,972 [INFO] ApiDb:670 - CubeFinder database generation date=2026-02-13 (1770995876)
2026-03-22 21:14:44,972 [INFO] ApiDb:671 - CubeFinder database FW Pack versions=[FP-ATR-ASTRA1_V2.0.0, FP-SNS-FLIGHT1_V5.1.0, FP-SNS-MOTENV1_V5.1.0, FP-SNS-MOTENVWB1_V1.4.0, FP-SNS-SMARTAG2_V1.2.0, FP-SNS-STBOX1_V2.1.0, STM32Cube_FW_C0_V1.4.0, STM32Cube_FW_F4_V1.28.3, STM32Cube_FW_F7_V1.17.4, STM32Cube_FW_G0_V1.6.2, STM32Cube_FW_G4_V1.6.1, STM32Cube_FW_H5_V1.6.0, STM32Cube_FW_H7RS_V1.3.0, STM32Cube_FW_H7_V1.13.0, STM32Cube_FW_L0_V1.12.2, STM32Cube_FW_L4_V1.18.2, STM32Cube_FW_L5_V1.6.0, STM32Cube_FW_N6_V1.3.0, STM32Cube_FW_U0_V1.3.0, STM32Cube_FW_U3_V1.3.0, STM32Cube_FW_U5_V1.8.0, STM32Cube_FW_WB0_V1.4.0, STM32Cube_FW_WBA_V1.9.0, STM32Cube_FW_WB_V1.24.0, STM32Cube_FW_WL3_V1.4.0, STM32Cube_FW_WL_V1.5.0, X-CUBE-ALGOBUILD_V1.4.0, X-CUBE-ALS_V1.0.2, X-CUBE-AZRTOS-F4_V1.1.0, X-CUBE-AZRTOS-F7_V1.1.0, X-CUBE-AZRTOS-G0_V1.1.0, X-CUBE-AZRTOS-G4_V2.0.0, X-CUBE-AZRTOS-H7RS_V1.1.0, X-CUBE-AZRTOS-H7_V3.4.0, X-CUBE-AZRTOS-L4_V2.0.0, X-CUBE-AZRTOS-L5_V2.0.0, X-CUBE-AZRTOS-WB_V2.0.0, X-CUBE-AZRTOS-WL_V2.0.0, X-CUBE-BLE1_V7.1.0, X-CUBE-BLE2_V3.3.0, X-CUBE-BLEMGR_V4.1.0, X-CUBE-EEPRMA1_V5.2.0, X-CUBE-FREERTOS_V1.3.1, X-CUBE-GNSS1_V6.0.0, X-CUBE-MEMS1_V12.0.0, X-CUBE-NFC4_V3.0.0, X-CUBE-NFC7_V2.0.0, X-CUBE-SFXS2LP1_V4.0.0, X-CUBE-ST67W61_V1.1.0, X-CUBE-SUBG2_V5.0.0, X-CUBE-TOF1_V3.4.3]
2026-03-22 21:14:45,100 [INFO] DbBoardsSqlite:226 - include board P-NUCLEO-WB55-NUCLEO as a kit item of type 'Nucleo-64'
2026-03-22 21:14:45,100 [INFO] DbBoardsSqlite:226 - include board P-NUCLEO-WB55-USBDONGLE as a kit item of type 'Nucleo USB Dongle'
2026-03-22 21:14:45,101 [INFO] DbBoardsSqlite:226 - include board STEVAL-IDP005V1 as a kit item of type 'Evaluation Board'
2026-03-22 21:14:45,101 [INFO] DbBoardsSqlite:226 - include board STEVAL-IDP005V2 as a kit item of type 'Evaluation Board'
2026-03-22 21:14:45,679 [INFO] ApiDb:240 - Found 895 in-development CPN: [B-G473E-ZEST1S, B-WB1M-WPAN1, B-WBA5M-WPAN, B-WL5M-SUBG1, NUCLEO-C031C6, NUCLEO-C051C8, NUCLEO-C071RB, NUCLEO-C092RC, NUCLEO-H503RB, NUCLEO-H533RE, NUCLEO-H563ZI, NUCLEO-H7S3L8, NUCLEO-N657X0-Q, NUCLEO-U031R8, NUCLEO-U083RC, NUCLEO-U385RG-Q, NUCLEO-U545RE-Q, NUCLEO-U5A5ZJ-Q, NUCLEO-WB05KZ, NUCLEO-WB07CC, NUCLEO-WB09KE, NUCLEO-WBA52CG, NUCLEO-WBA55CG, NUCLEO-WBA65RI, NUCLEO-WL33CC1, NUCLEO-WL33CC2, STEVAL-PROTEUS1, STEVAL-SMARTAG2, STEVAL-STWINBX1, STM320518-EVAL, STM32C0116-DK, STM32C011D6Y3TR, STM32C011D6Y6TR, STM32C011F4P3, STM32C011F4P6, STM32C011F4U3, STM32C011F4U6TR, STM32C011F6P3, STM32C011F6P6, STM32C011F6U3, STM32C011F6U6TR, STM32C011J4M3, STM32C011J4M6, STM32C011J6M3, STM32C011J6M6, STM32C0316-DK, STM32C031C4T3, STM32C031C4T6, STM32C031C4U3, STM32C031C4U6, STM32C031C6T3, STM32C031C6T6, STM32C031C6U3, STM32C031C6U6, STM32C031F4P3, STM32C031F4P6, STM32C031F6P3, STM32C031F6P6, STM32C031G4U3, STM32C031G4U6, STM32C031G6U3, STM32C031G6U6, STM32C031K4T3, STM32C031K4T6, STM32C031K4U3, STM32C031K4U6, STM32C031K6T3, STM32C031K6T6, STM32C031K6U3, STM32C031K6U6, STM32C051C6T6, STM32C051C6U6, STM32C051C8T6, STM32C051C8U6, STM32C051D8Y6TR, STM32C051F6P6, STM32C051F8P6, STM32C051G6U6, STM32C051G8U6, STM32C051K6T6, STM32C051K6U6, STM32C051K8T6, STM32C071C8T6, STM32C071C8T6N, STM32C071C8U6, STM32C071C8U6N, STM32C071CBT6, STM32C071CBT6N, STM32C071CBU6, STM32C071CBU6N, STM32C071F8P6, STM32C071F8P6N, STM32C071FBP6, STM32C071FBP6N, STM32C071FBY6TR, STM32C071G8U6, STM32C071G8U6N, STM32C071GBU6, STM32C071GBU6N, STM32C071K8T6, STM32C071K8T6N, STM32C071K8U6, STM32C071K8U6N, STM32C071KBT6, STM32C071KBT6N, STM32C071KBU6, STM32C071KBU6N, STM32C071R8T6, STM32C071R8T6N, STM32C071RBI6N, STM32C071RBT6, STM32C071RBT6N, STM32C091CBT6, STM32C091CBU6, STM32C091CCT6, STM32C091CCU6, STM32C091ECY6TR, STM32C091FBP6, STM32C091FCP6, STM32C091GBU6, STM32C091GCU6, STM32C091KBT6, STM32C091KBU6, STM32C091KCT6, STM32C091KCU6, STM32C091RBT6, STM32C091RCI6, STM32C091RCT6, STM32C092CBT6, STM32C092CBU6, STM32C092CCT6, STM32C092CCU6, STM32C092ECY6TR, STM32C092FBP6, STM32C092FCP6, STM32C092GBU6, STM32C092GCU6, STM32C092KBT6, STM32C092KBU6, STM32C092KCT6, STM32C092KCU6, STM32C092RBT6, STM32C092RCI6, STM32C092RCT6, STM32G071K8TXN, STM32G071K8UXN, STM32G081GBU6N, STM32G081KBT6N, STM32G081KBUXN, STM32G0B1CCT6N, STM32G0B1KCT6, STM32G0B1NEY6TR, STM32G0B1RCT6N, STM32G0C1CCT6, STM32G0C1CCT6N, STM32G0C1CCU6N, STM32G0C1CET6N, STM32G0C1CEU6N, STM32G0C1KCT6, STM32G0C1NEY6TR, STM32G0C1RCI6N, STM32G0C1RCT6N, STM32G0C1REI6N, STM32G0C1RET6N, STM32G0C1VCI6, STM32G0C1VEI6, STM32G411C6T3, STM32G411C6T6, STM32G411C6U3, STM32G411C6U6, STM32G411C8T3, STM32G411C8T6, STM32G411C8U3, STM32G411C8U6, STM32G411CBT3, STM32G411CBT6, STM32G411CBU3, STM32G411CBU6, STM32G411CCT3, STM32G411CCT6, STM32G411CCU3, STM32G411CCU6, STM32G411K6T3, STM32G411K6T6, STM32G411K6U3, STM32G411K6U6, STM32G411K8T3, STM32G411K8T6, STM32G411K8U3, STM32G411K8U6, STM32G411KBT3, STM32G411KBT6, STM32G411KBU3, STM32G411KBU6, STM32G411M6T3, STM32G411M6T6, STM32G411M8T3, STM32G411M8T6, STM32G411MBT3, STM32G411MBT6, STM32G411MCT3, STM32G411MCT6, STM32G411R6T3, STM32G411R6T6, STM32G411R8T3, STM32G411R8T6, STM32G411RBT3, STM32G411RBT6, STM32G411RCT3, STM32G411RCT6, STM32G414CBT3, STM32G414CBT6, STM32G414CBU3, STM32G414CBU6, STM32G414CCT3, STM32G414CCT6, STM32G414CCU3, STM32G414CCU6, STM32G414MBT3, STM32G414MBT6, STM32G414MCT3, STM32G414MCT6, STM32G414RBT3, STM32G414RBT6, STM32G414RCT3, STM32G414RCT6, STM32G414VBT3, STM32G414VBT6, STM32G414VCT3, STM32G414VCT6, STM32G431CBT3Z, STM32G431RBT3Z, STM32G471CCT6, STM32G471CCU6, STM32G471CET3, STM32G471CET6, STM32G471CEU3, STM32G471CEU6, STM32G471MCT6, STM32G471MET3, STM32G471MET6, STM32G471MEY6TR, STM32G471QCT6, STM32G471QET3, STM32G471RCT6, STM32G471RET3, STM32G471RET6, STM32G471VCH6, STM32G471VCI6, STM32G471VCT6, STM32G471VEH3, STM32G471VEH6, STM32G471VEI3, STM32G471VEI6, STM32G471VET3, STM32G471VET6, STM32G473QET3Z, STM32G473RET3Z, STM32G474CCT6, STM32G491RET3Z, STM32H503CBT6, STM32H503CBU6, STM32H503EBY6TR, STM32H503KBU6, STM32H503RBT6, STM32H523CCT6, STM32H523CCU6, STM32H523CET6, STM32H523CEU6, STM32H523HEY6TR, STM32H523RCT6, STM32H523RET6, STM32H523VCI6, STM32H523VCT6, STM32H523VEI6, STM32H523VET6, STM32H523ZCJ6, STM32H523ZCT6, STM32H523ZEJ6, STM32H523ZET6, STM32H533CET6, STM32H533CEU6, STM32H533HEY6TR, STM32H533RET6, STM32H533VEI6, STM32H533VET6, STM32H533ZEJ6, STM32H533ZET6, STM32H562AGI6, STM32H562AII6, STM32H562IGK6, STM32H562IGT6, STM32H562IIK6, STM32H562IIT6, STM32H562RGT6, STM32H562RGV6, STM32H562RIT6, STM32H562RIV6, STM32H562VGT6, STM32H562VIT6, STM32H562ZGT6, STM32H562ZIT6, STM32H563AGI6, STM32H563AII3Q, STM32H563AII6, STM32H563IGK6, STM32H563IGT6, STM32H563IIK3Q, STM32H563IIK6, STM32H563IIT3Q, STM32H563IIT6, STM32H563MIY3QTR, STM32H563RGT6, STM32H563RGV6, STM32H563RIT6, STM32H563RIV6, STM32H563VGT6, STM32H563VIT3Q, STM32H563VIT6, STM32H563ZGT6, STM32H563ZIT3Q, STM32H563ZIT6, STM32H573AII3Q, STM32H573AII6, STM32H573I-DK, STM32H573IIK3Q, STM32H573IIK6, STM32H573IIT3Q, STM32H573IIT6, STM32H573MIY3QTR, STM32H573RIT6, STM32H573RIV6, STM32H573VIT3Q, STM32H573VIT6, STM32H573ZIT3Q, STM32H573ZIT6, STM32H7R3A8I6, STM32H7R3I8K6, STM32H7R3I8T6, STM32H7R3L8H6, STM32H7R3L8H6H, STM32H7R3R8V6, STM32H7R3V8H6, STM32H7R3V8T6, STM32H7R3V8Y6TR, STM32H7R3Z8J6, STM32H7R3Z8T6, STM32H7R7A8I6, STM32H7R7I8K6, STM32H7R7I8T6, STM32H7R7L8H6, STM32H7R7L8H6H, STM32H7R7Z8J6, STM32H7S3A8I6, STM32H7S3I8K6, STM32H7S3I8T6, STM32H7S3L8H6, STM32H7S3L8H6H, STM32H7S3R8V6, STM32H7S3V8H6, STM32H7S3V8T6, STM32H7S3V8Y6TR, STM32H7S3Z8J6, STM32H7S3Z8T6, STM32H7S78-DK, STM32H7S7A8I6, STM32H7S7I8K6, STM32H7S7I8T6, STM32H7S7L8H6, STM32H7S7L8H6H, STM32H7S7Z8J6, STM32L4R5QGI6STR, STM32MP131AAE3, STM32MP131AAF3, STM32MP131AAG3, STM32MP131CAE3, STM32MP131CAF3, STM32MP131CAG3, STM32MP131DAE7, STM32MP131DAF7, STM32MP131DAG7, STM32MP131FAE7, STM32MP131FAF7, STM32MP131FAG7, STM32MP133AAE3, STM32MP133AAF3, STM32MP133AAG3, STM32MP133CAE3, STM32MP133CAF3, STM32MP133CAG3, STM32MP133DAE7, STM32MP133DAF7, STM32MP133DAG7, STM32MP133FAE7, STM32MP133FAF7, STM32MP133FAG7, STM32MP135AAE3, STM32MP135AAF3, STM32MP135AAG3, STM32MP135CAE3, STM32MP135CAF3, STM32MP135CAG3, STM32MP135DAE7, STM32MP135DAF7, STM32MP135DAG7, STM32MP135F-DK, STM32MP135FAE7, STM32MP135FAF7, STM32MP135FAF7T, STM32MP135FAF7U, STM32MP135FAG7, STM32MP231AAJ3, STM32MP231AAK3, STM32MP231AAL3, STM32MP231CAJ3, STM32MP231CAK3, STM32MP231CAL3, STM32MP231DAJ3, STM32MP231DAK3, STM32MP231DAL3, STM32MP231FAJ3, STM32MP231FAK3, STM32MP231FAL3, STM32MP233AAJ3, STM32MP233AAK3, STM32MP233AAL3, STM32MP233CAJ3, STM32MP233CAK3, STM32MP233CAL3, STM32MP233DAJ3, STM32MP233DAK3, STM32MP233DAL3, STM32MP233FAJ3, STM32MP233FAK3, STM32MP233FAL3, STM32MP235AAJ3, STM32MP235AAK3, STM32MP235AAL3, STM32MP235CAJ3, STM32MP235CAK3, STM32MP235CAL3, STM32MP235DAJ3, STM32MP235DAK3, STM32MP235DAL3, STM32MP235FAJ3, STM32MP235FAK3, STM32MP235FAL3, STM32MP251AAI3, STM32MP251AAJ3, STM32MP251AAK3, STM32MP251AAL3, STM32MP251CAI3, STM32MP251CAJ3, STM32MP251CAK3, STM32MP251CAL3, STM32MP251DAI3, STM32MP251DAJ3, STM32MP251DAK3, STM32MP251DAL3, STM32MP251FAI3, STM32MP251FAJ3, STM32MP251FAK3, STM32MP251FAL3, STM32MP253AAI3, STM32MP253AAJ3, STM32MP253AAK3, STM32MP253AAL3, STM32MP253CAI3, STM32MP253CAJ3, STM32MP253CAK3, STM32MP253CAL3, STM32MP253DAI3, STM32MP253DAJ3, STM32MP253DAK3, STM32MP253DAL3, STM32MP253FAI3, STM32MP253FAJ3, STM32MP253FAK3, STM32MP253FAL3, STM32MP255AAI3, STM32MP255AAJ3, STM32MP255AAK3, STM32MP255AAL3, STM32MP255CAI3, STM32MP255CAJ3, STM32MP255CAK3, STM32MP255CAL3, STM32MP255DAI3, STM32MP255DAJ3, STM32MP255DAK3, STM32MP255DAL3, STM32MP255FAI3, STM32MP255FAJ3, STM32MP255FAK3, STM32MP255FAL3, STM32MP257AAI3, STM32MP257AAJ3, STM32MP257AAK3, STM32MP257AAL3, STM32MP257CAI3, STM32MP257CAJ3, STM32MP257CAK3, STM32MP257CAL3, STM32MP257DAI3, STM32MP257DAJ3, STM32MP257DAK3, STM32MP257DAL3, STM32MP257F-DK, STM32MP257F-EV1, STM32MP257FAI3, STM32MP257FAJ3, STM32MP257FAK3, STM32MP257FAL3, STM32N645A0H3Q, STM32N645B0H3Q, STM32N645I0H3Q, STM32N645L0H3Q, STM32N645X0H3Q, STM32N645Z0H3Q, STM32N647A0H3Q, STM32N647B0H3Q, STM32N647I0H3Q, STM32N647L0H3Q, STM32N647X0H3Q, STM32N647Z0H3Q, STM32N655A0H3Q, STM32N655B0H3Q, STM32N655I0H3Q, STM32N655L0H3Q, STM32N655X0H3Q, STM32N655Z0H3Q, STM32N6570-DK, STM32N657A0H3Q, STM32N657B0H3Q, STM32N657I0H3Q, STM32N657L0H3Q, STM32N657X0H3Q, STM32N657Z0H3Q, STM32U031C6T6, STM32U031C6U6, STM32U031C8T6, STM32U031C8U6, STM32U031F4P6, STM32U031F6P6, STM32U031F8P6, STM32U031G6Y6TR, STM32U031G8Y6TR, STM32U031K4U6, STM32U031K6U6, STM32U031K8U6, STM32U031R6I6, STM32U031R6T6, STM32U031R8I6, STM32U031R8T6, STM32U073C8T6, STM32U073C8U6, STM32U073CBT6, STM32U073CBU6, STM32U073CCT6, STM32U073CCU6, STM32U073H8Y6TR, STM32U073HBY6TR, STM32U073HCY6TR, STM32U073K8U6, STM32U073KBU6, STM32U073KCU6, STM32U073M8I6, STM32U073M8T6, STM32U073MBI6, STM32U073MBT6, STM32U073MCI6, STM32U073MCT6, STM32U073R8I6, STM32U073R8T6, STM32U073RBI6, STM32U073RBT6, STM32U073RCI6, STM32U073RCT6, STM32U083C-DK, STM32U083CCT6, STM32U083CCU6, STM32U083HCY6TR, STM32U083KCU6, STM32U083MCI6, STM32U083MCT6, STM32U083RCI6, STM32U083RCT6, STM32U375CET6, STM32U375CET6Q, STM32U375CEU6, STM32U375CEU6Q, STM32U375CEY6QTR, STM32U375CGT6, STM32U375CGT6Q, STM32U375CGU6, STM32U375CGU6Q, STM32U375CGY6QTR, STM32U375KEU6, STM32U375KGU6, STM32U375REI6, STM32U375REI6Q, STM32U375RET6, STM32U375RET6Q, STM32U375REY6GTR, STM32U375REY6QTR, STM32U375RGI6, STM32U375RGI6Q, STM32U375RGT6, STM32U375RGT6Q, STM32U375RGY6GTR, STM32U375RGY6QTR, STM32U375VEI6, STM32U375VEI6Q, STM32U375VET6, STM32U375VET6Q, STM32U375VGI6, STM32U375VGI6Q, STM32U375VGT6, STM32U375VGT6Q, STM32U385CGT6, STM32U385CGT6Q, STM32U385CGU6, STM32U385CGU6Q, STM32U385CGY6QTR, STM32U385KGU6, STM32U385RGI6, STM32U385RGI6Q, STM32U385RGT6, STM32U385RGT6Q, STM32U385RGY6GTR, STM32U385RGY6QTR, STM32U385VGI6, STM32U385VGI6Q, STM32U385VGT6, STM32U385VGT6Q, STM32U535CBT6, STM32U535CBT6Q, STM32U535CBU6, STM32U535CBU6Q, STM32U535CCT6, STM32U535CCT6Q, STM32U535CCU6, STM32U535CCU6Q, STM32U535CET6, STM32U535CET6Q, STM32U535CEU6, STM32U535CEU6Q, STM32U535JEY6QTR, STM32U535NCY6QTR, STM32U535NEY6QTR, STM32U535RBI6, STM32U535RBI6Q, STM32U535RBT6, STM32U535RBT6Q, STM32U535RCI6, STM32U535RCI6Q, STM32U535RCT6, STM32U535RCT6Q, STM32U535REI6, STM32U535REI6Q, STM32U535RET6, STM32U535RET6Q, STM32U535VCI6, STM32U535VCI6Q, STM32U535VCT6, STM32U535VCT6Q, STM32U535VEI6, STM32U535VEI6Q, STM32U535VET6, STM32U535VET6Q, STM32U545CET6, STM32U545CET6Q, STM32U545CEU6, STM32U545CEU6Q, STM32U545JEY6QTR, STM32U545NEY6QTR, STM32U545REI6, STM32U545REI6Q, STM32U545RET6, STM32U545RET6Q, STM32U545VEI6, STM32U545VEI6Q, STM32U545VET6, STM32U545VET6Q, STM32U595AIH6, STM32U595AIH6Q, STM32U595AJH6, STM32U595AJH6Q, STM32U595QII6, STM32U595QII6Q, STM32U595QJI6, STM32U595QJI6Q, STM32U595RIT6, STM32U595RIT6Q, STM32U595RJT6, STM32U595RJT6Q, STM32U595VIT6, STM32U595VIT6Q, STM32U595VJT6, STM32U595VJT6Q, STM32U595ZIT6, STM32U595ZIT6Q, STM32U595ZIY6QTR, STM32U595ZJT6, STM32U595ZJT6Q, STM32U595ZJY6QTR, STM32U599BJY6QTR, STM32U599NIH6Q, STM32U599NJH6Q, STM32U599VIT6Q, STM32U599VJT6, STM32U599VJT6Q, STM32U599ZIT6Q, STM32U599ZIY6QTR, STM32U599ZJT6Q, STM32U599ZJY6QTR, STM32U5A5AJH6, STM32U5A5AJH6Q, STM32U5A5QII3Q , STM32U5A5QJI6, STM32U5A5QJI6Q, STM32U5A5RJT6, STM32U5A5RJT6Q, STM32U5A5VJT6, STM32U5A5VJT6Q, STM32U5A5ZJT6, STM32U5A5ZJT6Q, STM32U5A5ZJY6QTR, STM32U5A9BJY6QTR, STM32U5A9J-DK, STM32U5A9NJH6Q, STM32U5A9VJT6Q, STM32U5A9ZJT6Q, STM32U5A9ZJY6QTR, STM32U5F7VIT6, STM32U5F7VIT6Q, STM32U5F7VJT6, STM32U5F7VJT6Q, STM32U5F9BJY6QTR, STM32U5F9NJH6Q, STM32U5F9VIT6Q, STM32U5F9VJT6Q, STM32U5F9ZIJ6QTR, STM32U5F9ZIT6Q, STM32U5F9ZJJ6QTR, STM32U5F9ZJT6Q, STM32U5G7VJT6, STM32U5G7VJT6Q, STM32U5G9BJY6QTR, STM32U5G9J-DK1, STM32U5G9J-DK2, STM32U5G9NJH6Q, STM32U5G9VJT6Q, STM32U5G9ZJJ6QTR, STM32U5G9ZJT6Q, STM32WB05KZV6TR, STM32WB05KZV7TR, STM32WB05TZF6TR, STM32WB05TZF7TR, STM32WB06CCF6TR, STM32WB06CCF7TR, STM32WB06CCV6TR, STM32WB06CCV7TR, STM32WB06KCV6TR, STM32WB06KCV7TR, STM32WB07CCF6TR, STM32WB07CCF7TR, STM32WB07CCV6TR, STM32WB07CCV7TR, STM32WB07KCV6TR, STM32WB07KCV7TR, STM32WB09KEV6TR, STM32WB09KEV7TR, STM32WB09TEF6TR, STM32WB09TEF7TR, STM32WB1MMCH6, STM32WBA50KGU6, STM32WBA50KGU6TR, STM32WBA52CEU6, STM32WBA52CEU6TR, STM32WBA52CEU7, STM32WBA52CEU7TR, STM32WBA52CGU6, STM32WBA52CGU6TR, STM32WBA52CGU6U, STM32WBA52CGU7, STM32WBA52CGU7TR, STM32WBA52KEU6, STM32WBA52KEU6TR, STM32WBA52KGU6, STM32WBA52KGU6TR, STM32WBA54CEU6, STM32WBA54CEU6TR, STM32WBA54CEU7, STM32WBA54CEU7TR, STM32WBA54CGU6, STM32WBA54CGU6TR, STM32WBA54CGU7, STM32WBA54CGU7TR, STM32WBA54KEU6, STM32WBA54KEU6TR, STM32WBA54KEU7, STM32WBA54KEU7TR, STM32WBA54KGU6, STM32WBA54KGU6TR, STM32WBA54KGU7, STM32WBA54KGU7TR, STM32WBA55CEU6, STM32WBA55CEU6TR, STM32WBA55CEU7, STM32WBA55CEU7TR, STM32WBA55CGU6, STM32WBA55CGU6TR, STM32WBA55CGU6U, STM32WBA55CGU7, STM32WBA55CGU7TR, STM32WBA55G-DK1, STM32WBA55HEF6, STM32WBA55HEF7, STM32WBA55HGF6, STM32WBA55HGF7, STM32WBA55UEI6, STM32WBA55UEI6TR, STM32WBA55UEI7, STM32WBA55UEI7TR, STM32WBA55UGI6, STM32WBA55UGI6TR, STM32WBA55UGI7, STM32WBA55UGI7TR, STM32WBA5MJGH6TR, STM32WBA62CGU6, STM32WBA62CIU6, STM32WBA62MGF6, STM32WBA62MIF6, STM32WBA62PGI6, STM32WBA62PII6, STM32WBA63CGU6, STM32WBA63CGU7, STM32WBA63CIU6, STM32WBA63CIU7, STM32WBA64CGU6, STM32WBA64CGU7, STM32WBA64CIU6, STM32WBA64CIU7, STM32WBA65CGU6, STM32WBA65CGU7, STM32WBA65CIU6, STM32WBA65CIU7, STM32WBA65I-DK1, STM32WBA65MGF6, STM32WBA65MGF7, STM32WBA65MIF6, STM32WBA65MIF7, STM32WBA65PGI6, STM32WBA65PGI7, STM32WBA65PII6, STM32WBA65PII7, STM32WBA65RGV6, STM32WBA65RGV7, STM32WBA65RIV6, STM32WBA65RIV7, STM32WL30K8V6, STM32WL30KBV6, STM32WL31C8V6, STM32WL31CBV6, STM32WL31K8V6, STM32WL31KBV6, STM32WL33C8V6, STM32WL33C8V6TR, STM32WL33C8V7, STM32WL33C8V7TR, STM32WL33CBV6, STM32WL33CBV6TR, STM32WL33CBV7, STM32WL33CBV7TR, STM32WL33CCV6, STM32WL33CCV6TR, STM32WL33CCV7, STM32WL33CCV7A, STM32WL33CCV7ATR, STM32WL33CCV7TR, STM32WL33K8V6, STM32WL33K8V6TR, STM32WL33K8V7, STM32WL33K8V7TR, STM32WL33KBV6, STM32WL33KBV6TR, STM32WL33KBV7, STM32WL33KBV7TR, STM32WL33KCV6, STM32WL33KCV6TR, STM32WL33KCV7, STM32WL33KCV7TR, STM32WL5MOCH6, STM32WL5MOCH6TR]
2026-03-22 21:14:45,684 [INFO] ApiDb:668 - CubeFinder database Data Model version=2.1
2026-03-22 21:14:45,684 [INFO] ApiDb:669 - CubeFinder database Configuration version=3.0.42
2026-03-22 21:14:45,684 [INFO] ApiDb:670 - CubeFinder database generation date=2026-02-13 (1770995876)
2026-03-22 21:14:45,684 [INFO] ApiDb:671 - CubeFinder database FW Pack versions=[FP-ATR-ASTRA1_V2.0.0, FP-SNS-FLIGHT1_V5.1.0, FP-SNS-MOTENV1_V5.1.0, FP-SNS-MOTENVWB1_V1.4.0, FP-SNS-SMARTAG2_V1.2.0, FP-SNS-STBOX1_V2.1.0, STM32Cube_FW_C0_V1.4.0, STM32Cube_FW_F4_V1.28.3, STM32Cube_FW_F7_V1.17.4, STM32Cube_FW_G0_V1.6.2, STM32Cube_FW_G4_V1.6.1, STM32Cube_FW_H5_V1.6.0, STM32Cube_FW_H7RS_V1.3.0, STM32Cube_FW_H7_V1.13.0, STM32Cube_FW_L0_V1.12.2, STM32Cube_FW_L4_V1.18.2, STM32Cube_FW_L5_V1.6.0, STM32Cube_FW_N6_V1.3.0, STM32Cube_FW_U0_V1.3.0, STM32Cube_FW_U3_V1.3.0, STM32Cube_FW_U5_V1.8.0, STM32Cube_FW_WB0_V1.4.0, STM32Cube_FW_WBA_V1.9.0, STM32Cube_FW_WB_V1.24.0, STM32Cube_FW_WL3_V1.4.0, STM32Cube_FW_WL_V1.5.0, X-CUBE-ALGOBUILD_V1.4.0, X-CUBE-ALS_V1.0.2, X-CUBE-AZRTOS-F4_V1.1.0, X-CUBE-AZRTOS-F7_V1.1.0, X-CUBE-AZRTOS-G0_V1.1.0, X-CUBE-AZRTOS-G4_V2.0.0, X-CUBE-AZRTOS-H7RS_V1.1.0, X-CUBE-AZRTOS-H7_V3.4.0, X-CUBE-AZRTOS-L4_V2.0.0, X-CUBE-AZRTOS-L5_V2.0.0, X-CUBE-AZRTOS-WB_V2.0.0, X-CUBE-AZRTOS-WL_V2.0.0, X-CUBE-BLE1_V7.1.0, X-CUBE-BLE2_V3.3.0, X-CUBE-BLEMGR_V4.1.0, X-CUBE-EEPRMA1_V5.2.0, X-CUBE-FREERTOS_V1.3.1, X-CUBE-GNSS1_V6.0.0, X-CUBE-MEMS1_V12.0.0, X-CUBE-NFC4_V3.0.0, X-CUBE-NFC7_V2.0.0, X-CUBE-SFXS2LP1_V4.0.0, X-CUBE-ST67W61_V1.1.0, X-CUBE-SUBG2_V5.0.0, X-CUBE-TOF1_V3.4.3]
2026-03-22 21:14:49,177 [INFO] ApiDb:240 - Found 895 in-development CPN: [B-G473E-ZEST1S, B-WB1M-WPAN1, B-WBA5M-WPAN, B-WL5M-SUBG1, NUCLEO-C031C6, NUCLEO-C051C8, NUCLEO-C071RB, NUCLEO-C092RC, NUCLEO-H503RB, NUCLEO-H533RE, NUCLEO-H563ZI, NUCLEO-H7S3L8, NUCLEO-N657X0-Q, NUCLEO-U031R8, NUCLEO-U083RC, NUCLEO-U385RG-Q, NUCLEO-U545RE-Q, NUCLEO-U5A5ZJ-Q, NUCLEO-WB05KZ, NUCLEO-WB07CC, NUCLEO-WB09KE, NUCLEO-WBA52CG, NUCLEO-WBA55CG, NUCLEO-WBA65RI, NUCLEO-WL33CC1, NUCLEO-WL33CC2, STEVAL-PROTEUS1, STEVAL-SMARTAG2, STEVAL-STWINBX1, STM320518-EVAL, STM32C0116-DK, STM32C011D6Y3TR, STM32C011D6Y6TR, STM32C011F4P3, STM32C011F4P6, STM32C011F4U3, STM32C011F4U6TR, STM32C011F6P3, STM32C011F6P6, STM32C011F6U3, STM32C011F6U6TR, STM32C011J4M3, STM32C011J4M6, STM32C011J6M3, STM32C011J6M6, STM32C0316-DK, STM32C031C4T3, STM32C031C4T6, STM32C031C4U3, STM32C031C4U6, STM32C031C6T3, STM32C031C6T6, STM32C031C6U3, STM32C031C6U6, STM32C031F4P3, STM32C031F4P6, STM32C031F6P3, STM32C031F6P6, STM32C031G4U3, STM32C031G4U6, STM32C031G6U3, STM32C031G6U6, STM32C031K4T3, STM32C031K4T6, STM32C031K4U3, STM32C031K4U6, STM32C031K6T3, STM32C031K6T6, STM32C031K6U3, STM32C031K6U6, STM32C051C6T6, STM32C051C6U6, STM32C051C8T6, STM32C051C8U6, STM32C051D8Y6TR, STM32C051F6P6, STM32C051F8P6, STM32C051G6U6, STM32C051G8U6, STM32C051K6T6, STM32C051K6U6, STM32C051K8T6, STM32C071C8T6, STM32C071C8T6N, STM32C071C8U6, STM32C071C8U6N, STM32C071CBT6, STM32C071CBT6N, STM32C071CBU6, STM32C071CBU6N, STM32C071F8P6, STM32C071F8P6N, STM32C071FBP6, STM32C071FBP6N, STM32C071FBY6TR, STM32C071G8U6, STM32C071G8U6N, STM32C071GBU6, STM32C071GBU6N, STM32C071K8T6, STM32C071K8T6N, STM32C071K8U6, STM32C071K8U6N, STM32C071KBT6, STM32C071KBT6N, STM32C071KBU6, STM32C071KBU6N, STM32C071R8T6, STM32C071R8T6N, STM32C071RBI6N, STM32C071RBT6, STM32C071RBT6N, STM32C091CBT6, STM32C091CBU6, STM32C091CCT6, STM32C091CCU6, STM32C091ECY6TR, STM32C091FBP6, STM32C091FCP6, STM32C091GBU6, STM32C091GCU6, STM32C091KBT6, STM32C091KBU6, STM32C091KCT6, STM32C091KCU6, STM32C091RBT6, STM32C091RCI6, STM32C091RCT6, STM32C092CBT6, STM32C092CBU6, STM32C092CCT6, STM32C092CCU6, STM32C092ECY6TR, STM32C092FBP6, STM32C092FCP6, STM32C092GBU6, STM32C092GCU6, STM32C092KBT6, STM32C092KBU6, STM32C092KCT6, STM32C092KCU6, STM32C092RBT6, STM32C092RCI6, STM32C092RCT6, STM32G071K8TXN, STM32G071K8UXN, STM32G081GBU6N, STM32G081KBT6N, STM32G081KBUXN, STM32G0B1CCT6N, STM32G0B1KCT6, STM32G0B1NEY6TR, STM32G0B1RCT6N, STM32G0C1CCT6, STM32G0C1CCT6N, STM32G0C1CCU6N, STM32G0C1CET6N, STM32G0C1CEU6N, STM32G0C1KCT6, STM32G0C1NEY6TR, STM32G0C1RCI6N, STM32G0C1RCT6N, STM32G0C1REI6N, STM32G0C1RET6N, STM32G0C1VCI6, STM32G0C1VEI6, STM32G411C6T3, STM32G411C6T6, STM32G411C6U3, STM32G411C6U6, STM32G411C8T3, STM32G411C8T6, STM32G411C8U3, STM32G411C8U6, STM32G411CBT3, STM32G411CBT6, STM32G411CBU3, STM32G411CBU6, STM32G411CCT3, STM32G411CCT6, STM32G411CCU3, STM32G411CCU6, STM32G411K6T3, STM32G411K6T6, STM32G411K6U3, STM32G411K6U6, STM32G411K8T3, STM32G411K8T6, STM32G411K8U3, STM32G411K8U6, STM32G411KBT3, STM32G411KBT6, STM32G411KBU3, STM32G411KBU6, STM32G411M6T3, STM32G411M6T6, STM32G411M8T3, STM32G411M8T6, STM32G411MBT3, STM32G411MBT6, STM32G411MCT3, STM32G411MCT6, STM32G411R6T3, STM32G411R6T6, STM32G411R8T3, STM32G411R8T6, STM32G411RBT3, STM32G411RBT6, STM32G411RCT3, STM32G411RCT6, STM32G414CBT3, STM32G414CBT6, STM32G414CBU3, STM32G414CBU6, STM32G414CCT3, STM32G414CCT6, STM32G414CCU3, STM32G414CCU6, STM32G414MBT3, STM32G414MBT6, STM32G414MCT3, STM32G414MCT6, STM32G414RBT3, STM32G414RBT6, STM32G414RCT3, STM32G414RCT6, STM32G414VBT3, STM32G414VBT6, STM32G414VCT3, STM32G414VCT6, STM32G431CBT3Z, STM32G431RBT3Z, STM32G471CCT6, STM32G471CCU6, STM32G471CET3, STM32G471CET6, STM32G471CEU3, STM32G471CEU6, STM32G471MCT6, STM32G471MET3, STM32G471MET6, STM32G471MEY6TR, STM32G471QCT6, STM32G471QET3, STM32G471RCT6, STM32G471RET3, STM32G471RET6, STM32G471VCH6, STM32G471VCI6, STM32G471VCT6, STM32G471VEH3, STM32G471VEH6, STM32G471VEI3, STM32G471VEI6, STM32G471VET3, STM32G471VET6, STM32G473QET3Z, STM32G473RET3Z, STM32G474CCT6, STM32G491RET3Z, STM32H503CBT6, STM32H503CBU6, STM32H503EBY6TR, STM32H503KBU6, STM32H503RBT6, STM32H523CCT6, STM32H523CCU6, STM32H523CET6, STM32H523CEU6, STM32H523HEY6TR, STM32H523RCT6, STM32H523RET6, STM32H523VCI6, STM32H523VCT6, STM32H523VEI6, STM32H523VET6, STM32H523ZCJ6, STM32H523ZCT6, STM32H523ZEJ6, STM32H523ZET6, STM32H533CET6, STM32H533CEU6, STM32H533HEY6TR, STM32H533RET6, STM32H533VEI6, STM32H533VET6, STM32H533ZEJ6, STM32H533ZET6, STM32H562AGI6, STM32H562AII6, STM32H562IGK6, STM32H562IGT6, STM32H562IIK6, STM32H562IIT6, STM32H562RGT6, STM32H562RGV6, STM32H562RIT6, STM32H562RIV6, STM32H562VGT6, STM32H562VIT6, STM32H562ZGT6, STM32H562ZIT6, STM32H563AGI6, STM32H563AII3Q, STM32H563AII6, STM32H563IGK6, STM32H563IGT6, STM32H563IIK3Q, STM32H563IIK6, STM32H563IIT3Q, STM32H563IIT6, STM32H563MIY3QTR, STM32H563RGT6, STM32H563RGV6, STM32H563RIT6, STM32H563RIV6, STM32H563VGT6, STM32H563VIT3Q, STM32H563VIT6, STM32H563ZGT6, STM32H563ZIT3Q, STM32H563ZIT6, STM32H573AII3Q, STM32H573AII6, STM32H573I-DK, STM32H573IIK3Q, STM32H573IIK6, STM32H573IIT3Q, STM32H573IIT6, STM32H573MIY3QTR, STM32H573RIT6, STM32H573RIV6, STM32H573VIT3Q, STM32H573VIT6, STM32H573ZIT3Q, STM32H573ZIT6, STM32H7R3A8I6, STM32H7R3I8K6, STM32H7R3I8T6, STM32H7R3L8H6, STM32H7R3L8H6H, STM32H7R3R8V6, STM32H7R3V8H6, STM32H7R3V8T6, STM32H7R3V8Y6TR, STM32H7R3Z8J6, STM32H7R3Z8T6, STM32H7R7A8I6, STM32H7R7I8K6, STM32H7R7I8T6, STM32H7R7L8H6, STM32H7R7L8H6H, STM32H7R7Z8J6, STM32H7S3A8I6, STM32H7S3I8K6, STM32H7S3I8T6, STM32H7S3L8H6, STM32H7S3L8H6H, STM32H7S3R8V6, STM32H7S3V8H6, STM32H7S3V8T6, STM32H7S3V8Y6TR, STM32H7S3Z8J6, STM32H7S3Z8T6, STM32H7S78-DK, STM32H7S7A8I6, STM32H7S7I8K6, STM32H7S7I8T6, STM32H7S7L8H6, STM32H7S7L8H6H, STM32H7S7Z8J6, STM32L4R5QGI6STR, STM32MP131AAE3, STM32MP131AAF3, STM32MP131AAG3, STM32MP131CAE3, STM32MP131CAF3, STM32MP131CAG3, STM32MP131DAE7, STM32MP131DAF7, STM32MP131DAG7, STM32MP131FAE7, STM32MP131FAF7, STM32MP131FAG7, STM32MP133AAE3, STM32MP133AAF3, STM32MP133AAG3, STM32MP133CAE3, STM32MP133CAF3, STM32MP133CAG3, STM32MP133DAE7, STM32MP133DAF7, STM32MP133DAG7, STM32MP133FAE7, STM32MP133FAF7, STM32MP133FAG7, STM32MP135AAE3, STM32MP135AAF3, STM32MP135AAG3, STM32MP135CAE3, STM32MP135CAF3, STM32MP135CAG3, STM32MP135DAE7, STM32MP135DAF7, STM32MP135DAG7, STM32MP135F-DK, STM32MP135FAE7, STM32MP135FAF7, STM32MP135FAF7T, STM32MP135FAF7U, STM32MP135FAG7, STM32MP231AAJ3, STM32MP231AAK3, STM32MP231AAL3, STM32MP231CAJ3, STM32MP231CAK3, STM32MP231CAL3, STM32MP231DAJ3, STM32MP231DAK3, STM32MP231DAL3, STM32MP231FAJ3, STM32MP231FAK3, STM32MP231FAL3, STM32MP233AAJ3, STM32MP233AAK3, STM32MP233AAL3, STM32MP233CAJ3, STM32MP233CAK3, STM32MP233CAL3, STM32MP233DAJ3, STM32MP233DAK3, STM32MP233DAL3, STM32MP233FAJ3, STM32MP233FAK3, STM32MP233FAL3, STM32MP235AAJ3, STM32MP235AAK3, STM32MP235AAL3, STM32MP235CAJ3, STM32MP235CAK3, STM32MP235CAL3, STM32MP235DAJ3, STM32MP235DAK3, STM32MP235DAL3, STM32MP235FAJ3, STM32MP235FAK3, STM32MP235FAL3, STM32MP251AAI3, STM32MP251AAJ3, STM32MP251AAK3, STM32MP251AAL3, STM32MP251CAI3, STM32MP251CAJ3, STM32MP251CAK3, STM32MP251CAL3, STM32MP251DAI3, STM32MP251DAJ3, STM32MP251DAK3, STM32MP251DAL3, STM32MP251FAI3, STM32MP251FAJ3, STM32MP251FAK3, STM32MP251FAL3, STM32MP253AAI3, STM32MP253AAJ3, STM32MP253AAK3, STM32MP253AAL3, STM32MP253CAI3, STM32MP253CAJ3, STM32MP253CAK3, STM32MP253CAL3, STM32MP253DAI3, STM32MP253DAJ3, STM32MP253DAK3, STM32MP253DAL3, STM32MP253FAI3, STM32MP253FAJ3, STM32MP253FAK3, STM32MP253FAL3, STM32MP255AAI3, STM32MP255AAJ3, STM32MP255AAK3, STM32MP255AAL3, STM32MP255CAI3, STM32MP255CAJ3, STM32MP255CAK3, STM32MP255CAL3, STM32MP255DAI3, STM32MP255DAJ3, STM32MP255DAK3, STM32MP255DAL3, STM32MP255FAI3, STM32MP255FAJ3, STM32MP255FAK3, STM32MP255FAL3, STM32MP257AAI3, STM32MP257AAJ3, STM32MP257AAK3, STM32MP257AAL3, STM32MP257CAI3, STM32MP257CAJ3, STM32MP257CAK3, STM32MP257CAL3, STM32MP257DAI3, STM32MP257DAJ3, STM32MP257DAK3, STM32MP257DAL3, STM32MP257F-DK, STM32MP257F-EV1, STM32MP257FAI3, STM32MP257FAJ3, STM32MP257FAK3, STM32MP257FAL3, STM32N645A0H3Q, STM32N645B0H3Q, STM32N645I0H3Q, STM32N645L0H3Q, STM32N645X0H3Q, STM32N645Z0H3Q, STM32N647A0H3Q, STM32N647B0H3Q, STM32N647I0H3Q, STM32N647L0H3Q, STM32N647X0H3Q, STM32N647Z0H3Q, STM32N655A0H3Q, STM32N655B0H3Q, STM32N655I0H3Q, STM32N655L0H3Q, STM32N655X0H3Q, STM32N655Z0H3Q, STM32N6570-DK, STM32N657A0H3Q, STM32N657B0H3Q, STM32N657I0H3Q, STM32N657L0H3Q, STM32N657X0H3Q, STM32N657Z0H3Q, STM32U031C6T6, STM32U031C6U6, STM32U031C8T6, STM32U031C8U6, STM32U031F4P6, STM32U031F6P6, STM32U031F8P6, STM32U031G6Y6TR, STM32U031G8Y6TR, STM32U031K4U6, STM32U031K6U6, STM32U031K8U6, STM32U031R6I6, STM32U031R6T6, STM32U031R8I6, STM32U031R8T6, STM32U073C8T6, STM32U073C8U6, STM32U073CBT6, STM32U073CBU6, STM32U073CCT6, STM32U073CCU6, STM32U073H8Y6TR, STM32U073HBY6TR, STM32U073HCY6TR, STM32U073K8U6, STM32U073KBU6, STM32U073KCU6, STM32U073M8I6, STM32U073M8T6, STM32U073MBI6, STM32U073MBT6, STM32U073MCI6, STM32U073MCT6, STM32U073R8I6, STM32U073R8T6, STM32U073RBI6, STM32U073RBT6, STM32U073RCI6, STM32U073RCT6, STM32U083C-DK, STM32U083CCT6, STM32U083CCU6, STM32U083HCY6TR, STM32U083KCU6, STM32U083MCI6, STM32U083MCT6, STM32U083RCI6, STM32U083RCT6, STM32U375CET6, STM32U375CET6Q, STM32U375CEU6, STM32U375CEU6Q, STM32U375CEY6QTR, STM32U375CGT6, STM32U375CGT6Q, STM32U375CGU6, STM32U375CGU6Q, STM32U375CGY6QTR, STM32U375KEU6, STM32U375KGU6, STM32U375REI6, STM32U375REI6Q, STM32U375RET6, STM32U375RET6Q, STM32U375REY6GTR, STM32U375REY6QTR, STM32U375RGI6, STM32U375RGI6Q, STM32U375RGT6, STM32U375RGT6Q, STM32U375RGY6GTR, STM32U375RGY6QTR, STM32U375VEI6, STM32U375VEI6Q, STM32U375VET6, STM32U375VET6Q, STM32U375VGI6, STM32U375VGI6Q, STM32U375VGT6, STM32U375VGT6Q, STM32U385CGT6, STM32U385CGT6Q, STM32U385CGU6, STM32U385CGU6Q, STM32U385CGY6QTR, STM32U385KGU6, STM32U385RGI6, STM32U385RGI6Q, STM32U385RGT6, STM32U385RGT6Q, STM32U385RGY6GTR, STM32U385RGY6QTR, STM32U385VGI6, STM32U385VGI6Q, STM32U385VGT6, STM32U385VGT6Q, STM32U535CBT6, STM32U535CBT6Q, STM32U535CBU6, STM32U535CBU6Q, STM32U535CCT6, STM32U535CCT6Q, STM32U535CCU6, STM32U535CCU6Q, STM32U535CET6, STM32U535CET6Q, STM32U535CEU6, STM32U535CEU6Q, STM32U535JEY6QTR, STM32U535NCY6QTR, STM32U535NEY6QTR, STM32U535RBI6, STM32U535RBI6Q, STM32U535RBT6, STM32U535RBT6Q, STM32U535RCI6, STM32U535RCI6Q, STM32U535RCT6, STM32U535RCT6Q, STM32U535REI6, STM32U535REI6Q, STM32U535RET6, STM32U535RET6Q, STM32U535VCI6, STM32U535VCI6Q, STM32U535VCT6, STM32U535VCT6Q, STM32U535VEI6, STM32U535VEI6Q, STM32U535VET6, STM32U535VET6Q, STM32U545CET6, STM32U545CET6Q, STM32U545CEU6, STM32U545CEU6Q, STM32U545JEY6QTR, STM32U545NEY6QTR, STM32U545REI6, STM32U545REI6Q, STM32U545RET6, STM32U545RET6Q, STM32U545VEI6, STM32U545VEI6Q, STM32U545VET6, STM32U545VET6Q, STM32U595AIH6, STM32U595AIH6Q, STM32U595AJH6, STM32U595AJH6Q, STM32U595QII6, STM32U595QII6Q, STM32U595QJI6, STM32U595QJI6Q, STM32U595RIT6, STM32U595RIT6Q, STM32U595RJT6, STM32U595RJT6Q, STM32U595VIT6, STM32U595VIT6Q, STM32U595VJT6, STM32U595VJT6Q, STM32U595ZIT6, STM32U595ZIT6Q, STM32U595ZIY6QTR, STM32U595ZJT6, STM32U595ZJT6Q, STM32U595ZJY6QTR, STM32U599BJY6QTR, STM32U599NIH6Q, STM32U599NJH6Q, STM32U599VIT6Q, STM32U599VJT6, STM32U599VJT6Q, STM32U599ZIT6Q, STM32U599ZIY6QTR, STM32U599ZJT6Q, STM32U599ZJY6QTR, STM32U5A5AJH6, STM32U5A5AJH6Q, STM32U5A5QII3Q , STM32U5A5QJI6, STM32U5A5QJI6Q, STM32U5A5RJT6, STM32U5A5RJT6Q, STM32U5A5VJT6, STM32U5A5VJT6Q, STM32U5A5ZJT6, STM32U5A5ZJT6Q, STM32U5A5ZJY6QTR, STM32U5A9BJY6QTR, STM32U5A9J-DK, STM32U5A9NJH6Q, STM32U5A9VJT6Q, STM32U5A9ZJT6Q, STM32U5A9ZJY6QTR, STM32U5F7VIT6, STM32U5F7VIT6Q, STM32U5F7VJT6, STM32U5F7VJT6Q, STM32U5F9BJY6QTR, STM32U5F9NJH6Q, STM32U5F9VIT6Q, STM32U5F9VJT6Q, STM32U5F9ZIJ6QTR, STM32U5F9ZIT6Q, STM32U5F9ZJJ6QTR, STM32U5F9ZJT6Q, STM32U5G7VJT6, STM32U5G7VJT6Q, STM32U5G9BJY6QTR, STM32U5G9J-DK1, STM32U5G9J-DK2, STM32U5G9NJH6Q, STM32U5G9VJT6Q, STM32U5G9ZJJ6QTR, STM32U5G9ZJT6Q, STM32WB05KZV6TR, STM32WB05KZV7TR, STM32WB05TZF6TR, STM32WB05TZF7TR, STM32WB06CCF6TR, STM32WB06CCF7TR, STM32WB06CCV6TR, STM32WB06CCV7TR, STM32WB06KCV6TR, STM32WB06KCV7TR, STM32WB07CCF6TR, STM32WB07CCF7TR, STM32WB07CCV6TR, STM32WB07CCV7TR, STM32WB07KCV6TR, STM32WB07KCV7TR, STM32WB09KEV6TR, STM32WB09KEV7TR, STM32WB09TEF6TR, STM32WB09TEF7TR, STM32WB1MMCH6, STM32WBA50KGU6, STM32WBA50KGU6TR, STM32WBA52CEU6, STM32WBA52CEU6TR, STM32WBA52CEU7, STM32WBA52CEU7TR, STM32WBA52CGU6, STM32WBA52CGU6TR, STM32WBA52CGU6U, STM32WBA52CGU7, STM32WBA52CGU7TR, STM32WBA52KEU6, STM32WBA52KEU6TR, STM32WBA52KGU6, STM32WBA52KGU6TR, STM32WBA54CEU6, STM32WBA54CEU6TR, STM32WBA54CEU7, STM32WBA54CEU7TR, STM32WBA54CGU6, STM32WBA54CGU6TR, STM32WBA54CGU7, STM32WBA54CGU7TR, STM32WBA54KEU6, STM32WBA54KEU6TR, STM32WBA54KEU7, STM32WBA54KEU7TR, STM32WBA54KGU6, STM32WBA54KGU6TR, STM32WBA54KGU7, STM32WBA54KGU7TR, STM32WBA55CEU6, STM32WBA55CEU6TR, STM32WBA55CEU7, STM32WBA55CEU7TR, STM32WBA55CGU6, STM32WBA55CGU6TR, STM32WBA55CGU6U, STM32WBA55CGU7, STM32WBA55CGU7TR, STM32WBA55G-DK1, STM32WBA55HEF6, STM32WBA55HEF7, STM32WBA55HGF6, STM32WBA55HGF7, STM32WBA55UEI6, STM32WBA55UEI6TR, STM32WBA55UEI7, STM32WBA55UEI7TR, STM32WBA55UGI6, STM32WBA55UGI6TR, STM32WBA55UGI7, STM32WBA55UGI7TR, STM32WBA5MJGH6TR, STM32WBA62CGU6, STM32WBA62CIU6, STM32WBA62MGF6, STM32WBA62MIF6, STM32WBA62PGI6, STM32WBA62PII6, STM32WBA63CGU6, STM32WBA63CGU7, STM32WBA63CIU6, STM32WBA63CIU7, STM32WBA64CGU6, STM32WBA64CGU7, STM32WBA64CIU6, STM32WBA64CIU7, STM32WBA65CGU6, STM32WBA65CGU7, STM32WBA65CIU6, STM32WBA65CIU7, STM32WBA65I-DK1, STM32WBA65MGF6, STM32WBA65MGF7, STM32WBA65MIF6, STM32WBA65MIF7, STM32WBA65PGI6, STM32WBA65PGI7, STM32WBA65PII6, STM32WBA65PII7, STM32WBA65RGV6, STM32WBA65RGV7, STM32WBA65RIV6, STM32WBA65RIV7, STM32WL30K8V6, STM32WL30KBV6, STM32WL31C8V6, STM32WL31CBV6, STM32WL31K8V6, STM32WL31KBV6, STM32WL33C8V6, STM32WL33C8V6TR, STM32WL33C8V7, STM32WL33C8V7TR, STM32WL33CBV6, STM32WL33CBV6TR, STM32WL33CBV7, STM32WL33CBV7TR, STM32WL33CCV6, STM32WL33CCV6TR, STM32WL33CCV7, STM32WL33CCV7A, STM32WL33CCV7ATR, STM32WL33CCV7TR, STM32WL33K8V6, STM32WL33K8V6TR, STM32WL33K8V7, STM32WL33K8V7TR, STM32WL33KBV6, STM32WL33KBV6TR, STM32WL33KBV7, STM32WL33KBV7TR, STM32WL33KCV6, STM32WL33KCV6TR, STM32WL33KCV7, STM32WL33KCV7TR, STM32WL5MOCH6, STM32WL5MOCH6TR]
2026-03-22 21:14:49,183 [INFO] DbMcus:218 - Found 4918 MCUs, 4918 are supported
2026-03-22 21:14:49,184 [INFO] ApiDb:423 - Load user favorites file C:\Users\German/.stm32cubeide/favorites.mcus.txt: 0 item(s)
2026-03-22 21:14:49,184 [INFO] ApiDb:427 - User favorites MCUs=[]
2026-03-22 21:14:49,184 [INFO] DbMcus:224 - Set 0 / 0 favorites MCUs
2026-03-22 21:14:50,119 [INFO] BoardInfo:889 - No configuration file found for board P-NUCLEO-WB55
2026-03-22 21:14:50,121 [INFO] DbBoards:161 - Kit is not supported: P-NUCLEO-WB55
2026-03-22 21:14:50,144 [INFO] BoardInfo:889 - No configuration file found for board STEVAL-BFA001V1B
2026-03-22 21:14:50,146 [INFO] DbBoards:161 - Kit is not supported: STEVAL-BFA001V1B
2026-03-22 21:14:50,148 [INFO] BoardInfo:889 - No configuration file found for board STEVAL-BFA001V2B
2026-03-22 21:14:50,150 [INFO] DbBoards:161 - Kit is not supported: STEVAL-BFA001V2B
2026-03-22 21:14:50,445 [INFO] BoardInfo:889 - No configuration file found for board STM32MP215F-DK
2026-03-22 21:14:50,446 [INFO] DbBoards:161 - Board is not supported: STM32MP215F-DK
2026-03-22 21:14:50,480 [INFO] DbBoards:168 - Found 212 boards, 208 are supported
2026-03-22 21:14:50,480 [INFO] DbBoards:169 - Found 212 boards, 43 of them is supported for  Bsp
2026-03-22 21:14:50,484 [INFO] ApiDb:423 - Load user favorites file C:\Users\German/.stm32cubeide/favorites.boards.txt: 1 item(s)
2026-03-22 21:14:50,485 [INFO] ApiDb:427 - User favorites Boards=[P-NUCLEO-WB55-NUCLEO]
2026-03-22 21:14:50,485 [INFO] DbBoards:198 - Set 1 / 1 favorites Boards
2026-03-22 21:14:50,528 [INFO] UtilMem:75 - End LoadConfig() Used Memory: 385320968 Bytes (444596224)
2026-03-22 21:14:50,723 [WARN] ThirdParty:833 - waiting for thirdparty lock release [change project]
2026-03-22 21:14:50,723 [INFO] ThirdParty:835 - entering critical section [change project]
2026-03-22 21:14:50,723 [INFO] ThirdParty:1030 - CMSIS Pack Vendor :STMicroelectronics X-CUBE-AZRTOS-H7 3.5.0
2026-03-22 21:14:50,723 [INFO] ThirdParty:1030 - CMSIS Pack Vendor :STMicroelectronics X-CUBE-PM33A1 1.0.0
2026-03-22 21:14:50,723 [INFO] ThirdParty:1030 - CMSIS Pack Vendor :STMicroelectronics USBPD 4.1
2026-03-22 21:14:50,723 [INFO] ThirdParty:1030 - CMSIS Pack Vendor :STMicroelectronics USB_HOST 2.0.0
2026-03-22 21:14:50,723 [INFO] ThirdParty:1030 - CMSIS Pack Vendor :STMicroelectronics FP-SNS-MOTENVWB1 1.4.0
2026-03-22 21:14:50,723 [INFO] ThirdParty:1030 - CMSIS Pack Vendor :STMicroelectronics X-CUBE-AZRTOS-F4 1.1.0
2026-03-22 21:14:50,723 [INFO] ThirdParty:1030 - CMSIS Pack Vendor :STMicroelectronics LIBJPEG 8.0.0
2026-03-22 21:14:50,723 [INFO] ThirdParty:1030 - CMSIS Pack Vendor :STMicroelectronics FP-ATR-ASTRA1 2.0.2
2026-03-22 21:14:50,723 [INFO] ThirdParty:1030 - CMSIS Pack Vendor :Avnet-IotConnect X-CUBE-IoTC-DA16k-PMOD 1.0.0
2026-03-22 21:14:50,723 [INFO] ThirdParty:1030 - CMSIS Pack Vendor :STMicroelectronics X-CUBE-SMBUS 2.1.0
2026-03-22 21:14:50,723 [INFO] ThirdParty:1030 - CMSIS Pack Vendor :STMicroelectronics X-CUBE-WB05N 1.1.0
2026-03-22 21:14:50,723 [INFO] ThirdParty:1030 - CMSIS Pack Vendor :STMicroelectronics X-CUBE-ISPU 2.1.0
2026-03-22 21:14:50,724 [INFO] ThirdParty:1030 - CMSIS Pack Vendor :STMicroelectronics X-CUBE-ST60 1.0.0
2026-03-22 21:14:50,724 [INFO] ThirdParty:1030 - CMSIS Pack Vendor :STMicroelectronics X-CUBE-NFC12 1.0.0
2026-03-22 21:14:50,724 [INFO] ThirdParty:1030 - CMSIS Pack Vendor :STMicroelectronics X-CUBE-AZRTOS-F7 1.1.0
2026-03-22 21:14:50,724 [INFO] ThirdParty:1030 - CMSIS Pack Vendor :STMicroelectronics X-CUBE-AZRTOS-L5 2.0.0
2026-03-22 21:14:50,724 [INFO] ThirdParty:1030 - CMSIS Pack Vendor :STMicroelectronics USB_DEVICE 2.0.0
2026-03-22 21:14:50,724 [INFO] ThirdParty:1030 - CMSIS Pack Vendor :STMicroelectronics X-CUBE-NFC6 3.1.0
2026-03-22 21:14:50,724 [INFO] ThirdParty:1030 - CMSIS Pack Vendor :STMicroelectronics FreeRTOS 0.0.1
2026-03-22 21:14:50,724 [INFO] ThirdParty:1030 - CMSIS Pack Vendor :STMicroelectronics X-CUBE-DPower 1.2.0
2026-03-22 21:14:50,724 [INFO] ThirdParty:1030 - CMSIS Pack Vendor :Infineon AIROC-Wi-Fi-Bluetooth-STM32 1.7.0
2026-03-22 21:14:50,724 [INFO] ThirdParty:1030 - CMSIS Pack Vendor :STMicroelectronics PDM2PCM 3.3.0
2026-03-22 21:14:50,724 [INFO] ThirdParty:1030 - CMSIS Pack Vendor :STMicroelectronics X-CUBE-AZRTOS-H7 3.4.0
2026-03-22 21:14:50,724 [INFO] ThirdParty:1030 - CMSIS Pack Vendor :STMicroelectronics X-CUBE-DISPLAY 3.0.0
2026-03-22 21:14:50,724 [INFO] ThirdParty:1030 - CMSIS Pack Vendor :STMicroelectronics X-CUBE-NFC10 1.0.0
2026-03-22 21:14:50,724 [INFO] ThirdParty:1030 - CMSIS Pack Vendor :STMicroelectronics X-CUBE-BLEMGR 4.0.0
2026-03-22 21:14:50,724 [INFO] ThirdParty:1030 - CMSIS Pack Vendor :STMicroelectronics X-CUBE-FREERTOS 1.3.1
2026-03-22 21:14:50,724 [INFO] ThirdParty:1030 - CMSIS Pack Vendor :STMicroelectronics HAL Drivers 0.0.0
2026-03-22 21:14:50,724 [INFO] ThirdParty:1030 - CMSIS Pack Vendor :STMicroelectronics X-CUBE-ST60 1.1.0
2026-03-22 21:14:50,724 [INFO] ThirdParty:1030 - CMSIS Pack Vendor :emotas I-CUBE-CANOPEN 1.3.0
2026-03-22 21:14:50,724 [INFO] ThirdParty:1030 - CMSIS Pack Vendor :STMicroelectronics X-CUBE-FREERTOS 1.3.0
2026-03-22 21:14:50,724 [INFO] ThirdParty:1030 - CMSIS Pack Vendor :STMicroelectronics X-CUBE-NFC7 1.0.1
2026-03-22 21:14:50,724 [INFO] ThirdParty:1030 - CMSIS Pack Vendor :STMicroelectronics MBEDTLS 2.14.1
2026-03-22 21:14:50,724 [INFO] ThirdParty:1030 - CMSIS Pack Vendor :STMicroelectronics X-CUBE-GNSS1 7.1.0
2026-03-22 21:14:50,724 [INFO] ThirdParty:1030 - CMSIS Pack Vendor :STMicroelectronics X-CUBE-TOUCHGFX 4.26.0
2026-03-22 21:14:50,724 [INFO] ThirdParty:1030 - CMSIS Pack Vendor :STMicroelectronics X-CUBE-TOUCHGFX 4.26.1
2026-03-22 21:14:50,724 [INFO] ThirdParty:1030 - CMSIS Pack Vendor :quantropi X-CUBE-qispace-sdk-base 2.0.0
2026-03-22 21:14:50,724 [INFO] ThirdParty:1030 - CMSIS Pack Vendor :STMicroelectronics X-CUBE-AI 10.0.0
2026-03-22 21:14:50,724 [INFO] ThirdParty:1030 - CMSIS Pack Vendor :STMicroelectronics FP-SNS-STAIOTCFT 1.0.0
2026-03-22 21:14:50,724 [INFO] ThirdParty:1030 - CMSIS Pack Vendor :STMicroelectronics FP-SNS-SMARTAG2 1.2.0
2026-03-22 21:14:50,724 [INFO] ThirdParty:1030 - CMSIS Pack Vendor :STMicroelectronics FP-SNS-FLIGHT1 5.1.0
2026-03-22 21:14:50,724 [INFO] ThirdParty:1030 - CMSIS Pack Vendor :STMicroelectronics X-CUBE-MEMS1 11.1.0
2026-03-22 21:14:50,724 [INFO] ThirdParty:1030 - CMSIS Pack Vendor :STMicroelectronics X-CUBE-AZRTOS-WL 2.0.0
2026-03-22 21:14:50,724 [INFO] ThirdParty:1030 - CMSIS Pack Vendor :STMicroelectronics X-CUBE-DPower 1.3.0
2026-03-22 21:14:50,724 [INFO] ThirdParty:1030 - CMSIS Pack Vendor :STMicroelectronics FP-SNS-MOTENV1 5.0.0
2026-03-22 21:14:50,724 [INFO] ThirdParty:1030 - CMSIS Pack Vendor :STMicroelectronics USB_DEVICE 1.0.0
2026-03-22 21:14:50,724 [INFO] ThirdParty:1030 - CMSIS Pack Vendor :STMicroelectronics X-CUBE-AZRTOS-H7RS 1.2.0
2026-03-22 21:14:50,724 [INFO] ThirdParty:1030 - CMSIS Pack Vendor :STMicroelectronics X-CUBE-AZRTOS-L4 2.0.0
2026-03-22 21:14:50,724 [INFO] ThirdParty:1030 - CMSIS Pack Vendor :STMicroelectronics ThreadX 0.0.2
2026-03-22 21:14:50,724 [INFO] ThirdParty:1030 - CMSIS Pack Vendor :WES I-CUBE-Cesium 1.3.0
2026-03-22 21:14:50,724 [INFO] ThirdParty:1030 - CMSIS Pack Vendor :STMicroelectronics lwIP 2.1.2
2026-03-22 21:14:50,725 [INFO] ThirdParty:1030 - CMSIS Pack Vendor :STMicroelectronics X-CUBE-SFXS2LP1 4.0.0
2026-03-22 21:14:50,725 [INFO] ThirdParty:1030 - CMSIS Pack Vendor :STMicroelectronics X-CUBE-BLE2 3.3.0
2026-03-22 21:14:50,725 [INFO] ThirdParty:1030 - CMSIS Pack Vendor :Avnet-IOTCONNECT X-CUBE-iotc-st67-sdk 1.0.0
2026-03-22 21:14:50,725 [INFO] ThirdParty:1030 - CMSIS Pack Vendor :STMicroelectronics PDM2PCM 3.2.0
2026-03-22 21:14:50,725 [INFO] ThirdParty:1030 - CMSIS Pack Vendor :STMicroelectronics X-CUBE-AZRTOS-H7 3.3.0
2026-03-22 21:14:50,725 [INFO] ThirdParty:1030 - CMSIS Pack Vendor :STMicroelectronics X-CUBE-NFC9 1.0.0
2026-03-22 21:14:50,725 [INFO] ThirdParty:1030 - CMSIS Pack Vendor :STMicroelectronics X-CUBE-BLE1 7.1.0
2026-03-22 21:14:50,725 [INFO] ThirdParty:1030 - CMSIS Pack Vendor :wolfSSL I-CUBE-wolfMQTT 1.19.2
2026-03-22 21:14:50,725 [INFO] ThirdParty:1030 - CMSIS Pack Vendor :STMicroelectronics USB_DEVICE 3.0.0
2026-03-22 21:14:50,725 [INFO] ThirdParty:1030 - CMSIS Pack Vendor :STMicroelectronics X-CUBE-EEPRMA1 5.2.0
2026-03-22 21:14:50,725 [INFO] ThirdParty:1030 - CMSIS Pack Vendor :STMicroelectronics X-CUBE-BLEMGR 4.1.0
2026-03-22 21:14:50,725 [INFO] ThirdParty:1030 - CMSIS Pack Vendor :STMicroelectronics X-CUBE-AZRTOS-WB 2.0.0
2026-03-22 21:14:50,725 [INFO] ThirdParty:1030 - CMSIS Pack Vendor :STMicroelectronics X-CUBE-GNSS1 7.0.1
2026-03-22 21:14:50,725 [INFO] ThirdParty:1030 - CMSIS Pack Vendor :STMicroelectronics X-CUBE-TOUCHGFX 4.25.0
2026-03-22 21:14:50,725 [INFO] ThirdParty:1030 - CMSIS Pack Vendor :STMicroelectronics X-CUBE-AI 10.1.0
2026-03-22 21:14:50,725 [INFO] ThirdParty:1030 - CMSIS Pack Vendor :STMicroelectronics FP-SNS-STBOX1 2.0.0
2026-03-22 21:14:50,725 [INFO] ThirdParty:1030 - CMSIS Pack Vendor :STMicroelectronics X-CUBE-MEMS1 12.0.0
2026-03-22 21:14:50,725 [INFO] ThirdParty:1030 - CMSIS Pack Vendor :STMicroelectronics X-CUBE-STSE01 2.0.0
2026-03-22 21:14:50,725 [INFO] ThirdParty:1030 - CMSIS Pack Vendor :STMicroelectronics X-CUBE-MEMS1 11.2.0
2026-03-22 21:14:50,725 [INFO] ThirdParty:1030 - CMSIS Pack Vendor :STMicroelectronics X-CUBE-AZRTOS-G0 1.1.0
2026-03-22 21:14:50,725 [INFO] ThirdParty:1030 - CMSIS Pack Vendor :STMicroelectronics X-CUBE-SAFEA1 1.2.2
2026-03-22 21:14:50,725 [INFO] ThirdParty:1030 - CMSIS Pack Vendor :STMicroelectronics X-CUBE-NFC4 3.0.0
2026-03-22 21:14:50,725 [INFO] ThirdParty:1030 - CMSIS Pack Vendor :STMicroelectronics X-CUBE-SUBG2 5.0.0
2026-03-22 21:14:50,725 [INFO] ThirdParty:1030 - CMSIS Pack Vendor :STMicroelectronics X-CUBE-AZRTOS-H7RS 1.1.0
2026-03-22 21:14:50,725 [INFO] ThirdParty:1030 - CMSIS Pack Vendor :STMicroelectronics STM32_WPAN 1.0.0
2026-03-22 21:14:50,725 [INFO] ThirdParty:1030 - CMSIS Pack Vendor :EmbeddedOffice I-CUBE-FS-RTOS 1.0.1
2026-03-22 21:14:50,725 [INFO] ThirdParty:1030 - CMSIS Pack Vendor :STMicroelectronics lwIP 2.0.3
2026-03-22 21:14:50,725 [INFO] ThirdParty:1030 - CMSIS Pack Vendor :Cesanta I-CUBE-Mongoose 7.13.0
2026-03-22 21:14:50,725 [INFO] ThirdParty:1030 - CMSIS Pack Vendor :STMicroelectronics USB_HOST 1.0.0
2026-03-22 21:14:50,725 [INFO] ThirdParty:1030 - CMSIS Pack Vendor :STMicroelectronics X-CUBE-AZRTOS-G4 2.0.0
2026-03-22 21:14:50,725 [INFO] ThirdParty:1030 - CMSIS Pack Vendor :STMicroelectronics X-CUBE-WB05N 2.0.0
2026-03-22 21:14:50,725 [INFO] ThirdParty:1030 - CMSIS Pack Vendor :STMicroelectronics PDM2PCM 3.1.0
2026-03-22 21:14:50,726 [INFO] ThirdParty:1030 - CMSIS Pack Vendor :wolfSSL I-CUBE-wolfTPM 3.8.0
2026-03-22 21:14:50,726 [INFO] ThirdParty:1030 - CMSIS Pack Vendor :wolfSSL I-CUBE-wolfSSH 1.4.20
2026-03-22 21:14:50,726 [INFO] ThirdParty:1030 - CMSIS Pack Vendor :STMicroelectronics X-CUBE-NFC7 2.0.0
2026-03-22 21:14:50,726 [INFO] ThirdParty:1030 - CMSIS Pack Vendor :STMicroelectronics X-CUBE-TCPP 4.2.0
2026-03-22 21:14:50,726 [INFO] ThirdParty:1030 - CMSIS Pack Vendor :RealThread X-CUBE-RT-Thread_Nano 4.1.1
2026-03-22 21:14:50,726 [INFO] ThirdParty:1030 - CMSIS Pack Vendor :STMicroelectronics FP-ATR-SIGFOX1 3.2.0
2026-03-22 21:14:50,726 [INFO] ThirdParty:1030 - CMSIS Pack Vendor :STMicroelectronics X-CUBE-EEPRMA1 5.1.0
2026-03-22 21:14:50,726 [INFO] ThirdParty:1030 - CMSIS Pack Vendor :STMicroelectronics MBEDTLS 2.16.2
2026-03-22 21:14:50,726 [INFO] ThirdParty:1030 - CMSIS Pack Vendor :STMicroelectronics X-CUBE-IPS 3.1.0
2026-03-22 21:14:50,726 [INFO] ThirdParty:1030 - CMSIS Pack Vendor :STMicroelectronics X-CUBE-ALS 1.0.2
2026-03-22 21:14:50,726 [INFO] ThirdParty:1030 - CMSIS Pack Vendor :wolfSSL I-CUBE-wolfSSL 5.7.6
2026-03-22 21:14:50,726 [INFO] ThirdParty:1030 - CMSIS Pack Vendor :ITTIA_DB I-CUBE-ITTIADB 8.9.0
2026-03-22 21:14:50,726 [INFO] ThirdParty:1030 - CMSIS Pack Vendor :STMicroelectronics X-CUBE-STSE01 1.0.0
2026-03-22 21:14:50,726 [INFO] ThirdParty:1030 - CMSIS Pack Vendor :portGmbH I-Cube-SoM-uGOAL 1.1.0
2026-03-22 21:14:50,726 [INFO] ThirdParty:1030 - CMSIS Pack Vendor :STMicroelectronics X-CUBE-NFC6 3.2.0
2026-03-22 21:14:50,726 [INFO] ThirdParty:1030 - CMSIS Pack Vendor :STMicroelectronics X-CUBE-ST67W61 1.0.0
2026-03-22 21:14:50,726 [INFO] ThirdParty:1030 - CMSIS Pack Vendor :STMicroelectronics X-CUBE-AI 10.2.0
2026-03-22 21:14:50,726 [INFO] ThirdParty:1030 - CMSIS Pack Vendor :STMicroelectronics ThreadX 1.0.0
2026-03-22 21:14:50,726 [INFO] ThirdParty:1030 - CMSIS Pack Vendor :SEGGER I-CUBE-embOS 1.3.1
2026-03-22 21:14:50,727 [INFO] ThirdParty:1030 - CMSIS Pack Vendor :STMicroelectronics X-CUBE-ALGOBUILD 1.4.0
2026-03-22 21:14:50,727 [INFO] ThirdParty:1030 - CMSIS Pack Vendor :STMicroelectronics X-CUBE-MEMS1 11.3.0
2026-03-22 21:14:50,727 [INFO] ThirdParty:1030 - CMSIS Pack Vendor :STMicroelectronics X-CUBE-TOF1 3.4.2
2026-03-22 21:14:50,727 [INFO] ThirdParty:1030 - CMSIS Pack Vendor :STMicroelectronics X-CUBE-TOF1 3.4.3
2026-03-22 21:14:50,727 [INFO] ThirdParty:841 - exiting critical section [change project]
2026-03-22 21:14:51,388 [INFO] PinOutPanel:1589 - setPackage(No Configuration,No Configuration)
2026-03-22 21:14:51,390 [INFO] PinOutPanel:1589 - setPackage(STM32L476RGTx,LQFP64)
2026-03-22 21:14:52,013 [INFO] UtilMem:75 - Before build in PCC Used Memory: 275517816 Bytes (444596224)
2026-03-22 21:14:52,679 [INFO] UtilMem:75 - After build in PCC Used Memory: 378278264 Bytes (444596224)
2026-03-22 21:14:52,699 [INFO] IPUIPlugin:80 - create IPUIPlugin
2026-03-22 21:14:52,699 [INFO] IPUIPlugin:80 - create IPUIPlugin
2026-03-22 21:14:52,699 [INFO] IPUIPlugin:80 - create IPUIPlugin
2026-03-22 21:14:52,699 [INFO] IPUIPlugin:80 - create IPUIPlugin
2026-03-22 21:14:52,699 [INFO] IPUIPlugin:80 - create IPUIPlugin
2026-03-22 21:14:52,699 [INFO] IPUIPlugin:80 - create IPUIPlugin
2026-03-22 21:14:52,699 [INFO] IPUIPlugin:80 - create IPUIPlugin
2026-03-22 21:14:52,699 [INFO] IPUIPlugin:80 - create IPUIPlugin
2026-03-22 21:14:52,699 [INFO] IPUIPlugin:80 - create IPUIPlugin
2026-03-22 21:14:52,699 [INFO] IPUIPlugin:80 - create IPUIPlugin
2026-03-22 21:14:52,699 [INFO] IPUIPlugin:80 - create IPUIPlugin
2026-03-22 21:14:52,699 [INFO] IPUIPlugin:80 - create IPUIPlugin
2026-03-22 21:14:52,699 [INFO] IPUIPlugin:80 - create IPUIPlugin
2026-03-22 21:14:52,699 [INFO] IPUIPlugin:80 - create IPUIPlugin
2026-03-22 21:14:52,699 [INFO] IPUIPlugin:80 - create IPUIPlugin
2026-03-22 21:14:52,699 [INFO] IPUIPlugin:80 - create IPUIPlugin
2026-03-22 21:14:52,699 [INFO] IPUIPlugin:80 - create IPUIPlugin
2026-03-22 21:14:52,699 [INFO] IPUIPlugin:80 - create IPUIPlugin
2026-03-22 21:14:52,699 [INFO] IPUIPlugin:80 - create IPUIPlugin
2026-03-22 21:14:52,700 [INFO] IPUIPlugin:80 - create IPUIPlugin
2026-03-22 21:14:52,700 [INFO] IPUIPlugin:80 - create IPUIPlugin
2026-03-22 21:14:52,700 [INFO] IPUIPlugin:80 - create IPUIPlugin
2026-03-22 21:14:52,700 [INFO] IPUIPlugin:80 - create IPUIPlugin
2026-03-22 21:14:52,700 [INFO] IPUIPlugin:80 - create IPUIPlugin
2026-03-22 21:14:52,700 [INFO] IPUIPlugin:80 - create IPUIPlugin
2026-03-22 21:14:52,700 [INFO] IPUIPlugin:80 - create IPUIPlugin
2026-03-22 21:14:52,700 [INFO] IPUIPlugin:80 - create IPUIPlugin
2026-03-22 21:14:52,700 [INFO] IPUIPlugin:80 - create IPUIPlugin
2026-03-22 21:14:52,700 [INFO] IPUIPlugin:80 - create IPUIPlugin
2026-03-22 21:14:52,700 [INFO] IPUIPlugin:80 - create IPUIPlugin
2026-03-22 21:14:52,701 [INFO] IPUIPlugin:80 - create IPUIPlugin
2026-03-22 21:14:52,701 [INFO] IPUIPlugin:80 - create IPUIPlugin
2026-03-22 21:14:52,701 [INFO] IPUIPlugin:80 - create IPUIPlugin
2026-03-22 21:14:52,701 [INFO] IPUIPlugin:80 - create IPUIPlugin
2026-03-22 21:14:52,701 [INFO] IPUIPlugin:80 - create IPUIPlugin
2026-03-22 21:14:52,701 [INFO] IPUIPlugin:80 - create IPUIPlugin
2026-03-22 21:14:52,701 [INFO] IPUIPlugin:80 - create IPUIPlugin
2026-03-22 21:14:52,701 [INFO] IPUIPlugin:80 - create IPUIPlugin
2026-03-22 21:14:52,701 [INFO] IPUIPlugin:80 - create IPUIPlugin
2026-03-22 21:14:52,701 [INFO] IPUIPlugin:80 - create IPUIPlugin
2026-03-22 21:14:52,702 [INFO] IPUIPlugin:80 - create IPUIPlugin
2026-03-22 21:14:52,702 [INFO] IPUIPlugin:80 - create IPUIPlugin
2026-03-22 21:14:52,702 [INFO] IPUIPlugin:80 - create IPUIPlugin
2026-03-22 21:14:52,702 [INFO] IPUIPlugin:80 - create IPUIPlugin
2026-03-22 21:14:52,702 [INFO] IPUIPlugin:80 - create IPUIPlugin
2026-03-22 21:14:52,702 [INFO] IPUIPlugin:80 - create IPUIPlugin
2026-03-22 21:14:52,702 [INFO] IPUIPlugin:80 - create IPUIPlugin
2026-03-22 21:14:52,702 [INFO] IPUIPlugin:80 - create IPUIPlugin
2026-03-22 21:14:52,702 [INFO] IPUIPlugin:80 - create IPUIPlugin
2026-03-22 21:14:52,703 [INFO] IPUIPlugin:80 - create IPUIPlugin
2026-03-22 21:14:52,703 [INFO] IPUIPlugin:80 - create IPUIPlugin
2026-03-22 21:14:52,703 [INFO] IPUIPlugin:80 - create IPUIPlugin
2026-03-22 21:14:52,703 [INFO] IPUIPlugin:80 - create IPUIPlugin
2026-03-22 21:14:52,704 [INFO] IPUIPlugin:80 - create IPUIPlugin
2026-03-22 21:14:52,704 [INFO] IPUIPlugin:80 - create IPUIPlugin
2026-03-22 21:14:52,704 [INFO] IPUIPlugin:80 - create IPUIPlugin
2026-03-22 21:14:52,705 [INFO] IPUIPlugin:80 - create IPUIPlugin
2026-03-22 21:14:52,705 [INFO] IPUIPlugin:80 - create IPUIPlugin
2026-03-22 21:14:52,705 [INFO] IPUIPlugin:80 - create IPUIPlugin
2026-03-22 21:14:52,878 [INFO] CADModel:165 - CPN selected for project levelSTM32L476RGT3
2026-03-22 21:14:52,879 [INFO] CADModel:114 - Register for checkConnection events
2026-03-22 21:14:52,917 [INFO] OpenFileManager:385 - Restore cursor
2026-03-22 21:58:29,954 [ERROR] LogOutputStream:75 - [STDERR_REDIRECT] 
2026-03-22 21:58:29,954 [ERROR] LogOutputStream:75 - [STDERR_REDIRECT] 
