2026-03-28 19:30:30,621 [INFO] Activator:176 - 


2026-03-28 19:30:30,624 [INFO] Activator:177 - !SESSION log4j initialized
2026-03-28 19:30:34,724 [INFO] LogOutputStream:77 - [STDOUT_REDIRECT] 
2026-03-28 19:30:35,628 [INFO] ApplicationProperties:184 - Using Application install path: C:\ST\STM32CubeIDE_1.18.1\STM32CubeIDE\plugins\com.st.stm32cube.common.mx_6.14.1.202504091515
2026-03-28 19:30:35,644 [INFO] DbMcusXml:78 - Set database path to: C:\ST\STM32CubeIDE_1.18.1\STM32CubeIDE\plugins\com.st.stm32cube.common.mx_6.14.1.202504091515\\db\/mcu/
2026-03-28 19:30:35,644 [INFO] ApiDb:274 - Set plugin database path to: C:\ST\STM32CubeIDE_1.18.1\STM32CubeIDE\plugins\com.st.stm32cube.common.mx_6.14.1.202504091515\\db\/plugins/boardmanager/
2026-03-28 19:30:35,644 [WARN] ApiDb:259 - Overriding images path with different value:  => C:\ST\STM32CubeIDE_1.18.1\STM32CubeIDE\plugins\com.st.stm32cube.common.mx_6.14.1.202504091515\\db\/plugins/mcufinder/images/
2026-03-28 19:30:35,650 [INFO] ApiDb:250 - Set database path to: C:\Users\German\.stmcufinder\plugins\mcufinder//mcu/
2026-03-28 19:30:35,651 [INFO] DbMcusAds:125 - Set database path to: C:\Users\German\.stmcufinder\plugins\mcufinder//mcu/
2026-03-28 19:30:35,652 [INFO] CrossReferenceDbSqlite:203 - Set database path to: C:\Users\German\.stmcufinder\plugins\mcufinder//mcu/cs/
2026-03-28 19:30:35,751 [INFO] RulesReader:64 - Compatibility file has been processed (302 Rules)
2026-03-28 19:30:35,831 [INFO] DbMcusXml:78 - Set database path to: C:\ST\STM32CubeIDE_1.18.1\STM32CubeIDE\plugins\com.st.stm32cube.common.mx_6.14.1.202504091515\\db\/mcu/
2026-03-28 19:30:35,831 [INFO] ApiDb:274 - Set plugin database path to: C:\ST\STM32CubeIDE_1.18.1\STM32CubeIDE\plugins\com.st.stm32cube.common.mx_6.14.1.202504091515\\db\/plugins/boardmanager/
2026-03-28 19:30:35,831 [INFO] ApiDb:261 - Set plugin images path to: C:\ST\STM32CubeIDE_1.18.1\STM32CubeIDE\plugins\com.st.stm32cube.common.mx_6.14.1.202504091515\\db\/plugins/mcufinder/images/
2026-03-28 19:30:35,832 [WARN] DbFile:41 - Overriding database path with different value: C:\Users\German\.stmcufinder\plugins\mcufinder/ => C:\Users\German\.stmcufinder\plugins\mcufinder
2026-03-28 19:30:35,832 [INFO] ApiDb:250 - Set database path to: C:\Users\German\.stmcufinder\plugins\mcufinder//mcu/
2026-03-28 19:30:35,832 [WARN] DbFile:41 - Overriding database path with different value: C:\Users\German\.stmcufinder\plugins\mcufinder/ => C:\Users\German\.stmcufinder\plugins\mcufinder
2026-03-28 19:30:35,832 [INFO] DbMcusAds:125 - Set database path to: C:\Users\German\.stmcufinder\plugins\mcufinder//mcu/
2026-03-28 19:30:35,832 [WARN] DbFile:41 - Overriding database path with different value: C:\Users\German\.stmcufinder\plugins\mcufinder/ => C:\Users\German\.stmcufinder\plugins\mcufinder
2026-03-28 19:30:35,832 [WARN] DbFile:41 - Overriding database path with different value: C:\Users\German\.stmcufinder\plugins\mcufinder/ => C:\Users\German\.stmcufinder\plugins\mcufinder
2026-03-28 19:30:35,832 [INFO] CrossReferenceDbSqlite:203 - Set database path to: C:\Users\German\.stmcufinder\plugins\mcufinder//mcu/cs/
2026-03-28 19:30:35,897 [INFO] MainPanel:272 - HeapMemory: 268435456
2026-03-28 19:30:35,969 [INFO] DbMcusXml:78 - Set database path to: C:\ST\STM32CubeIDE_1.18.1\STM32CubeIDE\plugins\com.st.stm32cube.common.mx_6.14.1.202504091515\\db\/mcu/
2026-03-28 19:30:35,969 [INFO] ApiDb:274 - Set plugin database path to: C:\ST\STM32CubeIDE_1.18.1\STM32CubeIDE\plugins\com.st.stm32cube.common.mx_6.14.1.202504091515\\db\/plugins/boardmanager/
2026-03-28 19:30:35,969 [INFO] ApiDb:261 - Set plugin images path to: C:\ST\STM32CubeIDE_1.18.1\STM32CubeIDE\plugins\com.st.stm32cube.common.mx_6.14.1.202504091515\\db\/plugins/mcufinder/images/
2026-03-28 19:30:35,969 [WARN] DbFile:41 - Overriding database path with different value: C:\Users\German\.stmcufinder\plugins\mcufinder/ => C:\Users\German\.stmcufinder\plugins\mcufinder
2026-03-28 19:30:35,969 [INFO] ApiDb:250 - Set database path to: C:\Users\German\.stmcufinder\plugins\mcufinder//mcu/
2026-03-28 19:30:35,969 [WARN] DbFile:41 - Overriding database path with different value: C:\Users\German\.stmcufinder\plugins\mcufinder/ => C:\Users\German\.stmcufinder\plugins\mcufinder
2026-03-28 19:30:35,969 [INFO] DbMcusAds:125 - Set database path to: C:\Users\German\.stmcufinder\plugins\mcufinder//mcu/
2026-03-28 19:30:35,970 [WARN] DbFile:41 - Overriding database path with different value: C:\Users\German\.stmcufinder\plugins\mcufinder/ => C:\Users\German\.stmcufinder\plugins\mcufinder
2026-03-28 19:30:35,970 [WARN] DbFile:41 - Overriding database path with different value: C:\Users\German\.stmcufinder\plugins\mcufinder/ => C:\Users\German\.stmcufinder\plugins\mcufinder
2026-03-28 19:30:35,970 [INFO] CrossReferenceDbSqlite:203 - Set database path to: C:\Users\German\.stmcufinder\plugins\mcufinder//mcu/cs/
2026-03-28 19:30:35,981 [INFO] ApplicationProperties:184 - Using Application install path: C:\ST\STM32CubeIDE_1.18.1\STM32CubeIDE\plugins\com.st.stm32cube.common.mx_6.14.1.202504091515
2026-03-28 19:30:35,982 [INFO] PluginManage:196 - Search for loadable plugins [exclusion list=, ]
2026-03-28 19:30:35,982 [INFO] PluginManage:310 - Check plugin analytics
2026-03-28 19:30:36,116 [INFO] AnalyticsPlugin:253 - Accepted Software Licenses: STM32CubeMX.6.14.1,STM32CubeMX.6.17.0
2026-03-28 19:30:36,116 [INFO] AnalyticsPlugin:255 - Accepted CMSIS Pack Licenses: 
2026-03-28 19:30:36,116 [INFO] AnalyticsPlugin:257 - Accepted Firmware Licenses: FW.WB.1.17.0,FW.WB.1.22.0,FW.L4.1.18.0,FW.WB.1.13.0,FW.WB.1.23.0,FW.WB.1.24.0
2026-03-28 19:30:36,119 [INFO] PluginManage:359 - Loaded plugin analytics (category:tool,tabindex:-1)
2026-03-28 19:30:36,119 [INFO] PluginManage:310 - Check plugin cadmodel
2026-03-28 19:30:36,123 [INFO] CADModel:105 - Init CAD model plugin
2026-03-28 19:30:36,123 [INFO] PluginManage:359 - Loaded plugin cadmodel (category:power,tabindex:5)
2026-03-28 19:30:36,124 [INFO] PluginManage:310 - Check plugin clock
2026-03-28 19:30:36,132 [INFO] PluginManage:359 - Loaded plugin clock (category:base,tabindex:2)
2026-03-28 19:30:36,132 [INFO] PluginManage:310 - Check plugin ddr
2026-03-28 19:30:36,134 [INFO] PluginManage:359 - Loaded plugin ddr (category:tool,tabindex:6)
2026-03-28 19:30:36,134 [INFO] PluginManage:310 - Check plugin filemanager
2026-03-28 19:30:36,244 [INFO] PluginManage:359 - Loaded plugin filemanager (category:base,tabindex:10)
2026-03-28 19:30:36,244 [INFO] PluginManage:310 - Check plugin ipmanager
2026-03-28 19:30:36,249 [INFO] PluginManage:359 - Loaded plugin ipmanager (category:base,tabindex:5)
2026-03-28 19:30:36,249 [INFO] PluginManage:310 - Check plugin lpbam
2026-03-28 19:30:36,254 [INFO] PluginManage:359 - Loaded plugin lpbam (category:base,tabindex:0)
2026-03-28 19:30:36,254 [INFO] PluginManage:310 - Check plugin memorymap
2026-03-28 19:30:36,264 [INFO] PluginManage:359 - Loaded plugin memorymap (category:base,tabindex:4)
2026-03-28 19:30:36,264 [INFO] PluginManage:310 - Check plugin pinoutandconfiguration
2026-03-28 19:30:36,270 [INFO] PluginManage:359 - Loaded plugin pinoutandconfiguration (category:base,tabindex:1)
2026-03-28 19:30:36,270 [INFO] PluginManage:310 - Check plugin pinoutconfig
2026-03-28 19:30:36,330 [WARN] SupportedApi:132 - Cannot load RTOS API schema: s4s-elt-must-match.1: The content of 'definitions' must match (annotation?, (simpleType | complexType)?, (unique | key | keyref)*)). A problem was found starting at: attribute.
2026-03-28 19:30:36,422 [INFO] PluginManage:359 - Loaded plugin pinoutconfig (category:base,tabindex:0)
2026-03-28 19:30:36,422 [INFO] PluginManage:310 - Check plugin power
2026-03-28 19:30:36,430 [INFO] PluginManage:359 - Loaded plugin power (category:power,tabindex:4)
2026-03-28 19:30:36,430 [INFO] PluginManage:310 - Check plugin projectmanager
2026-03-28 19:30:36,442 [INFO] PluginManage:359 - Loaded plugin projectmanager (category:projectmanager,tabindex:4)
2026-03-28 19:30:36,442 [INFO] PluginManage:310 - Check plugin rif
2026-03-28 19:30:36,449 [INFO] PluginManage:359 - Loaded plugin rif (category:base,tabindex:3)
2026-03-28 19:30:36,450 [INFO] PluginManage:310 - Check plugin thirdparty
2026-03-28 19:30:36,554 [INFO] PluginManage:359 - Loaded plugin thirdparty (category:base,tabindex:-1)
2026-03-28 19:30:36,554 [INFO] PluginManage:310 - Check plugin tools
2026-03-28 19:30:36,554 [WARN] IntegrityCheckThread:84 - waiting for thirdparty lock release [integrity check]
2026-03-28 19:30:36,555 [INFO] IntegrityCheckThread:86 - entering critical section [integrity check]
2026-03-28 19:30:36,555 [INFO] ThirdPartyUpdaterWithRetryManager:70 - Updater plugin not ready yet. [1/15]
2026-03-28 19:30:36,557 [INFO] PluginManage:359 - Loaded plugin tools (category:base,tabindex:7)
2026-03-28 19:30:36,558 [INFO] PluginManage:310 - Check plugin tutovideos
2026-03-28 19:30:36,663 [INFO] PluginManage:359 - Loaded plugin tutovideos (category:base,tabindex:-1)
2026-03-28 19:30:36,663 [INFO] PluginManage:310 - Check plugin updater
2026-03-28 19:30:36,681 [INFO] PluginManage:359 - Loaded plugin updater (category:base,tabindex:12)
2026-03-28 19:30:36,681 [INFO] PluginManage:310 - Check plugin userauth
2026-03-28 19:30:36,685 [INFO] UserAuth:118 - Init User Auth plugin
2026-03-28 19:30:36,685 [INFO] PluginManage:359 - Loaded plugin userauth (category:base,tabindex:14)
2026-03-28 19:30:36,686 [INFO] PluginManage:283 - PluginManage : Loaded plugins [18]
2026-03-28 19:30:36,816 [INFO] PinOutPanel:1589 - setPackage(No Configuration,No Configuration)
2026-03-28 19:30:36,869 [INFO] CADModel:165 - CPN selected for project level
2026-03-28 19:30:36,869 [INFO] CADModel:114 - Register for checkConnection events
2026-03-28 19:30:36,882 [INFO] IPUIPlugin:80 - create IPUIPlugin
2026-03-28 19:30:36,882 [INFO] PluginManager:220 - loadIPPluginJar : add adc
2026-03-28 19:30:36,884 [INFO] IPUIPlugin:80 - create IPUIPlugin
2026-03-28 19:30:36,884 [INFO] PluginManager:220 - loadIPPluginJar : add aes
2026-03-28 19:30:36,886 [INFO] IPUIPlugin:80 - create IPUIPlugin
2026-03-28 19:30:36,886 [INFO] PluginManager:220 - loadIPPluginJar : add can
2026-03-28 19:30:36,887 [INFO] IPUIPlugin:80 - create IPUIPlugin
2026-03-28 19:30:36,887 [INFO] PluginManager:220 - loadIPPluginJar : add comp
2026-03-28 19:30:36,889 [INFO] IPUIPlugin:80 - create IPUIPlugin
2026-03-28 19:30:36,889 [INFO] PluginManager:220 - loadIPPluginJar : add cryp
2026-03-28 19:30:36,890 [INFO] IPUIPlugin:80 - create IPUIPlugin
2026-03-28 19:30:36,891 [INFO] PluginManager:220 - loadIPPluginJar : add ddr_ctrl_phy
2026-03-28 19:30:36,892 [INFO] IPUIPlugin:80 - create IPUIPlugin
2026-03-28 19:30:36,892 [INFO] PluginManager:220 - loadIPPluginJar : add dfsdm
2026-03-28 19:30:36,896 [INFO] IPUIPlugin:80 - create IPUIPlugin
2026-03-28 19:30:36,896 [INFO] PluginManager:220 - loadIPPluginJar : add dma
2026-03-28 19:30:36,898 [INFO] IPUIPlugin:80 - create IPUIPlugin
2026-03-28 19:30:36,898 [INFO] PluginManager:220 - loadIPPluginJar : add dma3
2026-03-28 19:30:36,900 [INFO] IPUIPlugin:80 - create IPUIPlugin
2026-03-28 19:30:36,900 [INFO] PluginManager:220 - loadIPPluginJar : add extmemmanager
2026-03-28 19:30:36,901 [INFO] IPUIPlugin:80 - create IPUIPlugin
2026-03-28 19:30:36,901 [INFO] PluginManager:220 - loadIPPluginJar : add fatfs
2026-03-28 19:30:36,904 [INFO] IPUIPlugin:80 - create IPUIPlugin
2026-03-28 19:30:36,904 [INFO] PluginManager:220 - loadIPPluginJar : add fmc
2026-03-28 19:30:36,908 [INFO] IPUIPlugin:80 - create IPUIPlugin
2026-03-28 19:30:36,908 [INFO] PluginManager:220 - loadIPPluginJar : add freertos
2026-03-28 19:30:36,909 [INFO] IPUIPlugin:80 - create IPUIPlugin
2026-03-28 19:30:36,909 [INFO] PluginManager:220 - loadIPPluginJar : add genericplugin
2026-03-28 19:30:36,911 [INFO] IPUIPlugin:80 - create IPUIPlugin
2026-03-28 19:30:36,911 [INFO] PluginManager:220 - loadIPPluginJar : add gfxmmu
2026-03-28 19:30:36,913 [INFO] IPUIPlugin:80 - create IPUIPlugin
2026-03-28 19:30:36,914 [INFO] PluginManager:220 - loadIPPluginJar : add gic
2026-03-28 19:30:36,916 [INFO] IPUIPlugin:80 - create IPUIPlugin
2026-03-28 19:30:36,916 [INFO] PluginManager:220 - loadIPPluginJar : add gpio
2026-03-28 19:30:36,918 [INFO] IPUIPlugin:80 - create IPUIPlugin
2026-03-28 19:30:36,918 [INFO] PluginManager:220 - loadIPPluginJar : add gtzc
2026-03-28 19:30:36,920 [INFO] IPUIPlugin:80 - create IPUIPlugin
2026-03-28 19:30:36,920 [INFO] PluginManager:220 - loadIPPluginJar : add hash
2026-03-28 19:30:36,922 [INFO] IPUIPlugin:80 - create IPUIPlugin
2026-03-28 19:30:36,922 [INFO] PluginManager:220 - loadIPPluginJar : add i2c
2026-03-28 19:30:36,924 [INFO] IPUIPlugin:80 - create IPUIPlugin
2026-03-28 19:30:36,924 [INFO] PluginManager:220 - loadIPPluginJar : add i2s
2026-03-28 19:30:36,927 [INFO] IPUIPlugin:80 - create IPUIPlugin
2026-03-28 19:30:36,927 [INFO] PluginManager:220 - loadIPPluginJar : add i3c
2026-03-28 19:30:36,929 [INFO] IPUIPlugin:80 - create IPUIPlugin
2026-03-28 19:30:36,929 [INFO] PluginManager:220 - loadIPPluginJar : add ipddr
2026-03-28 19:30:36,936 [INFO] IPUIPlugin:80 - create IPUIPlugin
2026-03-28 19:30:36,936 [INFO] PluginManager:220 - loadIPPluginJar : add linkedlist
2026-03-28 19:30:36,938 [INFO] IPUIPlugin:80 - create IPUIPlugin
2026-03-28 19:30:36,938 [INFO] PluginManager:220 - loadIPPluginJar : add lorawan
2026-03-28 19:30:36,940 [INFO] IPUIPlugin:80 - create IPUIPlugin
2026-03-28 19:30:36,940 [INFO] PluginManager:220 - loadIPPluginJar : add ltdc
2026-03-28 19:30:36,943 [INFO] IPUIPlugin:80 - create IPUIPlugin
2026-03-28 19:30:36,943 [INFO] PluginManager:220 - loadIPPluginJar : add mdma
2026-03-28 19:30:36,946 [INFO] IPUIPlugin:80 - create IPUIPlugin
2026-03-28 19:30:36,946 [INFO] PluginManager:220 - loadIPPluginJar : add nvic
2026-03-28 19:30:36,949 [INFO] IPUIPlugin:80 - create IPUIPlugin
2026-03-28 19:30:36,949 [INFO] PluginManager:220 - loadIPPluginJar : add opamp
2026-03-28 19:30:36,952 [INFO] IPUIPlugin:80 - create IPUIPlugin
2026-03-28 19:30:36,952 [INFO] PluginManager:220 - loadIPPluginJar : add openamp
2026-03-28 19:30:36,955 [INFO] IPUIPlugin:80 - create IPUIPlugin
2026-03-28 19:30:36,955 [INFO] PluginManager:220 - loadIPPluginJar : add pdm2pcm
2026-03-28 19:30:36,959 [INFO] IPUIPlugin:80 - create IPUIPlugin
2026-03-28 19:30:36,961 [INFO] PluginManager:220 - loadIPPluginJar : add plateformsettings
2026-03-28 19:30:36,962 [INFO] IPUIPlugin:80 - create IPUIPlugin
2026-03-28 19:30:36,962 [INFO] PluginManager:220 - loadIPPluginJar : add quadspi
2026-03-28 19:30:36,963 [INFO] IPUIPlugin:80 - create IPUIPlugin
2026-03-28 19:30:36,964 [INFO] PluginManager:220 - loadIPPluginJar : add radio
2026-03-28 19:30:36,967 [INFO] IPUIPlugin:80 - create IPUIPlugin
2026-03-28 19:30:36,968 [INFO] PluginManager:220 - loadIPPluginJar : add resmgrutility
2026-03-28 19:30:36,970 [INFO] IPUIPlugin:80 - create IPUIPlugin
2026-03-28 19:30:36,970 [INFO] PluginManager:220 - loadIPPluginJar : add sai
2026-03-28 19:30:36,973 [INFO] IPUIPlugin:80 - create IPUIPlugin
2026-03-28 19:30:36,973 [INFO] PluginManager:220 - loadIPPluginJar : add spi
2026-03-28 19:30:36,977 [INFO] IPUIPlugin:80 - create IPUIPlugin
2026-03-28 19:30:36,977 [INFO] PluginManager:220 - loadIPPluginJar : add stm32_wpan
2026-03-28 19:30:36,979 [INFO] IPUIPlugin:80 - create IPUIPlugin
2026-03-28 19:30:36,979 [INFO] PluginManager:220 - loadIPPluginJar : add tim
2026-03-28 19:30:36,983 [INFO] IPUIPlugin:80 - create IPUIPlugin
2026-03-28 19:30:36,983 [INFO] PluginManager:220 - loadIPPluginJar : add touchsensing
2026-03-28 19:30:36,985 [INFO] IPUIPlugin:80 - create IPUIPlugin
2026-03-28 19:30:36,985 [INFO] PluginManager:220 - loadIPPluginJar : add tracer_emb
2026-03-28 19:30:36,987 [INFO] IPUIPlugin:80 - create IPUIPlugin
2026-03-28 19:30:36,987 [INFO] PluginManager:220 - loadIPPluginJar : add ts
2026-03-28 19:30:36,988 [INFO] IPUIPlugin:80 - create IPUIPlugin
2026-03-28 19:30:36,988 [INFO] PluginManager:220 - loadIPPluginJar : add tsc
2026-03-28 19:30:36,989 [INFO] IPUIPlugin:80 - create IPUIPlugin
2026-03-28 19:30:36,989 [INFO] PluginManager:220 - loadIPPluginJar : add ucpd
2026-03-28 19:30:36,991 [INFO] IPUIPlugin:80 - create IPUIPlugin
2026-03-28 19:30:36,991 [INFO] PluginManager:220 - loadIPPluginJar : add usart
2026-03-28 19:30:36,993 [INFO] IPUIPlugin:80 - create IPUIPlugin
2026-03-28 19:30:36,993 [INFO] PluginManager:220 - loadIPPluginJar : add usbx
2026-03-28 19:30:37,102 [FATAL] Updater:351 - Updater called before beeing initialized
2026-03-28 19:30:37,122 [INFO] RulesReader:64 - Compatibility file has been processed (302 Rules)
2026-03-28 19:30:37,128 [INFO] RulesReader:64 - Compatibility file has been processed (302 Rules)
2026-03-28 19:30:37,133 [INFO] CADModel:165 - CPN selected for project level
2026-03-28 19:30:37,134 [INFO] CADModel:114 - Register for checkConnection events
2026-03-28 19:30:37,134 [FATAL] Updater:351 - Updater called before beeing initialized
2026-03-28 19:30:37,134 [ERROR] CADModel:125 - Updater not yet initialized, retry later 
2026-03-28 19:30:37,240 [FATAL] Updater:351 - Updater called before beeing initialized
2026-03-28 19:30:37,242 [INFO] CADModel:165 - CPN selected for project level
2026-03-28 19:30:37,242 [INFO] CADModel:114 - Register for checkConnection events
2026-03-28 19:30:37,242 [FATAL] Updater:351 - Updater called before beeing initialized
2026-03-28 19:30:37,242 [ERROR] CADModel:125 - Updater not yet initialized, retry later 
2026-03-28 19:30:37,244 [FATAL] Updater:351 - Updater called before beeing initialized
2026-03-28 19:30:37,311 [FATAL] Updater:351 - Updater called before beeing initialized
2026-03-28 19:30:37,314 [INFO] DbMcusAds:53 - JSON generation date=Thu Mar 05 11:32:52 ART 2026 (1772721172890)
2026-03-28 19:30:37,314 [FATAL] Updater:351 - Updater called before beeing initialized
2026-03-28 19:30:37,337 [WARN] DetailPanel:346 - Failed to get advertising image, set to default
2026-03-28 19:30:37,500 [FATAL] Updater:351 - Updater called before beeing initialized
2026-03-28 19:30:37,502 [FATAL] Updater:351 - Updater called before beeing initialized
2026-03-28 19:30:37,502 [FATAL] Updater:351 - Updater called before beeing initialized
2026-03-28 19:30:37,502 [WARN] DetailPanel:346 - Failed to get advertising image, set to default
2026-03-28 19:30:37,502 [FATAL] Updater:351 - Updater called before beeing initialized
2026-03-28 19:30:37,532 [ERROR] Updater:1198 - MainUpdater not yet initialized. External WinMGr cannot be set.
2026-03-28 19:30:37,534 [INFO] Updater:1134 - Updater Version found : 6.14.1
2026-03-28 19:30:37,547 [INFO] ApplicationProperties:184 - Using Application install path: C:\ST\STM32CubeIDE_1.18.1\STM32CubeIDE\plugins\com.st.stm32cube.common.mx_6.14.1.202504091515
2026-03-28 19:30:39,114 [ERROR] LogOutputStream:75 - [STDERR_REDIRECT] Mar 28, 2026 7:30:39 PM java.util.prefs.WindowsPreferences <init>
2026-03-28 19:30:39,115 [ERROR] LogOutputStream:75 - [STDERR_REDIRECT] WARNING: Could not open/create prefs root node Software\JavaSoft\Prefs at root 0xffffffff80000002. Windows RegCreateKeyEx(...) returned error code 5.
2026-03-28 19:30:39,115 [ERROR] LogOutputStream:75 - [STDERR_REDIRECT] 
2026-03-28 19:30:39,360 [INFO] MainUpdater:2872 - connection check result : 10
2026-03-28 19:30:39,361 [INFO] MainUpdater:289 - Updater Check For Update Now.
2026-03-28 19:30:39,361 [INFO] MicroXplorer:498 - Change Database Version : DB.6.0.141
2026-03-28 19:30:39,366 [INFO] McuFinderGlobals:63 - Set McuFinder mode to 2 (CubeIDE integrated)
2026-03-28 19:30:39,367 [INFO] UserAuth:484 - Internet connection configuration mode: 1
2026-03-28 19:30:39,386 [INFO] JxBrowserEngine:152 - Initiate JxBrowser Engine with user profile folder
2026-03-28 19:30:39,540 [INFO] CheckServerUpdateThread:120 - End of CheckServer Thread
2026-03-28 19:30:39,850 [WARN] PackLoader:240 - Cannot read IP mode file for STMicroelectronics.X-CUBE-AZRTOS-H7.3.5.0
2026-03-28 19:30:39,860 [WARN] PackLoader:240 - Cannot read IP mode file for STMicroelectronics.FP-SNS-MOTENVWB1.1.4.0
2026-03-28 19:30:39,865 [WARN] PackLoader:240 - Cannot read IP mode file for STMicroelectronics.FP-ATR-ASTRA1.2.0.2
2026-03-28 19:30:39,873 [WARN] PackLoader:240 - Cannot read IP mode file for STMicroelectronics.X-CUBE-SMBUS.2.1.0
2026-03-28 19:30:39,880 [WARN] PackLoader:240 - Cannot read IP mode file for STMicroelectronics.X-CUBE-WB05N.1.1.0
2026-03-28 19:30:39,887 [WARN] PackLoader:240 - Cannot read IP mode file for STMicroelectronics.X-CUBE-ST60.1.0.0
2026-03-28 19:30:39,909 [WARN] PackLoader:240 - Cannot read IP mode file for STMicroelectronics.X-CUBE-AZRTOS-F7.1.1.0
2026-03-28 19:30:39,916 [ERROR] Engine:466 - C:\Users\German\.stm32cubemx\thirdparties\pdsc\STMicroelectronics.FP-SNS-MOTENV1.5.1.0.pdsc: PDSC version is not supported
2026-03-28 19:30:39,942 [WARN] PackLoader:240 - Cannot read IP mode file for Infineon.AIROC-Wi-Fi-Bluetooth-STM32.1.7.0
2026-03-28 19:30:39,985 [WARN] PackLoader:240 - Cannot read IP mode file for STMicroelectronics.X-CUBE-AZRTOS-H7.3.4.0
2026-03-28 19:30:39,996 [WARN] PackLoader:240 - Cannot read IP mode file for STMicroelectronics.X-CUBE-DISPLAY.3.0.0
2026-03-28 19:30:40,022 [ERROR] Engine:466 - C:\Users\German\.stm32cubemx\thirdparties\pdsc\STMicroelectronics.FP-SNS-MOTENVWB1.1.5.0.pdsc: PDSC version is not supported
2026-03-28 19:30:40,028 [WARN] PackLoader:240 - Cannot read IP mode file for STMicroelectronics.X-CUBE-NFC10.1.0.0
2026-03-28 19:30:40,040 [WARN] PackLoader:240 - Cannot read IP mode file for STMicroelectronics.X-CUBE-BLEMGR.4.0.0
2026-03-28 19:30:40,047 [WARN] PackLoader:240 - Cannot read IP mode file for STMicroelectronics.X-CUBE-ST60.1.1.0
2026-03-28 19:30:40,052 [WARN] PackLoader:240 - Cannot read IP mode file for emotas.I-CUBE-CANOPEN.1.3.0
2026-03-28 19:30:40,056 [WARN] PackLoader:240 - Cannot read IP mode file for STMicroelectronics.X-CUBE-GNSS1.7.1.0
2026-03-28 19:30:40,061 [WARN] ConditionMgr:438 - getConditionDescription Invalid condition id : Cortex-A Device cause : null
2026-03-28 19:30:40,072 [WARN] ConditionMgr:1044 - genDependencies : Invalid condition id : Cortex-A Device cause : null
2026-03-28 19:30:40,073 [WARN] ConditionMgr:1044 - genDependencies : Invalid condition id : Cortex-A Device cause : null
2026-03-28 19:30:40,073 [WARN] ConditionMgr:1044 - genDependencies : Invalid condition id : Cortex-A Device cause : null
2026-03-28 19:30:40,076 [WARN] PackLoader:240 - Cannot read IP mode file for STMicroelectronics.X-CUBE-AI.10.0.0
2026-03-28 19:30:40,079 [ERROR] Engine:466 - C:\Users\German\.stm32cubemx\thirdparties\pdsc\STMicroelectronics.FP-SNS-STBOX1.2.1.0.pdsc: PDSC version is not supported
2026-03-28 19:30:40,083 [WARN] PackLoader:240 - Cannot read IP mode file for STMicroelectronics.FP-SNS-SMARTAG2.1.2.0
2026-03-28 19:30:40,087 [WARN] PackLoader:240 - Cannot read IP mode file for STMicroelectronics.FP-SNS-FLIGHT1.5.1.0
2026-03-28 19:30:40,120 [WARN] PackLoader:240 - Cannot read IP mode file for STMicroelectronics.X-CUBE-MEMS1.11.1.0
2026-03-28 19:30:40,206 [INFO] WebApp:169 - Instantiating new browser for Auth
2026-03-28 19:30:40,258 [INFO] LogOutputStream:77 - [STDOUT_REDIRECT] 1 : Invalid condition id : UX_CORESTACK_Condition cause : null
2026-03-28 19:30:40,259 [INFO] LogOutputStream:77 - [STDOUT_REDIRECT] 1 : Invalid condition id : UX_CORESTACK_Condition cause : null
2026-03-28 19:30:40,260 [INFO] LogOutputStream:77 - [STDOUT_REDIRECT] 1 : Invalid condition id : UX_CORESTACK_Condition cause : null
2026-03-28 19:30:40,261 [INFO] LogOutputStream:77 - [STDOUT_REDIRECT] 1 : Invalid condition id : UX_CORESTACK_Condition cause : null
2026-03-28 19:30:40,261 [INFO] LogOutputStream:77 - [STDOUT_REDIRECT] 1 : Invalid condition id : UX_CORESTACK_Condition cause : null
2026-03-28 19:30:40,263 [WARN] PackLoader:240 - Cannot read IP mode file for STMicroelectronics.X-CUBE-AZRTOS-WL.2.0.0
2026-03-28 19:30:40,268 [WARN] PackLoader:240 - Cannot read IP mode file for STMicroelectronics.FP-SNS-MOTENV1.5.0.0
2026-03-28 19:30:40,282 [WARN] PackLoader:240 - Cannot read IP mode file for STMicroelectronics.X-CUBE-AZRTOS-H7RS.1.2.0
2026-03-28 19:30:40,290 [WARN] PackLoader:240 - Cannot read IP mode file for WES.I-CUBE-Cesium.1.3.0
2026-03-28 19:30:40,294 [WARN] PackLoader:240 - Cannot read IP mode file for STMicroelectronics.X-CUBE-BLE2.3.3.0
2026-03-28 19:30:40,308 [WARN] PackLoader:240 - Cannot read IP mode file for STMicroelectronics.X-CUBE-NFC9.1.0.0
2026-03-28 19:30:40,314 [WARN] PackLoader:240 - Cannot read IP mode file for STMicroelectronics.X-CUBE-BLE1.7.1.0
2026-03-28 19:30:40,318 [WARN] PackLoader:240 - Cannot read IP mode file for wolfSSL.I-CUBE-wolfMQTT.1.19.2
2026-03-28 19:30:40,320 [ERROR] Engine:466 - C:\Users\German\.stm32cubemx\thirdparties\pdsc\STMicroelectronics.X-CUBE-FREERTOS.1.4.0.pdsc: PDSC version is not supported
2026-03-28 19:30:40,325 [WARN] PackLoader:240 - Cannot read IP mode file for STMicroelectronics.X-CUBE-EEPRMA1.5.2.0
2026-03-28 19:30:40,328 [ERROR] Engine:466 - C:\Users\German\.stm32cubemx\thirdparties\pdsc\STMicroelectronics.X-CUBE-ST67W61.1.1.0.pdsc: PDSC version is not supported
2026-03-28 19:30:40,330 [WARN] PackLoader:240 - Cannot read IP mode file for STMicroelectronics.X-CUBE-AI.10.1.0
2026-03-28 19:30:40,361 [WARN] PackLoader:240 - Cannot read IP mode file for STMicroelectronics.X-CUBE-MEMS1.12.0.0
2026-03-28 19:30:40,443 [WARN] PackLoader:240 - Cannot read IP mode file for STMicroelectronics.X-CUBE-MEMS1.11.2.0
2026-03-28 19:30:40,567 [WARN] PackLoader:240 - Cannot read IP mode file for STMicroelectronics.X-CUBE-AZRTOS-G0.1.1.0
2026-03-28 19:30:40,574 [WARN] PackLoader:240 - Cannot read IP mode file for STMicroelectronics.X-CUBE-SAFEA1.1.2.2
2026-03-28 19:30:40,578 [WARN] PackLoader:240 - Cannot read IP mode file for STMicroelectronics.X-CUBE-NFC4.3.0.0
2026-03-28 19:30:40,585 [WARN] PackLoader:240 - Cannot read IP mode file for EmbeddedOffice.I-CUBE-FS-RTOS.1.0.1
2026-03-28 19:30:40,592 [WARN] PackLoader:240 - Cannot read IP mode file for STMicroelectronics.X-CUBE-WB05N.2.0.0
2026-03-28 19:30:40,596 [WARN] PackLoader:240 - Cannot read IP mode file for wolfSSL.I-CUBE-wolfTPM.3.8.0
2026-03-28 19:30:40,600 [WARN] PackLoader:240 - Cannot read IP mode file for STMicroelectronics.X-CUBE-TCPP.4.2.0
2026-03-28 19:30:40,605 [WARN] PackLoader:240 - Cannot read IP mode file for RealThread.X-CUBE-RT-Thread_Nano.4.1.1
2026-03-28 19:30:40,608 [WARN] PackLoader:240 - Cannot read IP mode file for STMicroelectronics.FP-ATR-SIGFOX1.3.2.0
2026-03-28 19:30:40,612 [WARN] PackLoader:240 - Cannot read IP mode file for STMicroelectronics.X-CUBE-EEPRMA1.5.1.0
2026-03-28 19:30:40,615 [ERROR] Engine:466 - C:\Users\German\.stm32cubemx\thirdparties\pdsc\STMicroelectronics.X-CUBE-FREERTOS.1.5.0.pdsc: PDSC version is not supported
2026-03-28 19:30:40,618 [WARN] PackLoader:240 - Cannot read IP mode file for wolfSSL.I-CUBE-wolfSSL.5.7.6
2026-03-28 19:30:40,623 [WARN] PackLoader:240 - Cannot read IP mode file for ITTIA_DB.I-CUBE-ITTIADB.8.9.0
2026-03-28 19:30:40,628 [WARN] PackLoader:240 - Cannot read IP mode file for STMicroelectronics.X-CUBE-NFC6.3.2.0
2026-03-28 19:30:40,634 [WARN] PackLoader:240 - Cannot read IP mode file for STMicroelectronics.X-CUBE-ST67W61.1.0.0
2026-03-28 19:30:40,637 [WARN] PackLoader:240 - Cannot read IP mode file for STMicroelectronics.X-CUBE-AI.10.2.0
2026-03-28 19:30:40,656 [WARN] PackLoader:240 - Cannot read IP mode file for SEGGER.I-CUBE-embOS.1.3.1
2026-03-28 19:30:40,676 [WARN] PackLoader:240 - Cannot read IP mode file for STMicroelectronics.X-CUBE-ALGOBUILD.1.4.0
2026-03-28 19:30:40,703 [WARN] PackLoader:240 - Cannot read IP mode file for STMicroelectronics.X-CUBE-MEMS1.11.3.0
2026-03-28 19:30:40,790 [WARN] PackLoader:240 - Cannot read IP mode file for STMicroelectronics.X-CUBE-PM33A1.1.0.0
2026-03-28 19:30:40,799 [WARN] PackLoader:240 - Cannot read IP mode file for STMicroelectronics.X-CUBE-AZRTOS-F4.1.1.0
2026-03-28 19:30:40,804 [WARN] PackLoader:240 - Cannot read IP mode file for Avnet-IotConnect.X-CUBE-IoTC-DA16k-PMOD.1.0.0
2026-03-28 19:30:40,810 [WARN] PackLoader:240 - Cannot read IP mode file for STMicroelectronics.X-CUBE-ISPU.2.1.0
2026-03-28 19:30:40,816 [ERROR] Engine:466 - C:\Users\German\.stm32cubemx\thirdparties\pdsc\STMicroelectronics.X-CUBE-IPS.3.2.0.pdsc: PDSC version is not supported
2026-03-28 19:30:40,822 [WARN] PackLoader:240 - Cannot read IP mode file for STMicroelectronics.X-CUBE-NFC12.1.0.0
2026-03-28 19:30:40,835 [WARN] PackLoader:240 - Cannot read IP mode file for STMicroelectronics.X-CUBE-AZRTOS-L5.2.0.0
2026-03-28 19:30:40,841 [WARN] PackLoader:240 - Cannot read IP mode file for STMicroelectronics.X-CUBE-NFC6.3.1.0
2026-03-28 19:30:40,847 [WARN] PackLoader:240 - Cannot read IP mode file for STMicroelectronics.X-CUBE-DPower.1.2.0
2026-03-28 19:30:40,852 [WARN] PackLoader:240 - Cannot read IP mode file for STMicroelectronics.X-CUBE-FREERTOS.1.3.1
2026-03-28 19:30:40,856 [WARN] PackLoader:240 - Cannot read IP mode file for STMicroelectronics.X-CUBE-FREERTOS.1.3.0
2026-03-28 19:30:40,860 [WARN] PackLoader:240 - Cannot read IP mode file for STMicroelectronics.X-CUBE-NFC7.1.0.1
2026-03-28 19:30:40,864 [WARN] PackLoader:240 - Cannot read IP mode file for STMicroelectronics.X-CUBE-TOUCHGFX.4.26.0
2026-03-28 19:30:40,867 [WARN] PackLoader:240 - Cannot read IP mode file for STMicroelectronics.X-CUBE-TOUCHGFX.4.26.1
2026-03-28 19:30:40,870 [WARN] PackLoader:240 - Cannot read IP mode file for STMicroelectronics.FP-SNS-STAIOTCFT.1.0.0
2026-03-28 19:30:40,874 [WARN] PackLoader:240 - Cannot read IP mode file for STMicroelectronics.X-CUBE-DPower.1.3.0
2026-03-28 19:30:40,884 [WARN] ConditionMgr:438 - getConditionDescription Invalid condition id : LAN8742 Phy interface Condition cause : null
2026-03-28 19:30:40,884 [WARN] PackLoader:240 - Cannot read IP mode file for STMicroelectronics.X-CUBE-AZRTOS-L4.2.0.0
2026-03-28 19:30:40,885 [WARN] ConditionMgr:1044 - genDependencies : Invalid condition id : LAN8742 Phy interface Condition cause : null
2026-03-28 19:30:40,885 [WARN] ConditionMgr:1044 - genDependencies : Invalid condition id : LAN8742 Phy interface Condition cause : null
2026-03-28 19:30:40,886 [WARN] ConditionMgr:1044 - genDependencies : Invalid condition id : LAN8742 Phy interface Condition cause : null
2026-03-28 19:30:40,891 [WARN] PackLoader:240 - Cannot read IP mode file for STMicroelectronics.X-CUBE-SFXS2LP1.4.0.0
2026-03-28 19:30:40,894 [ERROR] Engine:466 - C:\Users\German\.stm32cubemx\thirdparties\pdsc\STMicroelectronics.X-CUBE-ST67W61.1.2.0.pdsc: PDSC version is not supported
2026-03-28 19:30:40,905 [WARN] PackLoader:240 - Cannot read IP mode file for STMicroelectronics.X-CUBE-AZRTOS-H7.3.3.0
2026-03-28 19:30:40,906 [INFO] WebApp:463 - Apply proxy settings
2026-03-28 19:30:40,906 [INFO] WebApp:548 - Chromium requires no authentication
2026-03-28 19:30:40,914 [WARN] PackLoader:240 - Cannot read IP mode file for STMicroelectronics.X-CUBE-BLEMGR.4.1.0
2026-03-28 19:30:40,914 [INFO] WebApp:491 - Direct internet connection detected
2026-03-28 19:30:40,923 [WARN] ConditionMgr:438 - getConditionDescription Invalid condition id : UX DEVICE CLASS RTOS Condition cause : null
2026-03-28 19:30:40,924 [WARN] ConditionMgr:438 - getConditionDescription Invalid condition id : UX DEVICE CLASS RTOS Condition cause : null
2026-03-28 19:30:40,925 [WARN] PackLoader:240 - Cannot read IP mode file for STMicroelectronics.X-CUBE-AZRTOS-WB.2.0.0
2026-03-28 19:30:40,925 [WARN] ConditionMgr:1044 - genDependencies : Invalid condition id : UX DEVICE CLASS RTOS Condition cause : null
2026-03-28 19:30:40,925 [WARN] ConditionMgr:1044 - genDependencies : Invalid condition id : UX DEVICE CLASS RTOS Condition cause : null
2026-03-28 19:30:40,926 [WARN] ConditionMgr:1044 - genDependencies : Invalid condition id : UX DEVICE CLASS RTOS Condition cause : null
2026-03-28 19:30:40,926 [WARN] ConditionMgr:1044 - genDependencies : Invalid condition id : UX DEVICE CLASS RTOS Condition cause : null
2026-03-28 19:30:40,926 [WARN] ConditionMgr:1044 - genDependencies : Invalid condition id : UX DEVICE CLASS RTOS Condition cause : null
2026-03-28 19:30:40,930 [WARN] PackLoader:240 - Cannot read IP mode file for STMicroelectronics.X-CUBE-GNSS1.7.0.1
2026-03-28 19:30:40,933 [WARN] PackLoader:240 - Cannot read IP mode file for STMicroelectronics.X-CUBE-TOUCHGFX.4.25.0
2026-03-28 19:30:40,938 [WARN] PackLoader:240 - Cannot read IP mode file for STMicroelectronics.FP-SNS-STBOX1.2.0.0
2026-03-28 19:30:40,944 [INFO] WebApp:894 - Register for checkConnection events
2026-03-28 19:30:40,944 [INFO] WebApp:463 - Apply proxy settings
2026-03-28 19:30:40,944 [INFO] WebApp:548 - Chromium requires no authentication
2026-03-28 19:30:40,944 [WARN] PackLoader:240 - Cannot read IP mode file for STMicroelectronics.X-CUBE-STSE01.2.0.0
2026-03-28 19:30:40,945 [INFO] WebApp:491 - Direct internet connection detected
2026-03-28 19:30:40,958 [WARN] PackLoader:240 - Cannot read IP mode file for STMicroelectronics.X-CUBE-SUBG2.5.0.0
2026-03-28 19:30:40,973 [WARN] PackLoader:240 - Cannot read IP mode file for STMicroelectronics.X-CUBE-AZRTOS-H7RS.1.1.0
2026-03-28 19:30:40,979 [WARN] PackLoader:240 - Cannot read IP mode file for Cesanta.I-CUBE-Mongoose.7.13.0
2026-03-28 19:30:40,988 [WARN] PackLoader:240 - Cannot read IP mode file for STMicroelectronics.X-CUBE-AZRTOS-G4.2.0.0
2026-03-28 19:30:40,992 [WARN] PackLoader:240 - Cannot read IP mode file for wolfSSL.I-CUBE-wolfSSH.1.4.20
2026-03-28 19:30:40,994 [WARN] PackLoader:240 - Cannot read IP mode file for STMicroelectronics.X-CUBE-NFC7.2.0.0
2026-03-28 19:30:41,008 [WARN] PackLoader:240 - Cannot read IP mode file for STMicroelectronics.X-CUBE-IPS.3.1.0
2026-03-28 19:30:41,015 [WARN] PackLoader:240 - Cannot read IP mode file for STMicroelectronics.X-CUBE-ALS.1.0.2
2026-03-28 19:30:41,020 [WARN] PackLoader:240 - Cannot read IP mode file for STMicroelectronics.X-CUBE-STSE01.1.0.0
2026-03-28 19:30:41,024 [WARN] PackLoader:240 - Cannot read IP mode file for portGmbH.I-Cube-SoM-uGOAL.1.1.0
2026-03-28 19:30:41,031 [WARN] PackLoader:240 - Cannot read IP mode file for STMicroelectronics.X-CUBE-TOF1.3.4.2
2026-03-28 19:30:41,043 [WARN] PackLoader:240 - Cannot read IP mode file for STMicroelectronics.X-CUBE-TOF1.3.4.3
2026-03-28 19:30:41,049 [INFO] ThirdParty:978 - Integrity check success = true
2026-03-28 19:30:41,049 [INFO] IntegrityCheckThread:100 - exiting critical section [integrity check]
2026-03-28 19:30:41,049 [INFO] IntegrityCheckThread:103 - End integrity checks thread
2026-03-28 19:30:41,075 [INFO] WebApp:191 - Connection restablished
2026-03-28 19:30:41,149 [INFO] WebApp:225 - Starting web application
2026-03-28 19:30:41,150 [INFO] WebApp:593 - Web application path used C:\ST\STM32CubeIDE_1.18.1\STM32CubeIDE\plugins\com.st.stm32cube.common.mx_6.14.1.202504091515\db\plugins\mcufinder\reactClient1\index.html
2026-03-28 19:30:41,347 [INFO] UserAuth:484 - Internet connection configuration mode: 1
2026-03-28 19:32:25,391 [INFO] McuFinderGlobals:63 - Set McuFinder mode to 2 (CubeIDE integrated)
2026-03-28 19:32:25,393 [INFO] MainUpdater:2872 - connection check result : 10
2026-03-28 19:32:25,394 [INFO] MainUpdater:2872 - connection check result : 10
2026-03-28 19:32:25,415 [INFO] MicroXplorer:468 - Change Database Path : 
2026-03-28 19:32:25,416 [INFO] MicroXplorer:498 - Change Database Version : DB.6.0.141
2026-03-28 19:32:25,420 [WARN] ThirdParty:871 - waiting for thirdparty lock release [close project]
2026-03-28 19:32:25,420 [INFO] ThirdParty:873 - entering critical section [close project]
2026-03-28 19:32:25,421 [INFO] ThirdParty:883 - exiting critical section [close project]
2026-03-28 19:32:25,421 [INFO] PinOutPanel:1589 - setPackage(No Configuration,No Configuration)
2026-03-28 19:32:25,424 [INFO] UtilMem:75 - Begin LoadConfig() Used Memory: 230073040 Bytes (314572800)
2026-03-28 19:32:25,425 [INFO] MicroXplorer:468 - Change Database Path : 
2026-03-28 19:32:25,425 [INFO] MicroXplorer:498 - Change Database Version : DB.6.0.141
2026-03-28 19:32:25,425 [INFO] OpenFileManager:354 - Change cursor
2026-03-28 19:32:25,450 [INFO] Mcu:2011 - Initializing MCU STM32L476R(C-E-G)Tx STM32L476RGTx STM32L476RGT3
2026-03-28 19:32:26,780 [INFO] Context:756 - Trying to add GPIOservice into a context  which must be forbidden
2026-03-28 19:32:27,150 [INFO] ImportTextPane:218 - (OptionalMessage_ERROR) Pin15 (VP_RIF_VS_RIF1) cannot be retrieved for this MCU
2026-03-28 19:32:27,211 [INFO] RtosManager:558 - Registered RTOS mode: class=CMSIS, group=RTOS, mode=CMSIS_V1, owner=FREERTOS
2026-03-28 19:32:27,211 [INFO] RtosManager:558 - Registered RTOS mode: class=CMSIS, group=RTOS2, mode=CMSIS_V2, owner=FREERTOS
2026-03-28 19:32:27,211 [INFO] RtosManager:558 - Registered RTOS mode: class=RTOS, group=Core, mode=CMSIS_V1, owner=FREERTOS
2026-03-28 19:32:27,211 [INFO] RtosManager:558 - Registered RTOS mode: class=RTOS, group=Core, mode=CMSIS_V2, owner=FREERTOS
2026-03-28 19:32:27,211 [WARN] ModelIntegratedComponent:184 - Missing modes for component STMicroelectronics:FreeRTOS:0.0.1:STMicroelectronics:RTOS:FreeRTOS:Core:::10.2.0:
2026-03-28 19:32:27,218 [WARN] ModelIntegratedComponent:63 - No mode defined for component null
2026-03-28 19:32:27,218 [WARN] ModelIntegratedComponent:63 - No mode defined for component null
2026-03-28 19:32:27,218 [WARN] ModelIntegratedComponent:63 - No mode defined for component null
2026-03-28 19:32:27,218 [WARN] ModelIntegratedComponent:63 - No mode defined for component null
2026-03-28 19:32:27,218 [WARN] ModelIntegratedComponent:63 - No mode defined for component null
2026-03-28 19:32:27,218 [WARN] ModelIntegratedComponent:63 - No mode defined for component null
2026-03-28 19:32:27,218 [WARN] ModelIntegratedComponent:63 - No mode defined for component null
2026-03-28 19:32:27,218 [WARN] ModelIntegratedComponent:63 - No mode defined for component null
2026-03-28 19:32:27,218 [WARN] ModelIntegratedComponent:63 - No mode defined for component null
2026-03-28 19:32:27,218 [WARN] ModelIntegratedComponent:63 - No mode defined for component null
2026-03-28 19:32:27,218 [WARN] ModelIntegratedComponent:63 - No mode defined for component null
2026-03-28 19:32:27,218 [WARN] ModelIntegratedComponent:63 - No mode defined for component null
2026-03-28 19:32:27,218 [WARN] ModelIntegratedComponent:63 - No mode defined for component null
2026-03-28 19:32:27,218 [WARN] ModelIntegratedComponent:63 - No mode defined for component null
2026-03-28 19:32:27,218 [WARN] ModelIntegratedComponent:63 - No mode defined for component null
2026-03-28 19:32:27,218 [WARN] ModelIntegratedComponent:63 - No mode defined for component null
2026-03-28 19:32:27,218 [WARN] ModelIntegratedComponent:63 - No mode defined for component null
2026-03-28 19:32:27,218 [WARN] ModelIntegratedComponent:63 - No mode defined for component null
2026-03-28 19:32:27,219 [WARN] ModelIntegratedComponent:63 - No mode defined for component null
2026-03-28 19:32:27,219 [WARN] ModelIntegratedComponent:63 - No mode defined for component null
2026-03-28 19:32:27,219 [WARN] ModelIntegratedComponent:63 - No mode defined for component null
2026-03-28 19:32:27,219 [WARN] ModelIntegratedComponent:63 - No mode defined for component null
2026-03-28 19:32:27,219 [WARN] ModelIntegratedComponent:63 - No mode defined for component null
2026-03-28 19:32:27,219 [WARN] ModelIntegratedComponent:63 - No mode defined for component null
2026-03-28 19:32:27,219 [WARN] ModelIntegratedComponent:63 - No mode defined for component null
2026-03-28 19:32:27,219 [WARN] ModelIntegratedComponent:63 - No mode defined for component null
2026-03-28 19:32:27,219 [WARN] ModelIntegratedComponent:63 - No mode defined for component null
2026-03-28 19:32:27,219 [WARN] ModelIntegratedComponent:63 - No mode defined for component null
2026-03-28 19:32:27,219 [WARN] ModelIntegratedComponent:63 - No mode defined for component null
2026-03-28 19:32:27,219 [WARN] ModelIntegratedComponent:63 - No mode defined for component null
2026-03-28 19:32:27,219 [WARN] ModelIntegratedComponent:63 - No mode defined for component null
2026-03-28 19:32:27,219 [WARN] ModelIntegratedComponent:63 - No mode defined for component null
2026-03-28 19:32:27,219 [WARN] ModelIntegratedComponent:63 - No mode defined for component null
2026-03-28 19:32:27,219 [WARN] ModelIntegratedComponent:63 - No mode defined for component null
2026-03-28 19:32:27,219 [WARN] ModelIntegratedComponent:63 - No mode defined for component null
2026-03-28 19:32:27,219 [WARN] ModelPack:524 - Component already loaded: STMicroelectronics:HAL Drivers:0.0.0:STMicroelectronics:Device:STMicro_Driver:XSPI:HAL::0.0.1:HAL_XSPI
2026-03-28 19:32:27,395 [INFO] ThirdPartyModel:298 - Start build external matchings
2026-03-28 19:32:28,016 [INFO] ThirdPartyModel:316 - End build external matchings
2026-03-28 19:32:28,039 [INFO] ImportTextPane:218 - (OptionalMessage_ERROR) IP (DMA) : Parameter (Instance) has Id (SPI1_TX) currently not set
2026-03-28 19:32:28,039 [INFO] ImportTextPane:218 - (OptionalMessage_ERROR) IP (DMA) : Parameter (Request) has Id (SPI1_TX) currently not set
2026-03-28 19:32:28,039 [INFO] ImportTextPane:218 - (OptionalMessage_ERROR) IP (DMA) : Parameter (Direction) has Id (SPI1_TX) currently not set
2026-03-28 19:32:28,039 [INFO] ImportTextPane:218 - (OptionalMessage_ERROR) IP (DMA) : Parameter (PeriphInc) has Id (SPI1_TX) currently not set
2026-03-28 19:32:28,039 [INFO] ImportTextPane:218 - (OptionalMessage_ERROR) IP (DMA) : Parameter (MemInc) has Id (SPI1_TX) currently not set
2026-03-28 19:32:28,039 [INFO] ImportTextPane:218 - (OptionalMessage_ERROR) IP (DMA) : Parameter (PeriphDataAlignment) has Id (SPI1_TX) currently not set
2026-03-28 19:32:28,039 [INFO] ImportTextPane:218 - (OptionalMessage_ERROR) IP (DMA) : Parameter (MemDataAlignment) has Id (SPI1_TX) currently not set
2026-03-28 19:32:28,039 [INFO] ImportTextPane:218 - (OptionalMessage_ERROR) IP (DMA) : Parameter (Mode) has Id (SPI1_TX) currently not set
2026-03-28 19:32:28,039 [INFO] ImportTextPane:218 - (OptionalMessage_ERROR) IP (DMA) : Parameter (Priority) has Id (SPI1_TX) currently not set
2026-03-28 19:32:28,040 [INFO] ImportTextPane:218 - (OptionalMessage_ERROR) IP (RCC) : Invalid parameter (FamilyName)
2026-03-28 19:32:28,041 [INFO] ImportTextPane:218 - (OptionalMessage_ERROR) IP (RCC) : Parameter (RNGFreq_Value) has invalid value (64000000)
2026-03-28 19:32:28,041 [INFO] ImportTextPane:218 - (OptionalMessage_ERROR) IP (RCC) : Parameter (SDMMCFreq_Value) has invalid value (64000000)
2026-03-28 19:32:28,042 [INFO] ImportTextPane:218 - (OptionalMessage_ERROR) IP (RCC) : Parameter (USBFreq_Value) has invalid value (64000000)
2026-03-28 19:32:28,413 [INFO] ApiDb:581 - Connected to CubeFinder SQLite database (C:\Users\German\.stmcufinder\plugins\mcufinder\mcu\cube-finder-db.db)
2026-03-28 19:32:28,477 [INFO] ApiDb:668 - CubeFinder database Data Model version=2.1
2026-03-28 19:32:28,477 [INFO] ApiDb:669 - CubeFinder database Configuration version=3.0.42
2026-03-28 19:32:28,477 [INFO] ApiDb:670 - CubeFinder database generation date=2026-02-13 (1770995876)
2026-03-28 19:32:28,477 [INFO] ApiDb:671 - CubeFinder database FW Pack versions=[FP-ATR-ASTRA1_V2.0.0, FP-SNS-FLIGHT1_V5.1.0, FP-SNS-MOTENV1_V5.1.0, FP-SNS-MOTENVWB1_V1.4.0, FP-SNS-SMARTAG2_V1.2.0, FP-SNS-STBOX1_V2.1.0, STM32Cube_FW_C0_V1.4.0, STM32Cube_FW_F4_V1.28.3, STM32Cube_FW_F7_V1.17.4, STM32Cube_FW_G0_V1.6.2, STM32Cube_FW_G4_V1.6.1, STM32Cube_FW_H5_V1.6.0, STM32Cube_FW_H7RS_V1.3.0, STM32Cube_FW_H7_V1.13.0, STM32Cube_FW_L0_V1.12.2, STM32Cube_FW_L4_V1.18.2, STM32Cube_FW_L5_V1.6.0, STM32Cube_FW_N6_V1.3.0, STM32Cube_FW_U0_V1.3.0, STM32Cube_FW_U3_V1.3.0, STM32Cube_FW_U5_V1.8.0, STM32Cube_FW_WB0_V1.4.0, STM32Cube_FW_WBA_V1.9.0, STM32Cube_FW_WB_V1.24.0, STM32Cube_FW_WL3_V1.4.0, STM32Cube_FW_WL_V1.5.0, X-CUBE-ALGOBUILD_V1.4.0, X-CUBE-ALS_V1.0.2, X-CUBE-AZRTOS-F4_V1.1.0, X-CUBE-AZRTOS-F7_V1.1.0, X-CUBE-AZRTOS-G0_V1.1.0, X-CUBE-AZRTOS-G4_V2.0.0, X-CUBE-AZRTOS-H7RS_V1.1.0, X-CUBE-AZRTOS-H7_V3.4.0, X-CUBE-AZRTOS-L4_V2.0.0, X-CUBE-AZRTOS-L5_V2.0.0, X-CUBE-AZRTOS-WB_V2.0.0, X-CUBE-AZRTOS-WL_V2.0.0, X-CUBE-BLE1_V7.1.0, X-CUBE-BLE2_V3.3.0, X-CUBE-BLEMGR_V4.1.0, X-CUBE-EEPRMA1_V5.2.0, X-CUBE-FREERTOS_V1.3.1, X-CUBE-GNSS1_V6.0.0, X-CUBE-MEMS1_V12.0.0, X-CUBE-NFC4_V3.0.0, X-CUBE-NFC7_V2.0.0, X-CUBE-SFXS2LP1_V4.0.0, X-CUBE-ST67W61_V1.1.0, X-CUBE-SUBG2_V5.0.0, X-CUBE-TOF1_V3.4.3]
2026-03-28 19:32:28,558 [INFO] DbBoardsSqlite:226 - include board P-NUCLEO-WB55-NUCLEO as a kit item of type 'Nucleo-64'
2026-03-28 19:32:28,558 [INFO] DbBoardsSqlite:226 - include board P-NUCLEO-WB55-USBDONGLE as a kit item of type 'Nucleo USB Dongle'
2026-03-28 19:32:28,559 [INFO] DbBoardsSqlite:226 - include board STEVAL-IDP005V1 as a kit item of type 'Evaluation Board'
2026-03-28 19:32:28,559 [INFO] DbBoardsSqlite:226 - include board STEVAL-IDP005V2 as a kit item of type 'Evaluation Board'
2026-03-28 19:32:29,016 [INFO] ApiDb:240 - Found 895 in-development CPN: [B-G473E-ZEST1S, B-WB1M-WPAN1, B-WBA5M-WPAN, B-WL5M-SUBG1, NUCLEO-C031C6, NUCLEO-C051C8, NUCLEO-C071RB, NUCLEO-C092RC, NUCLEO-H503RB, NUCLEO-H533RE, NUCLEO-H563ZI, NUCLEO-H7S3L8, NUCLEO-N657X0-Q, NUCLEO-U031R8, NUCLEO-U083RC, NUCLEO-U385RG-Q, NUCLEO-U545RE-Q, NUCLEO-U5A5ZJ-Q, NUCLEO-WB05KZ, NUCLEO-WB07CC, NUCLEO-WB09KE, NUCLEO-WBA52CG, NUCLEO-WBA55CG, NUCLEO-WBA65RI, NUCLEO-WL33CC1, NUCLEO-WL33CC2, STEVAL-PROTEUS1, STEVAL-SMARTAG2, STEVAL-STWINBX1, STM320518-EVAL, STM32C0116-DK, STM32C011D6Y3TR, STM32C011D6Y6TR, STM32C011F4P3, STM32C011F4P6, STM32C011F4U3, STM32C011F4U6TR, STM32C011F6P3, STM32C011F6P6, STM32C011F6U3, STM32C011F6U6TR, STM32C011J4M3, STM32C011J4M6, STM32C011J6M3, STM32C011J6M6, STM32C0316-DK, STM32C031C4T3, STM32C031C4T6, STM32C031C4U3, STM32C031C4U6, STM32C031C6T3, STM32C031C6T6, STM32C031C6U3, STM32C031C6U6, STM32C031F4P3, STM32C031F4P6, STM32C031F6P3, STM32C031F6P6, STM32C031G4U3, STM32C031G4U6, STM32C031G6U3, STM32C031G6U6, STM32C031K4T3, STM32C031K4T6, STM32C031K4U3, STM32C031K4U6, STM32C031K6T3, STM32C031K6T6, STM32C031K6U3, STM32C031K6U6, STM32C051C6T6, STM32C051C6U6, STM32C051C8T6, STM32C051C8U6, STM32C051D8Y6TR, STM32C051F6P6, STM32C051F8P6, STM32C051G6U6, STM32C051G8U6, STM32C051K6T6, STM32C051K6U6, STM32C051K8T6, STM32C071C8T6, STM32C071C8T6N, STM32C071C8U6, STM32C071C8U6N, STM32C071CBT6, STM32C071CBT6N, STM32C071CBU6, STM32C071CBU6N, STM32C071F8P6, STM32C071F8P6N, STM32C071FBP6, STM32C071FBP6N, STM32C071FBY6TR, STM32C071G8U6, STM32C071G8U6N, STM32C071GBU6, STM32C071GBU6N, STM32C071K8T6, STM32C071K8T6N, STM32C071K8U6, STM32C071K8U6N, STM32C071KBT6, STM32C071KBT6N, STM32C071KBU6, STM32C071KBU6N, STM32C071R8T6, STM32C071R8T6N, STM32C071RBI6N, STM32C071RBT6, STM32C071RBT6N, STM32C091CBT6, STM32C091CBU6, STM32C091CCT6, STM32C091CCU6, STM32C091ECY6TR, STM32C091FBP6, STM32C091FCP6, STM32C091GBU6, STM32C091GCU6, STM32C091KBT6, STM32C091KBU6, STM32C091KCT6, STM32C091KCU6, STM32C091RBT6, STM32C091RCI6, STM32C091RCT6, STM32C092CBT6, STM32C092CBU6, STM32C092CCT6, STM32C092CCU6, STM32C092ECY6TR, STM32C092FBP6, STM32C092FCP6, STM32C092GBU6, STM32C092GCU6, STM32C092KBT6, STM32C092KBU6, STM32C092KCT6, STM32C092KCU6, STM32C092RBT6, STM32C092RCI6, STM32C092RCT6, STM32G071K8TXN, STM32G071K8UXN, STM32G081GBU6N, STM32G081KBT6N, STM32G081KBUXN, STM32G0B1CCT6N, STM32G0B1KCT6, STM32G0B1NEY6TR, STM32G0B1RCT6N, STM32G0C1CCT6, STM32G0C1CCT6N, STM32G0C1CCU6N, STM32G0C1CET6N, STM32G0C1CEU6N, STM32G0C1KCT6, STM32G0C1NEY6TR, STM32G0C1RCI6N, STM32G0C1RCT6N, STM32G0C1REI6N, STM32G0C1RET6N, STM32G0C1VCI6, STM32G0C1VEI6, STM32G411C6T3, STM32G411C6T6, STM32G411C6U3, STM32G411C6U6, STM32G411C8T3, STM32G411C8T6, STM32G411C8U3, STM32G411C8U6, STM32G411CBT3, STM32G411CBT6, STM32G411CBU3, STM32G411CBU6, STM32G411CCT3, STM32G411CCT6, STM32G411CCU3, STM32G411CCU6, STM32G411K6T3, STM32G411K6T6, STM32G411K6U3, STM32G411K6U6, STM32G411K8T3, STM32G411K8T6, STM32G411K8U3, STM32G411K8U6, STM32G411KBT3, STM32G411KBT6, STM32G411KBU3, STM32G411KBU6, STM32G411M6T3, STM32G411M6T6, STM32G411M8T3, STM32G411M8T6, STM32G411MBT3, STM32G411MBT6, STM32G411MCT3, STM32G411MCT6, STM32G411R6T3, STM32G411R6T6, STM32G411R8T3, STM32G411R8T6, STM32G411RBT3, STM32G411RBT6, STM32G411RCT3, STM32G411RCT6, STM32G414CBT3, STM32G414CBT6, STM32G414CBU3, STM32G414CBU6, STM32G414CCT3, STM32G414CCT6, STM32G414CCU3, STM32G414CCU6, STM32G414MBT3, STM32G414MBT6, STM32G414MCT3, STM32G414MCT6, STM32G414RBT3, STM32G414RBT6, STM32G414RCT3, STM32G414RCT6, STM32G414VBT3, STM32G414VBT6, STM32G414VCT3, STM32G414VCT6, STM32G431CBT3Z, STM32G431RBT3Z, STM32G471CCT6, STM32G471CCU6, STM32G471CET3, STM32G471CET6, STM32G471CEU3, STM32G471CEU6, STM32G471MCT6, STM32G471MET3, STM32G471MET6, STM32G471MEY6TR, STM32G471QCT6, STM32G471QET3, STM32G471RCT6, STM32G471RET3, STM32G471RET6, STM32G471VCH6, STM32G471VCI6, STM32G471VCT6, STM32G471VEH3, STM32G471VEH6, STM32G471VEI3, STM32G471VEI6, STM32G471VET3, STM32G471VET6, STM32G473QET3Z, STM32G473RET3Z, STM32G474CCT6, STM32G491RET3Z, STM32H503CBT6, STM32H503CBU6, STM32H503EBY6TR, STM32H503KBU6, STM32H503RBT6, STM32H523CCT6, STM32H523CCU6, STM32H523CET6, STM32H523CEU6, STM32H523HEY6TR, STM32H523RCT6, STM32H523RET6, STM32H523VCI6, STM32H523VCT6, STM32H523VEI6, STM32H523VET6, STM32H523ZCJ6, STM32H523ZCT6, STM32H523ZEJ6, STM32H523ZET6, STM32H533CET6, STM32H533CEU6, STM32H533HEY6TR, STM32H533RET6, STM32H533VEI6, STM32H533VET6, STM32H533ZEJ6, STM32H533ZET6, STM32H562AGI6, STM32H562AII6, STM32H562IGK6, STM32H562IGT6, STM32H562IIK6, STM32H562IIT6, STM32H562RGT6, STM32H562RGV6, STM32H562RIT6, STM32H562RIV6, STM32H562VGT6, STM32H562VIT6, STM32H562ZGT6, STM32H562ZIT6, STM32H563AGI6, STM32H563AII3Q, STM32H563AII6, STM32H563IGK6, STM32H563IGT6, STM32H563IIK3Q, STM32H563IIK6, STM32H563IIT3Q, STM32H563IIT6, STM32H563MIY3QTR, STM32H563RGT6, STM32H563RGV6, STM32H563RIT6, STM32H563RIV6, STM32H563VGT6, STM32H563VIT3Q, STM32H563VIT6, STM32H563ZGT6, STM32H563ZIT3Q, STM32H563ZIT6, STM32H573AII3Q, STM32H573AII6, STM32H573I-DK, STM32H573IIK3Q, STM32H573IIK6, STM32H573IIT3Q, STM32H573IIT6, STM32H573MIY3QTR, STM32H573RIT6, STM32H573RIV6, STM32H573VIT3Q, STM32H573VIT6, STM32H573ZIT3Q, STM32H573ZIT6, STM32H7R3A8I6, STM32H7R3I8K6, STM32H7R3I8T6, STM32H7R3L8H6, STM32H7R3L8H6H, STM32H7R3R8V6, STM32H7R3V8H6, STM32H7R3V8T6, STM32H7R3V8Y6TR, STM32H7R3Z8J6, STM32H7R3Z8T6, STM32H7R7A8I6, STM32H7R7I8K6, STM32H7R7I8T6, STM32H7R7L8H6, STM32H7R7L8H6H, STM32H7R7Z8J6, STM32H7S3A8I6, STM32H7S3I8K6, STM32H7S3I8T6, STM32H7S3L8H6, STM32H7S3L8H6H, STM32H7S3R8V6, STM32H7S3V8H6, STM32H7S3V8T6, STM32H7S3V8Y6TR, STM32H7S3Z8J6, STM32H7S3Z8T6, STM32H7S78-DK, STM32H7S7A8I6, STM32H7S7I8K6, STM32H7S7I8T6, STM32H7S7L8H6, STM32H7S7L8H6H, STM32H7S7Z8J6, STM32L4R5QGI6STR, STM32MP131AAE3, STM32MP131AAF3, STM32MP131AAG3, STM32MP131CAE3, STM32MP131CAF3, STM32MP131CAG3, STM32MP131DAE7, STM32MP131DAF7, STM32MP131DAG7, STM32MP131FAE7, STM32MP131FAF7, STM32MP131FAG7, STM32MP133AAE3, STM32MP133AAF3, STM32MP133AAG3, STM32MP133CAE3, STM32MP133CAF3, STM32MP133CAG3, STM32MP133DAE7, STM32MP133DAF7, STM32MP133DAG7, STM32MP133FAE7, STM32MP133FAF7, STM32MP133FAG7, STM32MP135AAE3, STM32MP135AAF3, STM32MP135AAG3, STM32MP135CAE3, STM32MP135CAF3, STM32MP135CAG3, STM32MP135DAE7, STM32MP135DAF7, STM32MP135DAG7, STM32MP135F-DK, STM32MP135FAE7, STM32MP135FAF7, STM32MP135FAF7T, STM32MP135FAF7U, STM32MP135FAG7, STM32MP231AAJ3, STM32MP231AAK3, STM32MP231AAL3, STM32MP231CAJ3, STM32MP231CAK3, STM32MP231CAL3, STM32MP231DAJ3, STM32MP231DAK3, STM32MP231DAL3, STM32MP231FAJ3, STM32MP231FAK3, STM32MP231FAL3, STM32MP233AAJ3, STM32MP233AAK3, STM32MP233AAL3, STM32MP233CAJ3, STM32MP233CAK3, STM32MP233CAL3, STM32MP233DAJ3, STM32MP233DAK3, STM32MP233DAL3, STM32MP233FAJ3, STM32MP233FAK3, STM32MP233FAL3, STM32MP235AAJ3, STM32MP235AAK3, STM32MP235AAL3, STM32MP235CAJ3, STM32MP235CAK3, STM32MP235CAL3, STM32MP235DAJ3, STM32MP235DAK3, STM32MP235DAL3, STM32MP235FAJ3, STM32MP235FAK3, STM32MP235FAL3, STM32MP251AAI3, STM32MP251AAJ3, STM32MP251AAK3, STM32MP251AAL3, STM32MP251CAI3, STM32MP251CAJ3, STM32MP251CAK3, STM32MP251CAL3, STM32MP251DAI3, STM32MP251DAJ3, STM32MP251DAK3, STM32MP251DAL3, STM32MP251FAI3, STM32MP251FAJ3, STM32MP251FAK3, STM32MP251FAL3, STM32MP253AAI3, STM32MP253AAJ3, STM32MP253AAK3, STM32MP253AAL3, STM32MP253CAI3, STM32MP253CAJ3, STM32MP253CAK3, STM32MP253CAL3, STM32MP253DAI3, STM32MP253DAJ3, STM32MP253DAK3, STM32MP253DAL3, STM32MP253FAI3, STM32MP253FAJ3, STM32MP253FAK3, STM32MP253FAL3, STM32MP255AAI3, STM32MP255AAJ3, STM32MP255AAK3, STM32MP255AAL3, STM32MP255CAI3, STM32MP255CAJ3, STM32MP255CAK3, STM32MP255CAL3, STM32MP255DAI3, STM32MP255DAJ3, STM32MP255DAK3, STM32MP255DAL3, STM32MP255FAI3, STM32MP255FAJ3, STM32MP255FAK3, STM32MP255FAL3, STM32MP257AAI3, STM32MP257AAJ3, STM32MP257AAK3, STM32MP257AAL3, STM32MP257CAI3, STM32MP257CAJ3, STM32MP257CAK3, STM32MP257CAL3, STM32MP257DAI3, STM32MP257DAJ3, STM32MP257DAK3, STM32MP257DAL3, STM32MP257F-DK, STM32MP257F-EV1, STM32MP257FAI3, STM32MP257FAJ3, STM32MP257FAK3, STM32MP257FAL3, STM32N645A0H3Q, STM32N645B0H3Q, STM32N645I0H3Q, STM32N645L0H3Q, STM32N645X0H3Q, STM32N645Z0H3Q, STM32N647A0H3Q, STM32N647B0H3Q, STM32N647I0H3Q, STM32N647L0H3Q, STM32N647X0H3Q, STM32N647Z0H3Q, STM32N655A0H3Q, STM32N655B0H3Q, STM32N655I0H3Q, STM32N655L0H3Q, STM32N655X0H3Q, STM32N655Z0H3Q, STM32N6570-DK, STM32N657A0H3Q, STM32N657B0H3Q, STM32N657I0H3Q, STM32N657L0H3Q, STM32N657X0H3Q, STM32N657Z0H3Q, STM32U031C6T6, STM32U031C6U6, STM32U031C8T6, STM32U031C8U6, STM32U031F4P6, STM32U031F6P6, STM32U031F8P6, STM32U031G6Y6TR, STM32U031G8Y6TR, STM32U031K4U6, STM32U031K6U6, STM32U031K8U6, STM32U031R6I6, STM32U031R6T6, STM32U031R8I6, STM32U031R8T6, STM32U073C8T6, STM32U073C8U6, STM32U073CBT6, STM32U073CBU6, STM32U073CCT6, STM32U073CCU6, STM32U073H8Y6TR, STM32U073HBY6TR, STM32U073HCY6TR, STM32U073K8U6, STM32U073KBU6, STM32U073KCU6, STM32U073M8I6, STM32U073M8T6, STM32U073MBI6, STM32U073MBT6, STM32U073MCI6, STM32U073MCT6, STM32U073R8I6, STM32U073R8T6, STM32U073RBI6, STM32U073RBT6, STM32U073RCI6, STM32U073RCT6, STM32U083C-DK, STM32U083CCT6, STM32U083CCU6, STM32U083HCY6TR, STM32U083KCU6, STM32U083MCI6, STM32U083MCT6, STM32U083RCI6, STM32U083RCT6, STM32U375CET6, STM32U375CET6Q, STM32U375CEU6, STM32U375CEU6Q, STM32U375CEY6QTR, STM32U375CGT6, STM32U375CGT6Q, STM32U375CGU6, STM32U375CGU6Q, STM32U375CGY6QTR, STM32U375KEU6, STM32U375KGU6, STM32U375REI6, STM32U375REI6Q, STM32U375RET6, STM32U375RET6Q, STM32U375REY6GTR, STM32U375REY6QTR, STM32U375RGI6, STM32U375RGI6Q, STM32U375RGT6, STM32U375RGT6Q, STM32U375RGY6GTR, STM32U375RGY6QTR, STM32U375VEI6, STM32U375VEI6Q, STM32U375VET6, STM32U375VET6Q, STM32U375VGI6, STM32U375VGI6Q, STM32U375VGT6, STM32U375VGT6Q, STM32U385CGT6, STM32U385CGT6Q, STM32U385CGU6, STM32U385CGU6Q, STM32U385CGY6QTR, STM32U385KGU6, STM32U385RGI6, STM32U385RGI6Q, STM32U385RGT6, STM32U385RGT6Q, STM32U385RGY6GTR, STM32U385RGY6QTR, STM32U385VGI6, STM32U385VGI6Q, STM32U385VGT6, STM32U385VGT6Q, STM32U535CBT6, STM32U535CBT6Q, STM32U535CBU6, STM32U535CBU6Q, STM32U535CCT6, STM32U535CCT6Q, STM32U535CCU6, STM32U535CCU6Q, STM32U535CET6, STM32U535CET6Q, STM32U535CEU6, STM32U535CEU6Q, STM32U535JEY6QTR, STM32U535NCY6QTR, STM32U535NEY6QTR, STM32U535RBI6, STM32U535RBI6Q, STM32U535RBT6, STM32U535RBT6Q, STM32U535RCI6, STM32U535RCI6Q, STM32U535RCT6, STM32U535RCT6Q, STM32U535REI6, STM32U535REI6Q, STM32U535RET6, STM32U535RET6Q, STM32U535VCI6, STM32U535VCI6Q, STM32U535VCT6, STM32U535VCT6Q, STM32U535VEI6, STM32U535VEI6Q, STM32U535VET6, STM32U535VET6Q, STM32U545CET6, STM32U545CET6Q, STM32U545CEU6, STM32U545CEU6Q, STM32U545JEY6QTR, STM32U545NEY6QTR, STM32U545REI6, STM32U545REI6Q, STM32U545RET6, STM32U545RET6Q, STM32U545VEI6, STM32U545VEI6Q, STM32U545VET6, STM32U545VET6Q, STM32U595AIH6, STM32U595AIH6Q, STM32U595AJH6, STM32U595AJH6Q, STM32U595QII6, STM32U595QII6Q, STM32U595QJI6, STM32U595QJI6Q, STM32U595RIT6, STM32U595RIT6Q, STM32U595RJT6, STM32U595RJT6Q, STM32U595VIT6, STM32U595VIT6Q, STM32U595VJT6, STM32U595VJT6Q, STM32U595ZIT6, STM32U595ZIT6Q, STM32U595ZIY6QTR, STM32U595ZJT6, STM32U595ZJT6Q, STM32U595ZJY6QTR, STM32U599BJY6QTR, STM32U599NIH6Q, STM32U599NJH6Q, STM32U599VIT6Q, STM32U599VJT6, STM32U599VJT6Q, STM32U599ZIT6Q, STM32U599ZIY6QTR, STM32U599ZJT6Q, STM32U599ZJY6QTR, STM32U5A5AJH6, STM32U5A5AJH6Q, STM32U5A5QII3Q , STM32U5A5QJI6, STM32U5A5QJI6Q, STM32U5A5RJT6, STM32U5A5RJT6Q, STM32U5A5VJT6, STM32U5A5VJT6Q, STM32U5A5ZJT6, STM32U5A5ZJT6Q, STM32U5A5ZJY6QTR, STM32U5A9BJY6QTR, STM32U5A9J-DK, STM32U5A9NJH6Q, STM32U5A9VJT6Q, STM32U5A9ZJT6Q, STM32U5A9ZJY6QTR, STM32U5F7VIT6, STM32U5F7VIT6Q, STM32U5F7VJT6, STM32U5F7VJT6Q, STM32U5F9BJY6QTR, STM32U5F9NJH6Q, STM32U5F9VIT6Q, STM32U5F9VJT6Q, STM32U5F9ZIJ6QTR, STM32U5F9ZIT6Q, STM32U5F9ZJJ6QTR, STM32U5F9ZJT6Q, STM32U5G7VJT6, STM32U5G7VJT6Q, STM32U5G9BJY6QTR, STM32U5G9J-DK1, STM32U5G9J-DK2, STM32U5G9NJH6Q, STM32U5G9VJT6Q, STM32U5G9ZJJ6QTR, STM32U5G9ZJT6Q, STM32WB05KZV6TR, STM32WB05KZV7TR, STM32WB05TZF6TR, STM32WB05TZF7TR, STM32WB06CCF6TR, STM32WB06CCF7TR, STM32WB06CCV6TR, STM32WB06CCV7TR, STM32WB06KCV6TR, STM32WB06KCV7TR, STM32WB07CCF6TR, STM32WB07CCF7TR, STM32WB07CCV6TR, STM32WB07CCV7TR, STM32WB07KCV6TR, STM32WB07KCV7TR, STM32WB09KEV6TR, STM32WB09KEV7TR, STM32WB09TEF6TR, STM32WB09TEF7TR, STM32WB1MMCH6, STM32WBA50KGU6, STM32WBA50KGU6TR, STM32WBA52CEU6, STM32WBA52CEU6TR, STM32WBA52CEU7, STM32WBA52CEU7TR, STM32WBA52CGU6, STM32WBA52CGU6TR, STM32WBA52CGU6U, STM32WBA52CGU7, STM32WBA52CGU7TR, STM32WBA52KEU6, STM32WBA52KEU6TR, STM32WBA52KGU6, STM32WBA52KGU6TR, STM32WBA54CEU6, STM32WBA54CEU6TR, STM32WBA54CEU7, STM32WBA54CEU7TR, STM32WBA54CGU6, STM32WBA54CGU6TR, STM32WBA54CGU7, STM32WBA54CGU7TR, STM32WBA54KEU6, STM32WBA54KEU6TR, STM32WBA54KEU7, STM32WBA54KEU7TR, STM32WBA54KGU6, STM32WBA54KGU6TR, STM32WBA54KGU7, STM32WBA54KGU7TR, STM32WBA55CEU6, STM32WBA55CEU6TR, STM32WBA55CEU7, STM32WBA55CEU7TR, STM32WBA55CGU6, STM32WBA55CGU6TR, STM32WBA55CGU6U, STM32WBA55CGU7, STM32WBA55CGU7TR, STM32WBA55G-DK1, STM32WBA55HEF6, STM32WBA55HEF7, STM32WBA55HGF6, STM32WBA55HGF7, STM32WBA55UEI6, STM32WBA55UEI6TR, STM32WBA55UEI7, STM32WBA55UEI7TR, STM32WBA55UGI6, STM32WBA55UGI6TR, STM32WBA55UGI7, STM32WBA55UGI7TR, STM32WBA5MJGH6TR, STM32WBA62CGU6, STM32WBA62CIU6, STM32WBA62MGF6, STM32WBA62MIF6, STM32WBA62PGI6, STM32WBA62PII6, STM32WBA63CGU6, STM32WBA63CGU7, STM32WBA63CIU6, STM32WBA63CIU7, STM32WBA64CGU6, STM32WBA64CGU7, STM32WBA64CIU6, STM32WBA64CIU7, STM32WBA65CGU6, STM32WBA65CGU7, STM32WBA65CIU6, STM32WBA65CIU7, STM32WBA65I-DK1, STM32WBA65MGF6, STM32WBA65MGF7, STM32WBA65MIF6, STM32WBA65MIF7, STM32WBA65PGI6, STM32WBA65PGI7, STM32WBA65PII6, STM32WBA65PII7, STM32WBA65RGV6, STM32WBA65RGV7, STM32WBA65RIV6, STM32WBA65RIV7, STM32WL30K8V6, STM32WL30KBV6, STM32WL31C8V6, STM32WL31CBV6, STM32WL31K8V6, STM32WL31KBV6, STM32WL33C8V6, STM32WL33C8V6TR, STM32WL33C8V7, STM32WL33C8V7TR, STM32WL33CBV6, STM32WL33CBV6TR, STM32WL33CBV7, STM32WL33CBV7TR, STM32WL33CCV6, STM32WL33CCV6TR, STM32WL33CCV7, STM32WL33CCV7A, STM32WL33CCV7ATR, STM32WL33CCV7TR, STM32WL33K8V6, STM32WL33K8V6TR, STM32WL33K8V7, STM32WL33K8V7TR, STM32WL33KBV6, STM32WL33KBV6TR, STM32WL33KBV7, STM32WL33KBV7TR, STM32WL33KCV6, STM32WL33KCV6TR, STM32WL33KCV7, STM32WL33KCV7TR, STM32WL5MOCH6, STM32WL5MOCH6TR]
2026-03-28 19:32:29,019 [INFO] ApiDb:668 - CubeFinder database Data Model version=2.1
2026-03-28 19:32:29,019 [INFO] ApiDb:669 - CubeFinder database Configuration version=3.0.42
2026-03-28 19:32:29,019 [INFO] ApiDb:670 - CubeFinder database generation date=2026-02-13 (1770995876)
2026-03-28 19:32:29,019 [INFO] ApiDb:671 - CubeFinder database FW Pack versions=[FP-ATR-ASTRA1_V2.0.0, FP-SNS-FLIGHT1_V5.1.0, FP-SNS-MOTENV1_V5.1.0, FP-SNS-MOTENVWB1_V1.4.0, FP-SNS-SMARTAG2_V1.2.0, FP-SNS-STBOX1_V2.1.0, STM32Cube_FW_C0_V1.4.0, STM32Cube_FW_F4_V1.28.3, STM32Cube_FW_F7_V1.17.4, STM32Cube_FW_G0_V1.6.2, STM32Cube_FW_G4_V1.6.1, STM32Cube_FW_H5_V1.6.0, STM32Cube_FW_H7RS_V1.3.0, STM32Cube_FW_H7_V1.13.0, STM32Cube_FW_L0_V1.12.2, STM32Cube_FW_L4_V1.18.2, STM32Cube_FW_L5_V1.6.0, STM32Cube_FW_N6_V1.3.0, STM32Cube_FW_U0_V1.3.0, STM32Cube_FW_U3_V1.3.0, STM32Cube_FW_U5_V1.8.0, STM32Cube_FW_WB0_V1.4.0, STM32Cube_FW_WBA_V1.9.0, STM32Cube_FW_WB_V1.24.0, STM32Cube_FW_WL3_V1.4.0, STM32Cube_FW_WL_V1.5.0, X-CUBE-ALGOBUILD_V1.4.0, X-CUBE-ALS_V1.0.2, X-CUBE-AZRTOS-F4_V1.1.0, X-CUBE-AZRTOS-F7_V1.1.0, X-CUBE-AZRTOS-G0_V1.1.0, X-CUBE-AZRTOS-G4_V2.0.0, X-CUBE-AZRTOS-H7RS_V1.1.0, X-CUBE-AZRTOS-H7_V3.4.0, X-CUBE-AZRTOS-L4_V2.0.0, X-CUBE-AZRTOS-L5_V2.0.0, X-CUBE-AZRTOS-WB_V2.0.0, X-CUBE-AZRTOS-WL_V2.0.0, X-CUBE-BLE1_V7.1.0, X-CUBE-BLE2_V3.3.0, X-CUBE-BLEMGR_V4.1.0, X-CUBE-EEPRMA1_V5.2.0, X-CUBE-FREERTOS_V1.3.1, X-CUBE-GNSS1_V6.0.0, X-CUBE-MEMS1_V12.0.0, X-CUBE-NFC4_V3.0.0, X-CUBE-NFC7_V2.0.0, X-CUBE-SFXS2LP1_V4.0.0, X-CUBE-ST67W61_V1.1.0, X-CUBE-SUBG2_V5.0.0, X-CUBE-TOF1_V3.4.3]
2026-03-28 19:32:30,693 [INFO] ApiDb:240 - Found 895 in-development CPN: [B-G473E-ZEST1S, B-WB1M-WPAN1, B-WBA5M-WPAN, B-WL5M-SUBG1, NUCLEO-C031C6, NUCLEO-C051C8, NUCLEO-C071RB, NUCLEO-C092RC, NUCLEO-H503RB, NUCLEO-H533RE, NUCLEO-H563ZI, NUCLEO-H7S3L8, NUCLEO-N657X0-Q, NUCLEO-U031R8, NUCLEO-U083RC, NUCLEO-U385RG-Q, NUCLEO-U545RE-Q, NUCLEO-U5A5ZJ-Q, NUCLEO-WB05KZ, NUCLEO-WB07CC, NUCLEO-WB09KE, NUCLEO-WBA52CG, NUCLEO-WBA55CG, NUCLEO-WBA65RI, NUCLEO-WL33CC1, NUCLEO-WL33CC2, STEVAL-PROTEUS1, STEVAL-SMARTAG2, STEVAL-STWINBX1, STM320518-EVAL, STM32C0116-DK, STM32C011D6Y3TR, STM32C011D6Y6TR, STM32C011F4P3, STM32C011F4P6, STM32C011F4U3, STM32C011F4U6TR, STM32C011F6P3, STM32C011F6P6, STM32C011F6U3, STM32C011F6U6TR, STM32C011J4M3, STM32C011J4M6, STM32C011J6M3, STM32C011J6M6, STM32C0316-DK, STM32C031C4T3, STM32C031C4T6, STM32C031C4U3, STM32C031C4U6, STM32C031C6T3, STM32C031C6T6, STM32C031C6U3, STM32C031C6U6, STM32C031F4P3, STM32C031F4P6, STM32C031F6P3, STM32C031F6P6, STM32C031G4U3, STM32C031G4U6, STM32C031G6U3, STM32C031G6U6, STM32C031K4T3, STM32C031K4T6, STM32C031K4U3, STM32C031K4U6, STM32C031K6T3, STM32C031K6T6, STM32C031K6U3, STM32C031K6U6, STM32C051C6T6, STM32C051C6U6, STM32C051C8T6, STM32C051C8U6, STM32C051D8Y6TR, STM32C051F6P6, STM32C051F8P6, STM32C051G6U6, STM32C051G8U6, STM32C051K6T6, STM32C051K6U6, STM32C051K8T6, STM32C071C8T6, STM32C071C8T6N, STM32C071C8U6, STM32C071C8U6N, STM32C071CBT6, STM32C071CBT6N, STM32C071CBU6, STM32C071CBU6N, STM32C071F8P6, STM32C071F8P6N, STM32C071FBP6, STM32C071FBP6N, STM32C071FBY6TR, STM32C071G8U6, STM32C071G8U6N, STM32C071GBU6, STM32C071GBU6N, STM32C071K8T6, STM32C071K8T6N, STM32C071K8U6, STM32C071K8U6N, STM32C071KBT6, STM32C071KBT6N, STM32C071KBU6, STM32C071KBU6N, STM32C071R8T6, STM32C071R8T6N, STM32C071RBI6N, STM32C071RBT6, STM32C071RBT6N, STM32C091CBT6, STM32C091CBU6, STM32C091CCT6, STM32C091CCU6, STM32C091ECY6TR, STM32C091FBP6, STM32C091FCP6, STM32C091GBU6, STM32C091GCU6, STM32C091KBT6, STM32C091KBU6, STM32C091KCT6, STM32C091KCU6, STM32C091RBT6, STM32C091RCI6, STM32C091RCT6, STM32C092CBT6, STM32C092CBU6, STM32C092CCT6, STM32C092CCU6, STM32C092ECY6TR, STM32C092FBP6, STM32C092FCP6, STM32C092GBU6, STM32C092GCU6, STM32C092KBT6, STM32C092KBU6, STM32C092KCT6, STM32C092KCU6, STM32C092RBT6, STM32C092RCI6, STM32C092RCT6, STM32G071K8TXN, STM32G071K8UXN, STM32G081GBU6N, STM32G081KBT6N, STM32G081KBUXN, STM32G0B1CCT6N, STM32G0B1KCT6, STM32G0B1NEY6TR, STM32G0B1RCT6N, STM32G0C1CCT6, STM32G0C1CCT6N, STM32G0C1CCU6N, STM32G0C1CET6N, STM32G0C1CEU6N, STM32G0C1KCT6, STM32G0C1NEY6TR, STM32G0C1RCI6N, STM32G0C1RCT6N, STM32G0C1REI6N, STM32G0C1RET6N, STM32G0C1VCI6, STM32G0C1VEI6, STM32G411C6T3, STM32G411C6T6, STM32G411C6U3, STM32G411C6U6, STM32G411C8T3, STM32G411C8T6, STM32G411C8U3, STM32G411C8U6, STM32G411CBT3, STM32G411CBT6, STM32G411CBU3, STM32G411CBU6, STM32G411CCT3, STM32G411CCT6, STM32G411CCU3, STM32G411CCU6, STM32G411K6T3, STM32G411K6T6, STM32G411K6U3, STM32G411K6U6, STM32G411K8T3, STM32G411K8T6, STM32G411K8U3, STM32G411K8U6, STM32G411KBT3, STM32G411KBT6, STM32G411KBU3, STM32G411KBU6, STM32G411M6T3, STM32G411M6T6, STM32G411M8T3, STM32G411M8T6, STM32G411MBT3, STM32G411MBT6, STM32G411MCT3, STM32G411MCT6, STM32G411R6T3, STM32G411R6T6, STM32G411R8T3, STM32G411R8T6, STM32G411RBT3, STM32G411RBT6, STM32G411RCT3, STM32G411RCT6, STM32G414CBT3, STM32G414CBT6, STM32G414CBU3, STM32G414CBU6, STM32G414CCT3, STM32G414CCT6, STM32G414CCU3, STM32G414CCU6, STM32G414MBT3, STM32G414MBT6, STM32G414MCT3, STM32G414MCT6, STM32G414RBT3, STM32G414RBT6, STM32G414RCT3, STM32G414RCT6, STM32G414VBT3, STM32G414VBT6, STM32G414VCT3, STM32G414VCT6, STM32G431CBT3Z, STM32G431RBT3Z, STM32G471CCT6, STM32G471CCU6, STM32G471CET3, STM32G471CET6, STM32G471CEU3, STM32G471CEU6, STM32G471MCT6, STM32G471MET3, STM32G471MET6, STM32G471MEY6TR, STM32G471QCT6, STM32G471QET3, STM32G471RCT6, STM32G471RET3, STM32G471RET6, STM32G471VCH6, STM32G471VCI6, STM32G471VCT6, STM32G471VEH3, STM32G471VEH6, STM32G471VEI3, STM32G471VEI6, STM32G471VET3, STM32G471VET6, STM32G473QET3Z, STM32G473RET3Z, STM32G474CCT6, STM32G491RET3Z, STM32H503CBT6, STM32H503CBU6, STM32H503EBY6TR, STM32H503KBU6, STM32H503RBT6, STM32H523CCT6, STM32H523CCU6, STM32H523CET6, STM32H523CEU6, STM32H523HEY6TR, STM32H523RCT6, STM32H523RET6, STM32H523VCI6, STM32H523VCT6, STM32H523VEI6, STM32H523VET6, STM32H523ZCJ6, STM32H523ZCT6, STM32H523ZEJ6, STM32H523ZET6, STM32H533CET6, STM32H533CEU6, STM32H533HEY6TR, STM32H533RET6, STM32H533VEI6, STM32H533VET6, STM32H533ZEJ6, STM32H533ZET6, STM32H562AGI6, STM32H562AII6, STM32H562IGK6, STM32H562IGT6, STM32H562IIK6, STM32H562IIT6, STM32H562RGT6, STM32H562RGV6, STM32H562RIT6, STM32H562RIV6, STM32H562VGT6, STM32H562VIT6, STM32H562ZGT6, STM32H562ZIT6, STM32H563AGI6, STM32H563AII3Q, STM32H563AII6, STM32H563IGK6, STM32H563IGT6, STM32H563IIK3Q, STM32H563IIK6, STM32H563IIT3Q, STM32H563IIT6, STM32H563MIY3QTR, STM32H563RGT6, STM32H563RGV6, STM32H563RIT6, STM32H563RIV6, STM32H563VGT6, STM32H563VIT3Q, STM32H563VIT6, STM32H563ZGT6, STM32H563ZIT3Q, STM32H563ZIT6, STM32H573AII3Q, STM32H573AII6, STM32H573I-DK, STM32H573IIK3Q, STM32H573IIK6, STM32H573IIT3Q, STM32H573IIT6, STM32H573MIY3QTR, STM32H573RIT6, STM32H573RIV6, STM32H573VIT3Q, STM32H573VIT6, STM32H573ZIT3Q, STM32H573ZIT6, STM32H7R3A8I6, STM32H7R3I8K6, STM32H7R3I8T6, STM32H7R3L8H6, STM32H7R3L8H6H, STM32H7R3R8V6, STM32H7R3V8H6, STM32H7R3V8T6, STM32H7R3V8Y6TR, STM32H7R3Z8J6, STM32H7R3Z8T6, STM32H7R7A8I6, STM32H7R7I8K6, STM32H7R7I8T6, STM32H7R7L8H6, STM32H7R7L8H6H, STM32H7R7Z8J6, STM32H7S3A8I6, STM32H7S3I8K6, STM32H7S3I8T6, STM32H7S3L8H6, STM32H7S3L8H6H, STM32H7S3R8V6, STM32H7S3V8H6, STM32H7S3V8T6, STM32H7S3V8Y6TR, STM32H7S3Z8J6, STM32H7S3Z8T6, STM32H7S78-DK, STM32H7S7A8I6, STM32H7S7I8K6, STM32H7S7I8T6, STM32H7S7L8H6, STM32H7S7L8H6H, STM32H7S7Z8J6, STM32L4R5QGI6STR, STM32MP131AAE3, STM32MP131AAF3, STM32MP131AAG3, STM32MP131CAE3, STM32MP131CAF3, STM32MP131CAG3, STM32MP131DAE7, STM32MP131DAF7, STM32MP131DAG7, STM32MP131FAE7, STM32MP131FAF7, STM32MP131FAG7, STM32MP133AAE3, STM32MP133AAF3, STM32MP133AAG3, STM32MP133CAE3, STM32MP133CAF3, STM32MP133CAG3, STM32MP133DAE7, STM32MP133DAF7, STM32MP133DAG7, STM32MP133FAE7, STM32MP133FAF7, STM32MP133FAG7, STM32MP135AAE3, STM32MP135AAF3, STM32MP135AAG3, STM32MP135CAE3, STM32MP135CAF3, STM32MP135CAG3, STM32MP135DAE7, STM32MP135DAF7, STM32MP135DAG7, STM32MP135F-DK, STM32MP135FAE7, STM32MP135FAF7, STM32MP135FAF7T, STM32MP135FAF7U, STM32MP135FAG7, STM32MP231AAJ3, STM32MP231AAK3, STM32MP231AAL3, STM32MP231CAJ3, STM32MP231CAK3, STM32MP231CAL3, STM32MP231DAJ3, STM32MP231DAK3, STM32MP231DAL3, STM32MP231FAJ3, STM32MP231FAK3, STM32MP231FAL3, STM32MP233AAJ3, STM32MP233AAK3, STM32MP233AAL3, STM32MP233CAJ3, STM32MP233CAK3, STM32MP233CAL3, STM32MP233DAJ3, STM32MP233DAK3, STM32MP233DAL3, STM32MP233FAJ3, STM32MP233FAK3, STM32MP233FAL3, STM32MP235AAJ3, STM32MP235AAK3, STM32MP235AAL3, STM32MP235CAJ3, STM32MP235CAK3, STM32MP235CAL3, STM32MP235DAJ3, STM32MP235DAK3, STM32MP235DAL3, STM32MP235FAJ3, STM32MP235FAK3, STM32MP235FAL3, STM32MP251AAI3, STM32MP251AAJ3, STM32MP251AAK3, STM32MP251AAL3, STM32MP251CAI3, STM32MP251CAJ3, STM32MP251CAK3, STM32MP251CAL3, STM32MP251DAI3, STM32MP251DAJ3, STM32MP251DAK3, STM32MP251DAL3, STM32MP251FAI3, STM32MP251FAJ3, STM32MP251FAK3, STM32MP251FAL3, STM32MP253AAI3, STM32MP253AAJ3, STM32MP253AAK3, STM32MP253AAL3, STM32MP253CAI3, STM32MP253CAJ3, STM32MP253CAK3, STM32MP253CAL3, STM32MP253DAI3, STM32MP253DAJ3, STM32MP253DAK3, STM32MP253DAL3, STM32MP253FAI3, STM32MP253FAJ3, STM32MP253FAK3, STM32MP253FAL3, STM32MP255AAI3, STM32MP255AAJ3, STM32MP255AAK3, STM32MP255AAL3, STM32MP255CAI3, STM32MP255CAJ3, STM32MP255CAK3, STM32MP255CAL3, STM32MP255DAI3, STM32MP255DAJ3, STM32MP255DAK3, STM32MP255DAL3, STM32MP255FAI3, STM32MP255FAJ3, STM32MP255FAK3, STM32MP255FAL3, STM32MP257AAI3, STM32MP257AAJ3, STM32MP257AAK3, STM32MP257AAL3, STM32MP257CAI3, STM32MP257CAJ3, STM32MP257CAK3, STM32MP257CAL3, STM32MP257DAI3, STM32MP257DAJ3, STM32MP257DAK3, STM32MP257DAL3, STM32MP257F-DK, STM32MP257F-EV1, STM32MP257FAI3, STM32MP257FAJ3, STM32MP257FAK3, STM32MP257FAL3, STM32N645A0H3Q, STM32N645B0H3Q, STM32N645I0H3Q, STM32N645L0H3Q, STM32N645X0H3Q, STM32N645Z0H3Q, STM32N647A0H3Q, STM32N647B0H3Q, STM32N647I0H3Q, STM32N647L0H3Q, STM32N647X0H3Q, STM32N647Z0H3Q, STM32N655A0H3Q, STM32N655B0H3Q, STM32N655I0H3Q, STM32N655L0H3Q, STM32N655X0H3Q, STM32N655Z0H3Q, STM32N6570-DK, STM32N657A0H3Q, STM32N657B0H3Q, STM32N657I0H3Q, STM32N657L0H3Q, STM32N657X0H3Q, STM32N657Z0H3Q, STM32U031C6T6, STM32U031C6U6, STM32U031C8T6, STM32U031C8U6, STM32U031F4P6, STM32U031F6P6, STM32U031F8P6, STM32U031G6Y6TR, STM32U031G8Y6TR, STM32U031K4U6, STM32U031K6U6, STM32U031K8U6, STM32U031R6I6, STM32U031R6T6, STM32U031R8I6, STM32U031R8T6, STM32U073C8T6, STM32U073C8U6, STM32U073CBT6, STM32U073CBU6, STM32U073CCT6, STM32U073CCU6, STM32U073H8Y6TR, STM32U073HBY6TR, STM32U073HCY6TR, STM32U073K8U6, STM32U073KBU6, STM32U073KCU6, STM32U073M8I6, STM32U073M8T6, STM32U073MBI6, STM32U073MBT6, STM32U073MCI6, STM32U073MCT6, STM32U073R8I6, STM32U073R8T6, STM32U073RBI6, STM32U073RBT6, STM32U073RCI6, STM32U073RCT6, STM32U083C-DK, STM32U083CCT6, STM32U083CCU6, STM32U083HCY6TR, STM32U083KCU6, STM32U083MCI6, STM32U083MCT6, STM32U083RCI6, STM32U083RCT6, STM32U375CET6, STM32U375CET6Q, STM32U375CEU6, STM32U375CEU6Q, STM32U375CEY6QTR, STM32U375CGT6, STM32U375CGT6Q, STM32U375CGU6, STM32U375CGU6Q, STM32U375CGY6QTR, STM32U375KEU6, STM32U375KGU6, STM32U375REI6, STM32U375REI6Q, STM32U375RET6, STM32U375RET6Q, STM32U375REY6GTR, STM32U375REY6QTR, STM32U375RGI6, STM32U375RGI6Q, STM32U375RGT6, STM32U375RGT6Q, STM32U375RGY6GTR, STM32U375RGY6QTR, STM32U375VEI6, STM32U375VEI6Q, STM32U375VET6, STM32U375VET6Q, STM32U375VGI6, STM32U375VGI6Q, STM32U375VGT6, STM32U375VGT6Q, STM32U385CGT6, STM32U385CGT6Q, STM32U385CGU6, STM32U385CGU6Q, STM32U385CGY6QTR, STM32U385KGU6, STM32U385RGI6, STM32U385RGI6Q, STM32U385RGT6, STM32U385RGT6Q, STM32U385RGY6GTR, STM32U385RGY6QTR, STM32U385VGI6, STM32U385VGI6Q, STM32U385VGT6, STM32U385VGT6Q, STM32U535CBT6, STM32U535CBT6Q, STM32U535CBU6, STM32U535CBU6Q, STM32U535CCT6, STM32U535CCT6Q, STM32U535CCU6, STM32U535CCU6Q, STM32U535CET6, STM32U535CET6Q, STM32U535CEU6, STM32U535CEU6Q, STM32U535JEY6QTR, STM32U535NCY6QTR, STM32U535NEY6QTR, STM32U535RBI6, STM32U535RBI6Q, STM32U535RBT6, STM32U535RBT6Q, STM32U535RCI6, STM32U535RCI6Q, STM32U535RCT6, STM32U535RCT6Q, STM32U535REI6, STM32U535REI6Q, STM32U535RET6, STM32U535RET6Q, STM32U535VCI6, STM32U535VCI6Q, STM32U535VCT6, STM32U535VCT6Q, STM32U535VEI6, STM32U535VEI6Q, STM32U535VET6, STM32U535VET6Q, STM32U545CET6, STM32U545CET6Q, STM32U545CEU6, STM32U545CEU6Q, STM32U545JEY6QTR, STM32U545NEY6QTR, STM32U545REI6, STM32U545REI6Q, STM32U545RET6, STM32U545RET6Q, STM32U545VEI6, STM32U545VEI6Q, STM32U545VET6, STM32U545VET6Q, STM32U595AIH6, STM32U595AIH6Q, STM32U595AJH6, STM32U595AJH6Q, STM32U595QII6, STM32U595QII6Q, STM32U595QJI6, STM32U595QJI6Q, STM32U595RIT6, STM32U595RIT6Q, STM32U595RJT6, STM32U595RJT6Q, STM32U595VIT6, STM32U595VIT6Q, STM32U595VJT6, STM32U595VJT6Q, STM32U595ZIT6, STM32U595ZIT6Q, STM32U595ZIY6QTR, STM32U595ZJT6, STM32U595ZJT6Q, STM32U595ZJY6QTR, STM32U599BJY6QTR, STM32U599NIH6Q, STM32U599NJH6Q, STM32U599VIT6Q, STM32U599VJT6, STM32U599VJT6Q, STM32U599ZIT6Q, STM32U599ZIY6QTR, STM32U599ZJT6Q, STM32U599ZJY6QTR, STM32U5A5AJH6, STM32U5A5AJH6Q, STM32U5A5QII3Q , STM32U5A5QJI6, STM32U5A5QJI6Q, STM32U5A5RJT6, STM32U5A5RJT6Q, STM32U5A5VJT6, STM32U5A5VJT6Q, STM32U5A5ZJT6, STM32U5A5ZJT6Q, STM32U5A5ZJY6QTR, STM32U5A9BJY6QTR, STM32U5A9J-DK, STM32U5A9NJH6Q, STM32U5A9VJT6Q, STM32U5A9ZJT6Q, STM32U5A9ZJY6QTR, STM32U5F7VIT6, STM32U5F7VIT6Q, STM32U5F7VJT6, STM32U5F7VJT6Q, STM32U5F9BJY6QTR, STM32U5F9NJH6Q, STM32U5F9VIT6Q, STM32U5F9VJT6Q, STM32U5F9ZIJ6QTR, STM32U5F9ZIT6Q, STM32U5F9ZJJ6QTR, STM32U5F9ZJT6Q, STM32U5G7VJT6, STM32U5G7VJT6Q, STM32U5G9BJY6QTR, STM32U5G9J-DK1, STM32U5G9J-DK2, STM32U5G9NJH6Q, STM32U5G9VJT6Q, STM32U5G9ZJJ6QTR, STM32U5G9ZJT6Q, STM32WB05KZV6TR, STM32WB05KZV7TR, STM32WB05TZF6TR, STM32WB05TZF7TR, STM32WB06CCF6TR, STM32WB06CCF7TR, STM32WB06CCV6TR, STM32WB06CCV7TR, STM32WB06KCV6TR, STM32WB06KCV7TR, STM32WB07CCF6TR, STM32WB07CCF7TR, STM32WB07CCV6TR, STM32WB07CCV7TR, STM32WB07KCV6TR, STM32WB07KCV7TR, STM32WB09KEV6TR, STM32WB09KEV7TR, STM32WB09TEF6TR, STM32WB09TEF7TR, STM32WB1MMCH6, STM32WBA50KGU6, STM32WBA50KGU6TR, STM32WBA52CEU6, STM32WBA52CEU6TR, STM32WBA52CEU7, STM32WBA52CEU7TR, STM32WBA52CGU6, STM32WBA52CGU6TR, STM32WBA52CGU6U, STM32WBA52CGU7, STM32WBA52CGU7TR, STM32WBA52KEU6, STM32WBA52KEU6TR, STM32WBA52KGU6, STM32WBA52KGU6TR, STM32WBA54CEU6, STM32WBA54CEU6TR, STM32WBA54CEU7, STM32WBA54CEU7TR, STM32WBA54CGU6, STM32WBA54CGU6TR, STM32WBA54CGU7, STM32WBA54CGU7TR, STM32WBA54KEU6, STM32WBA54KEU6TR, STM32WBA54KEU7, STM32WBA54KEU7TR, STM32WBA54KGU6, STM32WBA54KGU6TR, STM32WBA54KGU7, STM32WBA54KGU7TR, STM32WBA55CEU6, STM32WBA55CEU6TR, STM32WBA55CEU7, STM32WBA55CEU7TR, STM32WBA55CGU6, STM32WBA55CGU6TR, STM32WBA55CGU6U, STM32WBA55CGU7, STM32WBA55CGU7TR, STM32WBA55G-DK1, STM32WBA55HEF6, STM32WBA55HEF7, STM32WBA55HGF6, STM32WBA55HGF7, STM32WBA55UEI6, STM32WBA55UEI6TR, STM32WBA55UEI7, STM32WBA55UEI7TR, STM32WBA55UGI6, STM32WBA55UGI6TR, STM32WBA55UGI7, STM32WBA55UGI7TR, STM32WBA5MJGH6TR, STM32WBA62CGU6, STM32WBA62CIU6, STM32WBA62MGF6, STM32WBA62MIF6, STM32WBA62PGI6, STM32WBA62PII6, STM32WBA63CGU6, STM32WBA63CGU7, STM32WBA63CIU6, STM32WBA63CIU7, STM32WBA64CGU6, STM32WBA64CGU7, STM32WBA64CIU6, STM32WBA64CIU7, STM32WBA65CGU6, STM32WBA65CGU7, STM32WBA65CIU6, STM32WBA65CIU7, STM32WBA65I-DK1, STM32WBA65MGF6, STM32WBA65MGF7, STM32WBA65MIF6, STM32WBA65MIF7, STM32WBA65PGI6, STM32WBA65PGI7, STM32WBA65PII6, STM32WBA65PII7, STM32WBA65RGV6, STM32WBA65RGV7, STM32WBA65RIV6, STM32WBA65RIV7, STM32WL30K8V6, STM32WL30KBV6, STM32WL31C8V6, STM32WL31CBV6, STM32WL31K8V6, STM32WL31KBV6, STM32WL33C8V6, STM32WL33C8V6TR, STM32WL33C8V7, STM32WL33C8V7TR, STM32WL33CBV6, STM32WL33CBV6TR, STM32WL33CBV7, STM32WL33CBV7TR, STM32WL33CCV6, STM32WL33CCV6TR, STM32WL33CCV7, STM32WL33CCV7A, STM32WL33CCV7ATR, STM32WL33CCV7TR, STM32WL33K8V6, STM32WL33K8V6TR, STM32WL33K8V7, STM32WL33K8V7TR, STM32WL33KBV6, STM32WL33KBV6TR, STM32WL33KBV7, STM32WL33KBV7TR, STM32WL33KCV6, STM32WL33KCV6TR, STM32WL33KCV7, STM32WL33KCV7TR, STM32WL5MOCH6, STM32WL5MOCH6TR]
2026-03-28 19:32:30,697 [INFO] DbMcus:218 - Found 4918 MCUs, 4918 are supported
2026-03-28 19:32:30,697 [INFO] ApiDb:423 - Load user favorites file C:\Users\German/.stm32cubeide/favorites.mcus.txt: 0 item(s)
2026-03-28 19:32:30,698 [INFO] ApiDb:427 - User favorites MCUs=[]
2026-03-28 19:32:30,698 [INFO] DbMcus:224 - Set 0 / 0 favorites MCUs
2026-03-28 19:32:31,036 [INFO] BoardInfo:889 - No configuration file found for board P-NUCLEO-WB55
2026-03-28 19:32:31,037 [INFO] DbBoards:161 - Kit is not supported: P-NUCLEO-WB55
2026-03-28 19:32:31,042 [INFO] BoardInfo:889 - No configuration file found for board STEVAL-BFA001V1B
2026-03-28 19:32:31,043 [INFO] DbBoards:161 - Kit is not supported: STEVAL-BFA001V1B
2026-03-28 19:32:31,043 [INFO] BoardInfo:889 - No configuration file found for board STEVAL-BFA001V2B
2026-03-28 19:32:31,044 [INFO] DbBoards:161 - Kit is not supported: STEVAL-BFA001V2B
2026-03-28 19:32:31,169 [INFO] BoardInfo:889 - No configuration file found for board STM32MP215F-DK
2026-03-28 19:32:31,170 [INFO] DbBoards:161 - Board is not supported: STM32MP215F-DK
2026-03-28 19:32:31,185 [INFO] DbBoards:168 - Found 212 boards, 208 are supported
2026-03-28 19:32:31,185 [INFO] DbBoards:169 - Found 212 boards, 43 of them is supported for  Bsp
2026-03-28 19:32:31,187 [INFO] ApiDb:423 - Load user favorites file C:\Users\German/.stm32cubeide/favorites.boards.txt: 1 item(s)
2026-03-28 19:32:31,187 [INFO] ApiDb:427 - User favorites Boards=[P-NUCLEO-WB55-NUCLEO]
2026-03-28 19:32:31,187 [INFO] DbBoards:198 - Set 1 / 1 favorites Boards
2026-03-28 19:32:31,252 [INFO] UtilMem:75 - End LoadConfig() Used Memory: 258708888 Bytes (487587840)
2026-03-28 19:32:31,353 [WARN] ThirdParty:833 - waiting for thirdparty lock release [change project]
2026-03-28 19:32:31,354 [INFO] ThirdParty:835 - entering critical section [change project]
2026-03-28 19:32:31,354 [INFO] ThirdParty:1030 - CMSIS Pack Vendor :STMicroelectronics X-CUBE-AZRTOS-H7 3.5.0
2026-03-28 19:32:31,354 [INFO] ThirdParty:1030 - CMSIS Pack Vendor :STMicroelectronics X-CUBE-PM33A1 1.0.0
2026-03-28 19:32:31,354 [INFO] ThirdParty:1030 - CMSIS Pack Vendor :STMicroelectronics USBPD 4.1
2026-03-28 19:32:31,354 [INFO] ThirdParty:1030 - CMSIS Pack Vendor :STMicroelectronics USB_HOST 2.0.0
2026-03-28 19:32:31,354 [INFO] ThirdParty:1030 - CMSIS Pack Vendor :STMicroelectronics FP-SNS-MOTENVWB1 1.4.0
2026-03-28 19:32:31,354 [INFO] ThirdParty:1030 - CMSIS Pack Vendor :STMicroelectronics X-CUBE-AZRTOS-F4 1.1.0
2026-03-28 19:32:31,354 [INFO] ThirdParty:1030 - CMSIS Pack Vendor :STMicroelectronics LIBJPEG 8.0.0
2026-03-28 19:32:31,354 [INFO] ThirdParty:1030 - CMSIS Pack Vendor :STMicroelectronics FP-ATR-ASTRA1 2.0.2
2026-03-28 19:32:31,354 [INFO] ThirdParty:1030 - CMSIS Pack Vendor :Avnet-IotConnect X-CUBE-IoTC-DA16k-PMOD 1.0.0
2026-03-28 19:32:31,354 [INFO] ThirdParty:1030 - CMSIS Pack Vendor :STMicroelectronics X-CUBE-SMBUS 2.1.0
2026-03-28 19:32:31,354 [INFO] ThirdParty:1030 - CMSIS Pack Vendor :STMicroelectronics X-CUBE-WB05N 1.1.0
2026-03-28 19:32:31,354 [INFO] ThirdParty:1030 - CMSIS Pack Vendor :STMicroelectronics X-CUBE-ISPU 2.1.0
2026-03-28 19:32:31,354 [INFO] ThirdParty:1030 - CMSIS Pack Vendor :STMicroelectronics X-CUBE-ST60 1.0.0
2026-03-28 19:32:31,354 [INFO] ThirdParty:1030 - CMSIS Pack Vendor :STMicroelectronics X-CUBE-NFC12 1.0.0
2026-03-28 19:32:31,354 [INFO] ThirdParty:1030 - CMSIS Pack Vendor :STMicroelectronics X-CUBE-AZRTOS-F7 1.1.0
2026-03-28 19:32:31,354 [INFO] ThirdParty:1030 - CMSIS Pack Vendor :STMicroelectronics X-CUBE-AZRTOS-L5 2.0.0
2026-03-28 19:32:31,354 [INFO] ThirdParty:1030 - CMSIS Pack Vendor :STMicroelectronics USB_DEVICE 2.0.0
2026-03-28 19:32:31,354 [INFO] ThirdParty:1030 - CMSIS Pack Vendor :STMicroelectronics X-CUBE-NFC6 3.1.0
2026-03-28 19:32:31,354 [INFO] ThirdParty:1030 - CMSIS Pack Vendor :STMicroelectronics FreeRTOS 0.0.1
2026-03-28 19:32:31,354 [INFO] ThirdParty:1030 - CMSIS Pack Vendor :STMicroelectronics X-CUBE-DPower 1.2.0
2026-03-28 19:32:31,354 [INFO] ThirdParty:1030 - CMSIS Pack Vendor :Infineon AIROC-Wi-Fi-Bluetooth-STM32 1.7.0
2026-03-28 19:32:31,354 [INFO] ThirdParty:1030 - CMSIS Pack Vendor :STMicroelectronics PDM2PCM 3.3.0
2026-03-28 19:32:31,354 [INFO] ThirdParty:1030 - CMSIS Pack Vendor :STMicroelectronics X-CUBE-AZRTOS-H7 3.4.0
2026-03-28 19:32:31,354 [INFO] ThirdParty:1030 - CMSIS Pack Vendor :STMicroelectronics X-CUBE-DISPLAY 3.0.0
2026-03-28 19:32:31,354 [INFO] ThirdParty:1030 - CMSIS Pack Vendor :STMicroelectronics X-CUBE-NFC10 1.0.0
2026-03-28 19:32:31,354 [INFO] ThirdParty:1030 - CMSIS Pack Vendor :STMicroelectronics X-CUBE-BLEMGR 4.0.0
2026-03-28 19:32:31,354 [INFO] ThirdParty:1030 - CMSIS Pack Vendor :STMicroelectronics X-CUBE-FREERTOS 1.3.1
2026-03-28 19:32:31,354 [INFO] ThirdParty:1030 - CMSIS Pack Vendor :STMicroelectronics HAL Drivers 0.0.0
2026-03-28 19:32:31,354 [INFO] ThirdParty:1030 - CMSIS Pack Vendor :STMicroelectronics X-CUBE-ST60 1.1.0
2026-03-28 19:32:31,354 [INFO] ThirdParty:1030 - CMSIS Pack Vendor :emotas I-CUBE-CANOPEN 1.3.0
2026-03-28 19:32:31,354 [INFO] ThirdParty:1030 - CMSIS Pack Vendor :STMicroelectronics X-CUBE-FREERTOS 1.3.0
2026-03-28 19:32:31,354 [INFO] ThirdParty:1030 - CMSIS Pack Vendor :STMicroelectronics X-CUBE-NFC7 1.0.1
2026-03-28 19:32:31,354 [INFO] ThirdParty:1030 - CMSIS Pack Vendor :STMicroelectronics MBEDTLS 2.14.1
2026-03-28 19:32:31,354 [INFO] ThirdParty:1030 - CMSIS Pack Vendor :STMicroelectronics X-CUBE-GNSS1 7.1.0
2026-03-28 19:32:31,354 [INFO] ThirdParty:1030 - CMSIS Pack Vendor :STMicroelectronics X-CUBE-TOUCHGFX 4.26.0
2026-03-28 19:32:31,354 [INFO] ThirdParty:1030 - CMSIS Pack Vendor :STMicroelectronics X-CUBE-TOUCHGFX 4.26.1
2026-03-28 19:32:31,354 [INFO] ThirdParty:1030 - CMSIS Pack Vendor :quantropi X-CUBE-qispace-sdk-base 2.0.0
2026-03-28 19:32:31,354 [INFO] ThirdParty:1030 - CMSIS Pack Vendor :STMicroelectronics X-CUBE-AI 10.0.0
2026-03-28 19:32:31,354 [INFO] ThirdParty:1030 - CMSIS Pack Vendor :STMicroelectronics FP-SNS-STAIOTCFT 1.0.0
2026-03-28 19:32:31,354 [INFO] ThirdParty:1030 - CMSIS Pack Vendor :STMicroelectronics FP-SNS-SMARTAG2 1.2.0
2026-03-28 19:32:31,354 [INFO] ThirdParty:1030 - CMSIS Pack Vendor :STMicroelectronics FP-SNS-FLIGHT1 5.1.0
2026-03-28 19:32:31,354 [INFO] ThirdParty:1030 - CMSIS Pack Vendor :STMicroelectronics X-CUBE-MEMS1 11.1.0
2026-03-28 19:32:31,354 [INFO] ThirdParty:1030 - CMSIS Pack Vendor :STMicroelectronics X-CUBE-AZRTOS-WL 2.0.0
2026-03-28 19:32:31,354 [INFO] ThirdParty:1030 - CMSIS Pack Vendor :STMicroelectronics X-CUBE-DPower 1.3.0
2026-03-28 19:32:31,354 [INFO] ThirdParty:1030 - CMSIS Pack Vendor :STMicroelectronics FP-SNS-MOTENV1 5.0.0
2026-03-28 19:32:31,354 [INFO] ThirdParty:1030 - CMSIS Pack Vendor :STMicroelectronics USB_DEVICE 1.0.0
2026-03-28 19:32:31,354 [INFO] ThirdParty:1030 - CMSIS Pack Vendor :STMicroelectronics X-CUBE-AZRTOS-H7RS 1.2.0
2026-03-28 19:32:31,354 [INFO] ThirdParty:1030 - CMSIS Pack Vendor :STMicroelectronics X-CUBE-AZRTOS-L4 2.0.0
2026-03-28 19:32:31,354 [INFO] ThirdParty:1030 - CMSIS Pack Vendor :STMicroelectronics ThreadX 0.0.2
2026-03-28 19:32:31,354 [INFO] ThirdParty:1030 - CMSIS Pack Vendor :WES I-CUBE-Cesium 1.3.0
2026-03-28 19:32:31,354 [INFO] ThirdParty:1030 - CMSIS Pack Vendor :STMicroelectronics lwIP 2.1.2
2026-03-28 19:32:31,354 [INFO] ThirdParty:1030 - CMSIS Pack Vendor :STMicroelectronics X-CUBE-SFXS2LP1 4.0.0
2026-03-28 19:32:31,354 [INFO] ThirdParty:1030 - CMSIS Pack Vendor :STMicroelectronics X-CUBE-BLE2 3.3.0
2026-03-28 19:32:31,354 [INFO] ThirdParty:1030 - CMSIS Pack Vendor :Avnet-IOTCONNECT X-CUBE-iotc-st67-sdk 1.0.0
2026-03-28 19:32:31,355 [INFO] ThirdParty:1030 - CMSIS Pack Vendor :STMicroelectronics PDM2PCM 3.2.0
2026-03-28 19:32:31,355 [INFO] ThirdParty:1030 - CMSIS Pack Vendor :STMicroelectronics X-CUBE-AZRTOS-H7 3.3.0
2026-03-28 19:32:31,355 [INFO] ThirdParty:1030 - CMSIS Pack Vendor :STMicroelectronics X-CUBE-NFC9 1.0.0
2026-03-28 19:32:31,355 [INFO] ThirdParty:1030 - CMSIS Pack Vendor :STMicroelectronics X-CUBE-BLE1 7.1.0
2026-03-28 19:32:31,355 [INFO] ThirdParty:1030 - CMSIS Pack Vendor :wolfSSL I-CUBE-wolfMQTT 1.19.2
2026-03-28 19:32:31,355 [INFO] ThirdParty:1030 - CMSIS Pack Vendor :STMicroelectronics USB_DEVICE 3.0.0
2026-03-28 19:32:31,355 [INFO] ThirdParty:1030 - CMSIS Pack Vendor :STMicroelectronics X-CUBE-EEPRMA1 5.2.0
2026-03-28 19:32:31,355 [INFO] ThirdParty:1030 - CMSIS Pack Vendor :STMicroelectronics X-CUBE-BLEMGR 4.1.0
2026-03-28 19:32:31,355 [INFO] ThirdParty:1030 - CMSIS Pack Vendor :STMicroelectronics X-CUBE-AZRTOS-WB 2.0.0
2026-03-28 19:32:31,355 [INFO] ThirdParty:1030 - CMSIS Pack Vendor :STMicroelectronics X-CUBE-GNSS1 7.0.1
2026-03-28 19:32:31,355 [INFO] ThirdParty:1030 - CMSIS Pack Vendor :STMicroelectronics X-CUBE-TOUCHGFX 4.25.0
2026-03-28 19:32:31,355 [INFO] ThirdParty:1030 - CMSIS Pack Vendor :STMicroelectronics X-CUBE-AI 10.1.0
2026-03-28 19:32:31,355 [INFO] ThirdParty:1030 - CMSIS Pack Vendor :STMicroelectronics FP-SNS-STBOX1 2.0.0
2026-03-28 19:32:31,355 [INFO] ThirdParty:1030 - CMSIS Pack Vendor :STMicroelectronics X-CUBE-MEMS1 12.0.0
2026-03-28 19:32:31,355 [INFO] ThirdParty:1030 - CMSIS Pack Vendor :STMicroelectronics X-CUBE-STSE01 2.0.0
2026-03-28 19:32:31,355 [INFO] ThirdParty:1030 - CMSIS Pack Vendor :STMicroelectronics X-CUBE-MEMS1 11.2.0
2026-03-28 19:32:31,355 [INFO] ThirdParty:1030 - CMSIS Pack Vendor :STMicroelectronics X-CUBE-AZRTOS-G0 1.1.0
2026-03-28 19:32:31,355 [INFO] ThirdParty:1030 - CMSIS Pack Vendor :STMicroelectronics X-CUBE-SAFEA1 1.2.2
2026-03-28 19:32:31,355 [INFO] ThirdParty:1030 - CMSIS Pack Vendor :STMicroelectronics X-CUBE-NFC4 3.0.0
2026-03-28 19:32:31,355 [INFO] ThirdParty:1030 - CMSIS Pack Vendor :STMicroelectronics X-CUBE-SUBG2 5.0.0
2026-03-28 19:32:31,355 [INFO] ThirdParty:1030 - CMSIS Pack Vendor :STMicroelectronics X-CUBE-AZRTOS-H7RS 1.1.0
2026-03-28 19:32:31,355 [INFO] ThirdParty:1030 - CMSIS Pack Vendor :STMicroelectronics STM32_WPAN 1.0.0
2026-03-28 19:32:31,355 [INFO] ThirdParty:1030 - CMSIS Pack Vendor :EmbeddedOffice I-CUBE-FS-RTOS 1.0.1
2026-03-28 19:32:31,355 [INFO] ThirdParty:1030 - CMSIS Pack Vendor :STMicroelectronics lwIP 2.0.3
2026-03-28 19:32:31,355 [INFO] ThirdParty:1030 - CMSIS Pack Vendor :Cesanta I-CUBE-Mongoose 7.13.0
2026-03-28 19:32:31,355 [INFO] ThirdParty:1030 - CMSIS Pack Vendor :STMicroelectronics USB_HOST 1.0.0
2026-03-28 19:32:31,355 [INFO] ThirdParty:1030 - CMSIS Pack Vendor :STMicroelectronics X-CUBE-AZRTOS-G4 2.0.0
2026-03-28 19:32:31,355 [INFO] ThirdParty:1030 - CMSIS Pack Vendor :STMicroelectronics X-CUBE-WB05N 2.0.0
2026-03-28 19:32:31,355 [INFO] ThirdParty:1030 - CMSIS Pack Vendor :STMicroelectronics PDM2PCM 3.1.0
2026-03-28 19:32:31,356 [INFO] ThirdParty:1030 - CMSIS Pack Vendor :wolfSSL I-CUBE-wolfTPM 3.8.0
2026-03-28 19:32:31,356 [INFO] ThirdParty:1030 - CMSIS Pack Vendor :wolfSSL I-CUBE-wolfSSH 1.4.20
2026-03-28 19:32:31,356 [INFO] ThirdParty:1030 - CMSIS Pack Vendor :STMicroelectronics X-CUBE-NFC7 2.0.0
2026-03-28 19:32:31,356 [INFO] ThirdParty:1030 - CMSIS Pack Vendor :STMicroelectronics X-CUBE-TCPP 4.2.0
2026-03-28 19:32:31,356 [INFO] ThirdParty:1030 - CMSIS Pack Vendor :RealThread X-CUBE-RT-Thread_Nano 4.1.1
2026-03-28 19:32:31,356 [INFO] ThirdParty:1030 - CMSIS Pack Vendor :STMicroelectronics FP-ATR-SIGFOX1 3.2.0
2026-03-28 19:32:31,356 [INFO] ThirdParty:1030 - CMSIS Pack Vendor :STMicroelectronics X-CUBE-EEPRMA1 5.1.0
2026-03-28 19:32:31,356 [INFO] ThirdParty:1030 - CMSIS Pack Vendor :STMicroelectronics MBEDTLS 2.16.2
2026-03-28 19:32:31,356 [INFO] ThirdParty:1030 - CMSIS Pack Vendor :STMicroelectronics X-CUBE-IPS 3.1.0
2026-03-28 19:32:31,356 [INFO] ThirdParty:1030 - CMSIS Pack Vendor :STMicroelectronics X-CUBE-ALS 1.0.2
2026-03-28 19:32:31,356 [INFO] ThirdParty:1030 - CMSIS Pack Vendor :wolfSSL I-CUBE-wolfSSL 5.7.6
2026-03-28 19:32:31,356 [INFO] ThirdParty:1030 - CMSIS Pack Vendor :ITTIA_DB I-CUBE-ITTIADB 8.9.0
2026-03-28 19:32:31,356 [INFO] ThirdParty:1030 - CMSIS Pack Vendor :STMicroelectronics X-CUBE-STSE01 1.0.0
2026-03-28 19:32:31,356 [INFO] ThirdParty:1030 - CMSIS Pack Vendor :portGmbH I-Cube-SoM-uGOAL 1.1.0
2026-03-28 19:32:31,356 [INFO] ThirdParty:1030 - CMSIS Pack Vendor :STMicroelectronics X-CUBE-NFC6 3.2.0
2026-03-28 19:32:31,356 [INFO] ThirdParty:1030 - CMSIS Pack Vendor :STMicroelectronics X-CUBE-ST67W61 1.0.0
2026-03-28 19:32:31,356 [INFO] ThirdParty:1030 - CMSIS Pack Vendor :STMicroelectronics X-CUBE-AI 10.2.0
2026-03-28 19:32:31,356 [INFO] ThirdParty:1030 - CMSIS Pack Vendor :STMicroelectronics ThreadX 1.0.0
2026-03-28 19:32:31,356 [INFO] ThirdParty:1030 - CMSIS Pack Vendor :SEGGER I-CUBE-embOS 1.3.1
2026-03-28 19:32:31,356 [INFO] ThirdParty:1030 - CMSIS Pack Vendor :STMicroelectronics X-CUBE-ALGOBUILD 1.4.0
2026-03-28 19:32:31,356 [INFO] ThirdParty:1030 - CMSIS Pack Vendor :STMicroelectronics X-CUBE-MEMS1 11.3.0
2026-03-28 19:32:31,356 [INFO] ThirdParty:1030 - CMSIS Pack Vendor :STMicroelectronics X-CUBE-TOF1 3.4.2
2026-03-28 19:32:31,356 [INFO] ThirdParty:1030 - CMSIS Pack Vendor :STMicroelectronics X-CUBE-TOF1 3.4.3
2026-03-28 19:32:31,356 [INFO] ThirdParty:841 - exiting critical section [change project]
2026-03-28 19:32:31,733 [INFO] PinOutPanel:1589 - setPackage(No Configuration,No Configuration)
2026-03-28 19:32:31,736 [INFO] PinOutPanel:1589 - setPackage(STM32L476RGTx,LQFP64)
2026-03-28 19:32:32,253 [INFO] UtilMem:75 - Before build in PCC Used Memory: 453511168 Bytes (487587840)
2026-03-28 19:32:32,960 [INFO] UtilMem:75 - After build in PCC Used Memory: 337555096 Bytes (487587840)
2026-03-28 19:32:32,979 [INFO] IPUIPlugin:80 - create IPUIPlugin
2026-03-28 19:32:32,980 [INFO] IPUIPlugin:80 - create IPUIPlugin
2026-03-28 19:32:32,980 [INFO] IPUIPlugin:80 - create IPUIPlugin
2026-03-28 19:32:32,980 [INFO] IPUIPlugin:80 - create IPUIPlugin
2026-03-28 19:32:32,980 [INFO] IPUIPlugin:80 - create IPUIPlugin
2026-03-28 19:32:32,980 [INFO] IPUIPlugin:80 - create IPUIPlugin
2026-03-28 19:32:32,980 [INFO] IPUIPlugin:80 - create IPUIPlugin
2026-03-28 19:32:32,980 [INFO] IPUIPlugin:80 - create IPUIPlugin
2026-03-28 19:32:32,980 [INFO] IPUIPlugin:80 - create IPUIPlugin
2026-03-28 19:32:32,980 [INFO] IPUIPlugin:80 - create IPUIPlugin
2026-03-28 19:32:32,980 [INFO] IPUIPlugin:80 - create IPUIPlugin
2026-03-28 19:32:32,980 [INFO] IPUIPlugin:80 - create IPUIPlugin
2026-03-28 19:32:32,980 [INFO] IPUIPlugin:80 - create IPUIPlugin
2026-03-28 19:32:32,980 [INFO] IPUIPlugin:80 - create IPUIPlugin
2026-03-28 19:32:32,980 [INFO] IPUIPlugin:80 - create IPUIPlugin
2026-03-28 19:32:32,980 [INFO] IPUIPlugin:80 - create IPUIPlugin
2026-03-28 19:32:32,980 [INFO] IPUIPlugin:80 - create IPUIPlugin
2026-03-28 19:32:32,980 [INFO] IPUIPlugin:80 - create IPUIPlugin
2026-03-28 19:32:32,981 [INFO] IPUIPlugin:80 - create IPUIPlugin
2026-03-28 19:32:32,981 [INFO] IPUIPlugin:80 - create IPUIPlugin
2026-03-28 19:32:32,981 [INFO] IPUIPlugin:80 - create IPUIPlugin
2026-03-28 19:32:32,981 [INFO] IPUIPlugin:80 - create IPUIPlugin
2026-03-28 19:32:32,981 [INFO] IPUIPlugin:80 - create IPUIPlugin
2026-03-28 19:32:32,981 [INFO] IPUIPlugin:80 - create IPUIPlugin
2026-03-28 19:32:32,981 [INFO] IPUIPlugin:80 - create IPUIPlugin
2026-03-28 19:32:32,981 [INFO] IPUIPlugin:80 - create IPUIPlugin
2026-03-28 19:32:32,981 [INFO] IPUIPlugin:80 - create IPUIPlugin
2026-03-28 19:32:32,981 [INFO] IPUIPlugin:80 - create IPUIPlugin
2026-03-28 19:32:32,981 [INFO] IPUIPlugin:80 - create IPUIPlugin
2026-03-28 19:32:32,982 [INFO] IPUIPlugin:80 - create IPUIPlugin
2026-03-28 19:32:32,982 [INFO] IPUIPlugin:80 - create IPUIPlugin
2026-03-28 19:32:32,982 [INFO] IPUIPlugin:80 - create IPUIPlugin
2026-03-28 19:32:32,982 [INFO] IPUIPlugin:80 - create IPUIPlugin
2026-03-28 19:32:32,982 [INFO] IPUIPlugin:80 - create IPUIPlugin
2026-03-28 19:32:32,982 [INFO] IPUIPlugin:80 - create IPUIPlugin
2026-03-28 19:32:32,982 [INFO] IPUIPlugin:80 - create IPUIPlugin
2026-03-28 19:32:32,982 [INFO] IPUIPlugin:80 - create IPUIPlugin
2026-03-28 19:32:32,982 [INFO] IPUIPlugin:80 - create IPUIPlugin
2026-03-28 19:32:32,982 [INFO] IPUIPlugin:80 - create IPUIPlugin
2026-03-28 19:32:32,983 [INFO] IPUIPlugin:80 - create IPUIPlugin
2026-03-28 19:32:32,983 [INFO] IPUIPlugin:80 - create IPUIPlugin
2026-03-28 19:32:32,983 [INFO] IPUIPlugin:80 - create IPUIPlugin
2026-03-28 19:32:32,983 [INFO] IPUIPlugin:80 - create IPUIPlugin
2026-03-28 19:32:32,983 [INFO] IPUIPlugin:80 - create IPUIPlugin
2026-03-28 19:32:32,983 [INFO] IPUIPlugin:80 - create IPUIPlugin
2026-03-28 19:32:32,983 [INFO] IPUIPlugin:80 - create IPUIPlugin
2026-03-28 19:32:32,984 [INFO] IPUIPlugin:80 - create IPUIPlugin
2026-03-28 19:32:32,984 [INFO] IPUIPlugin:80 - create IPUIPlugin
2026-03-28 19:32:32,984 [INFO] IPUIPlugin:80 - create IPUIPlugin
2026-03-28 19:32:32,984 [INFO] IPUIPlugin:80 - create IPUIPlugin
2026-03-28 19:32:32,984 [INFO] IPUIPlugin:80 - create IPUIPlugin
2026-03-28 19:32:32,984 [INFO] IPUIPlugin:80 - create IPUIPlugin
2026-03-28 19:32:32,984 [INFO] IPUIPlugin:80 - create IPUIPlugin
2026-03-28 19:32:32,986 [INFO] IPUIPlugin:80 - create IPUIPlugin
2026-03-28 19:32:32,986 [INFO] IPUIPlugin:80 - create IPUIPlugin
2026-03-28 19:32:32,986 [INFO] IPUIPlugin:80 - create IPUIPlugin
2026-03-28 19:32:32,986 [INFO] IPUIPlugin:80 - create IPUIPlugin
2026-03-28 19:32:32,986 [INFO] IPUIPlugin:80 - create IPUIPlugin
2026-03-28 19:32:32,986 [INFO] IPUIPlugin:80 - create IPUIPlugin
2026-03-28 19:32:33,205 [INFO] CADModel:165 - CPN selected for project levelSTM32L476RGT3
2026-03-28 19:32:33,205 [INFO] CADModel:114 - Register for checkConnection events
2026-03-28 19:32:33,259 [INFO] OpenFileManager:385 - Restore cursor
2026-03-28 22:33:04,672 [INFO] UtilMem:75 - End SaveConfig() Used Memory: 333558944 Bytes (559939584)
2026-03-28 22:33:05,142 [INFO] BlockDiagram:2775 - set Specific Code input for plugin: SPI
2026-03-28 22:33:05,142 [INFO] BlockDiagram:2775 - set Specific Code input for plugin: TIM1_8L4
2026-03-28 22:33:05,143 [INFO] BlockDiagram:2775 - set Specific Code input for plugin: SYS
2026-03-28 22:33:05,143 [INFO] BlockDiagram:2775 - set Specific Code input for plugin: RCC
2026-03-28 22:33:05,143 [INFO] BlockDiagram:2775 - set Specific Code input for plugin: NVIC
2026-03-28 22:33:05,143 [INFO] BlockDiagram:2775 - set Specific Code input for plugin: USART
2026-03-28 22:33:05,143 [INFO] BlockDiagram:2775 - set Specific Code input for plugin: DMA
2026-03-28 22:33:05,143 [INFO] BlockDiagram:2775 - set Specific Code input for plugin: GPIO
2026-03-28 22:33:05,144 [INFO] CodeGenerator:882 - code generatio: config db path: C:\ST\STM32CubeIDE_1.18.1\STM32CubeIDE\plugins\com.st.stm32cube.common.mx_6.14.1.202504091515\\db\
2026-03-28 22:33:05,283 [INFO] CodeEngine:263 - oldGeneratedFile, C:\Users\German\Documents\equipo_medicion_ensayo_celdas\pruebas_eq_med_celdas\MXTmpFiles\license.tmp_save
2026-03-28 22:33:05,528 [INFO] CodeEngine:287 - Generated code: C:\Users\German\Documents\equipo_medicion_ensayo_celdas\pruebas_eq_med_celdas\MXTmpFiles\license.tmp
2026-03-28 22:33:05,600 [INFO] CodeEngine:263 - oldGeneratedFile, C:\Users\German\Documents\equipo_medicion_ensayo_celdas\pruebas_eq_med_celdas\MXTmpFiles\gpio.tmp_save
2026-03-28 22:33:05,678 [INFO] CodeEngine:287 - Generated code: C:\Users\German\Documents\equipo_medicion_ensayo_celdas\pruebas_eq_med_celdas\MXTmpFiles\gpio.tmp
2026-03-28 22:33:05,845 [INFO] CodeEngine:263 - oldGeneratedFile, C:\Users\German\Documents\equipo_medicion_ensayo_celdas\pruebas_eq_med_celdas\MXTmpFiles\dma.tmp_save
2026-03-28 22:33:05,893 [INFO] CodeEngine:287 - Generated code: C:\Users\German\Documents\equipo_medicion_ensayo_celdas\pruebas_eq_med_celdas\MXTmpFiles\dma.tmp
2026-03-28 22:33:05,895 [INFO] CodeEngine:263 - oldGeneratedFile, C:\Users\German\Documents\equipo_medicion_ensayo_celdas\pruebas_eq_med_celdas\MXTmpFiles\dma_GV.tmp_save
2026-03-28 22:33:05,935 [INFO] CodeEngine:287 - Generated code: C:\Users\German\Documents\equipo_medicion_ensayo_celdas\pruebas_eq_med_celdas\MXTmpFiles\dma_GV.tmp
2026-03-28 22:33:05,944 [INFO] CodeEngine:263 - oldGeneratedFile, C:\Users\German\Documents\equipo_medicion_ensayo_celdas\pruebas_eq_med_celdas\Core\Src\stm32l4xx_it.c_save
2026-03-28 22:33:06,008 [INFO] CodeEngine:287 - Generated code: C:\Users\German\Documents\equipo_medicion_ensayo_celdas\pruebas_eq_med_celdas\Core\Src\stm32l4xx_it.c
2026-03-28 22:33:06,012 [INFO] CodeEngine:263 - oldGeneratedFile, C:\Users\German\Documents\equipo_medicion_ensayo_celdas\pruebas_eq_med_celdas\Core\Inc\stm32l4xx_it.h_save
2026-03-28 22:33:06,053 [INFO] CodeEngine:287 - Generated code: C:\Users\German\Documents\equipo_medicion_ensayo_celdas\pruebas_eq_med_celdas\Core\Inc\stm32l4xx_it.h
2026-03-28 22:33:06,063 [INFO] CodeEngine:263 - oldGeneratedFile, C:\Users\German\Documents\equipo_medicion_ensayo_celdas\pruebas_eq_med_celdas\Core\Src\stm32l4xx_hal_msp.c_save
2026-03-28 22:33:06,142 [INFO] CodeEngine:287 - Generated code: C:\Users\German\Documents\equipo_medicion_ensayo_celdas\pruebas_eq_med_celdas\Core\Src\stm32l4xx_hal_msp.c
2026-03-28 22:33:06,146 [INFO] CodeEngine:263 - oldGeneratedFile, C:\Users\German\Documents\equipo_medicion_ensayo_celdas\pruebas_eq_med_celdas\MXTmpFiles\system.tmp_save
2026-03-28 22:33:06,184 [INFO] CodeEngine:287 - Generated code: C:\Users\German\Documents\equipo_medicion_ensayo_celdas\pruebas_eq_med_celdas\MXTmpFiles\system.tmp
2026-03-28 22:33:06,192 [INFO] CodeEngine:319 - oldGeneratedFile, C:\Users\German\Documents\equipo_medicion_ensayo_celdas\pruebas_eq_med_celdas\Core\Inc\stm32l4xx_hal_conf.h_save
2026-03-28 22:33:06,236 [INFO] CodeEngine:343 - Generated code: C:\Users\German\Documents\equipo_medicion_ensayo_celdas\pruebas_eq_med_celdas\Core\Inc\stm32l4xx_hal_conf.h
2026-03-28 22:33:06,259 [INFO] ApiDbMcu:508 - Load IP Config File for SPI1
2026-03-28 22:33:06,268 [INFO] ApiDbMcu:508 - Load IP Config File for TIM2
2026-03-28 22:33:06,283 [INFO] ApiDbMcu:508 - Load IP Config File for USART2
2026-03-28 22:33:06,285 [INFO] ApiDbMcu:508 - Load IP Config File for RCC
2026-03-28 22:33:06,287 [WARN] IPConfigManager:3790 - IP not found : TIM
2026-03-28 22:33:06,288 [WARN] CodeGenerator:4198 - IP not found : null
2026-03-28 22:33:06,294 [INFO] CodeEngine:263 - oldGeneratedFile, C:\Users\German\Documents\equipo_medicion_ensayo_celdas\pruebas_eq_med_celdas\Core\Inc\main.h_save
2026-03-28 22:33:06,351 [INFO] CodeEngine:287 - Generated code: C:\Users\German\Documents\equipo_medicion_ensayo_celdas\pruebas_eq_med_celdas\Core\Inc\main.h
2026-03-28 22:33:06,355 [INFO] CodeEngine:263 - oldGeneratedFile, C:\Users\German\Documents\equipo_medicion_ensayo_celdas\pruebas_eq_med_celdas\Core\Src\main.c_save
2026-03-28 22:33:06,444 [INFO] CodeEngine:287 - Generated code: C:\Users\German\Documents\equipo_medicion_ensayo_celdas\pruebas_eq_med_celdas\Core\Src\main.c
2026-03-28 22:33:06,726 [INFO] ProjectBuilder:3324 - Time for Copy HAL[1] : 126mS.
2026-03-28 22:33:06,730 [INFO] ProjectBuilder:4912 - Project Generator version: 4.6.0.1-B1
2026-03-28 22:33:06,800 [INFO] ConfigFileManager:1590 - The Die is : DIE415
2026-03-28 22:33:06,811 [INFO] ApiDbMcu:508 - Load IP Config File for FATFS
2026-03-28 22:33:06,815 [INFO] ApiDbMcu:508 - Load IP Config File for FREERTOS
2026-03-28 22:33:06,823 [INFO] ApiDbMcu:508 - Load IP Config File for TOUCHSENSING
2026-03-28 22:33:06,826 [INFO] ApiDbMcu:508 - Load IP Config File for USB_DEVICE
2026-03-28 22:33:06,828 [INFO] ApiDbMcu:508 - Load IP Config File for USB_HOST
2026-03-28 22:33:07,084 [INFO] LogOutputStream:77 - [STDOUT_REDIRECT] 
2026-03-28 22:33:07,610 [INFO] ProjectBuilder:5191 - Time for Generating toolchain IDE Files: 880mS.
2026-03-28 22:33:07,611 [INFO] ProjectBuilder:3181 - Time for Copy CMSIS : 1mS.
2026-03-28 22:33:07,613 [INFO] ProjectBuilder:3181 - Time for Copy CMSIS : 1mS.
2026-03-28 22:34:52,269 [INFO] NvicIntPanel:101 - NVIC parent = com.st.microxplorer.plugins.ip.nvic.MultiNvicIntPanel[,0,0,643x774,layout=javax.swing.BoxLayout,alignmentX=0.0,alignmentY=0.0,border=,flags=9,maximumSize=,minimumSize=,preferredSize=]
2026-03-28 22:35:00,218 [INFO] NvicIntPanel:101 - NVIC parent = com.st.microxplorer.plugins.ip.nvic.MultiNvicIntPanel[,0,0,0x0,invalid,layout=javax.swing.BoxLayout,alignmentX=0.0,alignmentY=0.0,border=,flags=9,maximumSize=,minimumSize=,preferredSize=]
2026-03-28 22:35:01,723 [INFO] NvicIntPanel:101 - NVIC parent = com.st.microxplorer.plugins.ip.nvic.MultiNvicIntPanel[,0,0,0x0,invalid,layout=javax.swing.BoxLayout,alignmentX=0.0,alignmentY=0.0,border=,flags=9,maximumSize=,minimumSize=,preferredSize=]
2026-03-28 22:35:04,184 [INFO] NvicIntPanel:101 - NVIC parent = com.st.microxplorer.plugins.ip.nvic.MultiNvicIntPanel[,0,0,0x0,invalid,layout=javax.swing.BoxLayout,alignmentX=0.0,alignmentY=0.0,border=,flags=9,maximumSize=,minimumSize=,preferredSize=]
2026-03-28 22:35:06,225 [INFO] NvicIntPanel:101 - NVIC parent = com.st.microxplorer.plugins.ip.nvic.MultiNvicIntPanel[,0,0,0x0,invalid,layout=javax.swing.BoxLayout,alignmentX=0.0,alignmentY=0.0,border=,flags=9,maximumSize=,minimumSize=,preferredSize=]
2026-03-28 22:36:12,925 [INFO] UtilMem:75 - End SaveConfig() Used Memory: 673998376 Bytes (804257792)
2026-03-28 22:36:13,980 [INFO] UtilMem:75 - End SaveConfig() Used Memory: 704407080 Bytes (804257792)
2026-03-28 22:36:15,674 [INFO] UtilMem:75 - End SaveConfig() Used Memory: 340152184 Bytes (804257792)
2026-03-28 22:36:16,041 [INFO] BlockDiagram:2775 - set Specific Code input for plugin: SPI
2026-03-28 22:36:16,041 [INFO] BlockDiagram:2775 - set Specific Code input for plugin: TIM1_8L4
2026-03-28 22:36:16,041 [INFO] BlockDiagram:2775 - set Specific Code input for plugin: SYS
2026-03-28 22:36:16,041 [INFO] BlockDiagram:2775 - set Specific Code input for plugin: RCC
2026-03-28 22:36:16,041 [INFO] BlockDiagram:2775 - set Specific Code input for plugin: NVIC
2026-03-28 22:36:16,041 [INFO] BlockDiagram:2775 - set Specific Code input for plugin: USART
2026-03-28 22:36:16,041 [INFO] BlockDiagram:2775 - set Specific Code input for plugin: DMA
2026-03-28 22:36:16,041 [INFO] BlockDiagram:2775 - set Specific Code input for plugin: GPIO
2026-03-28 22:36:16,042 [INFO] CodeGenerator:882 - code generatio: config db path: C:\ST\STM32CubeIDE_1.18.1\STM32CubeIDE\plugins\com.st.stm32cube.common.mx_6.14.1.202504091515\\db\
2026-03-28 22:36:16,050 [INFO] Argument:325 - Argument : hdmavalue: null
2026-03-28 22:36:16,050 [INFO] Argument:327 - 	 sub Args: 
2026-03-28 22:36:16,050 [INFO] Argument:325 - Argument : Instancevalue: DMA1_Channel3
2026-03-28 22:36:16,050 [INFO] Argument:335 - Argument : Instancevalue: DMA1_Channel3
2026-03-28 22:36:16,050 [INFO] Argument:325 - Argument : Initvalue: null
2026-03-28 22:36:16,050 [INFO] Argument:327 - 	 sub Args: 
2026-03-28 22:36:16,050 [INFO] Argument:325 - Argument : Requestvalue: DMA_REQUEST_1
2026-03-28 22:36:16,050 [INFO] Argument:335 - Argument : Requestvalue: DMA_REQUEST_1
2026-03-28 22:36:16,050 [INFO] Argument:325 - Argument : Directionvalue: DMA_MEMORY_TO_PERIPH
2026-03-28 22:36:16,050 [INFO] Argument:335 - Argument : Directionvalue: DMA_MEMORY_TO_PERIPH
2026-03-28 22:36:16,050 [INFO] Argument:325 - Argument : PeriphIncvalue: DMA_PINC_DISABLE
2026-03-28 22:36:16,050 [INFO] Argument:335 - Argument : PeriphIncvalue: DMA_PINC_DISABLE
2026-03-28 22:36:16,050 [INFO] Argument:325 - Argument : MemIncvalue: DMA_MINC_ENABLE
2026-03-28 22:36:16,050 [INFO] Argument:335 - Argument : MemIncvalue: DMA_MINC_ENABLE
2026-03-28 22:36:16,050 [INFO] Argument:325 - Argument : PeriphDataAlignmentvalue: DMA_PDATAALIGN_HALFWORD
2026-03-28 22:36:16,050 [INFO] Argument:335 - Argument : PeriphDataAlignmentvalue: DMA_PDATAALIGN_HALFWORD
2026-03-28 22:36:16,050 [INFO] Argument:325 - Argument : MemDataAlignmentvalue: DMA_MDATAALIGN_HALFWORD
2026-03-28 22:36:16,050 [INFO] Argument:335 - Argument : MemDataAlignmentvalue: DMA_MDATAALIGN_HALFWORD
2026-03-28 22:36:16,050 [INFO] Argument:325 - Argument : Modevalue: DMA_CIRCULAR
2026-03-28 22:36:16,050 [INFO] Argument:335 - Argument : Modevalue: DMA_CIRCULAR
2026-03-28 22:36:16,050 [INFO] Argument:325 - Argument : Priorityvalue: DMA_PRIORITY_LOW
2026-03-28 22:36:16,050 [INFO] Argument:335 - Argument : Priorityvalue: DMA_PRIORITY_LOW
2026-03-28 22:36:16,051 [INFO] Argument:325 - Argument : Lockvalue: null
2026-03-28 22:36:16,051 [INFO] Argument:335 - Argument : Lockvalue: null
2026-03-28 22:36:16,051 [INFO] Argument:325 - Argument : Statevalue: null
2026-03-28 22:36:16,051 [INFO] Argument:335 - Argument : Statevalue: null
2026-03-28 22:36:16,051 [INFO] Argument:325 - Argument : Parentvalue: null
2026-03-28 22:36:16,051 [INFO] Argument:335 - Argument : Parentvalue: null
2026-03-28 22:36:16,051 [INFO] Argument:325 - Argument : XferCpltCallbackvalue: null
2026-03-28 22:36:16,051 [INFO] Argument:335 - Argument : XferCpltCallbackvalue: null
2026-03-28 22:36:16,051 [INFO] Argument:325 - Argument : XferHalfCpltCallbackvalue: null
2026-03-28 22:36:16,051 [INFO] Argument:335 - Argument : XferHalfCpltCallbackvalue: null
2026-03-28 22:36:16,051 [INFO] Argument:325 - Argument : XferErrorCallbackvalue: null
2026-03-28 22:36:16,051 [INFO] Argument:335 - Argument : XferErrorCallbackvalue: null
2026-03-28 22:36:16,051 [INFO] Argument:325 - Argument : XferAbortCallbackvalue: null
2026-03-28 22:36:16,051 [INFO] Argument:335 - Argument : XferAbortCallbackvalue: null
2026-03-28 22:36:16,051 [INFO] Argument:325 - Argument : ErrorCodevalue: null
2026-03-28 22:36:16,051 [INFO] Argument:335 - Argument : ErrorCodevalue: null
2026-03-28 22:36:16,051 [INFO] Argument:325 - Argument : DmaBaseAddressvalue: null
2026-03-28 22:36:16,051 [INFO] Argument:335 - Argument : DmaBaseAddressvalue: null
2026-03-28 22:36:16,051 [INFO] Argument:325 - Argument : ChannelIndexvalue: null
2026-03-28 22:36:16,051 [INFO] Argument:335 - Argument : ChannelIndexvalue: null
2026-03-28 22:36:16,051 [INFO] Argument:325 - Argument : hdmavalue: null
2026-03-28 22:36:16,051 [INFO] Argument:327 - 	 sub Args: 
2026-03-28 22:36:16,051 [INFO] Argument:325 - Argument : Instancevalue: DMA1_Channel3
2026-03-28 22:36:16,051 [INFO] Argument:335 - Argument : Instancevalue: DMA1_Channel3
2026-03-28 22:36:16,051 [INFO] Argument:325 - Argument : Initvalue: null
2026-03-28 22:36:16,051 [INFO] Argument:327 - 	 sub Args: 
2026-03-28 22:36:16,051 [INFO] Argument:325 - Argument : Requestvalue: DMA_REQUEST_1
2026-03-28 22:36:16,051 [INFO] Argument:335 - Argument : Requestvalue: DMA_REQUEST_1
2026-03-28 22:36:16,051 [INFO] Argument:325 - Argument : Directionvalue: DMA_MEMORY_TO_PERIPH
2026-03-28 22:36:16,051 [INFO] Argument:335 - Argument : Directionvalue: DMA_MEMORY_TO_PERIPH
2026-03-28 22:36:16,051 [INFO] Argument:325 - Argument : PeriphIncvalue: DMA_PINC_DISABLE
2026-03-28 22:36:16,051 [INFO] Argument:335 - Argument : PeriphIncvalue: DMA_PINC_DISABLE
2026-03-28 22:36:16,051 [INFO] Argument:325 - Argument : MemIncvalue: DMA_MINC_ENABLE
2026-03-28 22:36:16,051 [INFO] Argument:335 - Argument : MemIncvalue: DMA_MINC_ENABLE
2026-03-28 22:36:16,051 [INFO] Argument:325 - Argument : PeriphDataAlignmentvalue: DMA_PDATAALIGN_HALFWORD
2026-03-28 22:36:16,051 [INFO] Argument:335 - Argument : PeriphDataAlignmentvalue: DMA_PDATAALIGN_HALFWORD
2026-03-28 22:36:16,051 [INFO] Argument:325 - Argument : MemDataAlignmentvalue: DMA_MDATAALIGN_HALFWORD
2026-03-28 22:36:16,051 [INFO] Argument:335 - Argument : MemDataAlignmentvalue: DMA_MDATAALIGN_HALFWORD
2026-03-28 22:36:16,051 [INFO] Argument:325 - Argument : Modevalue: DMA_CIRCULAR
2026-03-28 22:36:16,051 [INFO] Argument:335 - Argument : Modevalue: DMA_CIRCULAR
2026-03-28 22:36:16,051 [INFO] Argument:325 - Argument : Priorityvalue: DMA_PRIORITY_LOW
2026-03-28 22:36:16,051 [INFO] Argument:335 - Argument : Priorityvalue: DMA_PRIORITY_LOW
2026-03-28 22:36:16,051 [INFO] Argument:325 - Argument : Lockvalue: null
2026-03-28 22:36:16,051 [INFO] Argument:335 - Argument : Lockvalue: null
2026-03-28 22:36:16,051 [INFO] Argument:325 - Argument : Statevalue: null
2026-03-28 22:36:16,051 [INFO] Argument:335 - Argument : Statevalue: null
2026-03-28 22:36:16,052 [INFO] Argument:325 - Argument : Parentvalue: null
2026-03-28 22:36:16,052 [INFO] Argument:335 - Argument : Parentvalue: null
2026-03-28 22:36:16,052 [INFO] Argument:325 - Argument : XferCpltCallbackvalue: null
2026-03-28 22:36:16,052 [INFO] Argument:335 - Argument : XferCpltCallbackvalue: null
2026-03-28 22:36:16,052 [INFO] Argument:325 - Argument : XferHalfCpltCallbackvalue: null
2026-03-28 22:36:16,052 [INFO] Argument:335 - Argument : XferHalfCpltCallbackvalue: null
2026-03-28 22:36:16,052 [INFO] Argument:325 - Argument : XferErrorCallbackvalue: null
2026-03-28 22:36:16,052 [INFO] Argument:335 - Argument : XferErrorCallbackvalue: null
2026-03-28 22:36:16,052 [INFO] Argument:325 - Argument : XferAbortCallbackvalue: null
2026-03-28 22:36:16,052 [INFO] Argument:335 - Argument : XferAbortCallbackvalue: null
2026-03-28 22:36:16,052 [INFO] Argument:325 - Argument : ErrorCodevalue: null
2026-03-28 22:36:16,052 [INFO] Argument:335 - Argument : ErrorCodevalue: null
2026-03-28 22:36:16,052 [INFO] Argument:325 - Argument : DmaBaseAddressvalue: null
2026-03-28 22:36:16,052 [INFO] Argument:335 - Argument : DmaBaseAddressvalue: null
2026-03-28 22:36:16,052 [INFO] Argument:325 - Argument : ChannelIndexvalue: null
2026-03-28 22:36:16,052 [INFO] Argument:335 - Argument : ChannelIndexvalue: null
2026-03-28 22:36:16,052 [INFO] Argument:325 - Argument : pSyncConfigvalue: null
2026-03-28 22:36:16,052 [INFO] Argument:327 - 	 sub Args: 
2026-03-28 22:36:16,052 [INFO] Argument:325 - Argument : SyncSignalIDvalue: null
2026-03-28 22:36:16,052 [INFO] Argument:335 - Argument : SyncSignalIDvalue: null
2026-03-28 22:36:16,052 [INFO] Argument:325 - Argument : SyncPolarityvalue: null
2026-03-28 22:36:16,052 [INFO] Argument:335 - Argument : SyncPolarityvalue: null
2026-03-28 22:36:16,052 [INFO] Argument:325 - Argument : SyncEnablevalue: null
2026-03-28 22:36:16,052 [INFO] Argument:335 - Argument : SyncEnablevalue: null
2026-03-28 22:36:16,052 [INFO] Argument:325 - Argument : EventEnablevalue: null
2026-03-28 22:36:16,052 [INFO] Argument:335 - Argument : EventEnablevalue: null
2026-03-28 22:36:16,052 [INFO] Argument:325 - Argument : RequestNumbervalue: null
2026-03-28 22:36:16,052 [INFO] Argument:335 - Argument : RequestNumbervalue: null
2026-03-28 22:36:16,098 [INFO] CodeEngine:263 - oldGeneratedFile, C:\Users\German\Documents\equipo_medicion_ensayo_celdas\pruebas_eq_med_celdas\MXTmpFiles\license.tmp_save
2026-03-28 22:36:16,185 [INFO] CodeEngine:287 - Generated code: C:\Users\German\Documents\equipo_medicion_ensayo_celdas\pruebas_eq_med_celdas\MXTmpFiles\license.tmp
2026-03-28 22:36:16,217 [INFO] CodeEngine:263 - oldGeneratedFile, C:\Users\German\Documents\equipo_medicion_ensayo_celdas\pruebas_eq_med_celdas\MXTmpFiles\gpio.tmp_save
2026-03-28 22:36:16,268 [INFO] CodeEngine:287 - Generated code: C:\Users\German\Documents\equipo_medicion_ensayo_celdas\pruebas_eq_med_celdas\MXTmpFiles\gpio.tmp
2026-03-28 22:36:16,468 [INFO] CodeEngine:263 - oldGeneratedFile, C:\Users\German\Documents\equipo_medicion_ensayo_celdas\pruebas_eq_med_celdas\MXTmpFiles\dma.tmp_save
2026-03-28 22:36:16,511 [INFO] CodeEngine:287 - Generated code: C:\Users\German\Documents\equipo_medicion_ensayo_celdas\pruebas_eq_med_celdas\MXTmpFiles\dma.tmp
2026-03-28 22:36:16,514 [INFO] CodeEngine:263 - oldGeneratedFile, C:\Users\German\Documents\equipo_medicion_ensayo_celdas\pruebas_eq_med_celdas\MXTmpFiles\dma_GV.tmp_save
2026-03-28 22:36:16,553 [INFO] CodeEngine:287 - Generated code: C:\Users\German\Documents\equipo_medicion_ensayo_celdas\pruebas_eq_med_celdas\MXTmpFiles\dma_GV.tmp
2026-03-28 22:36:16,564 [INFO] CodeEngine:263 - oldGeneratedFile, C:\Users\German\Documents\equipo_medicion_ensayo_celdas\pruebas_eq_med_celdas\Core\Src\stm32l4xx_it.c_save
2026-03-28 22:36:16,612 [INFO] CodeEngine:287 - Generated code: C:\Users\German\Documents\equipo_medicion_ensayo_celdas\pruebas_eq_med_celdas\Core\Src\stm32l4xx_it.c
2026-03-28 22:36:16,616 [INFO] CodeEngine:263 - oldGeneratedFile, C:\Users\German\Documents\equipo_medicion_ensayo_celdas\pruebas_eq_med_celdas\Core\Inc\stm32l4xx_it.h_save
2026-03-28 22:36:16,655 [INFO] CodeEngine:287 - Generated code: C:\Users\German\Documents\equipo_medicion_ensayo_celdas\pruebas_eq_med_celdas\Core\Inc\stm32l4xx_it.h
2026-03-28 22:36:16,664 [INFO] CodeEngine:263 - oldGeneratedFile, C:\Users\German\Documents\equipo_medicion_ensayo_celdas\pruebas_eq_med_celdas\Core\Src\stm32l4xx_hal_msp.c_save
2026-03-28 22:36:16,733 [INFO] CodeEngine:287 - Generated code: C:\Users\German\Documents\equipo_medicion_ensayo_celdas\pruebas_eq_med_celdas\Core\Src\stm32l4xx_hal_msp.c
2026-03-28 22:36:16,736 [INFO] CodeEngine:263 - oldGeneratedFile, C:\Users\German\Documents\equipo_medicion_ensayo_celdas\pruebas_eq_med_celdas\MXTmpFiles\system.tmp_save
2026-03-28 22:36:16,772 [INFO] CodeEngine:287 - Generated code: C:\Users\German\Documents\equipo_medicion_ensayo_celdas\pruebas_eq_med_celdas\MXTmpFiles\system.tmp
2026-03-28 22:36:16,778 [INFO] CodeEngine:319 - oldGeneratedFile, C:\Users\German\Documents\equipo_medicion_ensayo_celdas\pruebas_eq_med_celdas\Core\Inc\stm32l4xx_hal_conf.h_save
2026-03-28 22:36:16,817 [INFO] CodeEngine:343 - Generated code: C:\Users\German\Documents\equipo_medicion_ensayo_celdas\pruebas_eq_med_celdas\Core\Inc\stm32l4xx_hal_conf.h
2026-03-28 22:36:16,831 [WARN] IPConfigManager:3790 - IP not found : TIM
2026-03-28 22:36:16,832 [WARN] CodeGenerator:4198 - IP not found : null
2026-03-28 22:36:16,836 [INFO] CodeEngine:263 - oldGeneratedFile, C:\Users\German\Documents\equipo_medicion_ensayo_celdas\pruebas_eq_med_celdas\Core\Inc\main.h_save
2026-03-28 22:36:16,878 [INFO] CodeEngine:287 - Generated code: C:\Users\German\Documents\equipo_medicion_ensayo_celdas\pruebas_eq_med_celdas\Core\Inc\main.h
2026-03-28 22:36:16,881 [INFO] CodeEngine:263 - oldGeneratedFile, C:\Users\German\Documents\equipo_medicion_ensayo_celdas\pruebas_eq_med_celdas\Core\Src\main.c_save
2026-03-28 22:36:16,955 [INFO] CodeEngine:287 - Generated code: C:\Users\German\Documents\equipo_medicion_ensayo_celdas\pruebas_eq_med_celdas\Core\Src\main.c
2026-03-28 22:36:17,181 [INFO] ProjectBuilder:3324 - Time for Copy HAL[1] : 117mS.
2026-03-28 22:36:17,183 [INFO] ProjectBuilder:4912 - Project Generator version: 4.6.0.1-B1
2026-03-28 22:36:17,236 [INFO] ConfigFileManager:1590 - The Die is : DIE415
2026-03-28 22:36:17,800 [INFO] ProjectBuilder:5191 - Time for Generating toolchain IDE Files: 617mS.
2026-03-28 22:36:17,801 [INFO] ProjectBuilder:3181 - Time for Copy CMSIS : 1mS.
2026-03-28 22:36:17,803 [INFO] ProjectBuilder:3181 - Time for Copy CMSIS : 0mS.
2026-03-28 23:48:16,107 [ERROR] LogOutputStream:75 - [STDERR_REDIRECT] 
