2026-08-08 00:07:07,879 [INFO] LogOutputStream:77 - [STDOUT_REDIRECT] 
2026-08-08 00:07:08,526 [INFO] ProjectBuilder:5191 - Time for Generating toolchain IDE Files: 991mS.
2026-08-08 00:07:08,527 [INFO] ProjectBuilder:3181 - Time for Copy CMSIS : 0mS.
2026-08-08 00:07:08,529 [INFO] ProjectBuilder:3181 - Time for Copy CMSIS : 0mS.
2026-08-08 00:14:01,477 [INFO] NvicIntPanel:101 - NVIC parent = com.st.microxplorer.plugins.ip.nvic.MultiNvicIntPanel[,0,0,614x680,layout=javax.swing.BoxLayout,alignmentX=0.0,alignmentY=0.0,border=,flags=9,maximumSize=,minimumSize=,preferredSize=]
2026-08-08 00:14:15,140 [INFO] NvicIntPanel:101 - NVIC parent = com.st.microxplorer.plugins.ip.nvic.MultiNvicIntPanel[,0,0,0x0,invalid,layout=javax.swing.BoxLayout,alignmentX=0.0,alignmentY=0.0,border=,flags=9,maximumSize=,minimumSize=,preferredSize=]
2026-08-08 00:14:15,910 [INFO] UtilMem:75 - End SaveConfig() Used Memory: 630978096 Bytes (744488960)
2026-08-08 00:14:16,860 [INFO] UtilMem:75 - End SaveConfig() Used Memory: 658767408 Bytes (744488960)
2026-08-08 00:14:18,137 [INFO] UtilMem:75 - End SaveConfig() Used Memory: 519486904 Bytes (744488960)
2026-08-08 00:14:18,325 [INFO] BlockDiagram:2775 - set Specific Code input for plugin: SPI
2026-08-08 00:14:18,325 [INFO] BlockDiagram:2775 - set Specific Code input for plugin: TIM6_7L4
2026-08-08 00:14:18,326 [INFO] BlockDiagram:2775 - set Specific Code input for plugin: TIM1_8L4
2026-08-08 00:14:18,326 [INFO] BlockDiagram:2775 - set Specific Code input for plugin: SYS
2026-08-08 00:14:18,326 [INFO] BlockDiagram:2775 - set Specific Code input for plugin: ADC
2026-08-08 00:14:18,326 [INFO] BlockDiagram:2775 - set Specific Code input for plugin: RCC
2026-08-08 00:14:18,326 [INFO] BlockDiagram:2775 - set Specific Code input for plugin: NVIC
2026-08-08 00:14:18,326 [INFO] BlockDiagram:2775 - set Specific Code input for plugin: USART
2026-08-08 00:14:18,326 [INFO] BlockDiagram:2775 - set Specific Code input for plugin: DMA
2026-08-08 00:14:18,326 [INFO] BlockDiagram:2775 - set Specific Code input for plugin: GPIO
2026-08-08 00:14:18,326 [INFO] CodeGenerator:882 - code generatio: config db path: C:\ST\STM32CubeIDE_1.18.1\STM32CubeIDE\plugins\com.st.stm32cube.common.mx_6.14.1.202504091515\\db\
2026-08-08 00:14:18,332 [INFO] Argument:325 - Argument : hdmavalue: null
2026-08-08 00:14:18,333 [INFO] Argument:327 - 	 sub Args: 
2026-08-08 00:14:18,333 [INFO] Argument:325 - Argument : Instancevalue: DMA1_Channel1
2026-08-08 00:14:18,333 [INFO] Argument:335 - Argument : Instancevalue: DMA1_Channel1
2026-08-08 00:14:18,333 [INFO] Argument:325 - Argument : Initvalue: null
2026-08-08 00:14:18,333 [INFO] Argument:327 - 	 sub Args: 
2026-08-08 00:14:18,333 [INFO] Argument:325 - Argument : Requestvalue: DMA_REQUEST_0
2026-08-08 00:14:18,333 [INFO] Argument:335 - Argument : Requestvalue: DMA_REQUEST_0
2026-08-08 00:14:18,333 [INFO] Argument:325 - Argument : Directionvalue: DMA_PERIPH_TO_MEMORY
2026-08-08 00:14:18,333 [INFO] Argument:335 - Argument : Directionvalue: DMA_PERIPH_TO_MEMORY
2026-08-08 00:14:18,333 [INFO] Argument:325 - Argument : PeriphIncvalue: DMA_PINC_DISABLE
2026-08-08 00:14:18,333 [INFO] Argument:335 - Argument : PeriphIncvalue: DMA_PINC_DISABLE
2026-08-08 00:14:18,333 [INFO] Argument:325 - Argument : MemIncvalue: DMA_MINC_ENABLE
2026-08-08 00:14:18,333 [INFO] Argument:335 - Argument : MemIncvalue: DMA_MINC_ENABLE
2026-08-08 00:14:18,333 [INFO] Argument:325 - Argument : PeriphDataAlignmentvalue: DMA_PDATAALIGN_HALFWORD
2026-08-08 00:14:18,333 [INFO] Argument:335 - Argument : PeriphDataAlignmentvalue: DMA_PDATAALIGN_HALFWORD
2026-08-08 00:14:18,333 [INFO] Argument:325 - Argument : MemDataAlignmentvalue: DMA_MDATAALIGN_HALFWORD
2026-08-08 00:14:18,333 [INFO] Argument:335 - Argument : MemDataAlignmentvalue: DMA_MDATAALIGN_HALFWORD
2026-08-08 00:14:18,333 [INFO] Argument:325 - Argument : Modevalue: DMA_NORMAL
2026-08-08 00:14:18,333 [INFO] Argument:335 - Argument : Modevalue: DMA_NORMAL
2026-08-08 00:14:18,333 [INFO] Argument:325 - Argument : Priorityvalue: DMA_PRIORITY_LOW
2026-08-08 00:14:18,333 [INFO] Argument:335 - Argument : Priorityvalue: DMA_PRIORITY_LOW
2026-08-08 00:14:18,333 [INFO] Argument:325 - Argument : Lockvalue: null
2026-08-08 00:14:18,333 [INFO] Argument:335 - Argument : Lockvalue: null
2026-08-08 00:14:18,333 [INFO] Argument:325 - Argument : Statevalue: null
2026-08-08 00:14:18,333 [INFO] Argument:335 - Argument : Statevalue: null
2026-08-08 00:14:18,333 [INFO] Argument:325 - Argument : Parentvalue: null
2026-08-08 00:14:18,333 [INFO] Argument:335 - Argument : Parentvalue: null
2026-08-08 00:14:18,333 [INFO] Argument:325 - Argument : XferCpltCallbackvalue: null
2026-08-08 00:14:18,333 [INFO] Argument:335 - Argument : XferCpltCallbackvalue: null
2026-08-08 00:14:18,333 [INFO] Argument:325 - Argument : XferHalfCpltCallbackvalue: null
2026-08-08 00:14:18,333 [INFO] Argument:335 - Argument : XferHalfCpltCallbackvalue: null
2026-08-08 00:14:18,333 [INFO] Argument:325 - Argument : XferErrorCallbackvalue: null
2026-08-08 00:14:18,333 [INFO] Argument:335 - Argument : XferErrorCallbackvalue: null
2026-08-08 00:14:18,333 [INFO] Argument:325 - Argument : XferAbortCallbackvalue: null
2026-08-08 00:14:18,334 [INFO] Argument:335 - Argument : XferAbortCallbackvalue: null
2026-08-08 00:14:18,334 [INFO] Argument:325 - Argument : ErrorCodevalue: null
2026-08-08 00:14:18,334 [INFO] Argument:335 - Argument : ErrorCodevalue: null
2026-08-08 00:14:18,334 [INFO] Argument:325 - Argument : DmaBaseAddressvalue: null
2026-08-08 00:14:18,334 [INFO] Argument:335 - Argument : DmaBaseAddressvalue: null
2026-08-08 00:14:18,334 [INFO] Argument:325 - Argument : ChannelIndexvalue: null
2026-08-08 00:14:18,334 [INFO] Argument:335 - Argument : ChannelIndexvalue: null
2026-08-08 00:14:18,334 [INFO] Argument:325 - Argument : hdmavalue: null
2026-08-08 00:14:18,334 [INFO] Argument:327 - 	 sub Args: 
2026-08-08 00:14:18,334 [INFO] Argument:325 - Argument : Instancevalue: DMA1_Channel1
2026-08-08 00:14:18,334 [INFO] Argument:335 - Argument : Instancevalue: DMA1_Channel1
2026-08-08 00:14:18,334 [INFO] Argument:325 - Argument : Initvalue: null
2026-08-08 00:14:18,334 [INFO] Argument:327 - 	 sub Args: 
2026-08-08 00:14:18,334 [INFO] Argument:325 - Argument : Requestvalue: DMA_REQUEST_0
2026-08-08 00:14:18,334 [INFO] Argument:335 - Argument : Requestvalue: DMA_REQUEST_0
2026-08-08 00:14:18,334 [INFO] Argument:325 - Argument : Directionvalue: DMA_PERIPH_TO_MEMORY
2026-08-08 00:14:18,334 [INFO] Argument:335 - Argument : Directionvalue: DMA_PERIPH_TO_MEMORY
2026-08-08 00:14:18,334 [INFO] Argument:325 - Argument : PeriphIncvalue: DMA_PINC_DISABLE
2026-08-08 00:14:18,334 [INFO] Argument:335 - Argument : PeriphIncvalue: DMA_PINC_DISABLE
2026-08-08 00:14:18,334 [INFO] Argument:325 - Argument : MemIncvalue: DMA_MINC_ENABLE
2026-08-08 00:14:18,334 [INFO] Argument:335 - Argument : MemIncvalue: DMA_MINC_ENABLE
2026-08-08 00:14:18,334 [INFO] Argument:325 - Argument : PeriphDataAlignmentvalue: DMA_PDATAALIGN_HALFWORD
2026-08-08 00:14:18,334 [INFO] Argument:335 - Argument : PeriphDataAlignmentvalue: DMA_PDATAALIGN_HALFWORD
2026-08-08 00:14:18,334 [INFO] Argument:325 - Argument : MemDataAlignmentvalue: DMA_MDATAALIGN_HALFWORD
2026-08-08 00:14:18,334 [INFO] Argument:335 - Argument : MemDataAlignmentvalue: DMA_MDATAALIGN_HALFWORD
2026-08-08 00:14:18,334 [INFO] Argument:325 - Argument : Modevalue: DMA_NORMAL
2026-08-08 00:14:18,334 [INFO] Argument:335 - Argument : Modevalue: DMA_NORMAL
2026-08-08 00:14:18,334 [INFO] Argument:325 - Argument : Priorityvalue: DMA_PRIORITY_LOW
2026-08-08 00:14:18,334 [INFO] Argument:335 - Argument : Priorityvalue: DMA_PRIORITY_LOW
2026-08-08 00:14:18,334 [INFO] Argument:325 - Argument : Lockvalue: null
2026-08-08 00:14:18,334 [INFO] Argument:335 - Argument : Lockvalue: null
2026-08-08 00:14:18,334 [INFO] Argument:325 - Argument : Statevalue: null
2026-08-08 00:14:18,334 [INFO] Argument:335 - Argument : Statevalue: null
2026-08-08 00:14:18,334 [INFO] Argument:325 - Argument : Parentvalue: null
2026-08-08 00:14:18,334 [INFO] Argument:335 - Argument : Parentvalue: null
2026-08-08 00:14:18,334 [INFO] Argument:325 - Argument : XferCpltCallbackvalue: null
2026-08-08 00:14:18,334 [INFO] Argument:335 - Argument : XferCpltCallbackvalue: null
2026-08-08 00:14:18,334 [INFO] Argument:325 - Argument : XferHalfCpltCallbackvalue: null
2026-08-08 00:14:18,335 [INFO] Argument:335 - Argument : XferHalfCpltCallbackvalue: null
2026-08-08 00:14:18,335 [INFO] Argument:325 - Argument : XferErrorCallbackvalue: null
2026-08-08 00:14:18,335 [INFO] Argument:335 - Argument : XferErrorCallbackvalue: null
2026-08-08 00:14:18,335 [INFO] Argument:325 - Argument : XferAbortCallbackvalue: null
2026-08-08 00:14:18,335 [INFO] Argument:335 - Argument : XferAbortCallbackvalue: null
2026-08-08 00:14:18,335 [INFO] Argument:325 - Argument : ErrorCodevalue: null
2026-08-08 00:14:18,335 [INFO] Argument:335 - Argument : ErrorCodevalue: null
2026-08-08 00:14:18,335 [INFO] Argument:325 - Argument : DmaBaseAddressvalue: null
2026-08-08 00:14:18,335 [INFO] Argument:335 - Argument : DmaBaseAddressvalue: null
2026-08-08 00:14:18,335 [INFO] Argument:325 - Argument : ChannelIndexvalue: null
2026-08-08 00:14:18,335 [INFO] Argument:335 - Argument : ChannelIndexvalue: null
2026-08-08 00:14:18,335 [INFO] Argument:325 - Argument : pSyncConfigvalue: null
2026-08-08 00:14:18,335 [INFO] Argument:327 - 	 sub Args: 
2026-08-08 00:14:18,335 [INFO] Argument:325 - Argument : SyncSignalIDvalue: null
2026-08-08 00:14:18,335 [INFO] Argument:335 - Argument : SyncSignalIDvalue: null
2026-08-08 00:14:18,335 [INFO] Argument:325 - Argument : SyncPolarityvalue: null
2026-08-08 00:14:18,335 [INFO] Argument:335 - Argument : SyncPolarityvalue: null
2026-08-08 00:14:18,335 [INFO] Argument:325 - Argument : SyncEnablevalue: null
2026-08-08 00:14:18,335 [INFO] Argument:335 - Argument : SyncEnablevalue: null
2026-08-08 00:14:18,335 [INFO] Argument:325 - Argument : EventEnablevalue: null
2026-08-08 00:14:18,335 [INFO] Argument:335 - Argument : EventEnablevalue: null
2026-08-08 00:14:18,335 [INFO] Argument:325 - Argument : RequestNumbervalue: null
2026-08-08 00:14:18,335 [INFO] Argument:335 - Argument : RequestNumbervalue: null
2026-08-08 00:14:18,345 [INFO] Argument:325 - Argument : hdmavalue: null
2026-08-08 00:14:18,346 [INFO] Argument:327 - 	 sub Args: 
2026-08-08 00:14:18,346 [INFO] Argument:325 - Argument : Instancevalue: DMA1_Channel3
2026-08-08 00:14:18,346 [INFO] Argument:335 - Argument : Instancevalue: DMA1_Channel3
2026-08-08 00:14:18,346 [INFO] Argument:325 - Argument : Initvalue: null
2026-08-08 00:14:18,346 [INFO] Argument:327 - 	 sub Args: 
2026-08-08 00:14:18,346 [INFO] Argument:325 - Argument : Requestvalue: DMA_REQUEST_1
2026-08-08 00:14:18,346 [INFO] Argument:335 - Argument : Requestvalue: DMA_REQUEST_1
2026-08-08 00:14:18,346 [INFO] Argument:325 - Argument : Directionvalue: DMA_MEMORY_TO_PERIPH
2026-08-08 00:14:18,346 [INFO] Argument:335 - Argument : Directionvalue: DMA_MEMORY_TO_PERIPH
2026-08-08 00:14:18,346 [INFO] Argument:325 - Argument : PeriphIncvalue: DMA_PINC_DISABLE
2026-08-08 00:14:18,346 [INFO] Argument:335 - Argument : PeriphIncvalue: DMA_PINC_DISABLE
2026-08-08 00:14:18,346 [INFO] Argument:325 - Argument : MemIncvalue: DMA_MINC_ENABLE
2026-08-08 00:14:18,346 [INFO] Argument:335 - Argument : MemIncvalue: DMA_MINC_ENABLE
2026-08-08 00:14:18,346 [INFO] Argument:325 - Argument : PeriphDataAlignmentvalue: DMA_PDATAALIGN_HALFWORD
2026-08-08 00:14:18,346 [INFO] Argument:335 - Argument : PeriphDataAlignmentvalue: DMA_PDATAALIGN_HALFWORD
2026-08-08 00:14:18,346 [INFO] Argument:325 - Argument : MemDataAlignmentvalue: DMA_MDATAALIGN_HALFWORD
2026-08-08 00:14:18,346 [INFO] Argument:335 - Argument : MemDataAlignmentvalue: DMA_MDATAALIGN_HALFWORD
2026-08-08 00:14:18,346 [INFO] Argument:325 - Argument : Modevalue: DMA_CIRCULAR
2026-08-08 00:14:18,346 [INFO] Argument:335 - Argument : Modevalue: DMA_CIRCULAR
2026-08-08 00:14:18,346 [INFO] Argument:325 - Argument : Priorityvalue: DMA_PRIORITY_LOW
2026-08-08 00:14:18,346 [INFO] Argument:335 - Argument : Priorityvalue: DMA_PRIORITY_LOW
2026-08-08 00:14:18,346 [INFO] Argument:325 - Argument : Lockvalue: null
2026-08-08 00:14:18,346 [INFO] Argument:335 - Argument : Lockvalue: null
2026-08-08 00:14:18,346 [INFO] Argument:325 - Argument : Statevalue: null
2026-08-08 00:14:18,346 [INFO] Argument:335 - Argument : Statevalue: null
2026-08-08 00:14:18,346 [INFO] Argument:325 - Argument : Parentvalue: null
2026-08-08 00:14:18,346 [INFO] Argument:335 - Argument : Parentvalue: null
2026-08-08 00:14:18,346 [INFO] Argument:325 - Argument : XferCpltCallbackvalue: null
2026-08-08 00:14:18,346 [INFO] Argument:335 - Argument : XferCpltCallbackvalue: null
2026-08-08 00:14:18,346 [INFO] Argument:325 - Argument : XferHalfCpltCallbackvalue: null
2026-08-08 00:14:18,346 [INFO] Argument:335 - Argument : XferHalfCpltCallbackvalue: null
2026-08-08 00:14:18,346 [INFO] Argument:325 - Argument : XferErrorCallbackvalue: null
2026-08-08 00:14:18,346 [INFO] Argument:335 - Argument : XferErrorCallbackvalue: null
2026-08-08 00:14:18,346 [INFO] Argument:325 - Argument : XferAbortCallbackvalue: null
2026-08-08 00:14:18,346 [INFO] Argument:335 - Argument : XferAbortCallbackvalue: null
2026-08-08 00:14:18,346 [INFO] Argument:325 - Argument : ErrorCodevalue: null
2026-08-08 00:14:18,346 [INFO] Argument:335 - Argument : ErrorCodevalue: null
2026-08-08 00:14:18,346 [INFO] Argument:325 - Argument : DmaBaseAddressvalue: null
2026-08-08 00:14:18,346 [INFO] Argument:335 - Argument : DmaBaseAddressvalue: null
2026-08-08 00:14:18,346 [INFO] Argument:325 - Argument : ChannelIndexvalue: null
2026-08-08 00:14:18,346 [INFO] Argument:335 - Argument : ChannelIndexvalue: null
2026-08-08 00:14:18,346 [INFO] Argument:325 - Argument : hdmavalue: null
2026-08-08 00:14:18,347 [INFO] Argument:327 - 	 sub Args: 
2026-08-08 00:14:18,347 [INFO] Argument:325 - Argument : Instancevalue: DMA1_Channel3
2026-08-08 00:14:18,347 [INFO] Argument:335 - Argument : Instancevalue: DMA1_Channel3
2026-08-08 00:14:18,347 [INFO] Argument:325 - Argument : Initvalue: null
2026-08-08 00:14:18,347 [INFO] Argument:327 - 	 sub Args: 
2026-08-08 00:14:18,347 [INFO] Argument:325 - Argument : Requestvalue: DMA_REQUEST_1
2026-08-08 00:14:18,347 [INFO] Argument:335 - Argument : Requestvalue: DMA_REQUEST_1
2026-08-08 00:14:18,347 [INFO] Argument:325 - Argument : Directionvalue: DMA_MEMORY_TO_PERIPH
2026-08-08 00:14:18,347 [INFO] Argument:335 - Argument : Directionvalue: DMA_MEMORY_TO_PERIPH
2026-08-08 00:14:18,347 [INFO] Argument:325 - Argument : PeriphIncvalue: DMA_PINC_DISABLE
2026-08-08 00:14:18,347 [INFO] Argument:335 - Argument : PeriphIncvalue: DMA_PINC_DISABLE
2026-08-08 00:14:18,347 [INFO] Argument:325 - Argument : MemIncvalue: DMA_MINC_ENABLE
2026-08-08 00:14:18,347 [INFO] Argument:335 - Argument : MemIncvalue: DMA_MINC_ENABLE
2026-08-08 00:14:18,347 [INFO] Argument:325 - Argument : PeriphDataAlignmentvalue: DMA_PDATAALIGN_HALFWORD
2026-08-08 00:14:18,347 [INFO] Argument:335 - Argument : PeriphDataAlignmentvalue: DMA_PDATAALIGN_HALFWORD
2026-08-08 00:14:18,347 [INFO] Argument:325 - Argument : MemDataAlignmentvalue: DMA_MDATAALIGN_HALFWORD
2026-08-08 00:14:18,347 [INFO] Argument:335 - Argument : MemDataAlignmentvalue: DMA_MDATAALIGN_HALFWORD
2026-08-08 00:14:18,347 [INFO] Argument:325 - Argument : Modevalue: DMA_CIRCULAR
2026-08-08 00:14:18,347 [INFO] Argument:335 - Argument : Modevalue: DMA_CIRCULAR
2026-08-08 00:14:18,347 [INFO] Argument:325 - Argument : Priorityvalue: DMA_PRIORITY_LOW
2026-08-08 00:14:18,347 [INFO] Argument:335 - Argument : Priorityvalue: DMA_PRIORITY_LOW
2026-08-08 00:14:18,347 [INFO] Argument:325 - Argument : Lockvalue: null
2026-08-08 00:14:18,347 [INFO] Argument:335 - Argument : Lockvalue: null
2026-08-08 00:14:18,347 [INFO] Argument:325 - Argument : Statevalue: null
2026-08-08 00:14:18,347 [INFO] Argument:335 - Argument : Statevalue: null
2026-08-08 00:14:18,347 [INFO] Argument:325 - Argument : Parentvalue: null
2026-08-08 00:14:18,347 [INFO] Argument:335 - Argument : Parentvalue: null
2026-08-08 00:14:18,347 [INFO] Argument:325 - Argument : XferCpltCallbackvalue: null
2026-08-08 00:14:18,347 [INFO] Argument:335 - Argument : XferCpltCallbackvalue: null
2026-08-08 00:14:18,348 [INFO] Argument:325 - Argument : XferHalfCpltCallbackvalue: null
2026-08-08 00:14:18,348 [INFO] Argument:335 - Argument : XferHalfCpltCallbackvalue: null
2026-08-08 00:14:18,348 [INFO] Argument:325 - Argument : XferErrorCallbackvalue: null
2026-08-08 00:14:18,348 [INFO] Argument:335 - Argument : XferErrorCallbackvalue: null
2026-08-08 00:14:18,348 [INFO] Argument:325 - Argument : XferAbortCallbackvalue: null
2026-08-08 00:14:18,348 [INFO] Argument:335 - Argument : XferAbortCallbackvalue: null
2026-08-08 00:14:18,348 [INFO] Argument:325 - Argument : ErrorCodevalue: null
2026-08-08 00:14:18,348 [INFO] Argument:335 - Argument : ErrorCodevalue: null
2026-08-08 00:14:18,348 [INFO] Argument:325 - Argument : DmaBaseAddressvalue: null
2026-08-08 00:14:18,348 [INFO] Argument:335 - Argument : DmaBaseAddressvalue: null
2026-08-08 00:14:18,348 [INFO] Argument:325 - Argument : ChannelIndexvalue: null
2026-08-08 00:14:18,348 [INFO] Argument:335 - Argument : ChannelIndexvalue: null
2026-08-08 00:14:18,348 [INFO] Argument:325 - Argument : pSyncConfigvalue: null
2026-08-08 00:14:18,348 [INFO] Argument:327 - 	 sub Args: 
2026-08-08 00:14:18,348 [INFO] Argument:325 - Argument : SyncSignalIDvalue: null
2026-08-08 00:14:18,348 [INFO] Argument:335 - Argument : SyncSignalIDvalue: null
2026-08-08 00:14:18,348 [INFO] Argument:325 - Argument : SyncPolarityvalue: null
2026-08-08 00:14:18,348 [INFO] Argument:335 - Argument : SyncPolarityvalue: null
2026-08-08 00:14:18,348 [INFO] Argument:325 - Argument : SyncEnablevalue: null
2026-08-08 00:14:18,348 [INFO] Argument:335 - Argument : SyncEnablevalue: null
2026-08-08 00:14:18,348 [INFO] Argument:325 - Argument : EventEnablevalue: null
2026-08-08 00:14:18,348 [INFO] Argument:335 - Argument : EventEnablevalue: null
2026-08-08 00:14:18,348 [INFO] Argument:325 - Argument : RequestNumbervalue: null
2026-08-08 00:14:18,348 [INFO] Argument:335 - Argument : RequestNumbervalue: null
2026-08-08 00:14:18,415 [INFO] CodeEngine:263 - oldGeneratedFile, C:\Users\German\Documents\equipo_medicion_ensayo_celdas\pruebas_eq_med_celdas\MXTmpFiles\license.tmp_save
2026-08-08 00:14:18,542 [INFO] CodeEngine:287 - Generated code: C:\Users\German\Documents\equipo_medicion_ensayo_celdas\pruebas_eq_med_celdas\MXTmpFiles\license.tmp
2026-08-08 00:14:18,574 [INFO] CodeEngine:263 - oldGeneratedFile, C:\Users\German\Documents\equipo_medicion_ensayo_celdas\pruebas_eq_med_celdas\MXTmpFiles\gpio.tmp_save
2026-08-08 00:14:18,662 [INFO] CodeEngine:287 - Generated code: C:\Users\German\Documents\equipo_medicion_ensayo_celdas\pruebas_eq_med_celdas\MXTmpFiles\gpio.tmp
2026-08-08 00:14:19,068 [INFO] CodeEngine:263 - oldGeneratedFile, C:\Users\German\Documents\equipo_medicion_ensayo_celdas\pruebas_eq_med_celdas\MXTmpFiles\dma.tmp_save
2026-08-08 00:14:19,128 [INFO] CodeEngine:287 - Generated code: C:\Users\German\Documents\equipo_medicion_ensayo_celdas\pruebas_eq_med_celdas\MXTmpFiles\dma.tmp
2026-08-08 00:14:19,130 [INFO] CodeEngine:263 - oldGeneratedFile, C:\Users\German\Documents\equipo_medicion_ensayo_celdas\pruebas_eq_med_celdas\MXTmpFiles\dma_GV.tmp_save
2026-08-08 00:14:19,172 [INFO] CodeEngine:287 - Generated code: C:\Users\German\Documents\equipo_medicion_ensayo_celdas\pruebas_eq_med_celdas\MXTmpFiles\dma_GV.tmp
2026-08-08 00:14:19,183 [INFO] CodeEngine:263 - oldGeneratedFile, C:\Users\German\Documents\equipo_medicion_ensayo_celdas\pruebas_eq_med_celdas\Core\Src\stm32l4xx_it.c_save
2026-08-08 00:14:19,237 [INFO] CodeEngine:287 - Generated code: C:\Users\German\Documents\equipo_medicion_ensayo_celdas\pruebas_eq_med_celdas\Core\Src\stm32l4xx_it.c
2026-08-08 00:14:19,241 [INFO] CodeEngine:263 - oldGeneratedFile, C:\Users\German\Documents\equipo_medicion_ensayo_celdas\pruebas_eq_med_celdas\Core\Inc\stm32l4xx_it.h_save
2026-08-08 00:14:19,278 [INFO] CodeEngine:287 - Generated code: C:\Users\German\Documents\equipo_medicion_ensayo_celdas\pruebas_eq_med_celdas\Core\Inc\stm32l4xx_it.h
2026-08-08 00:14:19,290 [INFO] CodeEngine:263 - oldGeneratedFile, C:\Users\German\Documents\equipo_medicion_ensayo_celdas\pruebas_eq_med_celdas\Core\Src\stm32l4xx_hal_msp.c_save
2026-08-08 00:14:19,356 [INFO] CodeEngine:287 - Generated code: C:\Users\German\Documents\equipo_medicion_ensayo_celdas\pruebas_eq_med_celdas\Core\Src\stm32l4xx_hal_msp.c
2026-08-08 00:14:19,359 [INFO] CodeEngine:263 - oldGeneratedFile, C:\Users\German\Documents\equipo_medicion_ensayo_celdas\pruebas_eq_med_celdas\MXTmpFiles\system.tmp_save
2026-08-08 00:14:19,396 [INFO] CodeEngine:287 - Generated code: C:\Users\German\Documents\equipo_medicion_ensayo_celdas\pruebas_eq_med_celdas\MXTmpFiles\system.tmp
2026-08-08 00:14:19,402 [INFO] CodeEngine:319 - oldGeneratedFile, C:\Users\German\Documents\equipo_medicion_ensayo_celdas\pruebas_eq_med_celdas\Core\Inc\stm32l4xx_hal_conf.h_save
2026-08-08 00:14:19,444 [INFO] CodeEngine:343 - Generated code: C:\Users\German\Documents\equipo_medicion_ensayo_celdas\pruebas_eq_med_celdas\Core\Inc\stm32l4xx_hal_conf.h
2026-08-08 00:14:19,466 [WARN] IPConfigManager:3790 - IP not found : TIM
2026-08-08 00:14:19,467 [WARN] CodeGenerator:4198 - IP not found : null
2026-08-08 00:14:19,471 [INFO] CodeEngine:263 - oldGeneratedFile, C:\Users\German\Documents\equipo_medicion_ensayo_celdas\pruebas_eq_med_celdas\Core\Inc\main.h_save
2026-08-08 00:14:19,516 [INFO] CodeEngine:287 - Generated code: C:\Users\German\Documents\equipo_medicion_ensayo_celdas\pruebas_eq_med_celdas\Core\Inc\main.h
2026-08-08 00:14:19,520 [INFO] CodeEngine:263 - oldGeneratedFile, C:\Users\German\Documents\equipo_medicion_ensayo_celdas\pruebas_eq_med_celdas\Core\Src\main.c_save
2026-08-08 00:14:19,593 [INFO] CodeEngine:287 - Generated code: C:\Users\German\Documents\equipo_medicion_ensayo_celdas\pruebas_eq_med_celdas\Core\Src\main.c
2026-08-08 00:14:19,871 [INFO] ProjectBuilder:3324 - Time for Copy HAL[1] : 114mS.
2026-08-08 00:14:19,873 [INFO] ProjectBuilder:4912 - Project Generator version: 4.6.0.1-B1
2026-08-08 00:14:19,932 [INFO] ConfigFileManager:1590 - The Die is : DIE415
2026-08-08 00:14:20,429 [INFO] ProjectBuilder:5191 - Time for Generating toolchain IDE Files: 556mS.
2026-08-08 00:14:20,429 [INFO] ProjectBuilder:3181 - Time for Copy CMSIS : 0mS.
2026-08-08 00:14:20,431 [INFO] ProjectBuilder:3181 - Time for Copy CMSIS : 0mS.
2026-08-08 00:28:51,638 [INFO] WebApp:194 - Connection lost
2026-08-08 00:28:51,762 [INFO] WebApp:191 - Connection restablished
2026-08-08 00:28:59,422 [INFO] WebApp:194 - Connection lost
2026-08-08 00:28:59,523 [INFO] WebApp:191 - Connection restablished
2026-08-08 00:33:18,664 [ERROR] LogOutputStream:75 - [STDERR_REDIRECT] Exception in thread "AWT-EventQueue-0" java.awt.IllegalComponentStateException: Native resources unavailable
2026-08-08 00:33:18,665 [ERROR] LogOutputStream:75 - [STDERR_REDIRECT] 	at java.desktop/sun.awt.windows.WWindowPeer.getScreenImOn(Native Method)
2026-08-08 00:33:18,665 [ERROR] LogOutputStream:75 - [STDERR_REDIRECT] 	at java.desktop/sun.awt.windows.WWindowPeer.updateGC(WWindowPeer.java:566)
2026-08-08 00:33:18,666 [ERROR] LogOutputStream:75 - [STDERR_REDIRECT] 	at java.desktop/java.awt.event.InvocationEvent.dispatch(InvocationEvent.java:318)
2026-08-08 00:33:18,667 [ERROR] LogOutputStream:75 - [STDERR_REDIRECT] 	at java.desktop/java.awt.EventQueue.dispatchEventImpl(EventQueue.java:773)
2026-08-08 00:33:18,667 [ERROR] LogOutputStream:75 - [STDERR_REDIRECT] 	at java.desktop/java.awt.EventQueue$4.run(EventQueue.java:720)
2026-08-08 00:33:18,668 [ERROR] LogOutputStream:75 - [STDERR_REDIRECT] 	at java.desktop/java.awt.EventQueue$4.run(EventQueue.java:714)
2026-08-08 00:33:18,668 [ERROR] LogOutputStream:75 - [STDERR_REDIRECT] 	at java.base/java.security.AccessController.doPrivileged(AccessController.java:400)
2026-08-08 00:33:18,669 [ERROR] LogOutputStream:75 - [STDERR_REDIRECT] 	at java.base/java.security.ProtectionDomain$JavaSecurityAccessImpl.doIntersectionPrivilege(ProtectionDomain.java:87)
2026-08-08 00:33:18,670 [ERROR] LogOutputStream:75 - [STDERR_REDIRECT] 	at java.base/java.security.ProtectionDomain$JavaSecurityAccessImpl.doIntersectionPrivilege(ProtectionDomain.java:98)
2026-08-08 00:33:18,670 [ERROR] LogOutputStream:75 - [STDERR_REDIRECT] 	at java.desktop/java.awt.EventQueue$5.run(EventQueue.java:747)
2026-08-08 00:33:18,670 [ERROR] LogOutputStream:75 - [STDERR_REDIRECT] 	at java.desktop/java.awt.EventQueue$5.run(EventQueue.java:745)
2026-08-08 00:33:18,671 [ERROR] LogOutputStream:75 - [STDERR_REDIRECT] 	at java.base/java.security.AccessController.doPrivileged(AccessController.java:400)
2026-08-08 00:33:18,671 [ERROR] LogOutputStream:75 - [STDERR_REDIRECT] 	at java.base/java.security.ProtectionDomain$JavaSecurityAccessImpl.doIntersectionPrivilege(ProtectionDomain.java:87)
2026-08-08 00:33:18,672 [ERROR] LogOutputStream:75 - [STDERR_REDIRECT] 	at java.desktop/java.awt.EventQueue.dispatchEvent(EventQueue.java:744)
2026-08-08 00:33:18,672 [ERROR] LogOutputStream:75 - [STDERR_REDIRECT] 	at java.desktop/java.awt.EventDispatchThread.pumpOneEventForFilters(EventDispatchThread.java:203)
2026-08-08 00:33:18,673 [ERROR] LogOutputStream:75 - [STDERR_REDIRECT] 	at java.desktop/java.awt.EventDispatchThread.pumpEventsForFilter(EventDispatchThread.java:124)
2026-08-08 00:33:18,673 [ERROR] LogOutputStream:75 - [STDERR_REDIRECT] 	at java.desktop/java.awt.EventDispatchThread.pumpEventsForHierarchy(EventDispatchThread.java:113)
2026-08-08 00:33:18,674 [ERROR] LogOutputStream:75 - [STDERR_REDIRECT] 	at java.desktop/java.awt.EventDispatchThread.pumpEvents(EventDispatchThread.java:109)
2026-08-08 00:33:18,674 [ERROR] LogOutputStream:75 - [STDERR_REDIRECT] 	at java.desktop/java.awt.EventDispatchThread.pumpEvents(EventDispatchThread.java:101)
2026-08-08 00:33:18,674 [ERROR] LogOutputStream:75 - [STDERR_REDIRECT] 	at java.desktop/java.awt.EventDispatchThread.run(EventDispatchThread.java:90)
2026-08-08 00:33:21,659 [ERROR] LogOutputStream:75 - [STDERR_REDIRECT] 
2026-08-08 00:33:21,660 [ERROR] LogOutputStream:75 - [STDERR_REDIRECT] 
2026-08-08 14:50:02,307 [INFO] Activator:176 - 


2026-08-08 14:50:02,308 [INFO] Activator:177 - !SESSION log4j initialized
2026-08-08 14:50:07,351 [INFO] LogOutputStream:77 - [STDOUT_REDIRECT] 
2026-08-08 14:50:08,231 [INFO] ApplicationProperties:184 - Using Application install path: C:\ST\STM32CubeIDE_1.18.1\STM32CubeIDE\plugins\com.st.stm32cube.common.mx_6.14.1.202504091515
2026-08-08 14:50:08,242 [INFO] DbMcusXml:78 - Set database path to: C:\ST\STM32CubeIDE_1.18.1\STM32CubeIDE\plugins\com.st.stm32cube.common.mx_6.14.1.202504091515\\db\/mcu/
2026-08-08 14:50:08,242 [INFO] ApiDb:274 - Set plugin database path to: C:\ST\STM32CubeIDE_1.18.1\STM32CubeIDE\plugins\com.st.stm32cube.common.mx_6.14.1.202504091515\\db\/plugins/boardmanager/
2026-08-08 14:50:08,242 [WARN] ApiDb:259 - Overriding images path with different value:  => C:\ST\STM32CubeIDE_1.18.1\STM32CubeIDE\plugins\com.st.stm32cube.common.mx_6.14.1.202504091515\\db\/plugins/mcufinder/images/
2026-08-08 14:50:08,248 [INFO] ApiDb:250 - Set database path to: C:\Users\German\.stmcufinder\plugins\mcufinder//mcu/
2026-08-08 14:50:08,249 [INFO] DbMcusAds:125 - Set database path to: C:\Users\German\.stmcufinder\plugins\mcufinder//mcu/
2026-08-08 14:50:08,250 [INFO] CrossReferenceDbSqlite:203 - Set database path to: C:\Users\German\.stmcufinder\plugins\mcufinder//mcu/cs/
2026-08-08 14:50:08,320 [INFO] RulesReader:64 - Compatibility file has been processed (302 Rules)
2026-08-08 14:50:08,367 [INFO] DbMcusXml:78 - Set database path to: C:\ST\STM32CubeIDE_1.18.1\STM32CubeIDE\plugins\com.st.stm32cube.common.mx_6.14.1.202504091515\\db\/mcu/
2026-08-08 14:50:08,367 [INFO] ApiDb:274 - Set plugin database path to: C:\ST\STM32CubeIDE_1.18.1\STM32CubeIDE\plugins\com.st.stm32cube.common.mx_6.14.1.202504091515\\db\/plugins/boardmanager/
2026-08-08 14:50:08,367 [INFO] ApiDb:261 - Set plugin images path to: C:\ST\STM32CubeIDE_1.18.1\STM32CubeIDE\plugins\com.st.stm32cube.common.mx_6.14.1.202504091515\\db\/plugins/mcufinder/images/
2026-08-08 14:50:08,368 [WARN] DbFile:41 - Overriding database path with different value: C:\Users\German\.stmcufinder\plugins\mcufinder/ => C:\Users\German\.stmcufinder\plugins\mcufinder
2026-08-08 14:50:08,368 [INFO] ApiDb:250 - Set database path to: C:\Users\German\.stmcufinder\plugins\mcufinder//mcu/
2026-08-08 14:50:08,368 [WARN] DbFile:41 - Overriding database path with different value: C:\Users\German\.stmcufinder\plugins\mcufinder/ => C:\Users\German\.stmcufinder\plugins\mcufinder
2026-08-08 14:50:08,368 [INFO] DbMcusAds:125 - Set database path to: C:\Users\German\.stmcufinder\plugins\mcufinder//mcu/
2026-08-08 14:50:08,368 [WARN] DbFile:41 - Overriding database path with different value: C:\Users\German\.stmcufinder\plugins\mcufinder/ => C:\Users\German\.stmcufinder\plugins\mcufinder
2026-08-08 14:50:08,368 [WARN] DbFile:41 - Overriding database path with different value: C:\Users\German\.stmcufinder\plugins\mcufinder/ => C:\Users\German\.stmcufinder\plugins\mcufinder
2026-08-08 14:50:08,368 [INFO] CrossReferenceDbSqlite:203 - Set database path to: C:\Users\German\.stmcufinder\plugins\mcufinder//mcu/cs/
2026-08-08 14:50:08,416 [INFO] MainPanel:272 - HeapMemory: 268435456
2026-08-08 14:50:08,486 [INFO] DbMcusXml:78 - Set database path to: C:\ST\STM32CubeIDE_1.18.1\STM32CubeIDE\plugins\com.st.stm32cube.common.mx_6.14.1.202504091515\\db\/mcu/
2026-08-08 14:50:08,486 [INFO] ApiDb:274 - Set plugin database path to: C:\ST\STM32CubeIDE_1.18.1\STM32CubeIDE\plugins\com.st.stm32cube.common.mx_6.14.1.202504091515\\db\/plugins/boardmanager/
2026-08-08 14:50:08,486 [INFO] ApiDb:261 - Set plugin images path to: C:\ST\STM32CubeIDE_1.18.1\STM32CubeIDE\plugins\com.st.stm32cube.common.mx_6.14.1.202504091515\\db\/plugins/mcufinder/images/
2026-08-08 14:50:08,486 [WARN] DbFile:41 - Overriding database path with different value: C:\Users\German\.stmcufinder\plugins\mcufinder/ => C:\Users\German\.stmcufinder\plugins\mcufinder
2026-08-08 14:50:08,486 [INFO] ApiDb:250 - Set database path to: C:\Users\German\.stmcufinder\plugins\mcufinder//mcu/
2026-08-08 14:50:08,486 [WARN] DbFile:41 - Overriding database path with different value: C:\Users\German\.stmcufinder\plugins\mcufinder/ => C:\Users\German\.stmcufinder\plugins\mcufinder
2026-08-08 14:50:08,486 [INFO] DbMcusAds:125 - Set database path to: C:\Users\German\.stmcufinder\plugins\mcufinder//mcu/
2026-08-08 14:50:08,487 [WARN] DbFile:41 - Overriding database path with different value: C:\Users\German\.stmcufinder\plugins\mcufinder/ => C:\Users\German\.stmcufinder\plugins\mcufinder
2026-08-08 14:50:08,487 [WARN] DbFile:41 - Overriding database path with different value: C:\Users\German\.stmcufinder\plugins\mcufinder/ => C:\Users\German\.stmcufinder\plugins\mcufinder
2026-08-08 14:50:08,487 [INFO] CrossReferenceDbSqlite:203 - Set database path to: C:\Users\German\.stmcufinder\plugins\mcufinder//mcu/cs/
2026-08-08 14:50:08,497 [INFO] ApplicationProperties:184 - Using Application install path: C:\ST\STM32CubeIDE_1.18.1\STM32CubeIDE\plugins\com.st.stm32cube.common.mx_6.14.1.202504091515
2026-08-08 14:50:08,498 [INFO] PluginManage:196 - Search for loadable plugins [exclusion list=, ]
2026-08-08 14:50:08,499 [INFO] PluginManage:310 - Check plugin analytics
2026-08-08 14:50:08,644 [INFO] AnalyticsPlugin:253 - Accepted Software Licenses: STM32CubeMX.6.14.1,STM32CubeMX.6.17.0
2026-08-08 14:50:08,644 [INFO] AnalyticsPlugin:255 - Accepted CMSIS Pack Licenses: 
2026-08-08 14:50:08,644 [INFO] AnalyticsPlugin:257 - Accepted Firmware Licenses: FW.WB.1.17.0,FW.WB.1.22.0,FW.L4.1.18.0,FW.WB.1.13.0,FW.WB.1.23.0,FW.WB.1.24.0
2026-08-08 14:50:08,647 [INFO] PluginManage:359 - Loaded plugin analytics (category:tool,tabindex:-1)
2026-08-08 14:50:08,648 [INFO] PluginManage:310 - Check plugin cadmodel
2026-08-08 14:50:08,654 [INFO] CADModel:105 - Init CAD model plugin
2026-08-08 14:50:08,654 [INFO] PluginManage:359 - Loaded plugin cadmodel (category:power,tabindex:5)
2026-08-08 14:50:08,654 [INFO] PluginManage:310 - Check plugin clock
2026-08-08 14:50:08,663 [INFO] PluginManage:359 - Loaded plugin clock (category:base,tabindex:2)
2026-08-08 14:50:08,663 [INFO] PluginManage:310 - Check plugin ddr
2026-08-08 14:50:08,665 [INFO] PluginManage:359 - Loaded plugin ddr (category:tool,tabindex:6)
2026-08-08 14:50:08,665 [INFO] PluginManage:310 - Check plugin filemanager
2026-08-08 14:50:08,764 [INFO] PluginManage:359 - Loaded plugin filemanager (category:base,tabindex:10)
2026-08-08 14:50:08,764 [INFO] PluginManage:310 - Check plugin ipmanager
2026-08-08 14:50:08,769 [INFO] PluginManage:359 - Loaded plugin ipmanager (category:base,tabindex:5)
2026-08-08 14:50:08,769 [INFO] PluginManage:310 - Check plugin lpbam
2026-08-08 14:50:08,774 [INFO] PluginManage:359 - Loaded plugin lpbam (category:base,tabindex:0)
2026-08-08 14:50:08,774 [INFO] PluginManage:310 - Check plugin memorymap
2026-08-08 14:50:08,783 [INFO] PluginManage:359 - Loaded plugin memorymap (category:base,tabindex:4)
2026-08-08 14:50:08,783 [INFO] PluginManage:310 - Check plugin pinoutandconfiguration
2026-08-08 14:50:08,788 [INFO] PluginManage:359 - Loaded plugin pinoutandconfiguration (category:base,tabindex:1)
2026-08-08 14:50:08,788 [INFO] PluginManage:310 - Check plugin pinoutconfig
2026-08-08 14:50:08,838 [WARN] SupportedApi:132 - Cannot load RTOS API schema: s4s-elt-must-match.1: The content of 'definitions' must match (annotation?, (simpleType | complexType)?, (unique | key | keyref)*)). A problem was found starting at: attribute.
2026-08-08 14:50:08,921 [INFO] PluginManage:359 - Loaded plugin pinoutconfig (category:base,tabindex:0)
2026-08-08 14:50:08,921 [INFO] PluginManage:310 - Check plugin power
2026-08-08 14:50:08,928 [INFO] PluginManage:359 - Loaded plugin power (category:power,tabindex:4)
2026-08-08 14:50:08,928 [INFO] PluginManage:310 - Check plugin projectmanager
2026-08-08 14:50:08,938 [INFO] PluginManage:359 - Loaded plugin projectmanager (category:projectmanager,tabindex:4)
2026-08-08 14:50:08,938 [INFO] PluginManage:310 - Check plugin rif
2026-08-08 14:50:08,945 [INFO] PluginManage:359 - Loaded plugin rif (category:base,tabindex:3)
2026-08-08 14:50:08,945 [INFO] PluginManage:310 - Check plugin thirdparty
2026-08-08 14:50:09,040 [INFO] PluginManage:359 - Loaded plugin thirdparty (category:base,tabindex:-1)
2026-08-08 14:50:09,040 [WARN] IntegrityCheckThread:84 - waiting for thirdparty lock release [integrity check]
2026-08-08 14:50:09,040 [INFO] IntegrityCheckThread:86 - entering critical section [integrity check]
2026-08-08 14:50:09,040 [INFO] PluginManage:310 - Check plugin tools
2026-08-08 14:50:09,040 [INFO] ThirdPartyUpdaterWithRetryManager:70 - Updater plugin not ready yet. [1/15]
2026-08-08 14:50:09,042 [INFO] PluginManage:359 - Loaded plugin tools (category:base,tabindex:7)
2026-08-08 14:50:09,042 [INFO] PluginManage:310 - Check plugin tutovideos
2026-08-08 14:50:09,143 [INFO] PluginManage:359 - Loaded plugin tutovideos (category:base,tabindex:-1)
2026-08-08 14:50:09,143 [INFO] PluginManage:310 - Check plugin updater
2026-08-08 14:50:09,158 [INFO] PluginManage:359 - Loaded plugin updater (category:base,tabindex:12)
2026-08-08 14:50:09,159 [INFO] PluginManage:310 - Check plugin userauth
2026-08-08 14:50:09,161 [INFO] UserAuth:118 - Init User Auth plugin
2026-08-08 14:50:09,161 [INFO] PluginManage:359 - Loaded plugin userauth (category:base,tabindex:14)
2026-08-08 14:50:09,162 [INFO] PluginManage:283 - PluginManage : Loaded plugins [18]
2026-08-08 14:50:09,281 [INFO] PinOutPanel:1589 - setPackage(No Configuration,No Configuration)
2026-08-08 14:50:09,330 [INFO] CADModel:165 - CPN selected for project level
2026-08-08 14:50:09,330 [INFO] CADModel:114 - Register for checkConnection events
2026-08-08 14:50:09,344 [INFO] IPUIPlugin:80 - create IPUIPlugin
2026-08-08 14:50:09,344 [INFO] PluginManager:220 - loadIPPluginJar : add adc
2026-08-08 14:50:09,346 [INFO] IPUIPlugin:80 - create IPUIPlugin
2026-08-08 14:50:09,346 [INFO] PluginManager:220 - loadIPPluginJar : add aes
2026-08-08 14:50:09,347 [INFO] IPUIPlugin:80 - create IPUIPlugin
2026-08-08 14:50:09,347 [INFO] PluginManager:220 - loadIPPluginJar : add can
2026-08-08 14:50:09,348 [INFO] IPUIPlugin:80 - create IPUIPlugin
2026-08-08 14:50:09,348 [INFO] PluginManager:220 - loadIPPluginJar : add comp
2026-08-08 14:50:09,350 [INFO] IPUIPlugin:80 - create IPUIPlugin
2026-08-08 14:50:09,350 [INFO] PluginManager:220 - loadIPPluginJar : add cryp
2026-08-08 14:50:09,352 [INFO] IPUIPlugin:80 - create IPUIPlugin
2026-08-08 14:50:09,352 [INFO] PluginManager:220 - loadIPPluginJar : add ddr_ctrl_phy
2026-08-08 14:50:09,353 [INFO] IPUIPlugin:80 - create IPUIPlugin
2026-08-08 14:50:09,353 [INFO] PluginManager:220 - loadIPPluginJar : add dfsdm
2026-08-08 14:50:09,356 [INFO] IPUIPlugin:80 - create IPUIPlugin
2026-08-08 14:50:09,356 [INFO] PluginManager:220 - loadIPPluginJar : add dma
2026-08-08 14:50:09,358 [INFO] IPUIPlugin:80 - create IPUIPlugin
2026-08-08 14:50:09,358 [INFO] PluginManager:220 - loadIPPluginJar : add dma3
2026-08-08 14:50:09,360 [INFO] IPUIPlugin:80 - create IPUIPlugin
2026-08-08 14:50:09,360 [INFO] PluginManager:220 - loadIPPluginJar : add extmemmanager
2026-08-08 14:50:09,361 [INFO] IPUIPlugin:80 - create IPUIPlugin
2026-08-08 14:50:09,361 [INFO] PluginManager:220 - loadIPPluginJar : add fatfs
2026-08-08 14:50:09,363 [INFO] IPUIPlugin:80 - create IPUIPlugin
2026-08-08 14:50:09,363 [INFO] PluginManager:220 - loadIPPluginJar : add fmc
2026-08-08 14:50:09,367 [INFO] IPUIPlugin:80 - create IPUIPlugin
2026-08-08 14:50:09,367 [INFO] PluginManager:220 - loadIPPluginJar : add freertos
2026-08-08 14:50:09,368 [INFO] IPUIPlugin:80 - create IPUIPlugin
2026-08-08 14:50:09,368 [INFO] PluginManager:220 - loadIPPluginJar : add genericplugin
2026-08-08 14:50:09,369 [INFO] IPUIPlugin:80 - create IPUIPlugin
2026-08-08 14:50:09,369 [INFO] PluginManager:220 - loadIPPluginJar : add gfxmmu
2026-08-08 14:50:09,372 [INFO] IPUIPlugin:80 - create IPUIPlugin
2026-08-08 14:50:09,372 [INFO] PluginManager:220 - loadIPPluginJar : add gic
2026-08-08 14:50:09,374 [INFO] IPUIPlugin:80 - create IPUIPlugin
2026-08-08 14:50:09,374 [INFO] PluginManager:220 - loadIPPluginJar : add gpio
2026-08-08 14:50:09,376 [INFO] IPUIPlugin:80 - create IPUIPlugin
2026-08-08 14:50:09,376 [INFO] PluginManager:220 - loadIPPluginJar : add gtzc
2026-08-08 14:50:09,377 [INFO] IPUIPlugin:80 - create IPUIPlugin
2026-08-08 14:50:09,377 [INFO] PluginManager:220 - loadIPPluginJar : add hash
2026-08-08 14:50:09,379 [INFO] IPUIPlugin:80 - create IPUIPlugin
2026-08-08 14:50:09,379 [INFO] PluginManager:220 - loadIPPluginJar : add i2c
2026-08-08 14:50:09,380 [INFO] IPUIPlugin:80 - create IPUIPlugin
2026-08-08 14:50:09,380 [INFO] PluginManager:220 - loadIPPluginJar : add i2s
2026-08-08 14:50:09,382 [INFO] IPUIPlugin:80 - create IPUIPlugin
2026-08-08 14:50:09,382 [INFO] PluginManager:220 - loadIPPluginJar : add i3c
2026-08-08 14:50:09,384 [INFO] IPUIPlugin:80 - create IPUIPlugin
2026-08-08 14:50:09,384 [INFO] PluginManager:220 - loadIPPluginJar : add ipddr
2026-08-08 14:50:09,388 [INFO] IPUIPlugin:80 - create IPUIPlugin
2026-08-08 14:50:09,388 [INFO] PluginManager:220 - loadIPPluginJar : add linkedlist
2026-08-08 14:50:09,390 [INFO] IPUIPlugin:80 - create IPUIPlugin
2026-08-08 14:50:09,390 [INFO] PluginManager:220 - loadIPPluginJar : add lorawan
2026-08-08 14:50:09,391 [INFO] IPUIPlugin:80 - create IPUIPlugin
2026-08-08 14:50:09,391 [INFO] PluginManager:220 - loadIPPluginJar : add ltdc
2026-08-08 14:50:09,394 [INFO] IPUIPlugin:80 - create IPUIPlugin
2026-08-08 14:50:09,394 [INFO] PluginManager:220 - loadIPPluginJar : add mdma
2026-08-08 14:50:09,397 [INFO] IPUIPlugin:80 - create IPUIPlugin
2026-08-08 14:50:09,397 [INFO] PluginManager:220 - loadIPPluginJar : add nvic
2026-08-08 14:50:09,399 [INFO] IPUIPlugin:80 - create IPUIPlugin
2026-08-08 14:50:09,399 [INFO] PluginManager:220 - loadIPPluginJar : add opamp
2026-08-08 14:50:09,401 [INFO] IPUIPlugin:80 - create IPUIPlugin
2026-08-08 14:50:09,401 [INFO] PluginManager:220 - loadIPPluginJar : add openamp
2026-08-08 14:50:09,403 [INFO] IPUIPlugin:80 - create IPUIPlugin
2026-08-08 14:50:09,403 [INFO] PluginManager:220 - loadIPPluginJar : add pdm2pcm
2026-08-08 14:50:09,406 [INFO] IPUIPlugin:80 - create IPUIPlugin
2026-08-08 14:50:09,408 [INFO] PluginManager:220 - loadIPPluginJar : add plateformsettings
2026-08-08 14:50:09,409 [INFO] IPUIPlugin:80 - create IPUIPlugin
2026-08-08 14:50:09,409 [INFO] PluginManager:220 - loadIPPluginJar : add quadspi
2026-08-08 14:50:09,410 [INFO] IPUIPlugin:80 - create IPUIPlugin
2026-08-08 14:50:09,411 [INFO] PluginManager:220 - loadIPPluginJar : add radio
2026-08-08 14:50:09,413 [INFO] IPUIPlugin:80 - create IPUIPlugin
2026-08-08 14:50:09,413 [INFO] PluginManager:220 - loadIPPluginJar : add resmgrutility
2026-08-08 14:50:09,415 [INFO] IPUIPlugin:80 - create IPUIPlugin
2026-08-08 14:50:09,415 [INFO] PluginManager:220 - loadIPPluginJar : add sai
2026-08-08 14:50:09,416 [INFO] IPUIPlugin:80 - create IPUIPlugin
2026-08-08 14:50:09,417 [INFO] PluginManager:220 - loadIPPluginJar : add spi
2026-08-08 14:50:09,428 [INFO] IPUIPlugin:80 - create IPUIPlugin
2026-08-08 14:50:09,428 [INFO] PluginManager:220 - loadIPPluginJar : add stm32_wpan
2026-08-08 14:50:09,430 [INFO] IPUIPlugin:80 - create IPUIPlugin
2026-08-08 14:50:09,430 [INFO] PluginManager:220 - loadIPPluginJar : add tim
2026-08-08 14:50:09,433 [INFO] IPUIPlugin:80 - create IPUIPlugin
2026-08-08 14:50:09,433 [INFO] PluginManager:220 - loadIPPluginJar : add touchsensing
2026-08-08 14:50:09,435 [INFO] IPUIPlugin:80 - create IPUIPlugin
2026-08-08 14:50:09,435 [INFO] PluginManager:220 - loadIPPluginJar : add tracer_emb
2026-08-08 14:50:09,436 [INFO] IPUIPlugin:80 - create IPUIPlugin
2026-08-08 14:50:09,436 [INFO] PluginManager:220 - loadIPPluginJar : add ts
2026-08-08 14:50:09,438 [INFO] IPUIPlugin:80 - create IPUIPlugin
2026-08-08 14:50:09,438 [INFO] PluginManager:220 - loadIPPluginJar : add tsc
2026-08-08 14:50:09,439 [INFO] IPUIPlugin:80 - create IPUIPlugin
2026-08-08 14:50:09,439 [INFO] PluginManager:220 - loadIPPluginJar : add ucpd
2026-08-08 14:50:09,442 [INFO] IPUIPlugin:80 - create IPUIPlugin
2026-08-08 14:50:09,442 [INFO] PluginManager:220 - loadIPPluginJar : add usart
2026-08-08 14:50:09,444 [INFO] IPUIPlugin:80 - create IPUIPlugin
2026-08-08 14:50:09,444 [INFO] PluginManager:220 - loadIPPluginJar : add usbx
2026-08-08 14:50:09,553 [FATAL] Updater:351 - Updater called before beeing initialized
2026-08-08 14:50:09,568 [INFO] RulesReader:64 - Compatibility file has been processed (302 Rules)
2026-08-08 14:50:09,573 [INFO] RulesReader:64 - Compatibility file has been processed (302 Rules)
2026-08-08 14:50:09,578 [INFO] CADModel:165 - CPN selected for project level
2026-08-08 14:50:09,578 [INFO] CADModel:114 - Register for checkConnection events
2026-08-08 14:50:09,578 [FATAL] Updater:351 - Updater called before beeing initialized
2026-08-08 14:50:09,578 [ERROR] CADModel:125 - Updater not yet initialized, retry later 
2026-08-08 14:50:09,687 [FATAL] Updater:351 - Updater called before beeing initialized
2026-08-08 14:50:09,688 [INFO] CADModel:165 - CPN selected for project level
2026-08-08 14:50:09,688 [INFO] CADModel:114 - Register for checkConnection events
2026-08-08 14:50:09,688 [FATAL] Updater:351 - Updater called before beeing initialized
2026-08-08 14:50:09,689 [ERROR] CADModel:125 - Updater not yet initialized, retry later 
2026-08-08 14:50:09,691 [FATAL] Updater:351 - Updater called before beeing initialized
2026-08-08 14:50:09,775 [FATAL] Updater:351 - Updater called before beeing initialized
2026-08-08 14:50:09,777 [INFO] DbMcusAds:53 - JSON generation date=Wed Jul 15 06:46:00 ART 2026 (1784108760991)
2026-08-08 14:50:09,778 [FATAL] Updater:351 - Updater called before beeing initialized
2026-08-08 14:50:09,799 [WARN] DetailPanel:346 - Failed to get advertising image, set to default
2026-08-08 14:50:09,943 [FATAL] Updater:351 - Updater called before beeing initialized
2026-08-08 14:50:09,945 [FATAL] Updater:351 - Updater called before beeing initialized
2026-08-08 14:50:09,945 [FATAL] Updater:351 - Updater called before beeing initialized
2026-08-08 14:50:09,945 [WARN] DetailPanel:346 - Failed to get advertising image, set to default
2026-08-08 14:50:09,946 [FATAL] Updater:351 - Updater called before beeing initialized
2026-08-08 14:50:09,975 [ERROR] Updater:1198 - MainUpdater not yet initialized. External WinMGr cannot be set.
2026-08-08 14:50:09,976 [INFO] Updater:1134 - Updater Version found : 6.14.1
2026-08-08 14:50:09,987 [INFO] ApplicationProperties:184 - Using Application install path: C:\ST\STM32CubeIDE_1.18.1\STM32CubeIDE\plugins\com.st.stm32cube.common.mx_6.14.1.202504091515
2026-08-08 14:50:11,550 [ERROR] LogOutputStream:75 - [STDERR_REDIRECT] Aug 08, 2026 2:50:11 PM java.util.prefs.WindowsPreferences <init>
2026-08-08 14:50:11,551 [ERROR] LogOutputStream:75 - [STDERR_REDIRECT] WARNING: Could not open/create prefs root node Software\JavaSoft\Prefs at root 0xffffffff80000002. Windows RegCreateKeyEx(...) returned error code 5.
2026-08-08 14:50:11,551 [ERROR] LogOutputStream:75 - [STDERR_REDIRECT] 
2026-08-08 14:50:11,713 [INFO] MainUpdater:2872 - connection check result : 10
2026-08-08 14:50:11,714 [INFO] MainUpdater:289 - Updater Check For Update Now.
2026-08-08 14:50:11,714 [INFO] MicroXplorer:498 - Change Database Version : DB.6.0.141
2026-08-08 14:50:11,718 [INFO] McuFinderGlobals:63 - Set McuFinder mode to 2 (CubeIDE integrated)
2026-08-08 14:50:11,719 [INFO] UserAuth:484 - Internet connection configuration mode: 1
2026-08-08 14:50:11,736 [INFO] JxBrowserEngine:152 - Initiate JxBrowser Engine with user profile folder
2026-08-08 14:50:11,875 [INFO] CheckServerUpdateThread:120 - End of CheckServer Thread
2026-08-08 14:50:12,351 [WARN] PackLoader:240 - Cannot read IP mode file for STMicroelectronics.X-CUBE-AZRTOS-H7.3.5.0
2026-08-08 14:50:12,360 [WARN] PackLoader:240 - Cannot read IP mode file for STMicroelectronics.FP-SNS-MOTENVWB1.1.4.0
2026-08-08 14:50:12,364 [WARN] PackLoader:240 - Cannot read IP mode file for STMicroelectronics.FP-ATR-ASTRA1.2.0.3
2026-08-08 14:50:12,366 [WARN] PackLoader:240 - Cannot read IP mode file for STMicroelectronics.FP-ATR-ASTRA1.2.0.2
2026-08-08 14:50:12,373 [ERROR] Engine:466 - C:\Users\German\.stm32cubemx\thirdparties\pdsc\STMicroelectronics.X-CUBE-SMBUS.2.1.1.pdsc: PDSC version is not supported
2026-08-08 14:50:12,376 [WARN] PackLoader:240 - Cannot read IP mode file for STMicroelectronics.X-CUBE-SMBUS.2.1.0
2026-08-08 14:50:12,381 [WARN] PackLoader:240 - Cannot read IP mode file for STMicroelectronics.X-CUBE-WB05N.1.1.0
2026-08-08 14:50:12,386 [WARN] PackLoader:240 - Cannot read IP mode file for STMicroelectronics.X-CUBE-ST60.1.0.0
2026-08-08 14:50:12,399 [WARN] PackLoader:240 - Cannot read IP mode file for STMicroelectronics.X-CUBE-AZRTOS-F7.1.1.0
2026-08-08 14:50:12,403 [ERROR] Engine:466 - C:\Users\German\.stm32cubemx\thirdparties\pdsc\STMicroelectronics.X-CUBE-FREERTOS.1.6.0.pdsc: PDSC version is not supported
2026-08-08 14:50:12,405 [ERROR] Engine:466 - C:\Users\German\.stm32cubemx\thirdparties\pdsc\STMicroelectronics.FP-SNS-MOTENV1.5.1.0.pdsc: PDSC version is not supported
2026-08-08 14:50:12,418 [WARN] PackLoader:240 - Cannot read IP mode file for STMicroelectronics.X-CUBE-AZRTOS-H7RS.1.3.0
2026-08-08 14:50:12,433 [WARN] PackLoader:240 - Cannot read IP mode file for Infineon.AIROC-Wi-Fi-Bluetooth-STM32.1.7.0
2026-08-08 14:50:12,453 [WARN] PackLoader:240 - Cannot read IP mode file for STMicroelectronics.X-CUBE-AZRTOS-H7.3.4.0
2026-08-08 14:50:12,458 [INFO] WebApp:169 - Instantiating new browser for Auth
2026-08-08 14:50:12,460 [WARN] PackLoader:240 - Cannot read IP mode file for STMicroelectronics.X-CUBE-DISPLAY.3.0.0
2026-08-08 14:50:12,465 [WARN] PackLoader:240 - Cannot read IP mode file for STMicroelectronics.X-CUBE-GNSS1.7.1.1
2026-08-08 14:50:12,468 [ERROR] Engine:466 - C:\Users\German\.stm32cubemx\thirdparties\pdsc\STMicroelectronics.FP-SNS-MOTENVWB1.1.5.0.pdsc: PDSC version is not supported
2026-08-08 14:50:12,473 [WARN] PackLoader:240 - Cannot read IP mode file for STMicroelectronics.X-CUBE-NFC10.1.0.0
2026-08-08 14:50:12,484 [WARN] PackLoader:240 - Cannot read IP mode file for STMicroelectronics.X-CUBE-BLEMGR.4.0.0
2026-08-08 14:50:12,491 [WARN] PackLoader:240 - Cannot read IP mode file for STMicroelectronics.X-CUBE-ST60.1.1.0
2026-08-08 14:50:12,497 [WARN] PackLoader:240 - Cannot read IP mode file for emotas.I-CUBE-CANOPEN.1.3.0
2026-08-08 14:50:12,500 [ERROR] Engine:466 - C:\Users\German\.stm32cubemx\thirdparties\pdsc\STMicroelectronics.X-CUBE-WBA.1.1.0.pdsc: PDSC version is not supported
2026-08-08 14:50:12,503 [WARN] PackLoader:240 - Cannot read IP mode file for STMicroelectronics.X-CUBE-GNSS1.7.1.0
2026-08-08 14:50:12,507 [WARN] ConditionMgr:438 - getConditionDescription Invalid condition id : Cortex-A Device cause : null
2026-08-08 14:50:12,515 [WARN] ConditionMgr:1044 - genDependencies : Invalid condition id : Cortex-A Device cause : null
2026-08-08 14:50:12,515 [WARN] ConditionMgr:1044 - genDependencies : Invalid condition id : Cortex-A Device cause : null
2026-08-08 14:50:12,516 [WARN] ConditionMgr:1044 - genDependencies : Invalid condition id : Cortex-A Device cause : null
2026-08-08 14:50:12,519 [WARN] PackLoader:240 - Cannot read IP mode file for STMicroelectronics.X-CUBE-AI.10.0.0
2026-08-08 14:50:12,521 [ERROR] Engine:466 - C:\Users\German\.stm32cubemx\thirdparties\pdsc\STMicroelectronics.FP-SNS-STBOX1.2.1.0.pdsc: PDSC version is not supported
2026-08-08 14:50:12,525 [WARN] PackLoader:240 - Cannot read IP mode file for STMicroelectronics.FP-SNS-SMARTAG2.1.2.0
2026-08-08 14:50:12,529 [WARN] PackLoader:240 - Cannot read IP mode file for STMicroelectronics.FP-SNS-FLIGHT1.5.1.0
2026-08-08 14:50:12,551 [WARN] PackLoader:240 - Cannot read IP mode file for STMicroelectronics.X-CUBE-MEMS1.11.1.0
2026-08-08 14:50:12,672 [INFO] LogOutputStream:77 - [STDOUT_REDIRECT] 1 : Invalid condition id : UX_CORESTACK_Condition cause : null
2026-08-08 14:50:12,672 [INFO] LogOutputStream:77 - [STDOUT_REDIRECT] 1 : Invalid condition id : UX_CORESTACK_Condition cause : null
2026-08-08 14:50:12,673 [INFO] LogOutputStream:77 - [STDOUT_REDIRECT] 1 : Invalid condition id : UX_CORESTACK_Condition cause : null
2026-08-08 14:50:12,674 [INFO] LogOutputStream:77 - [STDOUT_REDIRECT] 1 : Invalid condition id : UX_CORESTACK_Condition cause : null
2026-08-08 14:50:12,675 [INFO] LogOutputStream:77 - [STDOUT_REDIRECT] 1 : Invalid condition id : UX_CORESTACK_Condition cause : null
2026-08-08 14:50:12,678 [WARN] PackLoader:240 - Cannot read IP mode file for STMicroelectronics.X-CUBE-AZRTOS-WL.2.0.0
2026-08-08 14:50:12,683 [WARN] PackLoader:240 - Cannot read IP mode file for STMicroelectronics.FP-SNS-MOTENV1.5.0.0
2026-08-08 14:50:12,694 [WARN] PackLoader:240 - Cannot read IP mode file for STMicroelectronics.X-CUBE-AZRTOS-H7RS.1.2.0
2026-08-08 14:50:12,700 [WARN] PackLoader:240 - Cannot read IP mode file for WES.I-CUBE-Cesium.1.3.0
2026-08-08 14:50:12,704 [WARN] PackLoader:240 - Cannot read IP mode file for STMicroelectronics.X-CUBE-BLE2.3.3.0
2026-08-08 14:50:12,717 [WARN] PackLoader:240 - Cannot read IP mode file for STMicroelectronics.X-CUBE-NFC9.1.0.0
2026-08-08 14:50:12,721 [WARN] PackLoader:240 - Cannot read IP mode file for STMicroelectronics.X-CUBE-BLE1.7.1.0
2026-08-08 14:50:12,725 [WARN] PackLoader:240 - Cannot read IP mode file for wolfSSL.I-CUBE-wolfMQTT.1.19.2
2026-08-08 14:50:12,726 [ERROR] Engine:466 - C:\Users\German\.stm32cubemx\thirdparties\pdsc\STMicroelectronics.X-CUBE-FREERTOS.1.4.0.pdsc: PDSC version is not supported
2026-08-08 14:50:12,730 [WARN] PackLoader:240 - Cannot read IP mode file for STMicroelectronics.X-CUBE-EEPRMA1.5.2.0
2026-08-08 14:50:12,732 [ERROR] Engine:466 - C:\Users\German\.stm32cubemx\thirdparties\pdsc\STMicroelectronics.X-CUBE-ST67W61.1.1.0.pdsc: PDSC version is not supported
2026-08-08 14:50:12,734 [WARN] PackLoader:240 - Cannot read IP mode file for STMicroelectronics.X-CUBE-AI.10.1.0
2026-08-08 14:50:12,736 [ERROR] Engine:466 - C:\Users\German\.stm32cubemx\thirdparties\pdsc\STMicroelectronics.FP-SNS-STAIOTCFT.1.1.0.pdsc: PDSC version is not supported
2026-08-08 14:50:12,760 [WARN] PackLoader:240 - Cannot read IP mode file for STMicroelectronics.X-CUBE-MEMS1.12.0.0
2026-08-08 14:50:12,831 [WARN] PackLoader:240 - Cannot read IP mode file for STMicroelectronics.X-CUBE-MEMS1.11.2.0
2026-08-08 14:50:12,909 [WARN] PackLoader:240 - Cannot read IP mode file for STMicroelectronics.X-CUBE-AZRTOS-G0.1.1.0
2026-08-08 14:50:12,914 [WARN] PackLoader:240 - Cannot read IP mode file for STMicroelectronics.X-CUBE-SAFEA1.1.2.2
2026-08-08 14:50:12,918 [WARN] PackLoader:240 - Cannot read IP mode file for STMicroelectronics.X-CUBE-NFC4.3.0.0
2026-08-08 14:50:12,924 [WARN] PackLoader:240 - Cannot read IP mode file for EmbeddedOffice.I-CUBE-FS-RTOS.1.0.1
2026-08-08 14:50:12,927 [WARN] PackLoader:240 - Cannot read IP mode file for STMicroelectronics.X-CUBE-WB05N.2.0.0
2026-08-08 14:50:12,931 [WARN] PackLoader:240 - Cannot read IP mode file for wolfSSL.I-CUBE-wolfTPM.3.8.0
2026-08-08 14:50:12,934 [WARN] PackLoader:240 - Cannot read IP mode file for STMicroelectronics.X-CUBE-TCPP.4.2.0
2026-08-08 14:50:12,939 [WARN] PackLoader:240 - Cannot read IP mode file for RealThread.X-CUBE-RT-Thread_Nano.4.1.1
2026-08-08 14:50:12,941 [WARN] PackLoader:240 - Cannot read IP mode file for STMicroelectronics.FP-ATR-SIGFOX1.3.2.0
2026-08-08 14:50:12,945 [WARN] PackLoader:240 - Cannot read IP mode file for STMicroelectronics.X-CUBE-EEPRMA1.5.1.0
2026-08-08 14:50:12,947 [ERROR] Engine:466 - C:\Users\German\.stm32cubemx\thirdparties\pdsc\STMicroelectronics.X-CUBE-FREERTOS.1.5.0.pdsc: PDSC version is not supported
2026-08-08 14:50:12,950 [WARN] PackLoader:240 - Cannot read IP mode file for wolfSSL.I-CUBE-wolfSSL.5.7.6
2026-08-08 14:50:12,953 [WARN] PackLoader:240 - Cannot read IP mode file for ITTIA_DB.I-CUBE-ITTIADB.8.9.0
2026-08-08 14:50:12,957 [WARN] PackLoader:240 - Cannot read IP mode file for STMicroelectronics.X-CUBE-NFC6.3.2.0
2026-08-08 14:50:12,961 [WARN] PackLoader:240 - Cannot read IP mode file for STMicroelectronics.X-CUBE-ST67W61.1.0.0
2026-08-08 14:50:12,964 [WARN] PackLoader:240 - Cannot read IP mode file for STMicroelectronics.X-CUBE-AI.10.2.1
2026-08-08 14:50:12,966 [WARN] PackLoader:240 - Cannot read IP mode file for STMicroelectronics.X-CUBE-AI.10.2.0
2026-08-08 14:50:12,984 [WARN] PackLoader:240 - Cannot read IP mode file for STMicroelectronics.X-CUBE-MEMS1.12.1.0
2026-08-08 14:50:13,077 [WARN] PackLoader:240 - Cannot read IP mode file for SEGGER.I-CUBE-embOS.1.3.1
2026-08-08 14:50:13,099 [WARN] PackLoader:240 - Cannot read IP mode file for STMicroelectronics.X-CUBE-ALGOBUILD.1.4.0
2026-08-08 14:50:13,128 [WARN] PackLoader:240 - Cannot read IP mode file for STMicroelectronics.X-CUBE-MEMS1.11.3.0
2026-08-08 14:50:13,175 [INFO] WebApp:463 - Apply proxy settings
2026-08-08 14:50:13,175 [INFO] WebApp:548 - Chromium requires no authentication
2026-08-08 14:50:13,184 [INFO] WebApp:491 - Direct internet connection detected
2026-08-08 14:50:13,210 [WARN] PackLoader:240 - Cannot read IP mode file for STMicroelectronics.X-CUBE-NFC13.1.0.0
2026-08-08 14:50:13,212 [INFO] WebApp:894 - Register for checkConnection events
2026-08-08 14:50:13,212 [INFO] WebApp:463 - Apply proxy settings
2026-08-08 14:50:13,213 [INFO] WebApp:548 - Chromium requires no authentication
2026-08-08 14:50:13,214 [INFO] WebApp:491 - Direct internet connection detected
2026-08-08 14:50:13,215 [WARN] PackLoader:240 - Cannot read IP mode file for STMicroelectronics.X-CUBE-PM33A1.1.0.0
2026-08-08 14:50:13,226 [WARN] PackLoader:240 - Cannot read IP mode file for STMicroelectronics.X-CUBE-AZRTOS-F4.1.1.0
2026-08-08 14:50:13,231 [WARN] PackLoader:240 - Cannot read IP mode file for Avnet-IotConnect.X-CUBE-IoTC-DA16k-PMOD.1.0.0
2026-08-08 14:50:13,235 [WARN] PackLoader:240 - Cannot read IP mode file for STMicroelectronics.X-CUBE-ISPU.2.1.0
2026-08-08 14:50:13,239 [ERROR] Engine:466 - C:\Users\German\.stm32cubemx\thirdparties\pdsc\STMicroelectronics.X-CUBE-IPS.3.2.0.pdsc: PDSC version is not supported
2026-08-08 14:50:13,242 [WARN] PackLoader:240 - Cannot read IP mode file for STMicroelectronics.eDS-WB_DPC_TT-BIDIR.2.1.1
2026-08-08 14:50:13,247 [WARN] PackLoader:240 - Cannot read IP mode file for STMicroelectronics.X-CUBE-NFC12.1.0.0
2026-08-08 14:50:13,259 [WARN] PackLoader:240 - Cannot read IP mode file for STMicroelectronics.X-CUBE-AZRTOS-L5.2.0.0
2026-08-08 14:50:13,265 [WARN] PackLoader:240 - Cannot read IP mode file for STMicroelectronics.X-CUBE-NFC6.3.1.0
2026-08-08 14:50:13,271 [WARN] PackLoader:240 - Cannot read IP mode file for STMicroelectronics.X-CUBE-ALGOBUILD.1.5.0
2026-08-08 14:50:13,275 [WARN] PackLoader:240 - Cannot read IP mode file for STMicroelectronics.X-CUBE-DPower.1.2.0
2026-08-08 14:50:13,278 [WARN] PackLoader:240 - Cannot read IP mode file for STMicroelectronics.eDS-WB_DPC_VIENNA.1.2.0
2026-08-08 14:50:13,302 [WARN] PackLoader:240 - Cannot read IP mode file for STMicroelectronics.X-CUBE-MEMS1.13.0.0
2026-08-08 14:50:13,357 [WARN] PackLoader:240 - Cannot read IP mode file for STMicroelectronics.eDS-WB_DPC_3PH2L-BIDIR.1.1.1
2026-08-08 14:50:13,360 [ERROR] Engine:466 - C:\Users\German\.stm32cubemx\thirdparties\pdsc\STMicroelectronics.X-CUBE-ST67W61.1.3.0.pdsc: PDSC version is not supported
2026-08-08 14:50:13,362 [INFO] WebApp:191 - Connection restablished
2026-08-08 14:50:13,364 [WARN] PackLoader:240 - Cannot read IP mode file for STMicroelectronics.X-CUBE-FREERTOS.1.3.1
2026-08-08 14:50:13,367 [WARN] PackLoader:240 - Cannot read IP mode file for STMicroelectronics.X-CUBE-FREERTOS.1.3.0
2026-08-08 14:50:13,371 [WARN] PackLoader:240 - Cannot read IP mode file for STMicroelectronics.X-CUBE-NFC7.1.0.1
2026-08-08 14:50:13,375 [WARN] PackLoader:240 - Cannot read IP mode file for STMicroelectronics.X-CUBE-TOUCHGFX.4.26.0
2026-08-08 14:50:13,378 [WARN] PackLoader:240 - Cannot read IP mode file for STMicroelectronics.X-CUBE-TOUCHGFX.4.26.1
2026-08-08 14:50:13,382 [WARN] PackLoader:240 - Cannot read IP mode file for STMicroelectronics.FP-SNS-STAIOTCFT.1.0.0
2026-08-08 14:50:13,385 [WARN] PackLoader:240 - Cannot read IP mode file for STMicroelectronics.X-CUBE-DPower.1.3.0
2026-08-08 14:50:13,397 [WARN] ConditionMgr:438 - getConditionDescription Invalid condition id : LAN8742 Phy interface Condition cause : null
2026-08-08 14:50:13,398 [WARN] PackLoader:240 - Cannot read IP mode file for STMicroelectronics.X-CUBE-AZRTOS-L4.2.0.0
2026-08-08 14:50:13,398 [WARN] ConditionMgr:1044 - genDependencies : Invalid condition id : LAN8742 Phy interface Condition cause : null
2026-08-08 14:50:13,399 [WARN] ConditionMgr:1044 - genDependencies : Invalid condition id : LAN8742 Phy interface Condition cause : null
2026-08-08 14:50:13,399 [WARN] ConditionMgr:1044 - genDependencies : Invalid condition id : LAN8742 Phy interface Condition cause : null
2026-08-08 14:50:13,404 [WARN] PackLoader:240 - Cannot read IP mode file for STMicroelectronics.X-CUBE-SFXS2LP1.4.0.0
2026-08-08 14:50:13,408 [WARN] PackLoader:240 - Cannot read IP mode file for STMicroelectronics.X-CUBE-WB05N.2.1.0
2026-08-08 14:50:13,411 [ERROR] Engine:466 - C:\Users\German\.stm32cubemx\thirdparties\pdsc\STMicroelectronics.X-CUBE-ST67W61.1.2.0.pdsc: PDSC version is not supported
2026-08-08 14:50:13,423 [WARN] PackLoader:240 - Cannot read IP mode file for STMicroelectronics.X-CUBE-AZRTOS-H7.3.3.0
2026-08-08 14:50:13,431 [WARN] PackLoader:240 - Cannot read IP mode file for STMicroelectronics.X-CUBE-BLEMGR.4.1.0
2026-08-08 14:50:13,442 [WARN] ConditionMgr:438 - getConditionDescription Invalid condition id : UX DEVICE CLASS RTOS Condition cause : null
2026-08-08 14:50:13,442 [WARN] ConditionMgr:438 - getConditionDescription Invalid condition id : UX DEVICE CLASS RTOS Condition cause : null
2026-08-08 14:50:13,443 [WARN] PackLoader:240 - Cannot read IP mode file for STMicroelectronics.X-CUBE-AZRTOS-WB.2.0.0
2026-08-08 14:50:13,443 [WARN] ConditionMgr:1044 - genDependencies : Invalid condition id : UX DEVICE CLASS RTOS Condition cause : null
2026-08-08 14:50:13,444 [WARN] ConditionMgr:1044 - genDependencies : Invalid condition id : UX DEVICE CLASS RTOS Condition cause : null
2026-08-08 14:50:13,444 [WARN] ConditionMgr:1044 - genDependencies : Invalid condition id : UX DEVICE CLASS RTOS Condition cause : null
2026-08-08 14:50:13,444 [WARN] ConditionMgr:1044 - genDependencies : Invalid condition id : UX DEVICE CLASS RTOS Condition cause : null
2026-08-08 14:50:13,444 [WARN] ConditionMgr:1044 - genDependencies : Invalid condition id : UX DEVICE CLASS RTOS Condition cause : null
2026-08-08 14:50:13,447 [INFO] WebApp:225 - Starting web application
2026-08-08 14:50:13,447 [INFO] WebApp:593 - Web application path used C:\ST\STM32CubeIDE_1.18.1\STM32CubeIDE\plugins\com.st.stm32cube.common.mx_6.14.1.202504091515\db\plugins\mcufinder\reactClient1\index.html
2026-08-08 14:50:13,448 [WARN] PackLoader:240 - Cannot read IP mode file for STMicroelectronics.X-CUBE-GNSS1.7.0.1
2026-08-08 14:50:13,451 [WARN] PackLoader:240 - Cannot read IP mode file for STMicroelectronics.X-CUBE-TOUCHGFX.4.25.0
2026-08-08 14:50:13,456 [WARN] PackLoader:240 - Cannot read IP mode file for STMicroelectronics.FP-SNS-STBOX1.2.0.0
2026-08-08 14:50:13,462 [WARN] PackLoader:240 - Cannot read IP mode file for STMicroelectronics.X-CUBE-STSE01.2.0.0
2026-08-08 14:50:13,470 [WARN] PackLoader:240 - Cannot read IP mode file for STMicroelectronics.X-CUBE-SUBG2.5.0.0
2026-08-08 14:50:13,484 [WARN] PackLoader:240 - Cannot read IP mode file for STMicroelectronics.X-CUBE-AZRTOS-H7RS.1.1.0
2026-08-08 14:50:13,490 [WARN] PackLoader:240 - Cannot read IP mode file for Cesanta.I-CUBE-Mongoose.7.13.0
2026-08-08 14:50:13,499 [WARN] PackLoader:240 - Cannot read IP mode file for STMicroelectronics.X-CUBE-AZRTOS-G4.2.0.0
2026-08-08 14:50:13,503 [WARN] PackLoader:240 - Cannot read IP mode file for wolfSSL.I-CUBE-wolfSSH.1.4.20
2026-08-08 14:50:13,506 [WARN] PackLoader:240 - Cannot read IP mode file for STMicroelectronics.X-CUBE-NFC7.2.0.0
2026-08-08 14:50:13,514 [WARN] PackLoader:240 - Cannot read IP mode file for STMicroelectronics.X-CUBE-IPS.3.1.0
2026-08-08 14:50:13,527 [ERROR] Engine:466 - C:\Users\German\.stm32cubemx\thirdparties\pdsc\STMicroelectronics.X-CUBE-BLEMGR.4.2.0.pdsc: PDSC version is not supported
2026-08-08 14:50:13,531 [WARN] PackLoader:240 - Cannot read IP mode file for STMicroelectronics.X-CUBE-ALS.1.0.2
2026-08-08 14:50:13,536 [WARN] PackLoader:240 - Cannot read IP mode file for STMicroelectronics.X-CUBE-STSE01.1.0.0
2026-08-08 14:50:13,542 [WARN] PackLoader:240 - Cannot read IP mode file for portGmbH.I-Cube-SoM-uGOAL.1.1.0
2026-08-08 14:50:13,560 [WARN] PackLoader:240 - Cannot read IP mode file for STMicroelectronics.X-CUBE-TOF1.3.4.2
2026-08-08 14:50:13,581 [WARN] PackLoader:240 - Cannot read IP mode file for STMicroelectronics.X-CUBE-TOF1.3.4.3
2026-08-08 14:50:13,589 [INFO] ThirdParty:978 - Integrity check success = true
2026-08-08 14:50:13,589 [INFO] IntegrityCheckThread:100 - exiting critical section [integrity check]
2026-08-08 14:50:13,589 [INFO] IntegrityCheckThread:103 - End integrity checks thread
2026-08-08 14:50:13,639 [INFO] UserAuth:484 - Internet connection configuration mode: 1
2026-08-08 14:50:48,610 [INFO] McuFinderGlobals:63 - Set McuFinder mode to 2 (CubeIDE integrated)
2026-08-08 14:50:48,613 [INFO] MainUpdater:2872 - connection check result : 10
2026-08-08 14:50:48,614 [INFO] MainUpdater:2872 - connection check result : 10
2026-08-08 14:50:48,636 [INFO] MicroXplorer:468 - Change Database Path : 
2026-08-08 14:50:48,636 [INFO] MicroXplorer:498 - Change Database Version : DB.6.0.141
2026-08-08 14:50:48,639 [WARN] ThirdParty:871 - waiting for thirdparty lock release [close project]
2026-08-08 14:50:48,639 [INFO] ThirdParty:873 - entering critical section [close project]
2026-08-08 14:50:48,640 [INFO] ThirdParty:883 - exiting critical section [close project]
2026-08-08 14:50:48,641 [INFO] PinOutPanel:1589 - setPackage(No Configuration,No Configuration)
2026-08-08 14:50:48,643 [INFO] UtilMem:75 - Begin LoadConfig() Used Memory: 275065744 Bytes (355467264)
2026-08-08 14:50:48,644 [INFO] MicroXplorer:468 - Change Database Path : 
2026-08-08 14:50:48,644 [INFO] MicroXplorer:498 - Change Database Version : DB.6.0.141
2026-08-08 14:50:48,644 [INFO] OpenFileManager:354 - Change cursor
2026-08-08 14:50:48,661 [INFO] Mcu:2011 - Initializing MCU STM32L476R(C-E-G)Tx STM32L476RGTx STM32L476RGT3
2026-08-08 14:50:49,998 [INFO] Context:756 - Trying to add GPIOservice into a context  which must be forbidden
2026-08-08 14:50:50,307 [INFO] ImportTextPane:218 - (OptionalMessage_ERROR) Pin20 (VP_RIF_VS_RIF1) cannot be retrieved for this MCU
2026-08-08 14:50:50,368 [INFO] RtosManager:558 - Registered RTOS mode: class=CMSIS, group=RTOS, mode=CMSIS_V1, owner=FREERTOS
2026-08-08 14:50:50,368 [INFO] RtosManager:558 - Registered RTOS mode: class=CMSIS, group=RTOS2, mode=CMSIS_V2, owner=FREERTOS
2026-08-08 14:50:50,368 [INFO] RtosManager:558 - Registered RTOS mode: class=RTOS, group=Core, mode=CMSIS_V1, owner=FREERTOS
2026-08-08 14:50:50,368 [INFO] RtosManager:558 - Registered RTOS mode: class=RTOS, group=Core, mode=CMSIS_V2, owner=FREERTOS
2026-08-08 14:50:50,368 [WARN] ModelIntegratedComponent:184 - Missing modes for component STMicroelectronics:FreeRTOS:0.0.1:STMicroelectronics:RTOS:FreeRTOS:Core:::10.2.0:
2026-08-08 14:50:50,428 [WARN] ModelIntegratedComponent:63 - No mode defined for component null
2026-08-08 14:50:50,428 [WARN] ModelIntegratedComponent:63 - No mode defined for component null
2026-08-08 14:50:50,428 [WARN] ModelIntegratedComponent:63 - No mode defined for component null
2026-08-08 14:50:50,428 [WARN] ModelIntegratedComponent:63 - No mode defined for component null
2026-08-08 14:50:50,428 [WARN] ModelIntegratedComponent:63 - No mode defined for component null
2026-08-08 14:50:50,428 [WARN] ModelIntegratedComponent:63 - No mode defined for component null
2026-08-08 14:50:50,428 [WARN] ModelIntegratedComponent:63 - No mode defined for component null
2026-08-08 14:50:50,428 [WARN] ModelIntegratedComponent:63 - No mode defined for component null
2026-08-08 14:50:50,428 [WARN] ModelIntegratedComponent:63 - No mode defined for component null
2026-08-08 14:50:50,428 [WARN] ModelIntegratedComponent:63 - No mode defined for component null
2026-08-08 14:50:50,428 [WARN] ModelIntegratedComponent:63 - No mode defined for component null
2026-08-08 14:50:50,428 [WARN] ModelIntegratedComponent:63 - No mode defined for component null
2026-08-08 14:50:50,428 [WARN] ModelIntegratedComponent:63 - No mode defined for component null
2026-08-08 14:50:50,429 [WARN] ModelIntegratedComponent:63 - No mode defined for component null
2026-08-08 14:50:50,429 [WARN] ModelIntegratedComponent:63 - No mode defined for component null
2026-08-08 14:50:50,429 [WARN] ModelIntegratedComponent:63 - No mode defined for component null
2026-08-08 14:50:50,429 [WARN] ModelIntegratedComponent:63 - No mode defined for component null
2026-08-08 14:50:50,429 [WARN] ModelIntegratedComponent:63 - No mode defined for component null
2026-08-08 14:50:50,429 [WARN] ModelIntegratedComponent:63 - No mode defined for component null
2026-08-08 14:50:50,429 [WARN] ModelIntegratedComponent:63 - No mode defined for component null
2026-08-08 14:50:50,429 [WARN] ModelIntegratedComponent:63 - No mode defined for component null
2026-08-08 14:50:50,429 [WARN] ModelIntegratedComponent:63 - No mode defined for component null
2026-08-08 14:50:50,429 [WARN] ModelIntegratedComponent:63 - No mode defined for component null
2026-08-08 14:50:50,429 [WARN] ModelIntegratedComponent:63 - No mode defined for component null
2026-08-08 14:50:50,429 [WARN] ModelIntegratedComponent:63 - No mode defined for component null
2026-08-08 14:50:50,429 [WARN] ModelIntegratedComponent:63 - No mode defined for component null
2026-08-08 14:50:50,429 [WARN] ModelIntegratedComponent:63 - No mode defined for component null
2026-08-08 14:50:50,429 [WARN] ModelIntegratedComponent:63 - No mode defined for component null
2026-08-08 14:50:50,429 [WARN] ModelIntegratedComponent:63 - No mode defined for component null
2026-08-08 14:50:50,429 [WARN] ModelIntegratedComponent:63 - No mode defined for component null
2026-08-08 14:50:50,429 [WARN] ModelIntegratedComponent:63 - No mode defined for component null
2026-08-08 14:50:50,429 [WARN] ModelIntegratedComponent:63 - No mode defined for component null
2026-08-08 14:50:50,429 [WARN] ModelIntegratedComponent:63 - No mode defined for component null
2026-08-08 14:50:50,429 [WARN] ModelIntegratedComponent:63 - No mode defined for component null
2026-08-08 14:50:50,429 [WARN] ModelIntegratedComponent:63 - No mode defined for component null
2026-08-08 14:50:50,429 [WARN] ModelPack:524 - Component already loaded: STMicroelectronics:HAL Drivers:0.0.0:STMicroelectronics:Device:STMicro_Driver:XSPI:HAL::0.0.1:HAL_XSPI
2026-08-08 14:50:50,615 [INFO] ThirdPartyModel:298 - Start build external matchings
2026-08-08 14:50:51,522 [INFO] ThirdPartyModel:316 - End build external matchings
2026-08-08 14:50:51,556 [INFO] ImportTextPane:218 - (OptionalMessage_ERROR) IP (ADC1) : Parameter (CommonPathInternal) has invalid value (null|null|null|null)
2026-08-08 14:50:51,556 [INFO] ImportTextPane:218 - (OptionalMessage_ERROR) IP (DMA) : Parameter (Instance) has Id (SPI1_TX) currently not set
2026-08-08 14:50:51,556 [INFO] ImportTextPane:218 - (OptionalMessage_ERROR) IP (DMA) : Parameter (Request) has Id (SPI1_TX) currently not set
2026-08-08 14:50:51,556 [INFO] ImportTextPane:218 - (OptionalMessage_ERROR) IP (DMA) : Parameter (Direction) has Id (SPI1_TX) currently not set
2026-08-08 14:50:51,556 [INFO] ImportTextPane:218 - (OptionalMessage_ERROR) IP (DMA) : Parameter (PeriphInc) has Id (SPI1_TX) currently not set
2026-08-08 14:50:51,557 [INFO] ImportTextPane:218 - (OptionalMessage_ERROR) IP (DMA) : Parameter (MemInc) has Id (SPI1_TX) currently not set
2026-08-08 14:50:51,557 [INFO] ImportTextPane:218 - (OptionalMessage_ERROR) IP (DMA) : Parameter (PeriphDataAlignment) has Id (SPI1_TX) currently not set
2026-08-08 14:50:51,557 [INFO] ImportTextPane:218 - (OptionalMessage_ERROR) IP (DMA) : Parameter (MemDataAlignment) has Id (SPI1_TX) currently not set
2026-08-08 14:50:51,557 [INFO] ImportTextPane:218 - (OptionalMessage_ERROR) IP (DMA) : Parameter (Mode) has Id (SPI1_TX) currently not set
2026-08-08 14:50:51,557 [INFO] ImportTextPane:218 - (OptionalMessage_ERROR) IP (DMA) : Parameter (Priority) has Id (SPI1_TX) currently not set
2026-08-08 14:50:51,557 [INFO] ImportTextPane:218 - (OptionalMessage_ERROR) IP (DMA) : Parameter (Instance) has Id (ADC1) currently not set
2026-08-08 14:50:51,557 [INFO] ImportTextPane:218 - (OptionalMessage_ERROR) IP (DMA) : Parameter (Request) has Id (ADC1) currently not set
2026-08-08 14:50:51,557 [INFO] ImportTextPane:218 - (OptionalMessage_ERROR) IP (DMA) : Parameter (Direction) has Id (ADC1) currently not set
2026-08-08 14:50:51,557 [INFO] ImportTextPane:218 - (OptionalMessage_ERROR) IP (DMA) : Parameter (PeriphInc) has Id (ADC1) currently not set
2026-08-08 14:50:51,557 [INFO] ImportTextPane:218 - (OptionalMessage_ERROR) IP (DMA) : Parameter (MemInc) has Id (ADC1) currently not set
2026-08-08 14:50:51,557 [INFO] ImportTextPane:218 - (OptionalMessage_ERROR) IP (DMA) : Parameter (PeriphDataAlignment) has Id (ADC1) currently not set
2026-08-08 14:50:51,557 [INFO] ImportTextPane:218 - (OptionalMessage_ERROR) IP (DMA) : Parameter (MemDataAlignment) has Id (ADC1) currently not set
2026-08-08 14:50:51,557 [INFO] ImportTextPane:218 - (OptionalMessage_ERROR) IP (DMA) : Parameter (Mode) has Id (ADC1) currently not set
2026-08-08 14:50:51,557 [INFO] ImportTextPane:218 - (OptionalMessage_ERROR) IP (DMA) : Parameter (Priority) has Id (ADC1) currently not set
2026-08-08 14:50:51,558 [INFO] ImportTextPane:218 - (OptionalMessage_ERROR) IP (RCC) : Invalid parameter (FamilyName)
2026-08-08 14:50:51,559 [INFO] ImportTextPane:218 - (OptionalMessage_ERROR) IP (RCC) : Parameter (RNGFreq_Value) has invalid value (64000000)
2026-08-08 14:50:51,559 [INFO] ImportTextPane:218 - (OptionalMessage_ERROR) IP (RCC) : Parameter (SDMMCFreq_Value) has invalid value (64000000)
2026-08-08 14:50:51,559 [INFO] ImportTextPane:218 - (OptionalMessage_ERROR) IP (RCC) : Parameter (USBFreq_Value) has invalid value (64000000)
2026-08-08 14:50:51,876 [INFO] ApiDb:581 - Connected to CubeFinder SQLite database (C:\Users\German\.stmcufinder\plugins\mcufinder\mcu\cube-finder-db.db)
2026-08-08 14:50:51,939 [INFO] ApiDb:668 - CubeFinder database Data Model version=2.1
2026-08-08 14:50:51,939 [INFO] ApiDb:669 - CubeFinder database Configuration version=3.0.42
2026-08-08 14:50:51,939 [INFO] ApiDb:670 - CubeFinder database generation date=2026-06-23 (1782213372)
2026-08-08 14:50:51,939 [INFO] ApiDb:671 - CubeFinder database FW Pack versions=[FP-ATR-ASTRA1_V2.0.0, FP-SNS-FLIGHT1_V5.1.0, FP-SNS-MOTENV1_V5.1.0, FP-SNS-MOTENVWB1_V1.5.0, FP-SNS-SMARTAG2_V1.2.0, FP-SNS-STBOX1_V2.1.0, STM32Cube_FW_C0_V1.4.0, STM32Cube_FW_F4_V1.28.3, STM32Cube_FW_F7_V1.17.4, STM32Cube_FW_G0_V1.6.3, STM32Cube_FW_G4_V1.6.2, STM32Cube_FW_H5_V1.7.0, STM32Cube_FW_H7RS_V1.3.0, STM32Cube_FW_H7_V1.13.0, STM32Cube_FW_L0_V1.12.2, STM32Cube_FW_L4_V1.18.2, STM32Cube_FW_L5_V1.6.0, STM32Cube_FW_N6_V1.4.0, STM32Cube_FW_U0_V1.3.0, STM32Cube_FW_U3_V1.4.0, STM32Cube_FW_U5_V1.9.0, STM32Cube_FW_WB0_V1.5.0, STM32Cube_FW_WBA_V1.10.0, STM32Cube_FW_WB_V1.24.0, STM32Cube_FW_WL3_V1.5.0, STM32Cube_FW_WL_V1.6.0, X-CUBE-ALGOBUILD_V1.5.0, X-CUBE-ALS_V1.0.2, X-CUBE-AZRTOS-F4_V1.1.0, X-CUBE-AZRTOS-F7_V1.1.0, X-CUBE-AZRTOS-G0_V1.1.0, X-CUBE-AZRTOS-G4_V2.0.0, X-CUBE-AZRTOS-H7RS_V1.1.0, X-CUBE-AZRTOS-H7_V3.5.0, X-CUBE-AZRTOS-L4_V2.0.0, X-CUBE-AZRTOS-L5_V2.0.0, X-CUBE-AZRTOS-WB_V2.0.0, X-CUBE-AZRTOS-WL_V2.0.0, X-CUBE-BLE1_V7.1.0, X-CUBE-BLE2_V3.3.0, X-CUBE-BLEMGR_V4.1.0, X-CUBE-EEPRMA1_V5.2.0, X-CUBE-FREERTOS_V1.5.0, X-CUBE-GNSS1_V7.1.1, X-CUBE-MEMS1_V12.1.0, X-CUBE-NFC4_V3.0.0, X-CUBE-NFC7_V2.0.0, X-CUBE-SFXS2LP1_V4.0.0, X-CUBE-ST67W61_V1.3.0, X-CUBE-SUBG2_V5.0.0, X-CUBE-TOF1_V3.4.3]
2026-08-08 14:50:52,018 [INFO] DbBoardsSqlite:226 - include board P-NUCLEO-WB55-NUCLEO as a kit item of type 'Nucleo-64'
2026-08-08 14:50:52,018 [INFO] DbBoardsSqlite:226 - include board P-NUCLEO-WB55-USBDONGLE as a kit item of type 'Nucleo USB Dongle'
2026-08-08 14:50:52,019 [INFO] DbBoardsSqlite:226 - include board STEVAL-IDP005V1 as a kit item of type 'Evaluation Board'
2026-08-08 14:50:52,019 [INFO] DbBoardsSqlite:226 - include board STEVAL-IDP005V2 as a kit item of type 'Evaluation Board'
2026-08-08 14:50:52,522 [INFO] ApiDb:240 - Found 895 in-development CPN: [B-G473E-ZEST1S, B-WB1M-WPAN1, B-WBA5M-WPAN, B-WL5M-SUBG1, NUCLEO-C031C6, NUCLEO-C051C8, NUCLEO-C071RB, NUCLEO-C092RC, NUCLEO-H503RB, NUCLEO-H533RE, NUCLEO-H563ZI, NUCLEO-H7S3L8, NUCLEO-N657X0-Q, NUCLEO-U031R8, NUCLEO-U083RC, NUCLEO-U385RG-Q, NUCLEO-U545RE-Q, NUCLEO-U5A5ZJ-Q, NUCLEO-WB05KZ, NUCLEO-WB07CC, NUCLEO-WB09KE, NUCLEO-WBA52CG, NUCLEO-WBA55CG, NUCLEO-WBA65RI, NUCLEO-WL33CC1, NUCLEO-WL33CC2, STEVAL-PROTEUS1, STEVAL-SMARTAG2, STEVAL-STWINBX1, STM320518-EVAL, STM32C0116-DK, STM32C011D6Y3TR, STM32C011D6Y6TR, STM32C011F4P3, STM32C011F4P6, STM32C011F4U3, STM32C011F4U6TR, STM32C011F6P3, STM32C011F6P6, STM32C011F6U3, STM32C011F6U6TR, STM32C011J4M3, STM32C011J4M6, STM32C011J6M3, STM32C011J6M6, STM32C0316-DK, STM32C031C4T3, STM32C031C4T6, STM32C031C4U3, STM32C031C4U6, STM32C031C6T3, STM32C031C6T6, STM32C031C6U3, STM32C031C6U6, STM32C031F4P3, STM32C031F4P6, STM32C031F6P3, STM32C031F6P6, STM32C031G4U3, STM32C031G4U6, STM32C031G6U3, STM32C031G6U6, STM32C031K4T3, STM32C031K4T6, STM32C031K4U3, STM32C031K4U6, STM32C031K6T3, STM32C031K6T6, STM32C031K6U3, STM32C031K6U6, STM32C051C6T6, STM32C051C6U6, STM32C051C8T6, STM32C051C8U6, STM32C051D8Y6TR, STM32C051F6P6, STM32C051F8P6, STM32C051G6U6, STM32C051G8U6, STM32C051K6T6, STM32C051K6U6, STM32C051K8T6, STM32C071C8T6, STM32C071C8T6N, STM32C071C8U6, STM32C071C8U6N, STM32C071CBT6, STM32C071CBT6N, STM32C071CBU6, STM32C071CBU6N, STM32C071F8P6, STM32C071F8P6N, STM32C071FBP6, STM32C071FBP6N, STM32C071FBY6TR, STM32C071G8U6, STM32C071G8U6N, STM32C071GBU6, STM32C071GBU6N, STM32C071K8T6, STM32C071K8T6N, STM32C071K8U6, STM32C071K8U6N, STM32C071KBT6, STM32C071KBT6N, STM32C071KBU6, STM32C071KBU6N, STM32C071R8T6, STM32C071R8T6N, STM32C071RBI6N, STM32C071RBT6, STM32C071RBT6N, STM32C091CBT6, STM32C091CBU6, STM32C091CCT6, STM32C091CCU6, STM32C091ECY6TR, STM32C091FBP6, STM32C091FCP6, STM32C091GBU6, STM32C091GCU6, STM32C091KBT6, STM32C091KBU6, STM32C091KCT6, STM32C091KCU6, STM32C091RBT6, STM32C091RCI6, STM32C091RCT6, STM32C092CBT6, STM32C092CBU6, STM32C092CCT6, STM32C092CCU6, STM32C092ECY6TR, STM32C092FBP6, STM32C092FCP6, STM32C092GBU6, STM32C092GCU6, STM32C092KBT6, STM32C092KBU6, STM32C092KCT6, STM32C092KCU6, STM32C092RBT6, STM32C092RCI6, STM32C092RCT6, STM32G071K8TXN, STM32G071K8UXN, STM32G081GBU6N, STM32G081KBT6N, STM32G081KBUXN, STM32G0B1CCT6N, STM32G0B1KCT6, STM32G0B1NEY6TR, STM32G0B1RCT6N, STM32G0C1CCT6, STM32G0C1CCT6N, STM32G0C1CCU6N, STM32G0C1CET6N, STM32G0C1CEU6N, STM32G0C1KCT6, STM32G0C1NEY6TR, STM32G0C1RCI6N, STM32G0C1RCT6N, STM32G0C1REI6N, STM32G0C1RET6N, STM32G0C1VCI6, STM32G0C1VEI6, STM32G411C6T3, STM32G411C6T6, STM32G411C6U3, STM32G411C6U6, STM32G411C8T3, STM32G411C8T6, STM32G411C8U3, STM32G411C8U6, STM32G411CBT3, STM32G411CBT6, STM32G411CBU3, STM32G411CBU6, STM32G411CCT3, STM32G411CCT6, STM32G411CCU3, STM32G411CCU6, STM32G411K6T3, STM32G411K6T6, STM32G411K6U3, STM32G411K6U6, STM32G411K8T3, STM32G411K8T6, STM32G411K8U3, STM32G411K8U6, STM32G411KBT3, STM32G411KBT6, STM32G411KBU3, STM32G411KBU6, STM32G411M6T3, STM32G411M6T6, STM32G411M8T3, STM32G411M8T6, STM32G411MBT3, STM32G411MBT6, STM32G411MCT3, STM32G411MCT6, STM32G411R6T3, STM32G411R6T6, STM32G411R8T3, STM32G411R8T6, STM32G411RBT3, STM32G411RBT6, STM32G411RCT3, STM32G411RCT6, STM32G414CBT3, STM32G414CBT6, STM32G414CBU3, STM32G414CBU6, STM32G414CCT3, STM32G414CCT6, STM32G414CCU3, STM32G414CCU6, STM32G414MBT3, STM32G414MBT6, STM32G414MCT3, STM32G414MCT6, STM32G414RBT3, STM32G414RBT6, STM32G414RCT3, STM32G414RCT6, STM32G414VBT3, STM32G414VBT6, STM32G414VCT3, STM32G414VCT6, STM32G431CBT3Z, STM32G431RBT3Z, STM32G471CCT6, STM32G471CCU6, STM32G471CET3, STM32G471CET6, STM32G471CEU3, STM32G471CEU6, STM32G471MCT6, STM32G471MET3, STM32G471MET6, STM32G471MEY6TR, STM32G471QCT6, STM32G471QET3, STM32G471RCT6, STM32G471RET3, STM32G471RET6, STM32G471VCH6, STM32G471VCI6, STM32G471VCT6, STM32G471VEH3, STM32G471VEH6, STM32G471VEI3, STM32G471VEI6, STM32G471VET3, STM32G471VET6, STM32G473QET3Z, STM32G473RET3Z, STM32G474CCT6, STM32G491RET3Z, STM32H503CBT6, STM32H503CBU6, STM32H503EBY6TR, STM32H503KBU6, STM32H503RBT6, STM32H523CCT6, STM32H523CCU6, STM32H523CET6, STM32H523CEU6, STM32H523HEY6TR, STM32H523RCT6, STM32H523RET6, STM32H523VCI6, STM32H523VCT6, STM32H523VEI6, STM32H523VET6, STM32H523ZCJ6, STM32H523ZCT6, STM32H523ZEJ6, STM32H523ZET6, STM32H533CET6, STM32H533CEU6, STM32H533HEY6TR, STM32H533RET6, STM32H533VEI6, STM32H533VET6, STM32H533ZEJ6, STM32H533ZET6, STM32H562AGI6, STM32H562AII6, STM32H562IGK6, STM32H562IGT6, STM32H562IIK6, STM32H562IIT6, STM32H562RGT6, STM32H562RGV6, STM32H562RIT6, STM32H562RIV6, STM32H562VGT6, STM32H562VIT6, STM32H562ZGT6, STM32H562ZIT6, STM32H563AGI6, STM32H563AII3Q, STM32H563AII6, STM32H563IGK6, STM32H563IGT6, STM32H563IIK3Q, STM32H563IIK6, STM32H563IIT3Q, STM32H563IIT6, STM32H563MIY3QTR, STM32H563RGT6, STM32H563RGV6, STM32H563RIT6, STM32H563RIV6, STM32H563VGT6, STM32H563VIT3Q, STM32H563VIT6, STM32H563ZGT6, STM32H563ZIT3Q, STM32H563ZIT6, STM32H573AII3Q, STM32H573AII6, STM32H573I-DK, STM32H573IIK3Q, STM32H573IIK6, STM32H573IIT3Q, STM32H573IIT6, STM32H573MIY3QTR, STM32H573RIT6, STM32H573RIV6, STM32H573VIT3Q, STM32H573VIT6, STM32H573ZIT3Q, STM32H573ZIT6, STM32H7R3A8I6, STM32H7R3I8K6, STM32H7R3I8T6, STM32H7R3L8H6, STM32H7R3L8H6H, STM32H7R3R8V6, STM32H7R3V8H6, STM32H7R3V8T6, STM32H7R3V8Y6TR, STM32H7R3Z8J6, STM32H7R3Z8T6, STM32H7R7A8I6, STM32H7R7I8K6, STM32H7R7I8T6, STM32H7R7L8H6, STM32H7R7L8H6H, STM32H7R7Z8J6, STM32H7S3A8I6, STM32H7S3I8K6, STM32H7S3I8T6, STM32H7S3L8H6, STM32H7S3L8H6H, STM32H7S3R8V6, STM32H7S3V8H6, STM32H7S3V8T6, STM32H7S3V8Y6TR, STM32H7S3Z8J6, STM32H7S3Z8T6, STM32H7S78-DK, STM32H7S7A8I6, STM32H7S7I8K6, STM32H7S7I8T6, STM32H7S7L8H6, STM32H7S7L8H6H, STM32H7S7Z8J6, STM32L4R5QGI6STR, STM32MP131AAE3, STM32MP131AAF3, STM32MP131AAG3, STM32MP131CAE3, STM32MP131CAF3, STM32MP131CAG3, STM32MP131DAE7, STM32MP131DAF7, STM32MP131DAG7, STM32MP131FAE7, STM32MP131FAF7, STM32MP131FAG7, STM32MP133AAE3, STM32MP133AAF3, STM32MP133AAG3, STM32MP133CAE3, STM32MP133CAF3, STM32MP133CAG3, STM32MP133DAE7, STM32MP133DAF7, STM32MP133DAG7, STM32MP133FAE7, STM32MP133FAF7, STM32MP133FAG7, STM32MP135AAE3, STM32MP135AAF3, STM32MP135AAG3, STM32MP135CAE3, STM32MP135CAF3, STM32MP135CAG3, STM32MP135DAE7, STM32MP135DAF7, STM32MP135DAG7, STM32MP135F-DK, STM32MP135FAE7, STM32MP135FAF7, STM32MP135FAF7T, STM32MP135FAF7U, STM32MP135FAG7, STM32MP231AAJ3, STM32MP231AAK3, STM32MP231AAL3, STM32MP231CAJ3, STM32MP231CAK3, STM32MP231CAL3, STM32MP231DAJ3, STM32MP231DAK3, STM32MP231DAL3, STM32MP231FAJ3, STM32MP231FAK3, STM32MP231FAL3, STM32MP233AAJ3, STM32MP233AAK3, STM32MP233AAL3, STM32MP233CAJ3, STM32MP233CAK3, STM32MP233CAL3, STM32MP233DAJ3, STM32MP233DAK3, STM32MP233DAL3, STM32MP233FAJ3, STM32MP233FAK3, STM32MP233FAL3, STM32MP235AAJ3, STM32MP235AAK3, STM32MP235AAL3, STM32MP235CAJ3, STM32MP235CAK3, STM32MP235CAL3, STM32MP235DAJ3, STM32MP235DAK3, STM32MP235DAL3, STM32MP235FAJ3, STM32MP235FAK3, STM32MP235FAL3, STM32MP251AAI3, STM32MP251AAJ3, STM32MP251AAK3, STM32MP251AAL3, STM32MP251CAI3, STM32MP251CAJ3, STM32MP251CAK3, STM32MP251CAL3, STM32MP251DAI3, STM32MP251DAJ3, STM32MP251DAK3, STM32MP251DAL3, STM32MP251FAI3, STM32MP251FAJ3, STM32MP251FAK3, STM32MP251FAL3, STM32MP253AAI3, STM32MP253AAJ3, STM32MP253AAK3, STM32MP253AAL3, STM32MP253CAI3, STM32MP253CAJ3, STM32MP253CAK3, STM32MP253CAL3, STM32MP253DAI3, STM32MP253DAJ3, STM32MP253DAK3, STM32MP253DAL3, STM32MP253FAI3, STM32MP253FAJ3, STM32MP253FAK3, STM32MP253FAL3, STM32MP255AAI3, STM32MP255AAJ3, STM32MP255AAK3, STM32MP255AAL3, STM32MP255CAI3, STM32MP255CAJ3, STM32MP255CAK3, STM32MP255CAL3, STM32MP255DAI3, STM32MP255DAJ3, STM32MP255DAK3, STM32MP255DAL3, STM32MP255FAI3, STM32MP255FAJ3, STM32MP255FAK3, STM32MP255FAL3, STM32MP257AAI3, STM32MP257AAJ3, STM32MP257AAK3, STM32MP257AAL3, STM32MP257CAI3, STM32MP257CAJ3, STM32MP257CAK3, STM32MP257CAL3, STM32MP257DAI3, STM32MP257DAJ3, STM32MP257DAK3, STM32MP257DAL3, STM32MP257F-DK, STM32MP257F-EV1, STM32MP257FAI3, STM32MP257FAJ3, STM32MP257FAK3, STM32MP257FAL3, STM32N645A0H3Q, STM32N645B0H3Q, STM32N645I0H3Q, STM32N645L0H3Q, STM32N645X0H3Q, STM32N645Z0H3Q, STM32N647A0H3Q, STM32N647B0H3Q, STM32N647I0H3Q, STM32N647L0H3Q, STM32N647X0H3Q, STM32N647Z0H3Q, STM32N655A0H3Q, STM32N655B0H3Q, STM32N655I0H3Q, STM32N655L0H3Q, STM32N655X0H3Q, STM32N655Z0H3Q, STM32N6570-DK, STM32N657A0H3Q, STM32N657B0H3Q, STM32N657I0H3Q, STM32N657L0H3Q, STM32N657X0H3Q, STM32N657Z0H3Q, STM32U031C6T6, STM32U031C6U6, STM32U031C8T6, STM32U031C8U6, STM32U031F4P6, STM32U031F6P6, STM32U031F8P6, STM32U031G6Y6TR, STM32U031G8Y6TR, STM32U031K4U6, STM32U031K6U6, STM32U031K8U6, STM32U031R6I6, STM32U031R6T6, STM32U031R8I6, STM32U031R8T6, STM32U073C8T6, STM32U073C8U6, STM32U073CBT6, STM32U073CBU6, STM32U073CCT6, STM32U073CCU6, STM32U073H8Y6TR, STM32U073HBY6TR, STM32U073HCY6TR, STM32U073K8U6, STM32U073KBU6, STM32U073KCU6, STM32U073M8I6, STM32U073M8T6, STM32U073MBI6, STM32U073MBT6, STM32U073MCI6, STM32U073MCT6, STM32U073R8I6, STM32U073R8T6, STM32U073RBI6, STM32U073RBT6, STM32U073RCI6, STM32U073RCT6, STM32U083C-DK, STM32U083CCT6, STM32U083CCU6, STM32U083HCY6TR, STM32U083KCU6, STM32U083MCI6, STM32U083MCT6, STM32U083RCI6, STM32U083RCT6, STM32U375CET6, STM32U375CET6Q, STM32U375CEU6, STM32U375CEU6Q, STM32U375CEY6QTR, STM32U375CGT6, STM32U375CGT6Q, STM32U375CGU6, STM32U375CGU6Q, STM32U375CGY6QTR, STM32U375KEU6, STM32U375KGU6, STM32U375REI6, STM32U375REI6Q, STM32U375RET6, STM32U375RET6Q, STM32U375REY6GTR, STM32U375REY6QTR, STM32U375RGI6, STM32U375RGI6Q, STM32U375RGT6, STM32U375RGT6Q, STM32U375RGY6GTR, STM32U375RGY6QTR, STM32U375VEI6, STM32U375VEI6Q, STM32U375VET6, STM32U375VET6Q, STM32U375VGI6, STM32U375VGI6Q, STM32U375VGT6, STM32U375VGT6Q, STM32U385CGT6, STM32U385CGT6Q, STM32U385CGU6, STM32U385CGU6Q, STM32U385CGY6QTR, STM32U385KGU6, STM32U385RGI6, STM32U385RGI6Q, STM32U385RGT6, STM32U385RGT6Q, STM32U385RGY6GTR, STM32U385RGY6QTR, STM32U385VGI6, STM32U385VGI6Q, STM32U385VGT6, STM32U385VGT6Q, STM32U535CBT6, STM32U535CBT6Q, STM32U535CBU6, STM32U535CBU6Q, STM32U535CCT6, STM32U535CCT6Q, STM32U535CCU6, STM32U535CCU6Q, STM32U535CET6, STM32U535CET6Q, STM32U535CEU6, STM32U535CEU6Q, STM32U535JEY6QTR, STM32U535NCY6QTR, STM32U535NEY6QTR, STM32U535RBI6, STM32U535RBI6Q, STM32U535RBT6, STM32U535RBT6Q, STM32U535RCI6, STM32U535RCI6Q, STM32U535RCT6, STM32U535RCT6Q, STM32U535REI6, STM32U535REI6Q, STM32U535RET6, STM32U535RET6Q, STM32U535VCI6, STM32U535VCI6Q, STM32U535VCT6, STM32U535VCT6Q, STM32U535VEI6, STM32U535VEI6Q, STM32U535VET6, STM32U535VET6Q, STM32U545CET6, STM32U545CET6Q, STM32U545CEU6, STM32U545CEU6Q, STM32U545JEY6QTR, STM32U545NEY6QTR, STM32U545REI6, STM32U545REI6Q, STM32U545RET6, STM32U545RET6Q, STM32U545VEI6, STM32U545VEI6Q, STM32U545VET6, STM32U545VET6Q, STM32U595AIH6, STM32U595AIH6Q, STM32U595AJH6, STM32U595AJH6Q, STM32U595QII6, STM32U595QII6Q, STM32U595QJI6, STM32U595QJI6Q, STM32U595RIT6, STM32U595RIT6Q, STM32U595RJT6, STM32U595RJT6Q, STM32U595VIT6, STM32U595VIT6Q, STM32U595VJT6, STM32U595VJT6Q, STM32U595ZIT6, STM32U595ZIT6Q, STM32U595ZIY6QTR, STM32U595ZJT6, STM32U595ZJT6Q, STM32U595ZJY6QTR, STM32U599BJY6QTR, STM32U599NIH6Q, STM32U599NJH6Q, STM32U599VIT6Q, STM32U599VJT6, STM32U599VJT6Q, STM32U599ZIT6Q, STM32U599ZIY6QTR, STM32U599ZJT6Q, STM32U599ZJY6QTR, STM32U5A5AJH6, STM32U5A5AJH6Q, STM32U5A5QII3Q , STM32U5A5QJI6, STM32U5A5QJI6Q, STM32U5A5RJT6, STM32U5A5RJT6Q, STM32U5A5VJT6, STM32U5A5VJT6Q, STM32U5A5ZJT6, STM32U5A5ZJT6Q, STM32U5A5ZJY6QTR, STM32U5A9BJY6QTR, STM32U5A9J-DK, STM32U5A9NJH6Q, STM32U5A9VJT6Q, STM32U5A9ZJT6Q, STM32U5A9ZJY6QTR, STM32U5F7VIT6, STM32U5F7VIT6Q, STM32U5F7VJT6, STM32U5F7VJT6Q, STM32U5F9BJY6QTR, STM32U5F9NJH6Q, STM32U5F9VIT6Q, STM32U5F9VJT6Q, STM32U5F9ZIJ6QTR, STM32U5F9ZIT6Q, STM32U5F9ZJJ6QTR, STM32U5F9ZJT6Q, STM32U5G7VJT6, STM32U5G7VJT6Q, STM32U5G9BJY6QTR, STM32U5G9J-DK1, STM32U5G9J-DK2, STM32U5G9NJH6Q, STM32U5G9VJT6Q, STM32U5G9ZJJ6QTR, STM32U5G9ZJT6Q, STM32WB05KZV6TR, STM32WB05KZV7TR, STM32WB05TZF6TR, STM32WB05TZF7TR, STM32WB06CCF6TR, STM32WB06CCF7TR, STM32WB06CCV6TR, STM32WB06CCV7TR, STM32WB06KCV6TR, STM32WB06KCV7TR, STM32WB07CCF6TR, STM32WB07CCF7TR, STM32WB07CCV6TR, STM32WB07CCV7TR, STM32WB07KCV6TR, STM32WB07KCV7TR, STM32WB09KEV6TR, STM32WB09KEV7TR, STM32WB09TEF6TR, STM32WB09TEF7TR, STM32WB1MMCH6, STM32WBA50KGU6, STM32WBA50KGU6TR, STM32WBA52CEU6, STM32WBA52CEU6TR, STM32WBA52CEU7, STM32WBA52CEU7TR, STM32WBA52CGU6, STM32WBA52CGU6TR, STM32WBA52CGU6U, STM32WBA52CGU7, STM32WBA52CGU7TR, STM32WBA52KEU6, STM32WBA52KEU6TR, STM32WBA52KGU6, STM32WBA52KGU6TR, STM32WBA54CEU6, STM32WBA54CEU6TR, STM32WBA54CEU7, STM32WBA54CEU7TR, STM32WBA54CGU6, STM32WBA54CGU6TR, STM32WBA54CGU7, STM32WBA54CGU7TR, STM32WBA54KEU6, STM32WBA54KEU6TR, STM32WBA54KEU7, STM32WBA54KEU7TR, STM32WBA54KGU6, STM32WBA54KGU6TR, STM32WBA54KGU7, STM32WBA54KGU7TR, STM32WBA55CEU6, STM32WBA55CEU6TR, STM32WBA55CEU7, STM32WBA55CEU7TR, STM32WBA55CGU6, STM32WBA55CGU6TR, STM32WBA55CGU6U, STM32WBA55CGU7, STM32WBA55CGU7TR, STM32WBA55G-DK1, STM32WBA55HEF6, STM32WBA55HEF7, STM32WBA55HGF6, STM32WBA55HGF7, STM32WBA55UEI6, STM32WBA55UEI6TR, STM32WBA55UEI7, STM32WBA55UEI7TR, STM32WBA55UGI6, STM32WBA55UGI6TR, STM32WBA55UGI7, STM32WBA55UGI7TR, STM32WBA5MJGH6TR, STM32WBA62CGU6, STM32WBA62CIU6, STM32WBA62MGF6, STM32WBA62MIF6, STM32WBA62PGI6, STM32WBA62PII6, STM32WBA63CGU6, STM32WBA63CGU7, STM32WBA63CIU6, STM32WBA63CIU7, STM32WBA64CGU6, STM32WBA64CGU7, STM32WBA64CIU6, STM32WBA64CIU7, STM32WBA65CGU6, STM32WBA65CGU7, STM32WBA65CIU6, STM32WBA65CIU7, STM32WBA65I-DK1, STM32WBA65MGF6, STM32WBA65MGF7, STM32WBA65MIF6, STM32WBA65MIF7, STM32WBA65PGI6, STM32WBA65PGI7, STM32WBA65PII6, STM32WBA65PII7, STM32WBA65RGV6, STM32WBA65RGV7, STM32WBA65RIV6, STM32WBA65RIV7, STM32WL30K8V6, STM32WL30KBV6, STM32WL31C8V6, STM32WL31CBV6, STM32WL31K8V6, STM32WL31KBV6, STM32WL33C8V6, STM32WL33C8V6TR, STM32WL33C8V7, STM32WL33C8V7TR, STM32WL33CBV6, STM32WL33CBV6TR, STM32WL33CBV7, STM32WL33CBV7TR, STM32WL33CCV6, STM32WL33CCV6TR, STM32WL33CCV7, STM32WL33CCV7A, STM32WL33CCV7ATR, STM32WL33CCV7TR, STM32WL33K8V6, STM32WL33K8V6TR, STM32WL33K8V7, STM32WL33K8V7TR, STM32WL33KBV6, STM32WL33KBV6TR, STM32WL33KBV7, STM32WL33KBV7TR, STM32WL33KCV6, STM32WL33KCV6TR, STM32WL33KCV7, STM32WL33KCV7TR, STM32WL5MOCH6, STM32WL5MOCH6TR]
2026-08-08 14:50:52,525 [INFO] ApiDb:668 - CubeFinder database Data Model version=2.1
2026-08-08 14:50:52,525 [INFO] ApiDb:669 - CubeFinder database Configuration version=3.0.42
2026-08-08 14:50:52,525 [INFO] ApiDb:670 - CubeFinder database generation date=2026-06-23 (1782213372)
2026-08-08 14:50:52,525 [INFO] ApiDb:671 - CubeFinder database FW Pack versions=[FP-ATR-ASTRA1_V2.0.0, FP-SNS-FLIGHT1_V5.1.0, FP-SNS-MOTENV1_V5.1.0, FP-SNS-MOTENVWB1_V1.5.0, FP-SNS-SMARTAG2_V1.2.0, FP-SNS-STBOX1_V2.1.0, STM32Cube_FW_C0_V1.4.0, STM32Cube_FW_F4_V1.28.3, STM32Cube_FW_F7_V1.17.4, STM32Cube_FW_G0_V1.6.3, STM32Cube_FW_G4_V1.6.2, STM32Cube_FW_H5_V1.7.0, STM32Cube_FW_H7RS_V1.3.0, STM32Cube_FW_H7_V1.13.0, STM32Cube_FW_L0_V1.12.2, STM32Cube_FW_L4_V1.18.2, STM32Cube_FW_L5_V1.6.0, STM32Cube_FW_N6_V1.4.0, STM32Cube_FW_U0_V1.3.0, STM32Cube_FW_U3_V1.4.0, STM32Cube_FW_U5_V1.9.0, STM32Cube_FW_WB0_V1.5.0, STM32Cube_FW_WBA_V1.10.0, STM32Cube_FW_WB_V1.24.0, STM32Cube_FW_WL3_V1.5.0, STM32Cube_FW_WL_V1.6.0, X-CUBE-ALGOBUILD_V1.5.0, X-CUBE-ALS_V1.0.2, X-CUBE-AZRTOS-F4_V1.1.0, X-CUBE-AZRTOS-F7_V1.1.0, X-CUBE-AZRTOS-G0_V1.1.0, X-CUBE-AZRTOS-G4_V2.0.0, X-CUBE-AZRTOS-H7RS_V1.1.0, X-CUBE-AZRTOS-H7_V3.5.0, X-CUBE-AZRTOS-L4_V2.0.0, X-CUBE-AZRTOS-L5_V2.0.0, X-CUBE-AZRTOS-WB_V2.0.0, X-CUBE-AZRTOS-WL_V2.0.0, X-CUBE-BLE1_V7.1.0, X-CUBE-BLE2_V3.3.0, X-CUBE-BLEMGR_V4.1.0, X-CUBE-EEPRMA1_V5.2.0, X-CUBE-FREERTOS_V1.5.0, X-CUBE-GNSS1_V7.1.1, X-CUBE-MEMS1_V12.1.0, X-CUBE-NFC4_V3.0.0, X-CUBE-NFC7_V2.0.0, X-CUBE-SFXS2LP1_V4.0.0, X-CUBE-ST67W61_V1.3.0, X-CUBE-SUBG2_V5.0.0, X-CUBE-TOF1_V3.4.3]
2026-08-08 14:50:54,190 [INFO] ApiDb:240 - Found 895 in-development CPN: [B-G473E-ZEST1S, B-WB1M-WPAN1, B-WBA5M-WPAN, B-WL5M-SUBG1, NUCLEO-C031C6, NUCLEO-C051C8, NUCLEO-C071RB, NUCLEO-C092RC, NUCLEO-H503RB, NUCLEO-H533RE, NUCLEO-H563ZI, NUCLEO-H7S3L8, NUCLEO-N657X0-Q, NUCLEO-U031R8, NUCLEO-U083RC, NUCLEO-U385RG-Q, NUCLEO-U545RE-Q, NUCLEO-U5A5ZJ-Q, NUCLEO-WB05KZ, NUCLEO-WB07CC, NUCLEO-WB09KE, NUCLEO-WBA52CG, NUCLEO-WBA55CG, NUCLEO-WBA65RI, NUCLEO-WL33CC1, NUCLEO-WL33CC2, STEVAL-PROTEUS1, STEVAL-SMARTAG2, STEVAL-STWINBX1, STM320518-EVAL, STM32C0116-DK, STM32C011D6Y3TR, STM32C011D6Y6TR, STM32C011F4P3, STM32C011F4P6, STM32C011F4U3, STM32C011F4U6TR, STM32C011F6P3, STM32C011F6P6, STM32C011F6U3, STM32C011F6U6TR, STM32C011J4M3, STM32C011J4M6, STM32C011J6M3, STM32C011J6M6, STM32C0316-DK, STM32C031C4T3, STM32C031C4T6, STM32C031C4U3, STM32C031C4U6, STM32C031C6T3, STM32C031C6T6, STM32C031C6U3, STM32C031C6U6, STM32C031F4P3, STM32C031F4P6, STM32C031F6P3, STM32C031F6P6, STM32C031G4U3, STM32C031G4U6, STM32C031G6U3, STM32C031G6U6, STM32C031K4T3, STM32C031K4T6, STM32C031K4U3, STM32C031K4U6, STM32C031K6T3, STM32C031K6T6, STM32C031K6U3, STM32C031K6U6, STM32C051C6T6, STM32C051C6U6, STM32C051C8T6, STM32C051C8U6, STM32C051D8Y6TR, STM32C051F6P6, STM32C051F8P6, STM32C051G6U6, STM32C051G8U6, STM32C051K6T6, STM32C051K6U6, STM32C051K8T6, STM32C071C8T6, STM32C071C8T6N, STM32C071C8U6, STM32C071C8U6N, STM32C071CBT6, STM32C071CBT6N, STM32C071CBU6, STM32C071CBU6N, STM32C071F8P6, STM32C071F8P6N, STM32C071FBP6, STM32C071FBP6N, STM32C071FBY6TR, STM32C071G8U6, STM32C071G8U6N, STM32C071GBU6, STM32C071GBU6N, STM32C071K8T6, STM32C071K8T6N, STM32C071K8U6, STM32C071K8U6N, STM32C071KBT6, STM32C071KBT6N, STM32C071KBU6, STM32C071KBU6N, STM32C071R8T6, STM32C071R8T6N, STM32C071RBI6N, STM32C071RBT6, STM32C071RBT6N, STM32C091CBT6, STM32C091CBU6, STM32C091CCT6, STM32C091CCU6, STM32C091ECY6TR, STM32C091FBP6, STM32C091FCP6, STM32C091GBU6, STM32C091GCU6, STM32C091KBT6, STM32C091KBU6, STM32C091KCT6, STM32C091KCU6, STM32C091RBT6, STM32C091RCI6, STM32C091RCT6, STM32C092CBT6, STM32C092CBU6, STM32C092CCT6, STM32C092CCU6, STM32C092ECY6TR, STM32C092FBP6, STM32C092FCP6, STM32C092GBU6, STM32C092GCU6, STM32C092KBT6, STM32C092KBU6, STM32C092KCT6, STM32C092KCU6, STM32C092RBT6, STM32C092RCI6, STM32C092RCT6, STM32G071K8TXN, STM32G071K8UXN, STM32G081GBU6N, STM32G081KBT6N, STM32G081KBUXN, STM32G0B1CCT6N, STM32G0B1KCT6, STM32G0B1NEY6TR, STM32G0B1RCT6N, STM32G0C1CCT6, STM32G0C1CCT6N, STM32G0C1CCU6N, STM32G0C1CET6N, STM32G0C1CEU6N, STM32G0C1KCT6, STM32G0C1NEY6TR, STM32G0C1RCI6N, STM32G0C1RCT6N, STM32G0C1REI6N, STM32G0C1RET6N, STM32G0C1VCI6, STM32G0C1VEI6, STM32G411C6T3, STM32G411C6T6, STM32G411C6U3, STM32G411C6U6, STM32G411C8T3, STM32G411C8T6, STM32G411C8U3, STM32G411C8U6, STM32G411CBT3, STM32G411CBT6, STM32G411CBU3, STM32G411CBU6, STM32G411CCT3, STM32G411CCT6, STM32G411CCU3, STM32G411CCU6, STM32G411K6T3, STM32G411K6T6, STM32G411K6U3, STM32G411K6U6, STM32G411K8T3, STM32G411K8T6, STM32G411K8U3, STM32G411K8U6, STM32G411KBT3, STM32G411KBT6, STM32G411KBU3, STM32G411KBU6, STM32G411M6T3, STM32G411M6T6, STM32G411M8T3, STM32G411M8T6, STM32G411MBT3, STM32G411MBT6, STM32G411MCT3, STM32G411MCT6, STM32G411R6T3, STM32G411R6T6, STM32G411R8T3, STM32G411R8T6, STM32G411RBT3, STM32G411RBT6, STM32G411RCT3, STM32G411RCT6, STM32G414CBT3, STM32G414CBT6, STM32G414CBU3, STM32G414CBU6, STM32G414CCT3, STM32G414CCT6, STM32G414CCU3, STM32G414CCU6, STM32G414MBT3, STM32G414MBT6, STM32G414MCT3, STM32G414MCT6, STM32G414RBT3, STM32G414RBT6, STM32G414RCT3, STM32G414RCT6, STM32G414VBT3, STM32G414VBT6, STM32G414VCT3, STM32G414VCT6, STM32G431CBT3Z, STM32G431RBT3Z, STM32G471CCT6, STM32G471CCU6, STM32G471CET3, STM32G471CET6, STM32G471CEU3, STM32G471CEU6, STM32G471MCT6, STM32G471MET3, STM32G471MET6, STM32G471MEY6TR, STM32G471QCT6, STM32G471QET3, STM32G471RCT6, STM32G471RET3, STM32G471RET6, STM32G471VCH6, STM32G471VCI6, STM32G471VCT6, STM32G471VEH3, STM32G471VEH6, STM32G471VEI3, STM32G471VEI6, STM32G471VET3, STM32G471VET6, STM32G473QET3Z, STM32G473RET3Z, STM32G474CCT6, STM32G491RET3Z, STM32H503CBT6, STM32H503CBU6, STM32H503EBY6TR, STM32H503KBU6, STM32H503RBT6, STM32H523CCT6, STM32H523CCU6, STM32H523CET6, STM32H523CEU6, STM32H523HEY6TR, STM32H523RCT6, STM32H523RET6, STM32H523VCI6, STM32H523VCT6, STM32H523VEI6, STM32H523VET6, STM32H523ZCJ6, STM32H523ZCT6, STM32H523ZEJ6, STM32H523ZET6, STM32H533CET6, STM32H533CEU6, STM32H533HEY6TR, STM32H533RET6, STM32H533VEI6, STM32H533VET6, STM32H533ZEJ6, STM32H533ZET6, STM32H562AGI6, STM32H562AII6, STM32H562IGK6, STM32H562IGT6, STM32H562IIK6, STM32H562IIT6, STM32H562RGT6, STM32H562RGV6, STM32H562RIT6, STM32H562RIV6, STM32H562VGT6, STM32H562VIT6, STM32H562ZGT6, STM32H562ZIT6, STM32H563AGI6, STM32H563AII3Q, STM32H563AII6, STM32H563IGK6, STM32H563IGT6, STM32H563IIK3Q, STM32H563IIK6, STM32H563IIT3Q, STM32H563IIT6, STM32H563MIY3QTR, STM32H563RGT6, STM32H563RGV6, STM32H563RIT6, STM32H563RIV6, STM32H563VGT6, STM32H563VIT3Q, STM32H563VIT6, STM32H563ZGT6, STM32H563ZIT3Q, STM32H563ZIT6, STM32H573AII3Q, STM32H573AII6, STM32H573I-DK, STM32H573IIK3Q, STM32H573IIK6, STM32H573IIT3Q, STM32H573IIT6, STM32H573MIY3QTR, STM32H573RIT6, STM32H573RIV6, STM32H573VIT3Q, STM32H573VIT6, STM32H573ZIT3Q, STM32H573ZIT6, STM32H7R3A8I6, STM32H7R3I8K6, STM32H7R3I8T6, STM32H7R3L8H6, STM32H7R3L8H6H, STM32H7R3R8V6, STM32H7R3V8H6, STM32H7R3V8T6, STM32H7R3V8Y6TR, STM32H7R3Z8J6, STM32H7R3Z8T6, STM32H7R7A8I6, STM32H7R7I8K6, STM32H7R7I8T6, STM32H7R7L8H6, STM32H7R7L8H6H, STM32H7R7Z8J6, STM32H7S3A8I6, STM32H7S3I8K6, STM32H7S3I8T6, STM32H7S3L8H6, STM32H7S3L8H6H, STM32H7S3R8V6, STM32H7S3V8H6, STM32H7S3V8T6, STM32H7S3V8Y6TR, STM32H7S3Z8J6, STM32H7S3Z8T6, STM32H7S78-DK, STM32H7S7A8I6, STM32H7S7I8K6, STM32H7S7I8T6, STM32H7S7L8H6, STM32H7S7L8H6H, STM32H7S7Z8J6, STM32L4R5QGI6STR, STM32MP131AAE3, STM32MP131AAF3, STM32MP131AAG3, STM32MP131CAE3, STM32MP131CAF3, STM32MP131CAG3, STM32MP131DAE7, STM32MP131DAF7, STM32MP131DAG7, STM32MP131FAE7, STM32MP131FAF7, STM32MP131FAG7, STM32MP133AAE3, STM32MP133AAF3, STM32MP133AAG3, STM32MP133CAE3, STM32MP133CAF3, STM32MP133CAG3, STM32MP133DAE7, STM32MP133DAF7, STM32MP133DAG7, STM32MP133FAE7, STM32MP133FAF7, STM32MP133FAG7, STM32MP135AAE3, STM32MP135AAF3, STM32MP135AAG3, STM32MP135CAE3, STM32MP135CAF3, STM32MP135CAG3, STM32MP135DAE7, STM32MP135DAF7, STM32MP135DAG7, STM32MP135F-DK, STM32MP135FAE7, STM32MP135FAF7, STM32MP135FAF7T, STM32MP135FAF7U, STM32MP135FAG7, STM32MP231AAJ3, STM32MP231AAK3, STM32MP231AAL3, STM32MP231CAJ3, STM32MP231CAK3, STM32MP231CAL3, STM32MP231DAJ3, STM32MP231DAK3, STM32MP231DAL3, STM32MP231FAJ3, STM32MP231FAK3, STM32MP231FAL3, STM32MP233AAJ3, STM32MP233AAK3, STM32MP233AAL3, STM32MP233CAJ3, STM32MP233CAK3, STM32MP233CAL3, STM32MP233DAJ3, STM32MP233DAK3, STM32MP233DAL3, STM32MP233FAJ3, STM32MP233FAK3, STM32MP233FAL3, STM32MP235AAJ3, STM32MP235AAK3, STM32MP235AAL3, STM32MP235CAJ3, STM32MP235CAK3, STM32MP235CAL3, STM32MP235DAJ3, STM32MP235DAK3, STM32MP235DAL3, STM32MP235FAJ3, STM32MP235FAK3, STM32MP235FAL3, STM32MP251AAI3, STM32MP251AAJ3, STM32MP251AAK3, STM32MP251AAL3, STM32MP251CAI3, STM32MP251CAJ3, STM32MP251CAK3, STM32MP251CAL3, STM32MP251DAI3, STM32MP251DAJ3, STM32MP251DAK3, STM32MP251DAL3, STM32MP251FAI3, STM32MP251FAJ3, STM32MP251FAK3, STM32MP251FAL3, STM32MP253AAI3, STM32MP253AAJ3, STM32MP253AAK3, STM32MP253AAL3, STM32MP253CAI3, STM32MP253CAJ3, STM32MP253CAK3, STM32MP253CAL3, STM32MP253DAI3, STM32MP253DAJ3, STM32MP253DAK3, STM32MP253DAL3, STM32MP253FAI3, STM32MP253FAJ3, STM32MP253FAK3, STM32MP253FAL3, STM32MP255AAI3, STM32MP255AAJ3, STM32MP255AAK3, STM32MP255AAL3, STM32MP255CAI3, STM32MP255CAJ3, STM32MP255CAK3, STM32MP255CAL3, STM32MP255DAI3, STM32MP255DAJ3, STM32MP255DAK3, STM32MP255DAL3, STM32MP255FAI3, STM32MP255FAJ3, STM32MP255FAK3, STM32MP255FAL3, STM32MP257AAI3, STM32MP257AAJ3, STM32MP257AAK3, STM32MP257AAL3, STM32MP257CAI3, STM32MP257CAJ3, STM32MP257CAK3, STM32MP257CAL3, STM32MP257DAI3, STM32MP257DAJ3, STM32MP257DAK3, STM32MP257DAL3, STM32MP257F-DK, STM32MP257F-EV1, STM32MP257FAI3, STM32MP257FAJ3, STM32MP257FAK3, STM32MP257FAL3, STM32N645A0H3Q, STM32N645B0H3Q, STM32N645I0H3Q, STM32N645L0H3Q, STM32N645X0H3Q, STM32N645Z0H3Q, STM32N647A0H3Q, STM32N647B0H3Q, STM32N647I0H3Q, STM32N647L0H3Q, STM32N647X0H3Q, STM32N647Z0H3Q, STM32N655A0H3Q, STM32N655B0H3Q, STM32N655I0H3Q, STM32N655L0H3Q, STM32N655X0H3Q, STM32N655Z0H3Q, STM32N6570-DK, STM32N657A0H3Q, STM32N657B0H3Q, STM32N657I0H3Q, STM32N657L0H3Q, STM32N657X0H3Q, STM32N657Z0H3Q, STM32U031C6T6, STM32U031C6U6, STM32U031C8T6, STM32U031C8U6, STM32U031F4P6, STM32U031F6P6, STM32U031F8P6, STM32U031G6Y6TR, STM32U031G8Y6TR, STM32U031K4U6, STM32U031K6U6, STM32U031K8U6, STM32U031R6I6, STM32U031R6T6, STM32U031R8I6, STM32U031R8T6, STM32U073C8T6, STM32U073C8U6, STM32U073CBT6, STM32U073CBU6, STM32U073CCT6, STM32U073CCU6, STM32U073H8Y6TR, STM32U073HBY6TR, STM32U073HCY6TR, STM32U073K8U6, STM32U073KBU6, STM32U073KCU6, STM32U073M8I6, STM32U073M8T6, STM32U073MBI6, STM32U073MBT6, STM32U073MCI6, STM32U073MCT6, STM32U073R8I6, STM32U073R8T6, STM32U073RBI6, STM32U073RBT6, STM32U073RCI6, STM32U073RCT6, STM32U083C-DK, STM32U083CCT6, STM32U083CCU6, STM32U083HCY6TR, STM32U083KCU6, STM32U083MCI6, STM32U083MCT6, STM32U083RCI6, STM32U083RCT6, STM32U375CET6, STM32U375CET6Q, STM32U375CEU6, STM32U375CEU6Q, STM32U375CEY6QTR, STM32U375CGT6, STM32U375CGT6Q, STM32U375CGU6, STM32U375CGU6Q, STM32U375CGY6QTR, STM32U375KEU6, STM32U375KGU6, STM32U375REI6, STM32U375REI6Q, STM32U375RET6, STM32U375RET6Q, STM32U375REY6GTR, STM32U375REY6QTR, STM32U375RGI6, STM32U375RGI6Q, STM32U375RGT6, STM32U375RGT6Q, STM32U375RGY6GTR, STM32U375RGY6QTR, STM32U375VEI6, STM32U375VEI6Q, STM32U375VET6, STM32U375VET6Q, STM32U375VGI6, STM32U375VGI6Q, STM32U375VGT6, STM32U375VGT6Q, STM32U385CGT6, STM32U385CGT6Q, STM32U385CGU6, STM32U385CGU6Q, STM32U385CGY6QTR, STM32U385KGU6, STM32U385RGI6, STM32U385RGI6Q, STM32U385RGT6, STM32U385RGT6Q, STM32U385RGY6GTR, STM32U385RGY6QTR, STM32U385VGI6, STM32U385VGI6Q, STM32U385VGT6, STM32U385VGT6Q, STM32U535CBT6, STM32U535CBT6Q, STM32U535CBU6, STM32U535CBU6Q, STM32U535CCT6, STM32U535CCT6Q, STM32U535CCU6, STM32U535CCU6Q, STM32U535CET6, STM32U535CET6Q, STM32U535CEU6, STM32U535CEU6Q, STM32U535JEY6QTR, STM32U535NCY6QTR, STM32U535NEY6QTR, STM32U535RBI6, STM32U535RBI6Q, STM32U535RBT6, STM32U535RBT6Q, STM32U535RCI6, STM32U535RCI6Q, STM32U535RCT6, STM32U535RCT6Q, STM32U535REI6, STM32U535REI6Q, STM32U535RET6, STM32U535RET6Q, STM32U535VCI6, STM32U535VCI6Q, STM32U535VCT6, STM32U535VCT6Q, STM32U535VEI6, STM32U535VEI6Q, STM32U535VET6, STM32U535VET6Q, STM32U545CET6, STM32U545CET6Q, STM32U545CEU6, STM32U545CEU6Q, STM32U545JEY6QTR, STM32U545NEY6QTR, STM32U545REI6, STM32U545REI6Q, STM32U545RET6, STM32U545RET6Q, STM32U545VEI6, STM32U545VEI6Q, STM32U545VET6, STM32U545VET6Q, STM32U595AIH6, STM32U595AIH6Q, STM32U595AJH6, STM32U595AJH6Q, STM32U595QII6, STM32U595QII6Q, STM32U595QJI6, STM32U595QJI6Q, STM32U595RIT6, STM32U595RIT6Q, STM32U595RJT6, STM32U595RJT6Q, STM32U595VIT6, STM32U595VIT6Q, STM32U595VJT6, STM32U595VJT6Q, STM32U595ZIT6, STM32U595ZIT6Q, STM32U595ZIY6QTR, STM32U595ZJT6, STM32U595ZJT6Q, STM32U595ZJY6QTR, STM32U599BJY6QTR, STM32U599NIH6Q, STM32U599NJH6Q, STM32U599VIT6Q, STM32U599VJT6, STM32U599VJT6Q, STM32U599ZIT6Q, STM32U599ZIY6QTR, STM32U599ZJT6Q, STM32U599ZJY6QTR, STM32U5A5AJH6, STM32U5A5AJH6Q, STM32U5A5QII3Q , STM32U5A5QJI6, STM32U5A5QJI6Q, STM32U5A5RJT6, STM32U5A5RJT6Q, STM32U5A5VJT6, STM32U5A5VJT6Q, STM32U5A5ZJT6, STM32U5A5ZJT6Q, STM32U5A5ZJY6QTR, STM32U5A9BJY6QTR, STM32U5A9J-DK, STM32U5A9NJH6Q, STM32U5A9VJT6Q, STM32U5A9ZJT6Q, STM32U5A9ZJY6QTR, STM32U5F7VIT6, STM32U5F7VIT6Q, STM32U5F7VJT6, STM32U5F7VJT6Q, STM32U5F9BJY6QTR, STM32U5F9NJH6Q, STM32U5F9VIT6Q, STM32U5F9VJT6Q, STM32U5F9ZIJ6QTR, STM32U5F9ZIT6Q, STM32U5F9ZJJ6QTR, STM32U5F9ZJT6Q, STM32U5G7VJT6, STM32U5G7VJT6Q, STM32U5G9BJY6QTR, STM32U5G9J-DK1, STM32U5G9J-DK2, STM32U5G9NJH6Q, STM32U5G9VJT6Q, STM32U5G9ZJJ6QTR, STM32U5G9ZJT6Q, STM32WB05KZV6TR, STM32WB05KZV7TR, STM32WB05TZF6TR, STM32WB05TZF7TR, STM32WB06CCF6TR, STM32WB06CCF7TR, STM32WB06CCV6TR, STM32WB06CCV7TR, STM32WB06KCV6TR, STM32WB06KCV7TR, STM32WB07CCF6TR, STM32WB07CCF7TR, STM32WB07CCV6TR, STM32WB07CCV7TR, STM32WB07KCV6TR, STM32WB07KCV7TR, STM32WB09KEV6TR, STM32WB09KEV7TR, STM32WB09TEF6TR, STM32WB09TEF7TR, STM32WB1MMCH6, STM32WBA50KGU6, STM32WBA50KGU6TR, STM32WBA52CEU6, STM32WBA52CEU6TR, STM32WBA52CEU7, STM32WBA52CEU7TR, STM32WBA52CGU6, STM32WBA52CGU6TR, STM32WBA52CGU6U, STM32WBA52CGU7, STM32WBA52CGU7TR, STM32WBA52KEU6, STM32WBA52KEU6TR, STM32WBA52KGU6, STM32WBA52KGU6TR, STM32WBA54CEU6, STM32WBA54CEU6TR, STM32WBA54CEU7, STM32WBA54CEU7TR, STM32WBA54CGU6, STM32WBA54CGU6TR, STM32WBA54CGU7, STM32WBA54CGU7TR, STM32WBA54KEU6, STM32WBA54KEU6TR, STM32WBA54KEU7, STM32WBA54KEU7TR, STM32WBA54KGU6, STM32WBA54KGU6TR, STM32WBA54KGU7, STM32WBA54KGU7TR, STM32WBA55CEU6, STM32WBA55CEU6TR, STM32WBA55CEU7, STM32WBA55CEU7TR, STM32WBA55CGU6, STM32WBA55CGU6TR, STM32WBA55CGU6U, STM32WBA55CGU7, STM32WBA55CGU7TR, STM32WBA55G-DK1, STM32WBA55HEF6, STM32WBA55HEF7, STM32WBA55HGF6, STM32WBA55HGF7, STM32WBA55UEI6, STM32WBA55UEI6TR, STM32WBA55UEI7, STM32WBA55UEI7TR, STM32WBA55UGI6, STM32WBA55UGI6TR, STM32WBA55UGI7, STM32WBA55UGI7TR, STM32WBA5MJGH6TR, STM32WBA62CGU6, STM32WBA62CIU6, STM32WBA62MGF6, STM32WBA62MIF6, STM32WBA62PGI6, STM32WBA62PII6, STM32WBA63CGU6, STM32WBA63CGU7, STM32WBA63CIU6, STM32WBA63CIU7, STM32WBA64CGU6, STM32WBA64CGU7, STM32WBA64CIU6, STM32WBA64CIU7, STM32WBA65CGU6, STM32WBA65CGU7, STM32WBA65CIU6, STM32WBA65CIU7, STM32WBA65I-DK1, STM32WBA65MGF6, STM32WBA65MGF7, STM32WBA65MIF6, STM32WBA65MIF7, STM32WBA65PGI6, STM32WBA65PGI7, STM32WBA65PII6, STM32WBA65PII7, STM32WBA65RGV6, STM32WBA65RGV7, STM32WBA65RIV6, STM32WBA65RIV7, STM32WL30K8V6, STM32WL30KBV6, STM32WL31C8V6, STM32WL31CBV6, STM32WL31K8V6, STM32WL31KBV6, STM32WL33C8V6, STM32WL33C8V6TR, STM32WL33C8V7, STM32WL33C8V7TR, STM32WL33CBV6, STM32WL33CBV6TR, STM32WL33CBV7, STM32WL33CBV7TR, STM32WL33CCV6, STM32WL33CCV6TR, STM32WL33CCV7, STM32WL33CCV7A, STM32WL33CCV7ATR, STM32WL33CCV7TR, STM32WL33K8V6, STM32WL33K8V6TR, STM32WL33K8V7, STM32WL33K8V7TR, STM32WL33KBV6, STM32WL33KBV6TR, STM32WL33KBV7, STM32WL33KBV7TR, STM32WL33KCV6, STM32WL33KCV6TR, STM32WL33KCV7, STM32WL33KCV7TR, STM32WL5MOCH6, STM32WL5MOCH6TR]
2026-08-08 14:50:54,194 [INFO] DbMcus:218 - Found 5246 MCUs, 5093 are supported
2026-08-08 14:50:54,194 [INFO] ApiDb:423 - Load user favorites file C:\Users\German/.stm32cubeide/favorites.mcus.txt: 0 item(s)
2026-08-08 14:50:54,194 [INFO] ApiDb:427 - User favorites MCUs=[]
2026-08-08 14:50:54,195 [INFO] DbMcus:224 - Set 0 / 0 favorites MCUs
2026-08-08 14:50:54,514 [INFO] BoardInfo:889 - No configuration file found for board NUCLEO-H5E5ZJ
2026-08-08 14:50:54,515 [INFO] DbBoards:161 - Board is not supported: NUCLEO-H5E5ZJ
2026-08-08 14:50:54,554 [INFO] BoardInfo:889 - No configuration file found for board NUCLEO-U3C5ZI-Q
2026-08-08 14:50:54,554 [INFO] DbBoards:161 - Board is not supported: NUCLEO-U3C5ZI-Q
2026-08-08 14:50:54,564 [INFO] BoardInfo:889 - No configuration file found for board NUCLEO-WBA25CE1
2026-08-08 14:50:54,565 [INFO] DbBoards:161 - Board is not supported: NUCLEO-WBA25CE1
2026-08-08 14:50:54,571 [INFO] BoardInfo:889 - No configuration file found for board NUCLEO-WL3RKB1
2026-08-08 14:50:54,572 [INFO] DbBoards:161 - Board is not supported: NUCLEO-WL3RKB1
2026-08-08 14:50:54,573 [INFO] BoardInfo:889 - No configuration file found for board NUCLEO-WL3RKB2
2026-08-08 14:50:54,574 [INFO] DbBoards:161 - Board is not supported: NUCLEO-WL3RKB2
2026-08-08 14:50:54,579 [INFO] BoardInfo:889 - No configuration file found for board P-NUCLEO-WB55
2026-08-08 14:50:54,580 [INFO] DbBoards:161 - Kit is not supported: P-NUCLEO-WB55
2026-08-08 14:50:54,584 [INFO] BoardInfo:889 - No configuration file found for board STEVAL-BFA001V1B
2026-08-08 14:50:54,584 [INFO] DbBoards:161 - Kit is not supported: STEVAL-BFA001V1B
2026-08-08 14:50:54,585 [INFO] BoardInfo:889 - No configuration file found for board STEVAL-BFA001V2B
2026-08-08 14:50:54,586 [INFO] DbBoards:161 - Kit is not supported: STEVAL-BFA001V2B
2026-08-08 14:50:54,657 [INFO] BoardInfo:889 - No configuration file found for board STM32H5F5J-DK
2026-08-08 14:50:54,658 [INFO] DbBoards:161 - Board is not supported: STM32H5F5J-DK
2026-08-08 14:50:54,701 [INFO] BoardInfo:889 - No configuration file found for board STM32MP215F-DK
2026-08-08 14:50:54,702 [INFO] DbBoards:161 - Board is not supported: STM32MP215F-DK
2026-08-08 14:50:54,716 [INFO] DbBoards:168 - Found 218 boards, 208 are supported
2026-08-08 14:50:54,716 [INFO] DbBoards:169 - Found 218 boards, 43 of them is supported for  Bsp
2026-08-08 14:50:54,719 [INFO] ApiDb:423 - Load user favorites file C:\Users\German/.stm32cubeide/favorites.boards.txt: 1 item(s)
2026-08-08 14:50:54,719 [INFO] ApiDb:427 - User favorites Boards=[P-NUCLEO-WB55-NUCLEO]
2026-08-08 14:50:54,719 [INFO] DbBoards:198 - Set 1 / 1 favorites Boards
2026-08-08 14:50:54,779 [INFO] UtilMem:75 - End LoadConfig() Used Memory: 269320608 Bytes (444596224)
2026-08-08 14:50:54,869 [WARN] ThirdParty:833 - waiting for thirdparty lock release [change project]
2026-08-08 14:50:54,869 [INFO] ThirdParty:835 - entering critical section [change project]
2026-08-08 14:50:54,869 [INFO] ThirdParty:1030 - CMSIS Pack Vendor :STMicroelectronics X-CUBE-AZRTOS-H7 3.5.0
2026-08-08 14:50:54,869 [INFO] ThirdParty:1030 - CMSIS Pack Vendor :STMicroelectronics X-CUBE-PM33A1 1.0.0
2026-08-08 14:50:54,869 [INFO] ThirdParty:1030 - CMSIS Pack Vendor :STMicroelectronics USBPD 4.1
2026-08-08 14:50:54,869 [INFO] ThirdParty:1030 - CMSIS Pack Vendor :STMicroelectronics USB_HOST 2.0.0
2026-08-08 14:50:54,869 [INFO] ThirdParty:1030 - CMSIS Pack Vendor :STMicroelectronics FP-SNS-MOTENVWB1 1.4.0
2026-08-08 14:50:54,869 [INFO] ThirdParty:1030 - CMSIS Pack Vendor :STMicroelectronics FP-ATR-ASTRA1 2.0.3
2026-08-08 14:50:54,869 [INFO] ThirdParty:1030 - CMSIS Pack Vendor :STMicroelectronics X-CUBE-AZRTOS-F4 1.1.0
2026-08-08 14:50:54,869 [INFO] ThirdParty:1030 - CMSIS Pack Vendor :STMicroelectronics LIBJPEG 8.0.0
2026-08-08 14:50:54,869 [INFO] ThirdParty:1030 - CMSIS Pack Vendor :STMicroelectronics FP-ATR-ASTRA1 2.0.2
2026-08-08 14:50:54,869 [INFO] ThirdParty:1030 - CMSIS Pack Vendor :Avnet-IotConnect X-CUBE-IoTC-DA16k-PMOD 1.0.0
2026-08-08 14:50:54,869 [INFO] ThirdParty:1030 - CMSIS Pack Vendor :STMicroelectronics X-CUBE-SMBUS 2.1.0
2026-08-08 14:50:54,869 [INFO] ThirdParty:1030 - CMSIS Pack Vendor :STMicroelectronics X-CUBE-WB05N 1.1.0
2026-08-08 14:50:54,869 [INFO] ThirdParty:1030 - CMSIS Pack Vendor :STMicroelectronics X-CUBE-ISPU 2.1.0
2026-08-08 14:50:54,869 [INFO] ThirdParty:1030 - CMSIS Pack Vendor :STMicroelectronics eDS-WB_DPC_TT-BIDIR 2.1.1
2026-08-08 14:50:54,869 [INFO] ThirdParty:1030 - CMSIS Pack Vendor :STMicroelectronics X-CUBE-ST60 1.0.0
2026-08-08 14:50:54,869 [INFO] ThirdParty:1030 - CMSIS Pack Vendor :STMicroelectronics X-CUBE-NFC12 1.0.0
2026-08-08 14:50:54,869 [INFO] ThirdParty:1030 - CMSIS Pack Vendor :STMicroelectronics X-CUBE-AZRTOS-F7 1.1.0
2026-08-08 14:50:54,869 [INFO] ThirdParty:1030 - CMSIS Pack Vendor :STMicroelectronics X-CUBE-AZRTOS-L5 2.0.0
2026-08-08 14:50:54,869 [INFO] ThirdParty:1030 - CMSIS Pack Vendor :STMicroelectronics USB_DEVICE 2.0.0
2026-08-08 14:50:54,869 [INFO] ThirdParty:1030 - CMSIS Pack Vendor :STMicroelectronics X-CUBE-NFC6 3.1.0
2026-08-08 14:50:54,869 [INFO] ThirdParty:1030 - CMSIS Pack Vendor :STMicroelectronics X-CUBE-ALGOBUILD 1.5.0
2026-08-08 14:50:54,869 [INFO] ThirdParty:1030 - CMSIS Pack Vendor :STMicroelectronics FreeRTOS 0.0.1
2026-08-08 14:50:54,869 [INFO] ThirdParty:1030 - CMSIS Pack Vendor :STMicroelectronics X-CUBE-AZRTOS-H7RS 1.3.0
2026-08-08 14:50:54,869 [INFO] ThirdParty:1030 - CMSIS Pack Vendor :STMicroelectronics X-CUBE-DPower 1.2.0
2026-08-08 14:50:54,869 [INFO] ThirdParty:1030 - CMSIS Pack Vendor :STMicroelectronics eDS-WB_DPC_VIENNA 1.2.0
2026-08-08 14:50:54,869 [INFO] ThirdParty:1030 - CMSIS Pack Vendor :STMicroelectronics X-CUBE-MEMS1 13.0.0
2026-08-08 14:50:54,870 [INFO] ThirdParty:1030 - CMSIS Pack Vendor :STMicroelectronics eDS-WB_DPC_3PH2L-BIDIR 1.1.1
2026-08-08 14:50:54,870 [INFO] ThirdParty:1030 - CMSIS Pack Vendor :Infineon AIROC-Wi-Fi-Bluetooth-STM32 1.7.0
2026-08-08 14:50:54,870 [INFO] ThirdParty:1030 - CMSIS Pack Vendor :STMicroelectronics PDM2PCM 3.3.0
2026-08-08 14:50:54,870 [INFO] ThirdParty:1030 - CMSIS Pack Vendor :STMicroelectronics X-CUBE-AZRTOS-H7 3.4.0
2026-08-08 14:50:54,870 [INFO] ThirdParty:1030 - CMSIS Pack Vendor :STMicroelectronics X-CUBE-DISPLAY 3.0.0
2026-08-08 14:50:54,870 [INFO] ThirdParty:1030 - CMSIS Pack Vendor :STMicroelectronics X-CUBE-GNSS1 7.1.1
2026-08-08 14:50:54,870 [INFO] ThirdParty:1030 - CMSIS Pack Vendor :STMicroelectronics X-CUBE-NFC10 1.0.0
2026-08-08 14:50:54,870 [INFO] ThirdParty:1030 - CMSIS Pack Vendor :STMicroelectronics X-CUBE-BLEMGR 4.0.0
2026-08-08 14:50:54,870 [INFO] ThirdParty:1030 - CMSIS Pack Vendor :STMicroelectronics X-CUBE-FREERTOS 1.3.1
2026-08-08 14:50:54,870 [INFO] ThirdParty:1030 - CMSIS Pack Vendor :STMicroelectronics HAL Drivers 0.0.0
2026-08-08 14:50:54,870 [INFO] ThirdParty:1030 - CMSIS Pack Vendor :STMicroelectronics X-CUBE-ST60 1.1.0
2026-08-08 14:50:54,870 [INFO] ThirdParty:1030 - CMSIS Pack Vendor :emotas I-CUBE-CANOPEN 1.3.0
2026-08-08 14:50:54,870 [INFO] ThirdParty:1030 - CMSIS Pack Vendor :STMicroelectronics X-CUBE-FREERTOS 1.3.0
2026-08-08 14:50:54,870 [INFO] ThirdParty:1030 - CMSIS Pack Vendor :STMicroelectronics X-CUBE-NFC7 1.0.1
2026-08-08 14:50:54,870 [INFO] ThirdParty:1030 - CMSIS Pack Vendor :STMicroelectronics MBEDTLS 2.14.1
2026-08-08 14:50:54,870 [INFO] ThirdParty:1030 - CMSIS Pack Vendor :STMicroelectronics X-CUBE-GNSS1 7.1.0
2026-08-08 14:50:54,870 [INFO] ThirdParty:1030 - CMSIS Pack Vendor :STMicroelectronics X-CUBE-TOUCHGFX 4.26.0
2026-08-08 14:50:54,870 [INFO] ThirdParty:1030 - CMSIS Pack Vendor :STMicroelectronics X-CUBE-TOUCHGFX 4.26.1
2026-08-08 14:50:54,870 [INFO] ThirdParty:1030 - CMSIS Pack Vendor :quantropi X-CUBE-qispace-sdk-base 2.0.0
2026-08-08 14:50:54,870 [INFO] ThirdParty:1030 - CMSIS Pack Vendor :STMicroelectronics X-CUBE-AI 10.0.0
2026-08-08 14:50:54,870 [INFO] ThirdParty:1030 - CMSIS Pack Vendor :STMicroelectronics FP-SNS-STAIOTCFT 1.0.0
2026-08-08 14:50:54,870 [INFO] ThirdParty:1030 - CMSIS Pack Vendor :STMicroelectronics FP-SNS-SMARTAG2 1.2.0
2026-08-08 14:50:54,870 [INFO] ThirdParty:1030 - CMSIS Pack Vendor :STMicroelectronics FP-SNS-FLIGHT1 5.1.0
2026-08-08 14:50:54,870 [INFO] ThirdParty:1030 - CMSIS Pack Vendor :STMicroelectronics X-CUBE-MEMS1 11.1.0
2026-08-08 14:50:54,870 [INFO] ThirdParty:1030 - CMSIS Pack Vendor :STMicroelectronics X-CUBE-AZRTOS-WL 2.0.0
2026-08-08 14:50:54,870 [INFO] ThirdParty:1030 - CMSIS Pack Vendor :STMicroelectronics X-CUBE-DPower 1.3.0
2026-08-08 14:50:54,870 [INFO] ThirdParty:1030 - CMSIS Pack Vendor :STMicroelectronics FP-SNS-MOTENV1 5.0.0
2026-08-08 14:50:54,870 [INFO] ThirdParty:1030 - CMSIS Pack Vendor :STMicroelectronics USB_DEVICE 1.0.0
2026-08-08 14:50:54,870 [INFO] ThirdParty:1030 - CMSIS Pack Vendor :STMicroelectronics X-CUBE-AZRTOS-H7RS 1.2.0
2026-08-08 14:50:54,870 [INFO] ThirdParty:1030 - CMSIS Pack Vendor :STMicroelectronics X-CUBE-AZRTOS-L4 2.0.0
2026-08-08 14:50:54,870 [INFO] ThirdParty:1030 - CMSIS Pack Vendor :STMicroelectronics ThreadX 0.0.2
2026-08-08 14:50:54,870 [INFO] ThirdParty:1030 - CMSIS Pack Vendor :WES I-CUBE-Cesium 1.3.0
2026-08-08 14:50:54,870 [INFO] ThirdParty:1030 - CMSIS Pack Vendor :STMicroelectronics lwIP 2.1.2
2026-08-08 14:50:54,870 [INFO] ThirdParty:1030 - CMSIS Pack Vendor :STMicroelectronics X-CUBE-SFXS2LP1 4.0.0
2026-08-08 14:50:54,870 [INFO] ThirdParty:1030 - CMSIS Pack Vendor :STMicroelectronics X-CUBE-BLE2 3.3.0
2026-08-08 14:50:54,870 [INFO] ThirdParty:1030 - CMSIS Pack Vendor :Avnet-IOTCONNECT X-CUBE-iotc-st67-sdk 1.0.0
2026-08-08 14:50:54,870 [INFO] ThirdParty:1030 - CMSIS Pack Vendor :STMicroelectronics PDM2PCM 3.2.0
2026-08-08 14:50:54,870 [INFO] ThirdParty:1030 - CMSIS Pack Vendor :STMicroelectronics X-CUBE-WB05N 2.1.0
2026-08-08 14:50:54,870 [INFO] ThirdParty:1030 - CMSIS Pack Vendor :STMicroelectronics X-CUBE-AZRTOS-H7 3.3.0
2026-08-08 14:50:54,870 [INFO] ThirdParty:1030 - CMSIS Pack Vendor :STMicroelectronics X-CUBE-NFC9 1.0.0
2026-08-08 14:50:54,870 [INFO] ThirdParty:1030 - CMSIS Pack Vendor :STMicroelectronics X-CUBE-BLE1 7.1.0
2026-08-08 14:50:54,870 [INFO] ThirdParty:1030 - CMSIS Pack Vendor :wolfSSL I-CUBE-wolfMQTT 1.19.2
2026-08-08 14:50:54,870 [INFO] ThirdParty:1030 - CMSIS Pack Vendor :STMicroelectronics USB_DEVICE 3.0.0
2026-08-08 14:50:54,870 [INFO] ThirdParty:1030 - CMSIS Pack Vendor :STMicroelectronics X-CUBE-EEPRMA1 5.2.0
2026-08-08 14:50:54,870 [INFO] ThirdParty:1030 - CMSIS Pack Vendor :STMicroelectronics X-CUBE-BLEMGR 4.1.0
2026-08-08 14:50:54,870 [INFO] ThirdParty:1030 - CMSIS Pack Vendor :STMicroelectronics X-CUBE-AZRTOS-WB 2.0.0
2026-08-08 14:50:54,870 [INFO] ThirdParty:1030 - CMSIS Pack Vendor :STMicroelectronics X-CUBE-GNSS1 7.0.1
2026-08-08 14:50:54,870 [INFO] ThirdParty:1030 - CMSIS Pack Vendor :STMicroelectronics X-CUBE-TOUCHGFX 4.25.0
2026-08-08 14:50:54,870 [INFO] ThirdParty:1030 - CMSIS Pack Vendor :STMicroelectronics X-CUBE-AI 10.1.0
2026-08-08 14:50:54,870 [INFO] ThirdParty:1030 - CMSIS Pack Vendor :STMicroelectronics FP-SNS-STBOX1 2.0.0
2026-08-08 14:50:54,870 [INFO] ThirdParty:1030 - CMSIS Pack Vendor :STMicroelectronics X-CUBE-MEMS1 12.0.0
2026-08-08 14:50:54,870 [INFO] ThirdParty:1030 - CMSIS Pack Vendor :STMicroelectronics X-CUBE-STSE01 2.0.0
2026-08-08 14:50:54,871 [INFO] ThirdParty:1030 - CMSIS Pack Vendor :STMicroelectronics X-CUBE-MEMS1 11.2.0
2026-08-08 14:50:54,871 [INFO] ThirdParty:1030 - CMSIS Pack Vendor :STMicroelectronics X-CUBE-AZRTOS-G0 1.1.0
2026-08-08 14:50:54,871 [INFO] ThirdParty:1030 - CMSIS Pack Vendor :STMicroelectronics X-CUBE-SAFEA1 1.2.2
2026-08-08 14:50:54,871 [INFO] ThirdParty:1030 - CMSIS Pack Vendor :STMicroelectronics X-CUBE-NFC4 3.0.0
2026-08-08 14:50:54,871 [INFO] ThirdParty:1030 - CMSIS Pack Vendor :STMicroelectronics X-CUBE-SUBG2 5.0.0
2026-08-08 14:50:54,871 [INFO] ThirdParty:1030 - CMSIS Pack Vendor :STMicroelectronics X-CUBE-AZRTOS-H7RS 1.1.0
2026-08-08 14:50:54,871 [INFO] ThirdParty:1030 - CMSIS Pack Vendor :STMicroelectronics STM32_WPAN 1.0.0
2026-08-08 14:50:54,871 [INFO] ThirdParty:1030 - CMSIS Pack Vendor :EmbeddedOffice I-CUBE-FS-RTOS 1.0.1
2026-08-08 14:50:54,871 [INFO] ThirdParty:1030 - CMSIS Pack Vendor :STMicroelectronics lwIP 2.0.3
2026-08-08 14:50:54,871 [INFO] ThirdParty:1030 - CMSIS Pack Vendor :Cesanta I-CUBE-Mongoose 7.13.0
2026-08-08 14:50:54,871 [INFO] ThirdParty:1030 - CMSIS Pack Vendor :STMicroelectronics USB_HOST 1.0.0
2026-08-08 14:50:54,871 [INFO] ThirdParty:1030 - CMSIS Pack Vendor :STMicroelectronics X-CUBE-AZRTOS-G4 2.0.0
2026-08-08 14:50:54,871 [INFO] ThirdParty:1030 - CMSIS Pack Vendor :STMicroelectronics X-CUBE-WB05N 2.0.0
2026-08-08 14:50:54,871 [INFO] ThirdParty:1030 - CMSIS Pack Vendor :STMicroelectronics PDM2PCM 3.1.0
2026-08-08 14:50:54,871 [INFO] ThirdParty:1030 - CMSIS Pack Vendor :wolfSSL I-CUBE-wolfTPM 3.8.0
2026-08-08 14:50:54,871 [INFO] ThirdParty:1030 - CMSIS Pack Vendor :wolfSSL I-CUBE-wolfSSH 1.4.20
2026-08-08 14:50:54,871 [INFO] ThirdParty:1030 - CMSIS Pack Vendor :STMicroelectronics X-CUBE-NFC7 2.0.0
2026-08-08 14:50:54,871 [INFO] ThirdParty:1030 - CMSIS Pack Vendor :STMicroelectronics X-CUBE-TCPP 4.2.0
2026-08-08 14:50:54,871 [INFO] ThirdParty:1030 - CMSIS Pack Vendor :RealThread X-CUBE-RT-Thread_Nano 4.1.1
2026-08-08 14:50:54,871 [INFO] ThirdParty:1030 - CMSIS Pack Vendor :STMicroelectronics FP-ATR-SIGFOX1 3.2.0
2026-08-08 14:50:54,871 [INFO] ThirdParty:1030 - CMSIS Pack Vendor :STMicroelectronics X-CUBE-EEPRMA1 5.1.0
2026-08-08 14:50:54,871 [INFO] ThirdParty:1030 - CMSIS Pack Vendor :STMicroelectronics MBEDTLS 2.16.2
2026-08-08 14:50:54,871 [INFO] ThirdParty:1030 - CMSIS Pack Vendor :STMicroelectronics X-CUBE-IPS 3.1.0
2026-08-08 14:50:54,871 [INFO] ThirdParty:1030 - CMSIS Pack Vendor :STMicroelectronics X-CUBE-ALS 1.0.2
2026-08-08 14:50:54,871 [INFO] ThirdParty:1030 - CMSIS Pack Vendor :wolfSSL I-CUBE-wolfSSL 5.7.6
2026-08-08 14:50:54,871 [INFO] ThirdParty:1030 - CMSIS Pack Vendor :ITTIA_DB I-CUBE-ITTIADB 8.9.0
2026-08-08 14:50:54,871 [INFO] ThirdParty:1030 - CMSIS Pack Vendor :STMicroelectronics X-CUBE-STSE01 1.0.0
2026-08-08 14:50:54,871 [INFO] ThirdParty:1030 - CMSIS Pack Vendor :portGmbH I-Cube-SoM-uGOAL 1.1.0
2026-08-08 14:50:54,871 [INFO] ThirdParty:1030 - CMSIS Pack Vendor :STMicroelectronics X-CUBE-NFC6 3.2.0
2026-08-08 14:50:54,871 [INFO] ThirdParty:1030 - CMSIS Pack Vendor :STMicroelectronics X-CUBE-ST67W61 1.0.0
2026-08-08 14:50:54,871 [INFO] ThirdParty:1030 - CMSIS Pack Vendor :STMicroelectronics X-CUBE-AI 10.2.1
2026-08-08 14:50:54,871 [INFO] ThirdParty:1030 - CMSIS Pack Vendor :STMicroelectronics X-CUBE-AI 10.2.0
2026-08-08 14:50:54,871 [INFO] ThirdParty:1030 - CMSIS Pack Vendor :STMicroelectronics ThreadX 1.0.0
2026-08-08 14:50:54,871 [INFO] ThirdParty:1030 - CMSIS Pack Vendor :STMicroelectronics X-CUBE-MEMS1 12.1.0
2026-08-08 14:50:54,871 [INFO] ThirdParty:1030 - CMSIS Pack Vendor :SEGGER I-CUBE-embOS 1.3.1
2026-08-08 14:50:54,871 [INFO] ThirdParty:1030 - CMSIS Pack Vendor :STMicroelectronics X-CUBE-ALGOBUILD 1.4.0
2026-08-08 14:50:54,871 [INFO] ThirdParty:1030 - CMSIS Pack Vendor :STMicroelectronics X-CUBE-MEMS1 11.3.0
2026-08-08 14:50:54,871 [INFO] ThirdParty:1030 - CMSIS Pack Vendor :STMicroelectronics X-CUBE-TOF1 3.4.2
2026-08-08 14:50:54,871 [INFO] ThirdParty:1030 - CMSIS Pack Vendor :STMicroelectronics X-CUBE-TOF1 3.4.3
2026-08-08 14:50:54,871 [INFO] ThirdParty:1030 - CMSIS Pack Vendor :STMicroelectronics X-CUBE-NFC13 1.0.0
2026-08-08 14:50:54,871 [INFO] ThirdParty:841 - exiting critical section [change project]
2026-08-08 14:50:55,182 [INFO] PinOutPanel:1589 - setPackage(No Configuration,No Configuration)
2026-08-08 14:50:55,182 [INFO] PinOutPanel:1589 - setPackage(STM32L476RGTx,LQFP64)
2026-08-08 14:50:55,727 [INFO] UtilMem:75 - Before build in PCC Used Memory: 390368080 Bytes (486539264)
2026-08-08 14:50:56,384 [INFO] UtilMem:75 - After build in PCC Used Memory: 304935904 Bytes (486539264)
2026-08-08 14:50:56,404 [INFO] IPUIPlugin:80 - create IPUIPlugin
2026-08-08 14:50:56,404 [INFO] IPUIPlugin:80 - create IPUIPlugin
2026-08-08 14:50:56,404 [INFO] IPUIPlugin:80 - create IPUIPlugin
2026-08-08 14:50:56,404 [INFO] IPUIPlugin:80 - create IPUIPlugin
2026-08-08 14:50:56,404 [INFO] IPUIPlugin:80 - create IPUIPlugin
2026-08-08 14:50:56,404 [INFO] IPUIPlugin:80 - create IPUIPlugin
2026-08-08 14:50:56,404 [INFO] IPUIPlugin:80 - create IPUIPlugin
2026-08-08 14:50:56,404 [INFO] IPUIPlugin:80 - create IPUIPlugin
2026-08-08 14:50:56,404 [INFO] IPUIPlugin:80 - create IPUIPlugin
2026-08-08 14:50:56,404 [INFO] IPUIPlugin:80 - create IPUIPlugin
2026-08-08 14:50:56,404 [INFO] IPUIPlugin:80 - create IPUIPlugin
2026-08-08 14:50:56,404 [INFO] IPUIPlugin:80 - create IPUIPlugin
2026-08-08 14:50:56,404 [INFO] IPUIPlugin:80 - create IPUIPlugin
2026-08-08 14:50:56,404 [INFO] IPUIPlugin:80 - create IPUIPlugin
2026-08-08 14:50:56,404 [INFO] IPUIPlugin:80 - create IPUIPlugin
2026-08-08 14:50:56,404 [INFO] IPUIPlugin:80 - create IPUIPlugin
2026-08-08 14:50:56,404 [INFO] IPUIPlugin:80 - create IPUIPlugin
2026-08-08 14:50:56,404 [INFO] IPUIPlugin:80 - create IPUIPlugin
2026-08-08 14:50:56,405 [INFO] IPUIPlugin:80 - create IPUIPlugin
2026-08-08 14:50:56,405 [INFO] IPUIPlugin:80 - create IPUIPlugin
2026-08-08 14:50:56,405 [INFO] IPUIPlugin:80 - create IPUIPlugin
2026-08-08 14:50:56,405 [INFO] IPUIPlugin:80 - create IPUIPlugin
2026-08-08 14:50:56,405 [INFO] IPUIPlugin:80 - create IPUIPlugin
2026-08-08 14:50:56,405 [INFO] IPUIPlugin:80 - create IPUIPlugin
2026-08-08 14:50:56,405 [INFO] IPUIPlugin:80 - create IPUIPlugin
2026-08-08 14:50:56,405 [INFO] IPUIPlugin:80 - create IPUIPlugin
2026-08-08 14:50:56,405 [INFO] IPUIPlugin:80 - create IPUIPlugin
2026-08-08 14:50:56,405 [INFO] IPUIPlugin:80 - create IPUIPlugin
2026-08-08 14:50:56,405 [INFO] IPUIPlugin:80 - create IPUIPlugin
2026-08-08 14:50:56,405 [INFO] IPUIPlugin:80 - create IPUIPlugin
2026-08-08 14:50:56,405 [INFO] IPUIPlugin:80 - create IPUIPlugin
2026-08-08 14:50:56,406 [INFO] IPUIPlugin:80 - create IPUIPlugin
2026-08-08 14:50:56,406 [INFO] IPUIPlugin:80 - create IPUIPlugin
2026-08-08 14:50:56,406 [INFO] IPUIPlugin:80 - create IPUIPlugin
2026-08-08 14:50:56,406 [INFO] IPUIPlugin:80 - create IPUIPlugin
2026-08-08 14:50:56,406 [INFO] IPUIPlugin:80 - create IPUIPlugin
2026-08-08 14:50:56,406 [INFO] IPUIPlugin:80 - create IPUIPlugin
2026-08-08 14:50:56,406 [INFO] IPUIPlugin:80 - create IPUIPlugin
2026-08-08 14:50:56,406 [INFO] IPUIPlugin:80 - create IPUIPlugin
2026-08-08 14:50:56,406 [INFO] IPUIPlugin:80 - create IPUIPlugin
2026-08-08 14:50:56,406 [INFO] IPUIPlugin:80 - create IPUIPlugin
2026-08-08 14:50:56,407 [INFO] IPUIPlugin:80 - create IPUIPlugin
2026-08-08 14:50:56,407 [INFO] IPUIPlugin:80 - create IPUIPlugin
2026-08-08 14:50:56,407 [INFO] IPUIPlugin:80 - create IPUIPlugin
2026-08-08 14:50:56,407 [INFO] IPUIPlugin:80 - create IPUIPlugin
2026-08-08 14:50:56,407 [INFO] IPUIPlugin:80 - create IPUIPlugin
2026-08-08 14:50:56,407 [INFO] IPUIPlugin:80 - create IPUIPlugin
2026-08-08 14:50:56,407 [INFO] IPUIPlugin:80 - create IPUIPlugin
2026-08-08 14:50:56,407 [INFO] IPUIPlugin:80 - create IPUIPlugin
2026-08-08 14:50:56,408 [INFO] IPUIPlugin:80 - create IPUIPlugin
2026-08-08 14:50:56,408 [INFO] IPUIPlugin:80 - create IPUIPlugin
2026-08-08 14:50:56,408 [INFO] IPUIPlugin:80 - create IPUIPlugin
2026-08-08 14:50:56,408 [INFO] IPUIPlugin:80 - create IPUIPlugin
2026-08-08 14:50:56,408 [INFO] IPUIPlugin:80 - create IPUIPlugin
2026-08-08 14:50:56,408 [INFO] IPUIPlugin:80 - create IPUIPlugin
2026-08-08 14:50:56,408 [INFO] IPUIPlugin:80 - create IPUIPlugin
2026-08-08 14:50:56,409 [INFO] IPUIPlugin:80 - create IPUIPlugin
2026-08-08 14:50:56,409 [INFO] IPUIPlugin:80 - create IPUIPlugin
2026-08-08 14:50:56,409 [INFO] IPUIPlugin:80 - create IPUIPlugin
2026-08-08 14:50:56,593 [INFO] CADModel:165 - CPN selected for project levelSTM32L476RGT3
2026-08-08 14:50:56,594 [INFO] CADModel:114 - Register for checkConnection events
2026-08-08 14:50:56,646 [INFO] OpenFileManager:385 - Restore cursor
2026-08-08 14:51:10,922 [INFO] WebApp:194 - Connection lost
2026-08-08 14:51:11,054 [INFO] WebApp:191 - Connection restablished
2026-08-08 14:51:31,840 [INFO] ADCParametersView:116 -                Rank 1 : false
2026-08-08 14:51:31,840 [INFO] ADCParametersView:116 -                Rank 1 : false
2026-08-08 14:51:31,840 [INFO] ADCParametersView:116 -                Rank 2 : false
2026-08-08 14:51:31,840 [INFO] ADCParametersView:116 -                Rank 1 : false
2026-08-08 14:51:31,840 [INFO] ADCParametersView:116 -                Rank 2 : false
2026-08-08 14:51:31,840 [INFO] ADCParametersView:116 -                Rank 3 : false
2026-08-08 14:51:31,927 [INFO] ADCParametersView:116 -                Rank 1 : false
2026-08-08 14:51:31,927 [INFO] ADCParametersView:116 -                Rank 2 : false
2026-08-08 14:51:31,927 [INFO] ADCParametersView:116 -                Rank 3 : false
2026-08-08 14:51:31,927 [INFO] ADCParametersView:116 -                Rank 1 : false
2026-08-08 14:51:31,927 [INFO] ADCParametersView:116 -                Rank 2 : false
2026-08-08 14:51:31,927 [INFO] ADCParametersView:116 -                Rank 3 : false
2026-08-08 14:51:31,928 [INFO] ADCParametersView:116 -                Rank 1 : false
2026-08-08 14:51:31,928 [INFO] ADCParametersView:116 -                Rank 2 : false
2026-08-08 14:51:31,928 [INFO] ADCParametersView:116 -                Rank 3 : false
2026-08-08 14:51:31,928 [INFO] ADCParametersView:116 -                Rank 1 : false
2026-08-08 14:51:31,928 [INFO] ADCParametersView:116 -                Rank 2 : false
2026-08-08 14:51:31,928 [INFO] ADCParametersView:116 -                Rank 3 : false
2026-08-08 14:51:31,928 [INFO] ADCParametersView:116 -                Rank 1 : false
2026-08-08 14:51:31,928 [INFO] ADCParametersView:116 -                Rank 2 : false
2026-08-08 14:51:31,928 [INFO] ADCParametersView:116 -                Rank 3 : false
2026-08-08 14:51:31,928 [INFO] ADCParametersView:116 -                Rank 1 : false
2026-08-08 14:51:31,928 [INFO] ADCParametersView:116 -                Rank 2 : false
2026-08-08 14:51:31,928 [INFO] ADCParametersView:116 -                Rank 3 : false
2026-08-08 14:51:31,928 [INFO] ADCParametersView:116 -                Rank 1 : false
2026-08-08 14:51:31,928 [INFO] ADCParametersView:116 -                Rank 2 : false
2026-08-08 14:51:31,928 [INFO] ADCParametersView:116 -                Rank 3 : false
2026-08-08 14:51:31,928 [INFO] ADCParametersView:116 -                Rank 1 : false
2026-08-08 14:51:31,928 [INFO] ADCParametersView:116 -                Rank 2 : false
2026-08-08 14:51:31,928 [INFO] ADCParametersView:116 -                Rank 3 : false
2026-08-08 14:51:31,928 [INFO] ADCParametersView:116 -                Rank 1 : false
2026-08-08 14:51:31,928 [INFO] ADCParametersView:116 -                Rank 2 : false
2026-08-08 14:51:31,928 [INFO] ADCParametersView:116 -                Rank 3 : false
2026-08-08 14:51:31,928 [INFO] ADCParametersView:116 -                Rank 1 : false
2026-08-08 14:51:31,928 [INFO] ADCParametersView:116 -                Rank 2 : false
2026-08-08 14:51:31,929 [INFO] ADCParametersView:116 -                Rank 3 : false
2026-08-08 14:51:31,929 [INFO] ADCParametersView:116 -                Rank 1 : false
2026-08-08 14:51:31,929 [INFO] ADCParametersView:116 -                Rank 2 : false
2026-08-08 14:51:31,929 [INFO] ADCParametersView:116 -                Rank 3 : false
2026-08-08 14:51:31,929 [INFO] ADCParametersView:116 -                Rank 1 : false
2026-08-08 14:51:31,929 [INFO] ADCParametersView:116 -                Rank 2 : false
2026-08-08 14:51:31,929 [INFO] ADCParametersView:116 -                Rank 3 : false
2026-08-08 14:51:31,929 [INFO] ADCParametersView:116 -                Rank 1 : false
2026-08-08 14:51:31,929 [INFO] ADCParametersView:116 -                Rank 2 : false
2026-08-08 14:51:31,929 [INFO] ADCParametersView:116 -                Rank 3 : false
2026-08-08 14:51:31,929 [INFO] ADCParametersView:116 -                Rank 1 : false
2026-08-08 14:51:31,929 [INFO] ADCParametersView:116 -                Rank 2 : false
2026-08-08 14:51:31,929 [INFO] ADCParametersView:116 -                Rank 3 : false
2026-08-08 14:51:31,929 [INFO] ADCParametersView:116 -                Rank 1 : false
2026-08-08 14:51:31,929 [INFO] ADCParametersView:116 -                Rank 2 : false
2026-08-08 14:51:31,929 [INFO] ADCParametersView:116 -                Rank 3 : false
2026-08-08 14:51:31,929 [INFO] ADCParametersView:116 -                Rank 1 : false
2026-08-08 14:51:31,929 [INFO] ADCParametersView:116 -                Rank 2 : false
2026-08-08 14:51:31,929 [INFO] ADCParametersView:116 -                Rank 3 : false
2026-08-08 14:51:31,929 [INFO] ADCParametersView:116 -                Rank 1 : false
2026-08-08 14:51:31,929 [INFO] ADCParametersView:116 -                Rank 2 : false
2026-08-08 14:51:31,929 [INFO] ADCParametersView:116 -                Rank 3 : false
2026-08-08 14:51:31,929 [INFO] ADCParametersView:116 -                Rank 1 : false
2026-08-08 14:51:31,929 [INFO] ADCParametersView:116 -                Rank 2 : false
2026-08-08 14:51:31,929 [INFO] ADCParametersView:116 -                Rank 3 : false
2026-08-08 14:51:31,929 [INFO] ADCParametersView:116 -                Rank 1 : false
2026-08-08 14:51:31,929 [INFO] ADCParametersView:116 -                Rank 2 : false
2026-08-08 14:51:31,929 [INFO] ADCParametersView:116 -                Rank 3 : false
2026-08-08 14:51:31,929 [INFO] ADCParametersView:116 -                Rank 1 : false
2026-08-08 14:51:31,929 [INFO] ADCParametersView:116 -                Rank 2 : false
2026-08-08 14:51:31,929 [INFO] ADCParametersView:116 -                Rank 3 : false
2026-08-08 14:51:31,929 [INFO] ADCParametersView:116 -                Rank 2 : false
2026-08-08 14:51:31,930 [INFO] ADCParametersView:116 -                Rank 3 : false
2026-08-08 14:51:31,930 [INFO] ADCParametersView:116 -                Rank 3 : false
2026-08-08 14:51:31,969 [INFO] ADCParametersView:116 -                Rank 1 : false
2026-08-08 14:51:31,970 [INFO] ADCParametersView:116 -                Rank 1 : false
2026-08-08 14:51:31,970 [INFO] ADCParametersView:116 -                Rank 2 : false
2026-08-08 14:51:31,970 [INFO] ADCParametersView:116 -                Rank 1 : false
2026-08-08 14:51:31,970 [INFO] ADCParametersView:116 -                Rank 2 : false
2026-08-08 14:51:31,970 [INFO] ADCParametersView:116 -                Rank 3 : false
2026-08-08 14:51:35,430 [INFO] ADCParametersView:116 -                Rank 1 : true
2026-08-08 14:51:35,430 [INFO] ADCParametersView:116 -                Rank 2 : false
2026-08-08 14:51:35,430 [INFO] ADCParametersView:116 -                Rank 3 : false
2026-08-08 14:51:40,428 [INFO] NvicIntPanel:101 - NVIC parent = com.st.microxplorer.plugins.ip.nvic.MultiNvicIntPanel[,0,0,0x0,invalid,layout=javax.swing.BoxLayout,alignmentX=0.0,alignmentY=0.0,border=,flags=9,maximumSize=,minimumSize=,preferredSize=]
2026-08-08 14:51:40,473 [INFO] ADCParametersView:116 -                Rank 1 : true
2026-08-08 14:51:40,474 [INFO] ADCParametersView:116 -                Rank 2 : false
2026-08-08 14:51:40,474 [INFO] ADCParametersView:116 -                Rank 3 : false
2026-08-08 14:51:40,476 [INFO] ADCParametersView:116 -                Rank 1 : true
2026-08-08 14:51:40,476 [INFO] ADCParametersView:116 -                Rank 2 : false
2026-08-08 14:51:40,476 [INFO] ADCParametersView:116 -                Rank 3 : false
2026-08-08 14:51:40,476 [INFO] ADCParametersView:116 -                Rank 1 : true
2026-08-08 14:51:40,476 [INFO] ADCParametersView:116 -                Rank 2 : false
2026-08-08 14:51:40,476 [INFO] ADCParametersView:116 -                Rank 3 : false
2026-08-08 14:51:40,476 [INFO] ADCParametersView:116 -                Rank 1 : true
2026-08-08 14:51:40,476 [INFO] ADCParametersView:116 -                Rank 2 : false
2026-08-08 14:51:40,476 [INFO] ADCParametersView:116 -                Rank 3 : false
2026-08-08 14:51:40,476 [INFO] ADCParametersView:116 -                Rank 1 : true
2026-08-08 14:51:40,476 [INFO] ADCParametersView:116 -                Rank 2 : false
2026-08-08 14:51:40,476 [INFO] ADCParametersView:116 -                Rank 3 : false
2026-08-08 14:51:40,476 [INFO] ADCParametersView:116 -                Rank 1 : true
2026-08-08 14:51:40,476 [INFO] ADCParametersView:116 -                Rank 2 : false
2026-08-08 14:51:40,476 [INFO] ADCParametersView:116 -                Rank 3 : false
2026-08-08 14:51:40,476 [INFO] ADCParametersView:116 -                Rank 1 : true
2026-08-08 14:51:40,477 [INFO] ADCParametersView:116 -                Rank 2 : false
2026-08-08 14:51:40,477 [INFO] ADCParametersView:116 -                Rank 3 : false
2026-08-08 14:51:40,477 [INFO] ADCParametersView:116 -                Rank 1 : true
2026-08-08 14:51:40,477 [INFO] ADCParametersView:116 -                Rank 2 : false
2026-08-08 14:51:40,477 [INFO] ADCParametersView:116 -                Rank 3 : false
2026-08-08 14:51:40,477 [INFO] ADCParametersView:116 -                Rank 1 : true
2026-08-08 14:51:40,477 [INFO] ADCParametersView:116 -                Rank 2 : false
2026-08-08 14:51:40,477 [INFO] ADCParametersView:116 -                Rank 3 : false
2026-08-08 14:51:40,477 [INFO] ADCParametersView:116 -                Rank 1 : true
2026-08-08 14:51:40,477 [INFO] ADCParametersView:116 -                Rank 2 : false
2026-08-08 14:51:40,477 [INFO] ADCParametersView:116 -                Rank 3 : false
2026-08-08 14:51:40,477 [INFO] ADCParametersView:116 -                Rank 1 : true
2026-08-08 14:51:40,477 [INFO] ADCParametersView:116 -                Rank 2 : false
2026-08-08 14:51:40,477 [INFO] ADCParametersView:116 -                Rank 3 : false
2026-08-08 14:51:40,477 [INFO] ADCParametersView:116 -                Rank 1 : true
2026-08-08 14:51:40,478 [INFO] ADCParametersView:116 -                Rank 2 : false
2026-08-08 14:51:40,478 [INFO] ADCParametersView:116 -                Rank 3 : false
2026-08-08 14:51:40,478 [INFO] ADCParametersView:116 -                Rank 1 : true
2026-08-08 14:51:40,478 [INFO] ADCParametersView:116 -                Rank 2 : false
2026-08-08 14:51:40,478 [INFO] ADCParametersView:116 -                Rank 3 : false
2026-08-08 14:51:40,478 [INFO] ADCParametersView:116 -                Rank 1 : true
2026-08-08 14:51:40,478 [INFO] ADCParametersView:116 -                Rank 2 : false
2026-08-08 14:51:40,478 [INFO] ADCParametersView:116 -                Rank 3 : false
2026-08-08 14:51:40,478 [INFO] ADCParametersView:116 -                Rank 1 : true
2026-08-08 14:51:40,478 [INFO] ADCParametersView:116 -                Rank 2 : false
2026-08-08 14:51:40,478 [INFO] ADCParametersView:116 -                Rank 3 : false
2026-08-08 14:51:40,478 [INFO] ADCParametersView:116 -                Rank 1 : true
2026-08-08 14:51:40,478 [INFO] ADCParametersView:116 -                Rank 2 : false
2026-08-08 14:51:40,478 [INFO] ADCParametersView:116 -                Rank 3 : false
2026-08-08 14:51:40,478 [INFO] ADCParametersView:116 -                Rank 1 : true
2026-08-08 14:51:40,478 [INFO] ADCParametersView:116 -                Rank 2 : false
2026-08-08 14:51:40,478 [INFO] ADCParametersView:116 -                Rank 3 : false
2026-08-08 14:51:40,478 [INFO] ADCParametersView:116 -                Rank 1 : true
2026-08-08 14:51:40,478 [INFO] ADCParametersView:116 -                Rank 2 : false
2026-08-08 14:51:40,478 [INFO] ADCParametersView:116 -                Rank 3 : false
2026-08-08 14:51:40,478 [INFO] ADCParametersView:116 -                Rank 1 : true
2026-08-08 14:51:40,478 [INFO] ADCParametersView:116 -                Rank 2 : false
2026-08-08 14:51:40,478 [INFO] ADCParametersView:116 -                Rank 3 : false
2026-08-08 14:51:40,478 [INFO] ADCParametersView:116 -                Rank 1 : true
2026-08-08 14:51:40,478 [INFO] ADCParametersView:116 -                Rank 2 : false
2026-08-08 14:51:40,478 [INFO] ADCParametersView:116 -                Rank 3 : false
2026-08-08 14:51:40,478 [INFO] ADCParametersView:116 -                Rank 2 : false
2026-08-08 14:51:40,478 [INFO] ADCParametersView:116 -                Rank 3 : false
2026-08-08 14:51:40,478 [INFO] ADCParametersView:116 -                Rank 3 : false
2026-08-08 14:51:40,505 [INFO] ADCParametersView:116 -                Rank 1 : true
2026-08-08 14:51:40,505 [INFO] ADCParametersView:116 -                Rank 1 : true
2026-08-08 14:51:40,505 [INFO] ADCParametersView:116 -                Rank 2 : false
2026-08-08 14:51:40,505 [INFO] ADCParametersView:116 -                Rank 1 : true
2026-08-08 14:51:40,505 [INFO] ADCParametersView:116 -                Rank 2 : false
2026-08-08 14:51:40,505 [INFO] ADCParametersView:116 -                Rank 3 : false
2026-08-08 14:51:42,220 [INFO] ADCParametersView:116 -                Rank 1 : true
2026-08-08 14:51:42,220 [INFO] ADCParametersView:116 -                Rank 2 : true
2026-08-08 14:51:42,220 [INFO] ADCParametersView:116 -                Rank 3 : false
2026-08-08 14:51:44,795 [INFO] NvicIntPanel:101 - NVIC parent = com.st.microxplorer.plugins.ip.nvic.MultiNvicIntPanel[,0,0,0x0,invalid,layout=javax.swing.BoxLayout,alignmentX=0.0,alignmentY=0.0,border=,flags=9,maximumSize=,minimumSize=,preferredSize=]
2026-08-08 14:51:44,836 [INFO] ADCParametersView:116 -                Rank 1 : true
2026-08-08 14:51:44,836 [INFO] ADCParametersView:116 -                Rank 2 : true
2026-08-08 14:51:44,836 [INFO] ADCParametersView:116 -                Rank 3 : false
2026-08-08 14:51:44,837 [INFO] ADCParametersView:116 -                Rank 1 : true
2026-08-08 14:51:44,837 [INFO] ADCParametersView:116 -                Rank 2 : true
2026-08-08 14:51:44,837 [INFO] ADCParametersView:116 -                Rank 3 : false
2026-08-08 14:51:44,837 [INFO] ADCParametersView:116 -                Rank 1 : true
2026-08-08 14:51:44,837 [INFO] ADCParametersView:116 -                Rank 2 : true
2026-08-08 14:51:44,837 [INFO] ADCParametersView:116 -                Rank 3 : false
2026-08-08 14:51:44,838 [INFO] ADCParametersView:116 -                Rank 1 : true
2026-08-08 14:51:44,838 [INFO] ADCParametersView:116 -                Rank 2 : true
2026-08-08 14:51:44,838 [INFO] ADCParametersView:116 -                Rank 3 : false
2026-08-08 14:51:44,838 [INFO] ADCParametersView:116 -                Rank 1 : true
2026-08-08 14:51:44,838 [INFO] ADCParametersView:116 -                Rank 2 : true
2026-08-08 14:51:44,838 [INFO] ADCParametersView:116 -                Rank 3 : false
2026-08-08 14:51:44,838 [INFO] ADCParametersView:116 -                Rank 1 : true
2026-08-08 14:51:44,838 [INFO] ADCParametersView:116 -                Rank 2 : true
2026-08-08 14:51:44,838 [INFO] ADCParametersView:116 -                Rank 3 : false
2026-08-08 14:51:44,838 [INFO] ADCParametersView:116 -                Rank 1 : true
2026-08-08 14:51:44,838 [INFO] ADCParametersView:116 -                Rank 2 : true
2026-08-08 14:51:44,838 [INFO] ADCParametersView:116 -                Rank 3 : false
2026-08-08 14:51:44,838 [INFO] ADCParametersView:116 -                Rank 1 : true
2026-08-08 14:51:44,838 [INFO] ADCParametersView:116 -                Rank 2 : true
2026-08-08 14:51:44,838 [INFO] ADCParametersView:116 -                Rank 3 : false
2026-08-08 14:51:44,838 [INFO] ADCParametersView:116 -                Rank 1 : true
2026-08-08 14:51:44,838 [INFO] ADCParametersView:116 -                Rank 2 : true
2026-08-08 14:51:44,838 [INFO] ADCParametersView:116 -                Rank 3 : false
2026-08-08 14:51:44,838 [INFO] ADCParametersView:116 -                Rank 1 : true
2026-08-08 14:51:44,838 [INFO] ADCParametersView:116 -                Rank 2 : true
2026-08-08 14:51:44,838 [INFO] ADCParametersView:116 -                Rank 3 : false
2026-08-08 14:51:44,838 [INFO] ADCParametersView:116 -                Rank 1 : true
2026-08-08 14:51:44,838 [INFO] ADCParametersView:116 -                Rank 2 : true
2026-08-08 14:51:44,838 [INFO] ADCParametersView:116 -                Rank 3 : false
2026-08-08 14:51:44,838 [INFO] ADCParametersView:116 -                Rank 1 : true
2026-08-08 14:51:44,838 [INFO] ADCParametersView:116 -                Rank 2 : true
2026-08-08 14:51:44,838 [INFO] ADCParametersView:116 -                Rank 3 : false
2026-08-08 14:51:44,838 [INFO] ADCParametersView:116 -                Rank 1 : true
2026-08-08 14:51:44,838 [INFO] ADCParametersView:116 -                Rank 2 : true
2026-08-08 14:51:44,838 [INFO] ADCParametersView:116 -                Rank 3 : false
2026-08-08 14:51:44,839 [INFO] ADCParametersView:116 -                Rank 1 : true
2026-08-08 14:51:44,839 [INFO] ADCParametersView:116 -                Rank 2 : true
2026-08-08 14:51:44,839 [INFO] ADCParametersView:116 -                Rank 3 : false
2026-08-08 14:51:44,839 [INFO] ADCParametersView:116 -                Rank 1 : true
2026-08-08 14:51:44,839 [INFO] ADCParametersView:116 -                Rank 2 : true
2026-08-08 14:51:44,839 [INFO] ADCParametersView:116 -                Rank 3 : false
2026-08-08 14:51:44,839 [INFO] ADCParametersView:116 -                Rank 1 : true
2026-08-08 14:51:44,839 [INFO] ADCParametersView:116 -                Rank 2 : true
2026-08-08 14:51:44,839 [INFO] ADCParametersView:116 -                Rank 3 : false
2026-08-08 14:51:44,839 [INFO] ADCParametersView:116 -                Rank 1 : true
2026-08-08 14:51:44,839 [INFO] ADCParametersView:116 -                Rank 2 : true
2026-08-08 14:51:44,839 [INFO] ADCParametersView:116 -                Rank 3 : false
2026-08-08 14:51:44,839 [INFO] ADCParametersView:116 -                Rank 1 : true
2026-08-08 14:51:44,839 [INFO] ADCParametersView:116 -                Rank 2 : true
2026-08-08 14:51:44,839 [INFO] ADCParametersView:116 -                Rank 3 : false
2026-08-08 14:51:44,839 [INFO] ADCParametersView:116 -                Rank 1 : true
2026-08-08 14:51:44,839 [INFO] ADCParametersView:116 -                Rank 2 : true
2026-08-08 14:51:44,839 [INFO] ADCParametersView:116 -                Rank 3 : false
2026-08-08 14:51:44,839 [INFO] ADCParametersView:116 -                Rank 1 : true
2026-08-08 14:51:44,839 [INFO] ADCParametersView:116 -                Rank 2 : true
2026-08-08 14:51:44,839 [INFO] ADCParametersView:116 -                Rank 3 : false
2026-08-08 14:51:44,839 [INFO] ADCParametersView:116 -                Rank 2 : true
2026-08-08 14:51:44,839 [INFO] ADCParametersView:116 -                Rank 3 : false
2026-08-08 14:51:44,839 [INFO] ADCParametersView:116 -                Rank 3 : false
2026-08-08 14:51:44,864 [INFO] ADCParametersView:116 -                Rank 1 : true
2026-08-08 14:51:44,864 [INFO] ADCParametersView:116 -                Rank 1 : true
2026-08-08 14:51:44,864 [INFO] ADCParametersView:116 -                Rank 2 : true
2026-08-08 14:51:44,864 [INFO] ADCParametersView:116 -                Rank 1 : true
2026-08-08 14:51:44,865 [INFO] ADCParametersView:116 -                Rank 2 : true
2026-08-08 14:51:44,865 [INFO] ADCParametersView:116 -                Rank 3 : false
2026-08-08 14:51:47,304 [INFO] ADCParametersView:116 -                Rank 1 : true
2026-08-08 14:51:47,304 [INFO] ADCParametersView:116 -                Rank 2 : true
2026-08-08 14:51:47,304 [INFO] ADCParametersView:116 -                Rank 3 : true
2026-08-08 14:51:49,897 [INFO] NvicIntPanel:101 - NVIC parent = com.st.microxplorer.plugins.ip.nvic.MultiNvicIntPanel[,0,0,0x0,invalid,layout=javax.swing.BoxLayout,alignmentX=0.0,alignmentY=0.0,border=,flags=9,maximumSize=,minimumSize=,preferredSize=]
2026-08-08 14:51:49,926 [INFO] ADCParametersView:116 -                Rank 1 : true
2026-08-08 14:51:49,926 [INFO] ADCParametersView:116 -                Rank 2 : true
2026-08-08 14:51:49,926 [INFO] ADCParametersView:116 -                Rank 3 : true
2026-08-08 14:51:49,927 [INFO] ADCParametersView:116 -                Rank 1 : true
2026-08-08 14:51:49,927 [INFO] ADCParametersView:116 -                Rank 2 : true
2026-08-08 14:51:49,927 [INFO] ADCParametersView:116 -                Rank 3 : true
2026-08-08 14:51:49,927 [INFO] ADCParametersView:116 -                Rank 1 : true
2026-08-08 14:51:49,927 [INFO] ADCParametersView:116 -                Rank 2 : true
2026-08-08 14:51:49,927 [INFO] ADCParametersView:116 -                Rank 3 : true
2026-08-08 14:51:49,927 [INFO] ADCParametersView:116 -                Rank 1 : true
2026-08-08 14:51:49,927 [INFO] ADCParametersView:116 -                Rank 2 : true
2026-08-08 14:51:49,927 [INFO] ADCParametersView:116 -                Rank 3 : true
2026-08-08 14:51:49,927 [INFO] ADCParametersView:116 -                Rank 1 : true
2026-08-08 14:51:49,927 [INFO] ADCParametersView:116 -                Rank 2 : true
2026-08-08 14:51:49,927 [INFO] ADCParametersView:116 -                Rank 3 : true
2026-08-08 14:51:49,927 [INFO] ADCParametersView:116 -                Rank 1 : true
2026-08-08 14:51:49,927 [INFO] ADCParametersView:116 -                Rank 2 : true
2026-08-08 14:51:49,927 [INFO] ADCParametersView:116 -                Rank 3 : true
2026-08-08 14:51:49,927 [INFO] ADCParametersView:116 -                Rank 1 : true
2026-08-08 14:51:49,927 [INFO] ADCParametersView:116 -                Rank 2 : true
2026-08-08 14:51:49,927 [INFO] ADCParametersView:116 -                Rank 3 : true
2026-08-08 14:51:49,927 [INFO] ADCParametersView:116 -                Rank 1 : true
2026-08-08 14:51:49,927 [INFO] ADCParametersView:116 -                Rank 2 : true
2026-08-08 14:51:49,927 [INFO] ADCParametersView:116 -                Rank 3 : true
2026-08-08 14:51:49,927 [INFO] ADCParametersView:116 -                Rank 1 : true
2026-08-08 14:51:49,927 [INFO] ADCParametersView:116 -                Rank 2 : true
2026-08-08 14:51:49,927 [INFO] ADCParametersView:116 -                Rank 3 : true
2026-08-08 14:51:49,927 [INFO] ADCParametersView:116 -                Rank 1 : true
2026-08-08 14:51:49,927 [INFO] ADCParametersView:116 -                Rank 2 : true
2026-08-08 14:51:49,927 [INFO] ADCParametersView:116 -                Rank 3 : true
2026-08-08 14:51:49,927 [INFO] ADCParametersView:116 -                Rank 1 : true
2026-08-08 14:51:49,927 [INFO] ADCParametersView:116 -                Rank 2 : true
2026-08-08 14:51:49,928 [INFO] ADCParametersView:116 -                Rank 3 : true
2026-08-08 14:51:49,928 [INFO] ADCParametersView:116 -                Rank 1 : true
2026-08-08 14:51:49,928 [INFO] ADCParametersView:116 -                Rank 2 : true
2026-08-08 14:51:49,928 [INFO] ADCParametersView:116 -                Rank 3 : true
2026-08-08 14:51:49,928 [INFO] ADCParametersView:116 -                Rank 1 : true
2026-08-08 14:51:49,928 [INFO] ADCParametersView:116 -                Rank 2 : true
2026-08-08 14:51:49,928 [INFO] ADCParametersView:116 -                Rank 3 : true
2026-08-08 14:51:49,928 [INFO] ADCParametersView:116 -                Rank 1 : true
2026-08-08 14:51:49,928 [INFO] ADCParametersView:116 -                Rank 2 : true
2026-08-08 14:51:49,928 [INFO] ADCParametersView:116 -                Rank 3 : true
2026-08-08 14:51:49,928 [INFO] ADCParametersView:116 -                Rank 1 : true
2026-08-08 14:51:49,928 [INFO] ADCParametersView:116 -                Rank 2 : true
2026-08-08 14:51:49,928 [INFO] ADCParametersView:116 -                Rank 3 : true
2026-08-08 14:51:49,928 [INFO] ADCParametersView:116 -                Rank 1 : true
2026-08-08 14:51:49,928 [INFO] ADCParametersView:116 -                Rank 2 : true
2026-08-08 14:51:49,928 [INFO] ADCParametersView:116 -                Rank 3 : true
2026-08-08 14:51:49,928 [INFO] ADCParametersView:116 -                Rank 1 : true
2026-08-08 14:51:49,928 [INFO] ADCParametersView:116 -                Rank 2 : true
2026-08-08 14:51:49,928 [INFO] ADCParametersView:116 -                Rank 3 : true
2026-08-08 14:51:49,928 [INFO] ADCParametersView:116 -                Rank 1 : true
2026-08-08 14:51:49,928 [INFO] ADCParametersView:116 -                Rank 2 : true
2026-08-08 14:51:49,928 [INFO] ADCParametersView:116 -                Rank 3 : true
2026-08-08 14:51:49,928 [INFO] ADCParametersView:116 -                Rank 1 : true
2026-08-08 14:51:49,928 [INFO] ADCParametersView:116 -                Rank 2 : true
2026-08-08 14:51:49,928 [INFO] ADCParametersView:116 -                Rank 3 : true
2026-08-08 14:51:49,928 [INFO] ADCParametersView:116 -                Rank 1 : true
2026-08-08 14:51:49,928 [INFO] ADCParametersView:116 -                Rank 2 : true
2026-08-08 14:51:49,928 [INFO] ADCParametersView:116 -                Rank 3 : true
2026-08-08 14:51:49,928 [INFO] ADCParametersView:116 -                Rank 2 : true
2026-08-08 14:51:49,928 [INFO] ADCParametersView:116 -                Rank 3 : true
2026-08-08 14:51:49,928 [INFO] ADCParametersView:116 -                Rank 3 : true
2026-08-08 14:51:49,951 [INFO] ADCParametersView:116 -                Rank 1 : true
2026-08-08 14:51:49,951 [INFO] ADCParametersView:116 -                Rank 1 : true
2026-08-08 14:51:49,951 [INFO] ADCParametersView:116 -                Rank 2 : true
2026-08-08 14:51:49,952 [INFO] ADCParametersView:116 -                Rank 1 : true
2026-08-08 14:51:49,952 [INFO] ADCParametersView:116 -                Rank 2 : true
2026-08-08 14:51:49,952 [INFO] ADCParametersView:116 -                Rank 3 : true
2026-08-08 14:51:51,947 [INFO] UtilMem:75 - End SaveConfig() Used Memory: 440745488 Bytes (540016640)
2026-08-08 14:51:53,122 [INFO] UtilMem:75 - End SaveConfig() Used Memory: 475874832 Bytes (540016640)
2026-08-08 14:51:53,317 [INFO] UtilMem:75 - End SaveConfig() Used Memory: 297476192 Bytes (540016640)
2026-08-08 14:51:53,621 [INFO] BlockDiagram:2775 - set Specific Code input for plugin: SPI
2026-08-08 14:51:53,621 [INFO] BlockDiagram:2775 - set Specific Code input for plugin: TIM6_7L4
2026-08-08 14:51:53,621 [INFO] BlockDiagram:2775 - set Specific Code input for plugin: TIM1_8L4
2026-08-08 14:51:53,621 [INFO] BlockDiagram:2775 - set Specific Code input for plugin: SYS
2026-08-08 14:51:53,621 [INFO] BlockDiagram:2775 - set Specific Code input for plugin: ADC
2026-08-08 14:51:53,621 [INFO] BlockDiagram:2775 - set Specific Code input for plugin: RCC
2026-08-08 14:51:53,621 [INFO] BlockDiagram:2775 - set Specific Code input for plugin: NVIC
2026-08-08 14:51:53,621 [INFO] BlockDiagram:2775 - set Specific Code input for plugin: USART
2026-08-08 14:51:53,621 [INFO] BlockDiagram:2775 - set Specific Code input for plugin: DMA
2026-08-08 14:51:53,621 [INFO] BlockDiagram:2775 - set Specific Code input for plugin: GPIO
2026-08-08 14:51:53,622 [INFO] CodeGenerator:882 - code generatio: config db path: C:\ST\STM32CubeIDE_1.18.1\STM32CubeIDE\plugins\com.st.stm32cube.common.mx_6.14.1.202504091515\\db\
2026-08-08 14:51:53,718 [INFO] CodeEngine:263 - oldGeneratedFile, C:\Users\German\Documents\equipo_medicion_ensayo_celdas\pruebas_eq_med_celdas\MXTmpFiles\license.tmp_save
2026-08-08 14:51:53,925 [INFO] CodeEngine:287 - Generated code: C:\Users\German\Documents\equipo_medicion_ensayo_celdas\pruebas_eq_med_celdas\MXTmpFiles\license.tmp
2026-08-08 14:51:53,982 [INFO] CodeEngine:263 - oldGeneratedFile, C:\Users\German\Documents\equipo_medicion_ensayo_celdas\pruebas_eq_med_celdas\MXTmpFiles\gpio.tmp_save
2026-08-08 14:51:54,061 [INFO] CodeEngine:287 - Generated code: C:\Users\German\Documents\equipo_medicion_ensayo_celdas\pruebas_eq_med_celdas\MXTmpFiles\gpio.tmp
2026-08-08 14:51:54,385 [INFO] CodeEngine:263 - oldGeneratedFile, C:\Users\German\Documents\equipo_medicion_ensayo_celdas\pruebas_eq_med_celdas\MXTmpFiles\dma.tmp_save
2026-08-08 14:51:54,431 [INFO] CodeEngine:287 - Generated code: C:\Users\German\Documents\equipo_medicion_ensayo_celdas\pruebas_eq_med_celdas\MXTmpFiles\dma.tmp
2026-08-08 14:51:54,434 [INFO] CodeEngine:263 - oldGeneratedFile, C:\Users\German\Documents\equipo_medicion_ensayo_celdas\pruebas_eq_med_celdas\MXTmpFiles\dma_GV.tmp_save
2026-08-08 14:51:54,471 [INFO] CodeEngine:287 - Generated code: C:\Users\German\Documents\equipo_medicion_ensayo_celdas\pruebas_eq_med_celdas\MXTmpFiles\dma_GV.tmp
2026-08-08 14:51:54,484 [INFO] CodeEngine:263 - oldGeneratedFile, C:\Users\German\Documents\equipo_medicion_ensayo_celdas\pruebas_eq_med_celdas\Core\Src\stm32l4xx_it.c_save
2026-08-08 14:51:54,551 [INFO] CodeEngine:287 - Generated code: C:\Users\German\Documents\equipo_medicion_ensayo_celdas\pruebas_eq_med_celdas\Core\Src\stm32l4xx_it.c
2026-08-08 14:51:54,556 [INFO] CodeEngine:263 - oldGeneratedFile, C:\Users\German\Documents\equipo_medicion_ensayo_celdas\pruebas_eq_med_celdas\Core\Inc\stm32l4xx_it.h_save
2026-08-08 14:51:54,597 [INFO] CodeEngine:287 - Generated code: C:\Users\German\Documents\equipo_medicion_ensayo_celdas\pruebas_eq_med_celdas\Core\Inc\stm32l4xx_it.h
2026-08-08 14:51:54,609 [INFO] CodeEngine:263 - oldGeneratedFile, C:\Users\German\Documents\equipo_medicion_ensayo_celdas\pruebas_eq_med_celdas\Core\Src\stm32l4xx_hal_msp.c_save
2026-08-08 14:51:54,705 [INFO] CodeEngine:287 - Generated code: C:\Users\German\Documents\equipo_medicion_ensayo_celdas\pruebas_eq_med_celdas\Core\Src\stm32l4xx_hal_msp.c
2026-08-08 14:51:54,710 [INFO] CodeEngine:263 - oldGeneratedFile, C:\Users\German\Documents\equipo_medicion_ensayo_celdas\pruebas_eq_med_celdas\MXTmpFiles\system.tmp_save
2026-08-08 14:51:54,768 [INFO] CodeEngine:287 - Generated code: C:\Users\German\Documents\equipo_medicion_ensayo_celdas\pruebas_eq_med_celdas\MXTmpFiles\system.tmp
2026-08-08 14:51:54,779 [INFO] CodeEngine:319 - oldGeneratedFile, C:\Users\German\Documents\equipo_medicion_ensayo_celdas\pruebas_eq_med_celdas\Core\Inc\stm32l4xx_hal_conf.h_save
2026-08-08 14:51:54,830 [INFO] CodeEngine:343 - Generated code: C:\Users\German\Documents\equipo_medicion_ensayo_celdas\pruebas_eq_med_celdas\Core\Inc\stm32l4xx_hal_conf.h
2026-08-08 14:51:54,853 [INFO] ApiDbMcu:508 - Load IP Config File for ADC1
2026-08-08 14:51:54,854 [INFO] ApiDbMcu:508 - Load IP Config File for SPI1
2026-08-08 14:51:54,861 [INFO] ApiDbMcu:508 - Load IP Config File for TIM2
2026-08-08 14:51:54,867 [INFO] ApiDbMcu:508 - Load IP Config File for TIM6
2026-08-08 14:51:54,872 [INFO] ApiDbMcu:508 - Load IP Config File for USART2
2026-08-08 14:51:54,874 [INFO] ApiDbMcu:508 - Load IP Config File for RCC
2026-08-08 14:51:54,875 [WARN] IPConfigManager:3790 - IP not found : TIM
2026-08-08 14:51:54,877 [WARN] CodeGenerator:4198 - IP not found : null
2026-08-08 14:51:54,882 [INFO] CodeEngine:263 - oldGeneratedFile, C:\Users\German\Documents\equipo_medicion_ensayo_celdas\pruebas_eq_med_celdas\Core\Inc\main.h_save
2026-08-08 14:51:54,938 [INFO] CodeEngine:287 - Generated code: C:\Users\German\Documents\equipo_medicion_ensayo_celdas\pruebas_eq_med_celdas\Core\Inc\main.h
2026-08-08 14:51:54,942 [INFO] CodeEngine:263 - oldGeneratedFile, C:\Users\German\Documents\equipo_medicion_ensayo_celdas\pruebas_eq_med_celdas\Core\Src\main.c_save
2026-08-08 14:51:55,040 [INFO] CodeEngine:287 - Generated code: C:\Users\German\Documents\equipo_medicion_ensayo_celdas\pruebas_eq_med_celdas\Core\Src\main.c
2026-08-08 14:51:55,284 [INFO] ProjectBuilder:3324 - Time for Copy HAL[1] : 132mS.
2026-08-08 14:51:55,288 [INFO] ProjectBuilder:4912 - Project Generator version: 4.6.0.1-B1
2026-08-08 14:51:55,338 [INFO] ConfigFileManager:1590 - The Die is : DIE415
2026-08-08 14:51:55,344 [INFO] ApiDbMcu:508 - Load IP Config File for FATFS
2026-08-08 14:51:55,347 [INFO] ApiDbMcu:508 - Load IP Config File for FREERTOS
2026-08-08 14:51:55,353 [INFO] ApiDbMcu:508 - Load IP Config File for TOUCHSENSING
2026-08-08 14:51:55,357 [INFO] ApiDbMcu:508 - Load IP Config File for USB_DEVICE
2026-08-08 14:51:55,359 [INFO] ApiDbMcu:508 - Load IP Config File for USB_HOST
2026-08-08 14:51:55,580 [INFO] LogOutputStream:77 - [STDOUT_REDIRECT] 
2026-08-08 14:51:56,209 [INFO] ProjectBuilder:5191 - Time for Generating toolchain IDE Files: 921mS.
2026-08-08 14:51:56,210 [INFO] ProjectBuilder:3181 - Time for Copy CMSIS : 1mS.
2026-08-08 14:51:56,212 [INFO] ProjectBuilder:3181 - Time for Copy CMSIS : 0mS.
2026-08-08 14:54:46,665 [INFO] MainUpdater:2872 - connection check result : 10
2026-08-08 14:54:46,665 [INFO] MainUpdater:2872 - connection check result : 10
2026-08-08 14:54:46,719 [INFO] MicroXplorer:468 - Change Database Path : 
2026-08-08 14:54:46,719 [INFO] MicroXplorer:498 - Change Database Version : DB.6.0.141
2026-08-08 14:54:46,726 [ERROR] ProjectManagerView:395 - 
java.lang.NullPointerException: Cannot invoke "javax.swing.JTextField.getText()" because the return value of "java.util.List.get(int)" is null
	at com.st.microxplorer.plugins.projectmanager.gui.ProjectChoiceTab$9.caretUpdate(ProjectChoiceTab.java:2678) ~[filemanager.jar:?]
	at javax.swing.text.JTextComponent.fireCaretUpdate(JTextComponent.java:408) ~[?:?]
	at javax.swing.text.JTextComponent$MutableCaretEvent.fire(JTextComponent.java:4484) ~[?:?]
	at javax.swing.text.JTextComponent$MutableCaretEvent.stateChanged(JTextComponent.java:4506) ~[?:?]
	at javax.swing.text.DefaultCaret.fireStateChanged(DefaultCaret.java:857) ~[?:?]
	at javax.swing.text.DefaultCaret.changeCaretPosition(DefaultCaret.java:1343) ~[?:?]
	at javax.swing.text.DefaultCaret.handleSetDot(DefaultCaret.java:1242) ~[?:?]
	at javax.swing.text.DefaultCaret.setDot(DefaultCaret.java:1223) ~[?:?]
	at javax.swing.text.DefaultCaret$Handler.insertUpdate(DefaultCaret.java:1819) ~[?:?]
	at javax.swing.text.AbstractDocument.fireInsertUpdate(AbstractDocument.java:227) ~[?:?]
	at javax.swing.text.AbstractDocument.handleInsertString(AbstractDocument.java:781) ~[?:?]
	at javax.swing.text.AbstractDocument.insertString(AbstractDocument.java:740) ~[?:?]
	at javax.swing.text.PlainDocument.insertString(PlainDocument.java:131) ~[?:?]
	at javax.swing.text.AbstractDocument.replace(AbstractDocument.java:699) ~[?:?]
	at javax.swing.text.JTextComponent.setText(JTextComponent.java:1725) ~[?:?]
	at com.st.microxplorer.plugins.projectmanager.gui.ProjectChoiceTab.createHeapStackFields(ProjectChoiceTab.java:979) ~[filemanager.jar:?]
	at com.st.microxplorer.plugins.projectmanager.gui.ProjectChoiceTab.buildLinkSettingsPanel(ProjectChoiceTab.java:3766) ~[filemanager.jar:?]
	at com.st.microxplorer.plugins.projectmanager.gui.ProjectChoiceTab.defineWindowsFields(ProjectChoiceTab.java:1962) ~[filemanager.jar:?]
	at com.st.microxplorer.plugins.projectmanager.gui.ProjectChoiceTab.updateSettings(ProjectChoiceTab.java:555) ~[filemanager.jar:?]
	at com.st.microxplorer.plugins.projectmanager.gui.ProjectSettingsPanel.UpdateDialog(ProjectSettingsPanel.java:245) ~[filemanager.jar:?]
	at com.st.microxplorer.plugins.projectmanager.ProjectManagerView.propertyChange(ProjectManagerView.java:392) ~[filemanager.jar:?]
	at java.beans.PropertyChangeSupport.fire(PropertyChangeSupport.java:343) ~[?:?]
	at java.beans.PropertyChangeSupport.firePropertyChange(PropertyChangeSupport.java:335) ~[?:?]
	at java.beans.PropertyChangeSupport.firePropertyChange(PropertyChangeSupport.java:268) ~[?:?]
	at com.st.microxplorer.util.MXPropertyChangeSupport.firePropertyChange(MXPropertyChangeSupport.java:54) ~[STM32CubeMX.jar:?]
	at com.st.microxplorer.mxsystem.MxSystem.closeConfig(MxSystem.java:899) ~[STM32CubeMX.jar:?]
	at com.st.microxplorer.maingui.MainPanel.closeConfig(MainPanel.java:789) ~[STM32CubeMX.jar:?]
	at com.st.microxplorer.plugins.filemanager.engine.OpenFileManager.loadConfigurationFile(OpenFileManager.java:287) ~[filemanager.jar:?]
	at com.st.microxplorer.plugins.filemanager.engine.MainFileManager.userLoadConfig(MainFileManager.java:341) ~[filemanager.jar:?]
	at com.st.microxplorer.plugins.filemanager.engine.MainFileManager.userLoadConfig(MainFileManager.java:319) ~[filemanager.jar:?]
	at com.st.microxplorer.plugins.filemanager.FileManagerView.getSpecificTask(FileManagerView.java:246) ~[filemanager.jar:?]
	at com.st.stm32cube.common.mx.editor.CubeMxEditor.getMxTabbedPaneInstance(CubeMxEditor.java:1198) ~[com.st.stm32cube.common.mx_6.14.1.202504091515/:?]
	at com.st.stm32cube.common.mx.editor.CubeMxEditor$12$1.createSwingComponent(CubeMxEditor.java:1068) ~[com.st.stm32cube.common.mx_6.14.1.202504091515/:?]
	at com.st.stm32cube.common.mx.oss.core.awtswtbridge.EmbeddedSwingComposite.doComponentCreation(EmbeddedSwingComposite.java:492) ~[com.st.stm32cube.common.mx.oss_6.14.1.202504091515/:?]
	at com.st.stm32cube.common.mx.oss.core.awtswtbridge.EmbeddedSwingComposite$4.run(EmbeddedSwingComposite.java:291) ~[com.st.stm32cube.common.mx.oss_6.14.1.202504091515/:?]
	at com.st.stm32cube.common.mx.oss.core.awtswtbridge.AwtEnvironment$2.run(AwtEnvironment.java:166) ~[com.st.stm32cube.common.mx.oss_6.14.1.202504091515/:?]
	at java.awt.event.InvocationEvent.dispatch(InvocationEvent.java:318) ~[?:?]
	at java.awt.EventQueue.dispatchEventImpl(EventQueue.java:773) ~[?:?]
	at java.awt.EventQueue$4.run(EventQueue.java:720) ~[?:?]
	at java.awt.EventQueue$4.run(EventQueue.java:714) ~[?:?]
	at java.security.AccessController.doPrivileged(AccessController.java:400) ~[?:?]
	at java.security.ProtectionDomain$JavaSecurityAccessImpl.doIntersectionPrivilege(ProtectionDomain.java:87) ~[?:?]
	at java.awt.EventQueue.dispatchEvent(EventQueue.java:742) ~[?:?]
	at java.awt.EventDispatchThread.pumpOneEventForFilters(EventDispatchThread.java:203) ~[?:?]
	at java.awt.EventDispatchThread.pumpEventsForFilter(EventDispatchThread.java:124) ~[?:?]
	at java.awt.EventDispatchThread.pumpEventsForHierarchy(EventDispatchThread.java:113) ~[?:?]
	at java.awt.EventDispatchThread.pumpEvents(EventDispatchThread.java:109) ~[?:?]
	at java.awt.EventDispatchThread.pumpEvents(EventDispatchThread.java:101) ~[?:?]
	at java.awt.EventDispatchThread.run(EventDispatchThread.java:90) ~[?:?]
2026-08-08 14:54:46,732 [WARN] ThirdParty:871 - waiting for thirdparty lock release [close project]
2026-08-08 14:54:46,732 [INFO] ThirdParty:873 - entering critical section [close project]
2026-08-08 14:54:46,732 [INFO] ThirdParty:883 - exiting critical section [close project]
2026-08-08 14:54:46,734 [INFO] PinOutPanel:1589 - setPackage(No Configuration,No Configuration)
2026-08-08 14:54:46,739 [INFO] UtilMem:75 - Begin LoadConfig() Used Memory: 432539648 Bytes (723517440)
2026-08-08 14:54:46,740 [INFO] MicroXplorer:468 - Change Database Path : 
2026-08-08 14:54:46,740 [INFO] MicroXplorer:498 - Change Database Version : DB.6.0.141
2026-08-08 14:54:46,740 [INFO] OpenFileManager:354 - Change cursor
2026-08-08 14:54:46,749 [INFO] RulesReader:64 - Compatibility file has been processed (302 Rules)
2026-08-08 14:54:46,751 [INFO] Mcu:2011 - Initializing MCU STM32L476R(C-E-G)Tx STM32L476RGTx STM32L476RGT3
2026-08-08 14:54:47,844 [INFO] Context:756 - Trying to add GPIOservice into a context  which must be forbidden
2026-08-08 14:54:48,211 [INFO] ImportTextPane:218 - (OptionalMessage_ERROR) Pin20 (VP_RIF_VS_RIF1) cannot be retrieved for this MCU
2026-08-08 14:54:48,242 [INFO] RtosManager:558 - Registered RTOS mode: class=CMSIS, group=RTOS, mode=CMSIS_V1, owner=FREERTOS
2026-08-08 14:54:48,242 [INFO] RtosManager:558 - Registered RTOS mode: class=CMSIS, group=RTOS2, mode=CMSIS_V2, owner=FREERTOS
2026-08-08 14:54:48,242 [INFO] RtosManager:558 - Registered RTOS mode: class=RTOS, group=Core, mode=CMSIS_V1, owner=FREERTOS
2026-08-08 14:54:48,242 [INFO] RtosManager:558 - Registered RTOS mode: class=RTOS, group=Core, mode=CMSIS_V2, owner=FREERTOS
2026-08-08 14:54:48,242 [WARN] ModelIntegratedComponent:184 - Missing modes for component STMicroelectronics:FreeRTOS:0.0.1:STMicroelectronics:RTOS:FreeRTOS:Core:::10.2.0:
2026-08-08 14:54:48,308 [WARN] ModelIntegratedComponent:63 - No mode defined for component null
2026-08-08 14:54:48,309 [WARN] ModelIntegratedComponent:63 - No mode defined for component null
2026-08-08 14:54:48,309 [WARN] ModelIntegratedComponent:63 - No mode defined for component null
2026-08-08 14:54:48,309 [WARN] ModelIntegratedComponent:63 - No mode defined for component null
2026-08-08 14:54:48,309 [WARN] ModelIntegratedComponent:63 - No mode defined for component null
2026-08-08 14:54:48,309 [WARN] ModelIntegratedComponent:63 - No mode defined for component null
2026-08-08 14:54:48,309 [WARN] ModelIntegratedComponent:63 - No mode defined for component null
2026-08-08 14:54:48,309 [WARN] ModelIntegratedComponent:63 - No mode defined for component null
2026-08-08 14:54:48,309 [WARN] ModelIntegratedComponent:63 - No mode defined for component null
2026-08-08 14:54:48,309 [WARN] ModelIntegratedComponent:63 - No mode defined for component null
2026-08-08 14:54:48,309 [WARN] ModelIntegratedComponent:63 - No mode defined for component null
2026-08-08 14:54:48,309 [WARN] ModelIntegratedComponent:63 - No mode defined for component null
2026-08-08 14:54:48,309 [WARN] ModelIntegratedComponent:63 - No mode defined for component null
2026-08-08 14:54:48,309 [WARN] ModelIntegratedComponent:63 - No mode defined for component null
2026-08-08 14:54:48,309 [WARN] ModelIntegratedComponent:63 - No mode defined for component null
2026-08-08 14:54:48,309 [WARN] ModelIntegratedComponent:63 - No mode defined for component null
2026-08-08 14:54:48,309 [WARN] ModelIntegratedComponent:63 - No mode defined for component null
2026-08-08 14:54:48,309 [WARN] ModelIntegratedComponent:63 - No mode defined for component null
2026-08-08 14:54:48,309 [WARN] ModelIntegratedComponent:63 - No mode defined for component null
2026-08-08 14:54:48,309 [WARN] ModelIntegratedComponent:63 - No mode defined for component null
2026-08-08 14:54:48,309 [WARN] ModelIntegratedComponent:63 - No mode defined for component null
2026-08-08 14:54:48,309 [WARN] ModelIntegratedComponent:63 - No mode defined for component null
2026-08-08 14:54:48,309 [WARN] ModelIntegratedComponent:63 - No mode defined for component null
2026-08-08 14:54:48,309 [WARN] ModelIntegratedComponent:63 - No mode defined for component null
2026-08-08 14:54:48,309 [WARN] ModelIntegratedComponent:63 - No mode defined for component null
2026-08-08 14:54:48,309 [WARN] ModelIntegratedComponent:63 - No mode defined for component null
2026-08-08 14:54:48,309 [WARN] ModelIntegratedComponent:63 - No mode defined for component null
2026-08-08 14:54:48,309 [WARN] ModelIntegratedComponent:63 - No mode defined for component null
2026-08-08 14:54:48,309 [WARN] ModelIntegratedComponent:63 - No mode defined for component null
2026-08-08 14:54:48,309 [WARN] ModelIntegratedComponent:63 - No mode defined for component null
2026-08-08 14:54:48,309 [WARN] ModelIntegratedComponent:63 - No mode defined for component null
2026-08-08 14:54:48,309 [WARN] ModelIntegratedComponent:63 - No mode defined for component null
2026-08-08 14:54:48,309 [WARN] ModelIntegratedComponent:63 - No mode defined for component null
2026-08-08 14:54:48,309 [WARN] ModelIntegratedComponent:63 - No mode defined for component null
2026-08-08 14:54:48,309 [WARN] ModelIntegratedComponent:63 - No mode defined for component null
2026-08-08 14:54:48,309 [WARN] ModelPack:524 - Component already loaded: STMicroelectronics:HAL Drivers:0.0.0:STMicroelectronics:Device:STMicro_Driver:XSPI:HAL::0.0.1:HAL_XSPI
2026-08-08 14:54:48,461 [INFO] ThirdPartyModel:298 - Start build external matchings
2026-08-08 14:54:49,482 [INFO] ThirdPartyModel:316 - End build external matchings
2026-08-08 14:54:49,532 [INFO] ImportTextPane:218 - (OptionalMessage_ERROR) IP (ADC1) : Parameter (CommonPathInternal) has invalid value (null|null|null|null)
2026-08-08 14:54:49,532 [INFO] ImportTextPane:218 - (OptionalMessage_ERROR) IP (DMA) : Parameter (Instance) has Id (SPI1_TX) currently not set
2026-08-08 14:54:49,533 [INFO] ImportTextPane:218 - (OptionalMessage_ERROR) IP (DMA) : Parameter (Request) has Id (SPI1_TX) currently not set
2026-08-08 14:54:49,533 [INFO] ImportTextPane:218 - (OptionalMessage_ERROR) IP (DMA) : Parameter (Direction) has Id (SPI1_TX) currently not set
2026-08-08 14:54:49,533 [INFO] ImportTextPane:218 - (OptionalMessage_ERROR) IP (DMA) : Parameter (PeriphInc) has Id (SPI1_TX) currently not set
2026-08-08 14:54:49,533 [INFO] ImportTextPane:218 - (OptionalMessage_ERROR) IP (DMA) : Parameter (MemInc) has Id (SPI1_TX) currently not set
2026-08-08 14:54:49,533 [INFO] ImportTextPane:218 - (OptionalMessage_ERROR) IP (DMA) : Parameter (PeriphDataAlignment) has Id (SPI1_TX) currently not set
2026-08-08 14:54:49,533 [INFO] ImportTextPane:218 - (OptionalMessage_ERROR) IP (DMA) : Parameter (MemDataAlignment) has Id (SPI1_TX) currently not set
2026-08-08 14:54:49,533 [INFO] ImportTextPane:218 - (OptionalMessage_ERROR) IP (DMA) : Parameter (Mode) has Id (SPI1_TX) currently not set
2026-08-08 14:54:49,533 [INFO] ImportTextPane:218 - (OptionalMessage_ERROR) IP (DMA) : Parameter (Priority) has Id (SPI1_TX) currently not set
2026-08-08 14:54:49,533 [INFO] ImportTextPane:218 - (OptionalMessage_ERROR) IP (DMA) : Parameter (Instance) has Id (ADC1) currently not set
2026-08-08 14:54:49,533 [INFO] ImportTextPane:218 - (OptionalMessage_ERROR) IP (DMA) : Parameter (Request) has Id (ADC1) currently not set
2026-08-08 14:54:49,533 [INFO] ImportTextPane:218 - (OptionalMessage_ERROR) IP (DMA) : Parameter (Direction) has Id (ADC1) currently not set
2026-08-08 14:54:49,533 [INFO] ImportTextPane:218 - (OptionalMessage_ERROR) IP (DMA) : Parameter (PeriphInc) has Id (ADC1) currently not set
2026-08-08 14:54:49,533 [INFO] ImportTextPane:218 - (OptionalMessage_ERROR) IP (DMA) : Parameter (MemInc) has Id (ADC1) currently not set
2026-08-08 14:54:49,533 [INFO] ImportTextPane:218 - (OptionalMessage_ERROR) IP (DMA) : Parameter (PeriphDataAlignment) has Id (ADC1) currently not set
2026-08-08 14:54:49,533 [INFO] ImportTextPane:218 - (OptionalMessage_ERROR) IP (DMA) : Parameter (MemDataAlignment) has Id (ADC1) currently not set
2026-08-08 14:54:49,533 [INFO] ImportTextPane:218 - (OptionalMessage_ERROR) IP (DMA) : Parameter (Mode) has Id (ADC1) currently not set
2026-08-08 14:54:49,533 [INFO] ImportTextPane:218 - (OptionalMessage_ERROR) IP (DMA) : Parameter (Priority) has Id (ADC1) currently not set
2026-08-08 14:54:49,534 [INFO] ImportTextPane:218 - (OptionalMessage_ERROR) IP (RCC) : Invalid parameter (FamilyName)
2026-08-08 14:54:49,535 [INFO] ImportTextPane:218 - (OptionalMessage_ERROR) IP (RCC) : Parameter (RNGFreq_Value) has invalid value (64000000)
2026-08-08 14:54:49,535 [INFO] ImportTextPane:218 - (OptionalMessage_ERROR) IP (RCC) : Parameter (SDMMCFreq_Value) has invalid value (64000000)
2026-08-08 14:54:49,535 [INFO] ImportTextPane:218 - (OptionalMessage_ERROR) IP (RCC) : Parameter (USBFreq_Value) has invalid value (64000000)
2026-08-08 14:54:49,831 [INFO] UtilMem:75 - End LoadConfig() Used Memory: 662873648 Bytes (827326464)
2026-08-08 14:54:49,899 [WARN] ThirdParty:833 - waiting for thirdparty lock release [change project]
2026-08-08 14:54:49,899 [INFO] ThirdParty:835 - entering critical section [change project]
2026-08-08 14:54:49,899 [INFO] ThirdParty:1030 - CMSIS Pack Vendor :STMicroelectronics X-CUBE-AZRTOS-H7 3.5.0
2026-08-08 14:54:49,899 [INFO] ThirdParty:1030 - CMSIS Pack Vendor :STMicroelectronics X-CUBE-PM33A1 1.0.0
2026-08-08 14:54:49,899 [INFO] ThirdParty:1030 - CMSIS Pack Vendor :STMicroelectronics USBPD 4.1
2026-08-08 14:54:49,899 [INFO] ThirdParty:1030 - CMSIS Pack Vendor :STMicroelectronics USB_HOST 2.0.0
2026-08-08 14:54:49,899 [INFO] ThirdParty:1030 - CMSIS Pack Vendor :STMicroelectronics FP-SNS-MOTENVWB1 1.4.0
2026-08-08 14:54:49,899 [INFO] ThirdParty:1030 - CMSIS Pack Vendor :STMicroelectronics FP-ATR-ASTRA1 2.0.3
2026-08-08 14:54:49,899 [INFO] ThirdParty:1030 - CMSIS Pack Vendor :STMicroelectronics X-CUBE-AZRTOS-F4 1.1.0
2026-08-08 14:54:49,899 [INFO] ThirdParty:1030 - CMSIS Pack Vendor :STMicroelectronics LIBJPEG 8.0.0
2026-08-08 14:54:49,899 [INFO] ThirdParty:1030 - CMSIS Pack Vendor :STMicroelectronics FP-ATR-ASTRA1 2.0.2
2026-08-08 14:54:49,899 [INFO] ThirdParty:1030 - CMSIS Pack Vendor :Avnet-IotConnect X-CUBE-IoTC-DA16k-PMOD 1.0.0
2026-08-08 14:54:49,899 [INFO] ThirdParty:1030 - CMSIS Pack Vendor :STMicroelectronics X-CUBE-SMBUS 2.1.0
2026-08-08 14:54:49,899 [INFO] ThirdParty:1030 - CMSIS Pack Vendor :STMicroelectronics X-CUBE-WB05N 1.1.0
2026-08-08 14:54:49,899 [INFO] ThirdParty:1030 - CMSIS Pack Vendor :STMicroelectronics X-CUBE-ISPU 2.1.0
2026-08-08 14:54:49,899 [INFO] ThirdParty:1030 - CMSIS Pack Vendor :STMicroelectronics eDS-WB_DPC_TT-BIDIR 2.1.1
2026-08-08 14:54:49,899 [INFO] ThirdParty:1030 - CMSIS Pack Vendor :STMicroelectronics X-CUBE-ST60 1.0.0
2026-08-08 14:54:49,899 [INFO] ThirdParty:1030 - CMSIS Pack Vendor :STMicroelectronics X-CUBE-NFC12 1.0.0
2026-08-08 14:54:49,899 [INFO] ThirdParty:1030 - CMSIS Pack Vendor :STMicroelectronics X-CUBE-AZRTOS-F7 1.1.0
2026-08-08 14:54:49,899 [INFO] ThirdParty:1030 - CMSIS Pack Vendor :STMicroelectronics X-CUBE-AZRTOS-L5 2.0.0
2026-08-08 14:54:49,899 [INFO] ThirdParty:1030 - CMSIS Pack Vendor :STMicroelectronics USB_DEVICE 2.0.0
2026-08-08 14:54:49,899 [INFO] ThirdParty:1030 - CMSIS Pack Vendor :STMicroelectronics X-CUBE-NFC6 3.1.0
2026-08-08 14:54:49,899 [INFO] ThirdParty:1030 - CMSIS Pack Vendor :STMicroelectronics X-CUBE-ALGOBUILD 1.5.0
2026-08-08 14:54:49,899 [INFO] ThirdParty:1030 - CMSIS Pack Vendor :STMicroelectronics FreeRTOS 0.0.1
2026-08-08 14:54:49,899 [INFO] ThirdParty:1030 - CMSIS Pack Vendor :STMicroelectronics X-CUBE-AZRTOS-H7RS 1.3.0
2026-08-08 14:54:49,899 [INFO] ThirdParty:1030 - CMSIS Pack Vendor :STMicroelectronics X-CUBE-DPower 1.2.0
2026-08-08 14:54:49,900 [INFO] ThirdParty:1030 - CMSIS Pack Vendor :STMicroelectronics eDS-WB_DPC_VIENNA 1.2.0
2026-08-08 14:54:49,900 [INFO] ThirdParty:1030 - CMSIS Pack Vendor :STMicroelectronics X-CUBE-MEMS1 13.0.0
2026-08-08 14:54:49,900 [INFO] ThirdParty:1030 - CMSIS Pack Vendor :STMicroelectronics eDS-WB_DPC_3PH2L-BIDIR 1.1.1
2026-08-08 14:54:49,900 [INFO] ThirdParty:1030 - CMSIS Pack Vendor :Infineon AIROC-Wi-Fi-Bluetooth-STM32 1.7.0
2026-08-08 14:54:49,900 [INFO] ThirdParty:1030 - CMSIS Pack Vendor :STMicroelectronics PDM2PCM 3.3.0
2026-08-08 14:54:49,900 [INFO] ThirdParty:1030 - CMSIS Pack Vendor :STMicroelectronics X-CUBE-AZRTOS-H7 3.4.0
2026-08-08 14:54:49,900 [INFO] ThirdParty:1030 - CMSIS Pack Vendor :STMicroelectronics X-CUBE-DISPLAY 3.0.0
2026-08-08 14:54:49,900 [INFO] ThirdParty:1030 - CMSIS Pack Vendor :STMicroelectronics X-CUBE-GNSS1 7.1.1
2026-08-08 14:54:49,900 [INFO] ThirdParty:1030 - CMSIS Pack Vendor :STMicroelectronics X-CUBE-NFC10 1.0.0
2026-08-08 14:54:49,900 [INFO] ThirdParty:1030 - CMSIS Pack Vendor :STMicroelectronics X-CUBE-BLEMGR 4.0.0
2026-08-08 14:54:49,900 [INFO] ThirdParty:1030 - CMSIS Pack Vendor :STMicroelectronics X-CUBE-FREERTOS 1.3.1
2026-08-08 14:54:49,900 [INFO] ThirdParty:1030 - CMSIS Pack Vendor :STMicroelectronics HAL Drivers 0.0.0
2026-08-08 14:54:49,900 [INFO] ThirdParty:1030 - CMSIS Pack Vendor :STMicroelectronics X-CUBE-ST60 1.1.0
2026-08-08 14:54:49,900 [INFO] ThirdParty:1030 - CMSIS Pack Vendor :emotas I-CUBE-CANOPEN 1.3.0
2026-08-08 14:54:49,900 [INFO] ThirdParty:1030 - CMSIS Pack Vendor :STMicroelectronics X-CUBE-FREERTOS 1.3.0
2026-08-08 14:54:49,900 [INFO] ThirdParty:1030 - CMSIS Pack Vendor :STMicroelectronics X-CUBE-NFC7 1.0.1
2026-08-08 14:54:49,900 [INFO] ThirdParty:1030 - CMSIS Pack Vendor :STMicroelectronics MBEDTLS 2.14.1
2026-08-08 14:54:49,900 [INFO] ThirdParty:1030 - CMSIS Pack Vendor :STMicroelectronics X-CUBE-GNSS1 7.1.0
2026-08-08 14:54:49,900 [INFO] ThirdParty:1030 - CMSIS Pack Vendor :STMicroelectronics X-CUBE-TOUCHGFX 4.26.0
2026-08-08 14:54:49,900 [INFO] ThirdParty:1030 - CMSIS Pack Vendor :STMicroelectronics X-CUBE-TOUCHGFX 4.26.1
2026-08-08 14:54:49,900 [INFO] ThirdParty:1030 - CMSIS Pack Vendor :quantropi X-CUBE-qispace-sdk-base 2.0.0
2026-08-08 14:54:49,900 [INFO] ThirdParty:1030 - CMSIS Pack Vendor :STMicroelectronics X-CUBE-AI 10.0.0
2026-08-08 14:54:49,900 [INFO] ThirdParty:1030 - CMSIS Pack Vendor :STMicroelectronics FP-SNS-STAIOTCFT 1.0.0
2026-08-08 14:54:49,900 [INFO] ThirdParty:1030 - CMSIS Pack Vendor :STMicroelectronics FP-SNS-SMARTAG2 1.2.0
2026-08-08 14:54:49,900 [INFO] ThirdParty:1030 - CMSIS Pack Vendor :STMicroelectronics FP-SNS-FLIGHT1 5.1.0
2026-08-08 14:54:49,900 [INFO] ThirdParty:1030 - CMSIS Pack Vendor :STMicroelectronics X-CUBE-MEMS1 11.1.0
2026-08-08 14:54:49,900 [INFO] ThirdParty:1030 - CMSIS Pack Vendor :STMicroelectronics X-CUBE-AZRTOS-WL 2.0.0
2026-08-08 14:54:49,900 [INFO] ThirdParty:1030 - CMSIS Pack Vendor :STMicroelectronics X-CUBE-DPower 1.3.0
2026-08-08 14:54:49,900 [INFO] ThirdParty:1030 - CMSIS Pack Vendor :STMicroelectronics FP-SNS-MOTENV1 5.0.0
2026-08-08 14:54:49,900 [INFO] ThirdParty:1030 - CMSIS Pack Vendor :STMicroelectronics USB_DEVICE 1.0.0
2026-08-08 14:54:49,900 [INFO] ThirdParty:1030 - CMSIS Pack Vendor :STMicroelectronics X-CUBE-AZRTOS-H7RS 1.2.0
2026-08-08 14:54:49,900 [INFO] ThirdParty:1030 - CMSIS Pack Vendor :STMicroelectronics X-CUBE-AZRTOS-L4 2.0.0
2026-08-08 14:54:49,900 [INFO] ThirdParty:1030 - CMSIS Pack Vendor :STMicroelectronics ThreadX 0.0.2
2026-08-08 14:54:49,900 [INFO] ThirdParty:1030 - CMSIS Pack Vendor :WES I-CUBE-Cesium 1.3.0
2026-08-08 14:54:49,900 [INFO] ThirdParty:1030 - CMSIS Pack Vendor :STMicroelectronics lwIP 2.1.2
2026-08-08 14:54:49,900 [INFO] ThirdParty:1030 - CMSIS Pack Vendor :STMicroelectronics X-CUBE-SFXS2LP1 4.0.0
2026-08-08 14:54:49,900 [INFO] ThirdParty:1030 - CMSIS Pack Vendor :STMicroelectronics X-CUBE-BLE2 3.3.0
2026-08-08 14:54:49,900 [INFO] ThirdParty:1030 - CMSIS Pack Vendor :Avnet-IOTCONNECT X-CUBE-iotc-st67-sdk 1.0.0
2026-08-08 14:54:49,900 [INFO] ThirdParty:1030 - CMSIS Pack Vendor :STMicroelectronics PDM2PCM 3.2.0
2026-08-08 14:54:49,900 [INFO] ThirdParty:1030 - CMSIS Pack Vendor :STMicroelectronics X-CUBE-WB05N 2.1.0
2026-08-08 14:54:49,900 [INFO] ThirdParty:1030 - CMSIS Pack Vendor :STMicroelectronics X-CUBE-AZRTOS-H7 3.3.0
2026-08-08 14:54:49,900 [INFO] ThirdParty:1030 - CMSIS Pack Vendor :STMicroelectronics X-CUBE-NFC9 1.0.0
2026-08-08 14:54:49,900 [INFO] ThirdParty:1030 - CMSIS Pack Vendor :STMicroelectronics X-CUBE-BLE1 7.1.0
2026-08-08 14:54:49,900 [INFO] ThirdParty:1030 - CMSIS Pack Vendor :wolfSSL I-CUBE-wolfMQTT 1.19.2
2026-08-08 14:54:49,900 [INFO] ThirdParty:1030 - CMSIS Pack Vendor :STMicroelectronics USB_DEVICE 3.0.0
2026-08-08 14:54:49,900 [INFO] ThirdParty:1030 - CMSIS Pack Vendor :STMicroelectronics X-CUBE-EEPRMA1 5.2.0
2026-08-08 14:54:49,900 [INFO] ThirdParty:1030 - CMSIS Pack Vendor :STMicroelectronics X-CUBE-BLEMGR 4.1.0
2026-08-08 14:54:49,900 [INFO] ThirdParty:1030 - CMSIS Pack Vendor :STMicroelectronics X-CUBE-AZRTOS-WB 2.0.0
2026-08-08 14:54:49,900 [INFO] ThirdParty:1030 - CMSIS Pack Vendor :STMicroelectronics X-CUBE-GNSS1 7.0.1
2026-08-08 14:54:49,900 [INFO] ThirdParty:1030 - CMSIS Pack Vendor :STMicroelectronics X-CUBE-TOUCHGFX 4.25.0
2026-08-08 14:54:49,900 [INFO] ThirdParty:1030 - CMSIS Pack Vendor :STMicroelectronics X-CUBE-AI 10.1.0
2026-08-08 14:54:49,900 [INFO] ThirdParty:1030 - CMSIS Pack Vendor :STMicroelectronics FP-SNS-STBOX1 2.0.0
2026-08-08 14:54:49,900 [INFO] ThirdParty:1030 - CMSIS Pack Vendor :STMicroelectronics X-CUBE-MEMS1 12.0.0
2026-08-08 14:54:49,900 [INFO] ThirdParty:1030 - CMSIS Pack Vendor :STMicroelectronics X-CUBE-STSE01 2.0.0
2026-08-08 14:54:49,900 [INFO] ThirdParty:1030 - CMSIS Pack Vendor :STMicroelectronics X-CUBE-MEMS1 11.2.0
2026-08-08 14:54:49,900 [INFO] ThirdParty:1030 - CMSIS Pack Vendor :STMicroelectronics X-CUBE-AZRTOS-G0 1.1.0
2026-08-08 14:54:49,900 [INFO] ThirdParty:1030 - CMSIS Pack Vendor :STMicroelectronics X-CUBE-SAFEA1 1.2.2
2026-08-08 14:54:49,900 [INFO] ThirdParty:1030 - CMSIS Pack Vendor :STMicroelectronics X-CUBE-NFC4 3.0.0
2026-08-08 14:54:49,900 [INFO] ThirdParty:1030 - CMSIS Pack Vendor :STMicroelectronics X-CUBE-SUBG2 5.0.0
2026-08-08 14:54:49,900 [INFO] ThirdParty:1030 - CMSIS Pack Vendor :STMicroelectronics X-CUBE-AZRTOS-H7RS 1.1.0
2026-08-08 14:54:49,900 [INFO] ThirdParty:1030 - CMSIS Pack Vendor :STMicroelectronics STM32_WPAN 1.0.0
2026-08-08 14:54:49,900 [INFO] ThirdParty:1030 - CMSIS Pack Vendor :EmbeddedOffice I-CUBE-FS-RTOS 1.0.1
2026-08-08 14:54:49,900 [INFO] ThirdParty:1030 - CMSIS Pack Vendor :STMicroelectronics lwIP 2.0.3
2026-08-08 14:54:49,900 [INFO] ThirdParty:1030 - CMSIS Pack Vendor :Cesanta I-CUBE-Mongoose 7.13.0
2026-08-08 14:54:49,900 [INFO] ThirdParty:1030 - CMSIS Pack Vendor :STMicroelectronics USB_HOST 1.0.0
2026-08-08 14:54:49,900 [INFO] ThirdParty:1030 - CMSIS Pack Vendor :STMicroelectronics X-CUBE-AZRTOS-G4 2.0.0
2026-08-08 14:54:49,900 [INFO] ThirdParty:1030 - CMSIS Pack Vendor :STMicroelectronics X-CUBE-WB05N 2.0.0
2026-08-08 14:54:49,900 [INFO] ThirdParty:1030 - CMSIS Pack Vendor :STMicroelectronics PDM2PCM 3.1.0
2026-08-08 14:54:49,900 [INFO] ThirdParty:1030 - CMSIS Pack Vendor :wolfSSL I-CUBE-wolfTPM 3.8.0
2026-08-08 14:54:49,900 [INFO] ThirdParty:1030 - CMSIS Pack Vendor :wolfSSL I-CUBE-wolfSSH 1.4.20
2026-08-08 14:54:49,900 [INFO] ThirdParty:1030 - CMSIS Pack Vendor :STMicroelectronics X-CUBE-NFC7 2.0.0
2026-08-08 14:54:49,900 [INFO] ThirdParty:1030 - CMSIS Pack Vendor :STMicroelectronics X-CUBE-TCPP 4.2.0
2026-08-08 14:54:49,900 [INFO] ThirdParty:1030 - CMSIS Pack Vendor :RealThread X-CUBE-RT-Thread_Nano 4.1.1
2026-08-08 14:54:49,900 [INFO] ThirdParty:1030 - CMSIS Pack Vendor :STMicroelectronics FP-ATR-SIGFOX1 3.2.0
2026-08-08 14:54:49,900 [INFO] ThirdParty:1030 - CMSIS Pack Vendor :STMicroelectronics X-CUBE-EEPRMA1 5.1.0
2026-08-08 14:54:49,900 [INFO] ThirdParty:1030 - CMSIS Pack Vendor :STMicroelectronics MBEDTLS 2.16.2
2026-08-08 14:54:49,900 [INFO] ThirdParty:1030 - CMSIS Pack Vendor :STMicroelectronics X-CUBE-IPS 3.1.0
2026-08-08 14:54:49,900 [INFO] ThirdParty:1030 - CMSIS Pack Vendor :STMicroelectronics X-CUBE-ALS 1.0.2
2026-08-08 14:54:49,900 [INFO] ThirdParty:1030 - CMSIS Pack Vendor :wolfSSL I-CUBE-wolfSSL 5.7.6
2026-08-08 14:54:49,900 [INFO] ThirdParty:1030 - CMSIS Pack Vendor :ITTIA_DB I-CUBE-ITTIADB 8.9.0
2026-08-08 14:54:49,900 [INFO] ThirdParty:1030 - CMSIS Pack Vendor :STMicroelectronics X-CUBE-STSE01 1.0.0
2026-08-08 14:54:49,900 [INFO] ThirdParty:1030 - CMSIS Pack Vendor :portGmbH I-Cube-SoM-uGOAL 1.1.0
2026-08-08 14:54:49,900 [INFO] ThirdParty:1030 - CMSIS Pack Vendor :STMicroelectronics X-CUBE-NFC6 3.2.0
2026-08-08 14:54:49,900 [INFO] ThirdParty:1030 - CMSIS Pack Vendor :STMicroelectronics X-CUBE-ST67W61 1.0.0
2026-08-08 14:54:49,900 [INFO] ThirdParty:1030 - CMSIS Pack Vendor :STMicroelectronics X-CUBE-AI 10.2.1
2026-08-08 14:54:49,900 [INFO] ThirdParty:1030 - CMSIS Pack Vendor :STMicroelectronics X-CUBE-AI 10.2.0
2026-08-08 14:54:49,900 [INFO] ThirdParty:1030 - CMSIS Pack Vendor :STMicroelectronics ThreadX 1.0.0
2026-08-08 14:54:49,900 [INFO] ThirdParty:1030 - CMSIS Pack Vendor :STMicroelectronics X-CUBE-MEMS1 12.1.0
2026-08-08 14:54:49,900 [INFO] ThirdParty:1030 - CMSIS Pack Vendor :SEGGER I-CUBE-embOS 1.3.1
2026-08-08 14:54:49,900 [INFO] ThirdParty:1030 - CMSIS Pack Vendor :STMicroelectronics X-CUBE-ALGOBUILD 1.4.0
2026-08-08 14:54:49,900 [INFO] ThirdParty:1030 - CMSIS Pack Vendor :STMicroelectronics X-CUBE-MEMS1 11.3.0
2026-08-08 14:54:49,900 [INFO] ThirdParty:1030 - CMSIS Pack Vendor :STMicroelectronics X-CUBE-TOF1 3.4.2
2026-08-08 14:54:49,900 [INFO] ThirdParty:1030 - CMSIS Pack Vendor :STMicroelectronics X-CUBE-TOF1 3.4.3
2026-08-08 14:54:49,900 [INFO] ThirdParty:1030 - CMSIS Pack Vendor :STMicroelectronics X-CUBE-NFC13 1.0.0
2026-08-08 14:54:49,900 [INFO] ThirdParty:841 - exiting critical section [change project]
2026-08-08 14:54:50,050 [INFO] PinOutPanel:1589 - setPackage(No Configuration,No Configuration)
2026-08-08 14:54:50,051 [INFO] PinOutPanel:1589 - setPackage(STM32L476RGTx,LQFP64)
2026-08-08 14:54:50,381 [INFO] UtilMem:75 - Before build in PCC Used Memory: 746061824 Bytes (851443712)
2026-08-08 14:54:50,594 [INFO] UtilMem:75 - After build in PCC Used Memory: 486292288 Bytes (851443712)
2026-08-08 14:54:50,608 [INFO] IPUIPlugin:80 - create IPUIPlugin
2026-08-08 14:54:50,608 [INFO] IPUIPlugin:80 - create IPUIPlugin
2026-08-08 14:54:50,608 [INFO] IPUIPlugin:80 - create IPUIPlugin
2026-08-08 14:54:50,608 [INFO] IPUIPlugin:80 - create IPUIPlugin
2026-08-08 14:54:50,608 [INFO] IPUIPlugin:80 - create IPUIPlugin
2026-08-08 14:54:50,608 [INFO] IPUIPlugin:80 - create IPUIPlugin
2026-08-08 14:54:50,608 [INFO] IPUIPlugin:80 - create IPUIPlugin
2026-08-08 14:54:50,608 [INFO] IPUIPlugin:80 - create IPUIPlugin
2026-08-08 14:54:50,608 [INFO] IPUIPlugin:80 - create IPUIPlugin
2026-08-08 14:54:50,608 [INFO] IPUIPlugin:80 - create IPUIPlugin
2026-08-08 14:54:50,608 [INFO] IPUIPlugin:80 - create IPUIPlugin
2026-08-08 14:54:50,608 [INFO] IPUIPlugin:80 - create IPUIPlugin
2026-08-08 14:54:50,608 [INFO] IPUIPlugin:80 - create IPUIPlugin
2026-08-08 14:54:50,608 [INFO] IPUIPlugin:80 - create IPUIPlugin
2026-08-08 14:54:50,608 [INFO] IPUIPlugin:80 - create IPUIPlugin
2026-08-08 14:54:50,608 [INFO] IPUIPlugin:80 - create IPUIPlugin
2026-08-08 14:54:50,608 [INFO] IPUIPlugin:80 - create IPUIPlugin
2026-08-08 14:54:50,609 [INFO] IPUIPlugin:80 - create IPUIPlugin
2026-08-08 14:54:50,609 [INFO] IPUIPlugin:80 - create IPUIPlugin
2026-08-08 14:54:50,609 [INFO] IPUIPlugin:80 - create IPUIPlugin
2026-08-08 14:54:50,609 [INFO] IPUIPlugin:80 - create IPUIPlugin
2026-08-08 14:54:50,609 [INFO] IPUIPlugin:80 - create IPUIPlugin
2026-08-08 14:54:50,609 [INFO] IPUIPlugin:80 - create IPUIPlugin
2026-08-08 14:54:50,609 [INFO] IPUIPlugin:80 - create IPUIPlugin
2026-08-08 14:54:50,609 [INFO] IPUIPlugin:80 - create IPUIPlugin
2026-08-08 14:54:50,609 [INFO] IPUIPlugin:80 - create IPUIPlugin
2026-08-08 14:54:50,609 [INFO] IPUIPlugin:80 - create IPUIPlugin
2026-08-08 14:54:50,609 [INFO] IPUIPlugin:80 - create IPUIPlugin
2026-08-08 14:54:50,609 [INFO] IPUIPlugin:80 - create IPUIPlugin
2026-08-08 14:54:50,610 [INFO] IPUIPlugin:80 - create IPUIPlugin
2026-08-08 14:54:50,610 [INFO] IPUIPlugin:80 - create IPUIPlugin
2026-08-08 14:54:50,610 [INFO] IPUIPlugin:80 - create IPUIPlugin
2026-08-08 14:54:50,610 [INFO] IPUIPlugin:80 - create IPUIPlugin
2026-08-08 14:54:50,610 [INFO] IPUIPlugin:80 - create IPUIPlugin
2026-08-08 14:54:50,610 [INFO] IPUIPlugin:80 - create IPUIPlugin
2026-08-08 14:54:50,610 [INFO] IPUIPlugin:80 - create IPUIPlugin
2026-08-08 14:54:50,610 [INFO] IPUIPlugin:80 - create IPUIPlugin
2026-08-08 14:54:50,610 [INFO] IPUIPlugin:80 - create IPUIPlugin
2026-08-08 14:54:50,610 [INFO] IPUIPlugin:80 - create IPUIPlugin
2026-08-08 14:54:50,611 [INFO] IPUIPlugin:80 - create IPUIPlugin
2026-08-08 14:54:50,611 [INFO] IPUIPlugin:80 - create IPUIPlugin
2026-08-08 14:54:50,611 [INFO] IPUIPlugin:80 - create IPUIPlugin
2026-08-08 14:54:50,611 [INFO] IPUIPlugin:80 - create IPUIPlugin
2026-08-08 14:54:50,611 [INFO] IPUIPlugin:80 - create IPUIPlugin
2026-08-08 14:54:50,611 [INFO] IPUIPlugin:80 - create IPUIPlugin
2026-08-08 14:54:50,611 [INFO] IPUIPlugin:80 - create IPUIPlugin
2026-08-08 14:54:50,611 [INFO] IPUIPlugin:80 - create IPUIPlugin
2026-08-08 14:54:50,611 [INFO] IPUIPlugin:80 - create IPUIPlugin
2026-08-08 14:54:50,612 [INFO] IPUIPlugin:80 - create IPUIPlugin
2026-08-08 14:54:50,612 [INFO] IPUIPlugin:80 - create IPUIPlugin
2026-08-08 14:54:50,612 [INFO] IPUIPlugin:80 - create IPUIPlugin
2026-08-08 14:54:50,612 [INFO] IPUIPlugin:80 - create IPUIPlugin
2026-08-08 14:54:50,612 [INFO] IPUIPlugin:80 - create IPUIPlugin
2026-08-08 14:54:50,612 [INFO] IPUIPlugin:80 - create IPUIPlugin
2026-08-08 14:54:50,612 [INFO] IPUIPlugin:80 - create IPUIPlugin
2026-08-08 14:54:50,613 [INFO] IPUIPlugin:80 - create IPUIPlugin
2026-08-08 14:54:50,613 [INFO] IPUIPlugin:80 - create IPUIPlugin
2026-08-08 14:54:50,613 [INFO] IPUIPlugin:80 - create IPUIPlugin
2026-08-08 14:54:50,613 [INFO] IPUIPlugin:80 - create IPUIPlugin
2026-08-08 14:54:50,665 [INFO] CADModel:165 - CPN selected for project levelSTM32L476RGT3
2026-08-08 14:54:50,665 [INFO] CADModel:114 - Register for checkConnection events
2026-08-08 14:54:50,718 [INFO] OpenFileManager:385 - Restore cursor
2026-08-08 14:55:09,543 [INFO] NvicIntPanel:101 - NVIC parent = com.st.microxplorer.plugins.ip.nvic.MultiNvicIntPanel[,0,0,0x0,invalid,layout=javax.swing.BoxLayout,alignmentX=0.0,alignmentY=0.0,border=,flags=9,maximumSize=,minimumSize=,preferredSize=]
2026-08-08 14:55:09,680 [ERROR] LogOutputStream:75 - [STDERR_REDIRECT] Exception in thread "AWT-EventQueue-0" java.awt.IllegalComponentStateException: component must be showing on the screen to determine its location
2026-08-08 14:55:09,680 [ERROR] LogOutputStream:75 - [STDERR_REDIRECT] 	at java.desktop/java.awt.Component.getLocationOnScreen_NoTreeLock(Component.java:2113)
2026-08-08 14:55:09,681 [ERROR] LogOutputStream:75 - [STDERR_REDIRECT] 	at java.desktop/java.awt.Component.getLocationOnScreen(Component.java:2087)
2026-08-08 14:55:09,681 [ERROR] LogOutputStream:75 - [STDERR_REDIRECT] 	at java.desktop/javax.swing.JPopupMenu.show(JPopupMenu.java:982)
2026-08-08 14:55:09,682 [ERROR] LogOutputStream:75 - [STDERR_REDIRECT] 	at java.desktop/javax.swing.plaf.basic.BasicComboPopup.show(BasicComboPopup.java:235)
2026-08-08 14:55:09,682 [ERROR] LogOutputStream:75 - [STDERR_REDIRECT] 	at java.desktop/javax.swing.plaf.basic.BasicComboPopup.togglePopup(BasicComboPopup.java:1265)
2026-08-08 14:55:09,682 [ERROR] LogOutputStream:75 - [STDERR_REDIRECT] 	at java.desktop/javax.swing.plaf.basic.BasicComboPopup$Handler.mousePressed(BasicComboPopup.java:936)
2026-08-08 14:55:09,683 [ERROR] LogOutputStream:75 - [STDERR_REDIRECT] 	at java.desktop/java.awt.Component.processMouseEvent(Component.java:6618)
2026-08-08 14:55:09,683 [ERROR] LogOutputStream:75 - [STDERR_REDIRECT] 	at java.desktop/javax.swing.JComponent.processMouseEvent(JComponent.java:3398)
2026-08-08 14:55:09,684 [ERROR] LogOutputStream:75 - [STDERR_REDIRECT] 	at java.desktop/java.awt.Component.processEvent(Component.java:6386)
2026-08-08 14:55:09,684 [ERROR] LogOutputStream:75 - [STDERR_REDIRECT] 	at java.desktop/java.awt.Container.processEvent(Container.java:2266)
2026-08-08 14:55:09,684 [ERROR] LogOutputStream:75 - [STDERR_REDIRECT] 	at java.desktop/java.awt.Component.dispatchEventImpl(Component.java:4996)
2026-08-08 14:55:09,685 [ERROR] LogOutputStream:75 - [STDERR_REDIRECT] 	at java.desktop/java.awt.Container.dispatchEventImpl(Container.java:2324)
2026-08-08 14:55:09,685 [ERROR] LogOutputStream:75 - [STDERR_REDIRECT] 	at java.desktop/java.awt.Component.dispatchEvent(Component.java:4828)
2026-08-08 14:55:09,686 [ERROR] LogOutputStream:75 - [STDERR_REDIRECT] 	at java.desktop/javax.swing.plaf.basic.BasicTableUI$Handler.repostEvent(BasicTableUI.java:978)
2026-08-08 14:55:09,686 [ERROR] LogOutputStream:75 - [STDERR_REDIRECT] 	at java.desktop/javax.swing.plaf.basic.BasicTableUI$Handler.adjustSelection(BasicTableUI.java:1140)
2026-08-08 14:55:09,687 [ERROR] LogOutputStream:75 - [STDERR_REDIRECT] 	at java.desktop/javax.swing.plaf.basic.BasicTableUI$Handler.mousePressed(BasicTableUI.java:1068)
2026-08-08 14:55:09,687 [ERROR] LogOutputStream:75 - [STDERR_REDIRECT] 	at java.desktop/java.awt.AWTEventMulticaster.mousePressed(AWTEventMulticaster.java:288)
2026-08-08 14:55:09,688 [ERROR] LogOutputStream:75 - [STDERR_REDIRECT] 	at java.desktop/java.awt.AWTEventMulticaster.mousePressed(AWTEventMulticaster.java:287)
2026-08-08 14:55:09,688 [ERROR] LogOutputStream:75 - [STDERR_REDIRECT] 	at java.desktop/java.awt.AWTEventMulticaster.mousePressed(AWTEventMulticaster.java:287)
2026-08-08 14:55:09,689 [ERROR] LogOutputStream:75 - [STDERR_REDIRECT] 	at java.desktop/java.awt.AWTEventMulticaster.mousePressed(AWTEventMulticaster.java:287)
2026-08-08 14:55:09,689 [ERROR] LogOutputStream:75 - [STDERR_REDIRECT] 	at java.desktop/java.awt.Component.processMouseEvent(Component.java:6618)
2026-08-08 14:55:09,689 [ERROR] LogOutputStream:75 - [STDERR_REDIRECT] 	at java.desktop/javax.swing.JComponent.processMouseEvent(JComponent.java:3398)
2026-08-08 14:55:09,690 [ERROR] LogOutputStream:75 - [STDERR_REDIRECT] 	at java.desktop/java.awt.Component.processEvent(Component.java:6386)
2026-08-08 14:55:09,690 [ERROR] LogOutputStream:75 - [STDERR_REDIRECT] 	at java.desktop/java.awt.Container.processEvent(Container.java:2266)
2026-08-08 14:55:09,690 [ERROR] LogOutputStream:75 - [STDERR_REDIRECT] 	at java.desktop/java.awt.Component.dispatchEventImpl(Component.java:4996)
2026-08-08 14:55:09,691 [ERROR] LogOutputStream:75 - [STDERR_REDIRECT] 	at java.desktop/java.awt.Container.dispatchEventImpl(Container.java:2324)
2026-08-08 14:55:09,691 [ERROR] LogOutputStream:75 - [STDERR_REDIRECT] 	at java.desktop/java.awt.Component.dispatchEvent(Component.java:4828)
2026-08-08 14:55:09,692 [ERROR] LogOutputStream:75 - [STDERR_REDIRECT] 	at java.desktop/java.awt.LightweightDispatcher.retargetMouseEvent(Container.java:4948)
2026-08-08 14:55:09,692 [ERROR] LogOutputStream:75 - [STDERR_REDIRECT] 	at java.desktop/java.awt.LightweightDispatcher.processMouseEvent(Container.java:4572)
2026-08-08 14:55:09,693 [ERROR] LogOutputStream:75 - [STDERR_REDIRECT] 	at java.desktop/java.awt.LightweightDispatcher.dispatchEvent(Container.java:4516)
2026-08-08 14:55:09,693 [ERROR] LogOutputStream:75 - [STDERR_REDIRECT] 	at java.desktop/java.awt.Container.dispatchEventImpl(Container.java:2310)
2026-08-08 14:55:09,693 [ERROR] LogOutputStream:75 - [STDERR_REDIRECT] 	at java.desktop/java.awt.Component.dispatchEvent(Component.java:4828)
2026-08-08 14:55:09,694 [ERROR] LogOutputStream:75 - [STDERR_REDIRECT] 	at java.desktop/java.awt.EventQueue.dispatchEventImpl(EventQueue.java:775)
2026-08-08 14:55:09,694 [ERROR] LogOutputStream:75 - [STDERR_REDIRECT] 	at java.desktop/java.awt.EventQueue$4.run(EventQueue.java:720)
2026-08-08 14:55:09,694 [ERROR] LogOutputStream:75 - [STDERR_REDIRECT] 	at java.desktop/java.awt.EventQueue$4.run(EventQueue.java:714)
2026-08-08 14:55:09,695 [ERROR] LogOutputStream:75 - [STDERR_REDIRECT] 	at java.base/java.security.AccessController.doPrivileged(AccessController.java:400)
2026-08-08 14:55:09,695 [ERROR] LogOutputStream:75 - [STDERR_REDIRECT] 	at java.base/java.security.ProtectionDomain$JavaSecurityAccessImpl.doIntersectionPrivilege(ProtectionDomain.java:87)
2026-08-08 14:55:09,696 [ERROR] LogOutputStream:75 - [STDERR_REDIRECT] 	at java.base/java.security.ProtectionDomain$JavaSecurityAccessImpl.doIntersectionPrivilege(ProtectionDomain.java:98)
2026-08-08 14:55:09,696 [ERROR] LogOutputStream:75 - [STDERR_REDIRECT] 	at java.desktop/java.awt.EventQueue$5.run(EventQueue.java:747)
2026-08-08 14:55:09,696 [ERROR] LogOutputStream:75 - [STDERR_REDIRECT] 	at java.desktop/java.awt.EventQueue$5.run(EventQueue.java:745)
2026-08-08 14:55:09,697 [ERROR] LogOutputStream:75 - [STDERR_REDIRECT] 	at java.base/java.security.AccessController.doPrivileged(AccessController.java:400)
2026-08-08 14:55:09,697 [ERROR] LogOutputStream:75 - [STDERR_REDIRECT] 	at java.base/java.security.ProtectionDomain$JavaSecurityAccessImpl.doIntersectionPrivilege(ProtectionDomain.java:87)
2026-08-08 14:55:09,698 [ERROR] LogOutputStream:75 - [STDERR_REDIRECT] 	at java.desktop/java.awt.EventQueue.dispatchEvent(EventQueue.java:744)
2026-08-08 14:55:09,698 [ERROR] LogOutputStream:75 - [STDERR_REDIRECT] 	at java.desktop/java.awt.EventDispatchThread.pumpOneEventForFilters(EventDispatchThread.java:203)
2026-08-08 14:55:09,699 [ERROR] LogOutputStream:75 - [STDERR_REDIRECT] 	at java.desktop/java.awt.EventDispatchThread.pumpEventsForFilter(EventDispatchThread.java:124)
2026-08-08 14:55:09,699 [ERROR] LogOutputStream:75 - [STDERR_REDIRECT] 	at java.desktop/java.awt.EventDispatchThread.pumpEventsForHierarchy(EventDispatchThread.java:113)
2026-08-08 14:55:09,700 [ERROR] LogOutputStream:75 - [STDERR_REDIRECT] 	at java.desktop/java.awt.EventDispatchThread.pumpEvents(EventDispatchThread.java:109)
2026-08-08 14:55:09,700 [ERROR] LogOutputStream:75 - [STDERR_REDIRECT] 	at java.desktop/java.awt.EventDispatchThread.pumpEvents(EventDispatchThread.java:101)
2026-08-08 14:55:09,700 [ERROR] LogOutputStream:75 - [STDERR_REDIRECT] 	at java.desktop/java.awt.EventDispatchThread.run(EventDispatchThread.java:90)
2026-08-08 14:55:11,604 [INFO] UtilMem:75 - End SaveConfig() Used Memory: 452173992 Bytes (851443712)
2026-08-08 14:55:12,500 [INFO] UtilMem:75 - End SaveConfig() Used Memory: 487822928 Bytes (851443712)
2026-08-08 14:55:13,725 [INFO] UtilMem:75 - End SaveConfig() Used Memory: 545494608 Bytes (851443712)
2026-08-08 14:55:13,932 [INFO] BlockDiagram:2775 - set Specific Code input for plugin: SPI
2026-08-08 14:55:13,932 [INFO] BlockDiagram:2775 - set Specific Code input for plugin: TIM6_7L4
2026-08-08 14:55:13,932 [INFO] BlockDiagram:2775 - set Specific Code input for plugin: TIM1_8L4
2026-08-08 14:55:13,932 [INFO] BlockDiagram:2775 - set Specific Code input for plugin: SYS
2026-08-08 14:55:13,932 [INFO] BlockDiagram:2775 - set Specific Code input for plugin: ADC
2026-08-08 14:55:13,932 [INFO] BlockDiagram:2775 - set Specific Code input for plugin: RCC
2026-08-08 14:55:13,932 [INFO] BlockDiagram:2775 - set Specific Code input for plugin: NVIC
2026-08-08 14:55:13,932 [INFO] BlockDiagram:2775 - set Specific Code input for plugin: USART
2026-08-08 14:55:13,932 [INFO] BlockDiagram:2775 - set Specific Code input for plugin: DMA
2026-08-08 14:55:13,932 [INFO] BlockDiagram:2775 - set Specific Code input for plugin: GPIO
2026-08-08 14:55:13,933 [INFO] CodeGenerator:882 - code generatio: config db path: C:\ST\STM32CubeIDE_1.18.1\STM32CubeIDE\plugins\com.st.stm32cube.common.mx_6.14.1.202504091515\\db\
2026-08-08 14:55:13,936 [INFO] Argument:325 - Argument : hdmavalue: null
2026-08-08 14:55:13,936 [INFO] Argument:327 - 	 sub Args: 
2026-08-08 14:55:13,937 [INFO] Argument:325 - Argument : Instancevalue: DMA1_Channel1
2026-08-08 14:55:13,937 [INFO] Argument:335 - Argument : Instancevalue: DMA1_Channel1
2026-08-08 14:55:13,937 [INFO] Argument:325 - Argument : Initvalue: null
2026-08-08 14:55:13,937 [INFO] Argument:327 - 	 sub Args: 
2026-08-08 14:55:13,937 [INFO] Argument:325 - Argument : Requestvalue: DMA_REQUEST_0
2026-08-08 14:55:13,937 [INFO] Argument:335 - Argument : Requestvalue: DMA_REQUEST_0
2026-08-08 14:55:13,937 [INFO] Argument:325 - Argument : Directionvalue: DMA_PERIPH_TO_MEMORY
2026-08-08 14:55:13,937 [INFO] Argument:335 - Argument : Directionvalue: DMA_PERIPH_TO_MEMORY
2026-08-08 14:55:13,937 [INFO] Argument:325 - Argument : PeriphIncvalue: DMA_PINC_DISABLE
2026-08-08 14:55:13,937 [INFO] Argument:335 - Argument : PeriphIncvalue: DMA_PINC_DISABLE
2026-08-08 14:55:13,937 [INFO] Argument:325 - Argument : MemIncvalue: DMA_MINC_ENABLE
2026-08-08 14:55:13,937 [INFO] Argument:335 - Argument : MemIncvalue: DMA_MINC_ENABLE
2026-08-08 14:55:13,937 [INFO] Argument:325 - Argument : PeriphDataAlignmentvalue: DMA_PDATAALIGN_HALFWORD
2026-08-08 14:55:13,937 [INFO] Argument:335 - Argument : PeriphDataAlignmentvalue: DMA_PDATAALIGN_HALFWORD
2026-08-08 14:55:13,937 [INFO] Argument:325 - Argument : MemDataAlignmentvalue: DMA_MDATAALIGN_HALFWORD
2026-08-08 14:55:13,937 [INFO] Argument:335 - Argument : MemDataAlignmentvalue: DMA_MDATAALIGN_HALFWORD
2026-08-08 14:55:13,937 [INFO] Argument:325 - Argument : Modevalue: DMA_NORMAL
2026-08-08 14:55:13,937 [INFO] Argument:335 - Argument : Modevalue: DMA_NORMAL
2026-08-08 14:55:13,937 [INFO] Argument:325 - Argument : Priorityvalue: DMA_PRIORITY_LOW
2026-08-08 14:55:13,937 [INFO] Argument:335 - Argument : Priorityvalue: DMA_PRIORITY_LOW
2026-08-08 14:55:13,937 [INFO] Argument:325 - Argument : Lockvalue: null
2026-08-08 14:55:13,937 [INFO] Argument:335 - Argument : Lockvalue: null
2026-08-08 14:55:13,937 [INFO] Argument:325 - Argument : Statevalue: null
2026-08-08 14:55:13,937 [INFO] Argument:335 - Argument : Statevalue: null
2026-08-08 14:55:13,937 [INFO] Argument:325 - Argument : Parentvalue: null
2026-08-08 14:55:13,937 [INFO] Argument:335 - Argument : Parentvalue: null
2026-08-08 14:55:13,937 [INFO] Argument:325 - Argument : XferCpltCallbackvalue: null
2026-08-08 14:55:13,937 [INFO] Argument:335 - Argument : XferCpltCallbackvalue: null
2026-08-08 14:55:13,937 [INFO] Argument:325 - Argument : XferHalfCpltCallbackvalue: null
2026-08-08 14:55:13,937 [INFO] Argument:335 - Argument : XferHalfCpltCallbackvalue: null
2026-08-08 14:55:13,937 [INFO] Argument:325 - Argument : XferErrorCallbackvalue: null
2026-08-08 14:55:13,937 [INFO] Argument:335 - Argument : XferErrorCallbackvalue: null
2026-08-08 14:55:13,937 [INFO] Argument:325 - Argument : XferAbortCallbackvalue: null
2026-08-08 14:55:13,937 [INFO] Argument:335 - Argument : XferAbortCallbackvalue: null
2026-08-08 14:55:13,937 [INFO] Argument:325 - Argument : ErrorCodevalue: null
2026-08-08 14:55:13,937 [INFO] Argument:335 - Argument : ErrorCodevalue: null
2026-08-08 14:55:13,937 [INFO] Argument:325 - Argument : DmaBaseAddressvalue: null
2026-08-08 14:55:13,937 [INFO] Argument:335 - Argument : DmaBaseAddressvalue: null
2026-08-08 14:55:13,937 [INFO] Argument:325 - Argument : ChannelIndexvalue: null
2026-08-08 14:55:13,937 [INFO] Argument:335 - Argument : ChannelIndexvalue: null
2026-08-08 14:55:13,937 [INFO] Argument:325 - Argument : hdmavalue: null
2026-08-08 14:55:13,937 [INFO] Argument:327 - 	 sub Args: 
2026-08-08 14:55:13,937 [INFO] Argument:325 - Argument : Instancevalue: DMA1_Channel1
2026-08-08 14:55:13,937 [INFO] Argument:335 - Argument : Instancevalue: DMA1_Channel1
2026-08-08 14:55:13,937 [INFO] Argument:325 - Argument : Initvalue: null
2026-08-08 14:55:13,937 [INFO] Argument:327 - 	 sub Args: 
2026-08-08 14:55:13,937 [INFO] Argument:325 - Argument : Requestvalue: DMA_REQUEST_0
2026-08-08 14:55:13,937 [INFO] Argument:335 - Argument : Requestvalue: DMA_REQUEST_0
2026-08-08 14:55:13,937 [INFO] Argument:325 - Argument : Directionvalue: DMA_PERIPH_TO_MEMORY
2026-08-08 14:55:13,937 [INFO] Argument:335 - Argument : Directionvalue: DMA_PERIPH_TO_MEMORY
2026-08-08 14:55:13,937 [INFO] Argument:325 - Argument : PeriphIncvalue: DMA_PINC_DISABLE
2026-08-08 14:55:13,937 [INFO] Argument:335 - Argument : PeriphIncvalue: DMA_PINC_DISABLE
2026-08-08 14:55:13,937 [INFO] Argument:325 - Argument : MemIncvalue: DMA_MINC_ENABLE
2026-08-08 14:55:13,937 [INFO] Argument:335 - Argument : MemIncvalue: DMA_MINC_ENABLE
2026-08-08 14:55:13,937 [INFO] Argument:325 - Argument : PeriphDataAlignmentvalue: DMA_PDATAALIGN_HALFWORD
2026-08-08 14:55:13,937 [INFO] Argument:335 - Argument : PeriphDataAlignmentvalue: DMA_PDATAALIGN_HALFWORD
2026-08-08 14:55:13,937 [INFO] Argument:325 - Argument : MemDataAlignmentvalue: DMA_MDATAALIGN_HALFWORD
2026-08-08 14:55:13,937 [INFO] Argument:335 - Argument : MemDataAlignmentvalue: DMA_MDATAALIGN_HALFWORD
2026-08-08 14:55:13,937 [INFO] Argument:325 - Argument : Modevalue: DMA_NORMAL
2026-08-08 14:55:13,937 [INFO] Argument:335 - Argument : Modevalue: DMA_NORMAL
2026-08-08 14:55:13,937 [INFO] Argument:325 - Argument : Priorityvalue: DMA_PRIORITY_LOW
2026-08-08 14:55:13,937 [INFO] Argument:335 - Argument : Priorityvalue: DMA_PRIORITY_LOW
2026-08-08 14:55:13,937 [INFO] Argument:325 - Argument : Lockvalue: null
2026-08-08 14:55:13,937 [INFO] Argument:335 - Argument : Lockvalue: null
2026-08-08 14:55:13,937 [INFO] Argument:325 - Argument : Statevalue: null
2026-08-08 14:55:13,937 [INFO] Argument:335 - Argument : Statevalue: null
2026-08-08 14:55:13,937 [INFO] Argument:325 - Argument : Parentvalue: null
2026-08-08 14:55:13,937 [INFO] Argument:335 - Argument : Parentvalue: null
2026-08-08 14:55:13,937 [INFO] Argument:325 - Argument : XferCpltCallbackvalue: null
2026-08-08 14:55:13,937 [INFO] Argument:335 - Argument : XferCpltCallbackvalue: null
2026-08-08 14:55:13,937 [INFO] Argument:325 - Argument : XferHalfCpltCallbackvalue: null
2026-08-08 14:55:13,937 [INFO] Argument:335 - Argument : XferHalfCpltCallbackvalue: null
2026-08-08 14:55:13,937 [INFO] Argument:325 - Argument : XferErrorCallbackvalue: null
2026-08-08 14:55:13,937 [INFO] Argument:335 - Argument : XferErrorCallbackvalue: null
2026-08-08 14:55:13,937 [INFO] Argument:325 - Argument : XferAbortCallbackvalue: null
2026-08-08 14:55:13,937 [INFO] Argument:335 - Argument : XferAbortCallbackvalue: null
2026-08-08 14:55:13,937 [INFO] Argument:325 - Argument : ErrorCodevalue: null
2026-08-08 14:55:13,937 [INFO] Argument:335 - Argument : ErrorCodevalue: null
2026-08-08 14:55:13,937 [INFO] Argument:325 - Argument : DmaBaseAddressvalue: null
2026-08-08 14:55:13,938 [INFO] Argument:335 - Argument : DmaBaseAddressvalue: null
2026-08-08 14:55:13,938 [INFO] Argument:325 - Argument : ChannelIndexvalue: null
2026-08-08 14:55:13,938 [INFO] Argument:335 - Argument : ChannelIndexvalue: null
2026-08-08 14:55:13,938 [INFO] Argument:325 - Argument : pSyncConfigvalue: null
2026-08-08 14:55:13,938 [INFO] Argument:327 - 	 sub Args: 
2026-08-08 14:55:13,938 [INFO] Argument:325 - Argument : SyncSignalIDvalue: null
2026-08-08 14:55:13,938 [INFO] Argument:335 - Argument : SyncSignalIDvalue: null
2026-08-08 14:55:13,938 [INFO] Argument:325 - Argument : SyncPolarityvalue: null
2026-08-08 14:55:13,938 [INFO] Argument:335 - Argument : SyncPolarityvalue: null
2026-08-08 14:55:13,938 [INFO] Argument:325 - Argument : SyncEnablevalue: null
2026-08-08 14:55:13,938 [INFO] Argument:335 - Argument : SyncEnablevalue: null
2026-08-08 14:55:13,938 [INFO] Argument:325 - Argument : EventEnablevalue: null
2026-08-08 14:55:13,938 [INFO] Argument:335 - Argument : EventEnablevalue: null
2026-08-08 14:55:13,938 [INFO] Argument:325 - Argument : RequestNumbervalue: null
2026-08-08 14:55:13,938 [INFO] Argument:335 - Argument : RequestNumbervalue: null
2026-08-08 14:55:13,945 [INFO] Argument:325 - Argument : hdmavalue: null
2026-08-08 14:55:13,945 [INFO] Argument:327 - 	 sub Args: 
2026-08-08 14:55:13,946 [INFO] Argument:325 - Argument : Instancevalue: DMA1_Channel3
2026-08-08 14:55:13,946 [INFO] Argument:335 - Argument : Instancevalue: DMA1_Channel3
2026-08-08 14:55:13,946 [INFO] Argument:325 - Argument : Initvalue: null
2026-08-08 14:55:13,946 [INFO] Argument:327 - 	 sub Args: 
2026-08-08 14:55:13,946 [INFO] Argument:325 - Argument : Requestvalue: DMA_REQUEST_1
2026-08-08 14:55:13,946 [INFO] Argument:335 - Argument : Requestvalue: DMA_REQUEST_1
2026-08-08 14:55:13,946 [INFO] Argument:325 - Argument : Directionvalue: DMA_MEMORY_TO_PERIPH
2026-08-08 14:55:13,946 [INFO] Argument:335 - Argument : Directionvalue: DMA_MEMORY_TO_PERIPH
2026-08-08 14:55:13,946 [INFO] Argument:325 - Argument : PeriphIncvalue: DMA_PINC_DISABLE
2026-08-08 14:55:13,946 [INFO] Argument:335 - Argument : PeriphIncvalue: DMA_PINC_DISABLE
2026-08-08 14:55:13,946 [INFO] Argument:325 - Argument : MemIncvalue: DMA_MINC_ENABLE
2026-08-08 14:55:13,946 [INFO] Argument:335 - Argument : MemIncvalue: DMA_MINC_ENABLE
2026-08-08 14:55:13,946 [INFO] Argument:325 - Argument : PeriphDataAlignmentvalue: DMA_PDATAALIGN_HALFWORD
2026-08-08 14:55:13,946 [INFO] Argument:335 - Argument : PeriphDataAlignmentvalue: DMA_PDATAALIGN_HALFWORD
2026-08-08 14:55:13,946 [INFO] Argument:325 - Argument : MemDataAlignmentvalue: DMA_MDATAALIGN_HALFWORD
2026-08-08 14:55:13,946 [INFO] Argument:335 - Argument : MemDataAlignmentvalue: DMA_MDATAALIGN_HALFWORD
2026-08-08 14:55:13,946 [INFO] Argument:325 - Argument : Modevalue: DMA_CIRCULAR
2026-08-08 14:55:13,946 [INFO] Argument:335 - Argument : Modevalue: DMA_CIRCULAR
2026-08-08 14:55:13,946 [INFO] Argument:325 - Argument : Priorityvalue: DMA_PRIORITY_LOW
2026-08-08 14:55:13,946 [INFO] Argument:335 - Argument : Priorityvalue: DMA_PRIORITY_LOW
2026-08-08 14:55:13,946 [INFO] Argument:325 - Argument : Lockvalue: null
2026-08-08 14:55:13,946 [INFO] Argument:335 - Argument : Lockvalue: null
2026-08-08 14:55:13,946 [INFO] Argument:325 - Argument : Statevalue: null
2026-08-08 14:55:13,946 [INFO] Argument:335 - Argument : Statevalue: null
2026-08-08 14:55:13,946 [INFO] Argument:325 - Argument : Parentvalue: null
2026-08-08 14:55:13,946 [INFO] Argument:335 - Argument : Parentvalue: null
2026-08-08 14:55:13,946 [INFO] Argument:325 - Argument : XferCpltCallbackvalue: null
2026-08-08 14:55:13,946 [INFO] Argument:335 - Argument : XferCpltCallbackvalue: null
2026-08-08 14:55:13,946 [INFO] Argument:325 - Argument : XferHalfCpltCallbackvalue: null
2026-08-08 14:55:13,946 [INFO] Argument:335 - Argument : XferHalfCpltCallbackvalue: null
2026-08-08 14:55:13,946 [INFO] Argument:325 - Argument : XferErrorCallbackvalue: null
2026-08-08 14:55:13,946 [INFO] Argument:335 - Argument : XferErrorCallbackvalue: null
2026-08-08 14:55:13,946 [INFO] Argument:325 - Argument : XferAbortCallbackvalue: null
2026-08-08 14:55:13,946 [INFO] Argument:335 - Argument : XferAbortCallbackvalue: null
2026-08-08 14:55:13,946 [INFO] Argument:325 - Argument : ErrorCodevalue: null
2026-08-08 14:55:13,946 [INFO] Argument:335 - Argument : ErrorCodevalue: null
2026-08-08 14:55:13,946 [INFO] Argument:325 - Argument : DmaBaseAddressvalue: null
2026-08-08 14:55:13,946 [INFO] Argument:335 - Argument : DmaBaseAddressvalue: null
2026-08-08 14:55:13,946 [INFO] Argument:325 - Argument : ChannelIndexvalue: null
2026-08-08 14:55:13,946 [INFO] Argument:335 - Argument : ChannelIndexvalue: null
2026-08-08 14:55:13,946 [INFO] Argument:325 - Argument : hdmavalue: null
2026-08-08 14:55:13,946 [INFO] Argument:327 - 	 sub Args: 
2026-08-08 14:55:13,946 [INFO] Argument:325 - Argument : Instancevalue: DMA1_Channel3
2026-08-08 14:55:13,946 [INFO] Argument:335 - Argument : Instancevalue: DMA1_Channel3
2026-08-08 14:55:13,946 [INFO] Argument:325 - Argument : Initvalue: null
2026-08-08 14:55:13,946 [INFO] Argument:327 - 	 sub Args: 
2026-08-08 14:55:13,946 [INFO] Argument:325 - Argument : Requestvalue: DMA_REQUEST_1
2026-08-08 14:55:13,946 [INFO] Argument:335 - Argument : Requestvalue: DMA_REQUEST_1
2026-08-08 14:55:13,946 [INFO] Argument:325 - Argument : Directionvalue: DMA_MEMORY_TO_PERIPH
2026-08-08 14:55:13,946 [INFO] Argument:335 - Argument : Directionvalue: DMA_MEMORY_TO_PERIPH
2026-08-08 14:55:13,946 [INFO] Argument:325 - Argument : PeriphIncvalue: DMA_PINC_DISABLE
2026-08-08 14:55:13,946 [INFO] Argument:335 - Argument : PeriphIncvalue: DMA_PINC_DISABLE
2026-08-08 14:55:13,946 [INFO] Argument:325 - Argument : MemIncvalue: DMA_MINC_ENABLE
2026-08-08 14:55:13,946 [INFO] Argument:335 - Argument : MemIncvalue: DMA_MINC_ENABLE
2026-08-08 14:55:13,946 [INFO] Argument:325 - Argument : PeriphDataAlignmentvalue: DMA_PDATAALIGN_HALFWORD
2026-08-08 14:55:13,946 [INFO] Argument:335 - Argument : PeriphDataAlignmentvalue: DMA_PDATAALIGN_HALFWORD
2026-08-08 14:55:13,946 [INFO] Argument:325 - Argument : MemDataAlignmentvalue: DMA_MDATAALIGN_HALFWORD
2026-08-08 14:55:13,946 [INFO] Argument:335 - Argument : MemDataAlignmentvalue: DMA_MDATAALIGN_HALFWORD
2026-08-08 14:55:13,947 [INFO] Argument:325 - Argument : Modevalue: DMA_CIRCULAR
2026-08-08 14:55:13,947 [INFO] Argument:335 - Argument : Modevalue: DMA_CIRCULAR
2026-08-08 14:55:13,947 [INFO] Argument:325 - Argument : Priorityvalue: DMA_PRIORITY_LOW
2026-08-08 14:55:13,947 [INFO] Argument:335 - Argument : Priorityvalue: DMA_PRIORITY_LOW
2026-08-08 14:55:13,947 [INFO] Argument:325 - Argument : Lockvalue: null
2026-08-08 14:55:13,947 [INFO] Argument:335 - Argument : Lockvalue: null
2026-08-08 14:55:13,947 [INFO] Argument:325 - Argument : Statevalue: null
2026-08-08 14:55:13,947 [INFO] Argument:335 - Argument : Statevalue: null
2026-08-08 14:55:13,947 [INFO] Argument:325 - Argument : Parentvalue: null
2026-08-08 14:55:13,947 [INFO] Argument:335 - Argument : Parentvalue: null
2026-08-08 14:55:13,947 [INFO] Argument:325 - Argument : XferCpltCallbackvalue: null
2026-08-08 14:55:13,947 [INFO] Argument:335 - Argument : XferCpltCallbackvalue: null
2026-08-08 14:55:13,947 [INFO] Argument:325 - Argument : XferHalfCpltCallbackvalue: null
2026-08-08 14:55:13,947 [INFO] Argument:335 - Argument : XferHalfCpltCallbackvalue: null
2026-08-08 14:55:13,947 [INFO] Argument:325 - Argument : XferErrorCallbackvalue: null
2026-08-08 14:55:13,947 [INFO] Argument:335 - Argument : XferErrorCallbackvalue: null
2026-08-08 14:55:13,947 [INFO] Argument:325 - Argument : XferAbortCallbackvalue: null
2026-08-08 14:55:13,947 [INFO] Argument:335 - Argument : XferAbortCallbackvalue: null
2026-08-08 14:55:13,947 [INFO] Argument:325 - Argument : ErrorCodevalue: null
2026-08-08 14:55:13,947 [INFO] Argument:335 - Argument : ErrorCodevalue: null
2026-08-08 14:55:13,947 [INFO] Argument:325 - Argument : DmaBaseAddressvalue: null
2026-08-08 14:55:13,947 [INFO] Argument:335 - Argument : DmaBaseAddressvalue: null
2026-08-08 14:55:13,947 [INFO] Argument:325 - Argument : ChannelIndexvalue: null
2026-08-08 14:55:13,947 [INFO] Argument:335 - Argument : ChannelIndexvalue: null
2026-08-08 14:55:13,947 [INFO] Argument:325 - Argument : pSyncConfigvalue: null
2026-08-08 14:55:13,947 [INFO] Argument:327 - 	 sub Args: 
2026-08-08 14:55:13,947 [INFO] Argument:325 - Argument : SyncSignalIDvalue: null
2026-08-08 14:55:13,947 [INFO] Argument:335 - Argument : SyncSignalIDvalue: null
2026-08-08 14:55:13,947 [INFO] Argument:325 - Argument : SyncPolarityvalue: null
2026-08-08 14:55:13,947 [INFO] Argument:335 - Argument : SyncPolarityvalue: null
2026-08-08 14:55:13,947 [INFO] Argument:325 - Argument : SyncEnablevalue: null
2026-08-08 14:55:13,947 [INFO] Argument:335 - Argument : SyncEnablevalue: null
2026-08-08 14:55:13,947 [INFO] Argument:325 - Argument : EventEnablevalue: null
2026-08-08 14:55:13,947 [INFO] Argument:335 - Argument : EventEnablevalue: null
2026-08-08 14:55:13,947 [INFO] Argument:325 - Argument : RequestNumbervalue: null
2026-08-08 14:55:13,947 [INFO] Argument:335 - Argument : RequestNumbervalue: null
2026-08-08 14:55:14,010 [INFO] CodeEngine:263 - oldGeneratedFile, C:\Users\German\Documents\equipo_medicion_ensayo_celdas\pruebas_eq_med_celdas\MXTmpFiles\license.tmp_save
2026-08-08 14:55:14,101 [INFO] CodeEngine:287 - Generated code: C:\Users\German\Documents\equipo_medicion_ensayo_celdas\pruebas_eq_med_celdas\MXTmpFiles\license.tmp
2026-08-08 14:55:14,127 [INFO] CodeEngine:263 - oldGeneratedFile, C:\Users\German\Documents\equipo_medicion_ensayo_celdas\pruebas_eq_med_celdas\MXTmpFiles\gpio.tmp_save
2026-08-08 14:55:14,181 [INFO] CodeEngine:287 - Generated code: C:\Users\German\Documents\equipo_medicion_ensayo_celdas\pruebas_eq_med_celdas\MXTmpFiles\gpio.tmp
2026-08-08 14:55:14,447 [INFO] CodeEngine:263 - oldGeneratedFile, C:\Users\German\Documents\equipo_medicion_ensayo_celdas\pruebas_eq_med_celdas\MXTmpFiles\dma.tmp_save
2026-08-08 14:55:14,489 [INFO] CodeEngine:287 - Generated code: C:\Users\German\Documents\equipo_medicion_ensayo_celdas\pruebas_eq_med_celdas\MXTmpFiles\dma.tmp
2026-08-08 14:55:14,491 [INFO] CodeEngine:263 - oldGeneratedFile, C:\Users\German\Documents\equipo_medicion_ensayo_celdas\pruebas_eq_med_celdas\MXTmpFiles\dma_GV.tmp_save
2026-08-08 14:55:14,527 [INFO] CodeEngine:287 - Generated code: C:\Users\German\Documents\equipo_medicion_ensayo_celdas\pruebas_eq_med_celdas\MXTmpFiles\dma_GV.tmp
2026-08-08 14:55:14,540 [INFO] CodeEngine:263 - oldGeneratedFile, C:\Users\German\Documents\equipo_medicion_ensayo_celdas\pruebas_eq_med_celdas\Core\Src\stm32l4xx_it.c_save
2026-08-08 14:55:14,587 [INFO] CodeEngine:287 - Generated code: C:\Users\German\Documents\equipo_medicion_ensayo_celdas\pruebas_eq_med_celdas\Core\Src\stm32l4xx_it.c
2026-08-08 14:55:14,591 [INFO] CodeEngine:263 - oldGeneratedFile, C:\Users\German\Documents\equipo_medicion_ensayo_celdas\pruebas_eq_med_celdas\Core\Inc\stm32l4xx_it.h_save
2026-08-08 14:55:14,626 [INFO] CodeEngine:287 - Generated code: C:\Users\German\Documents\equipo_medicion_ensayo_celdas\pruebas_eq_med_celdas\Core\Inc\stm32l4xx_it.h
2026-08-08 14:55:14,637 [INFO] CodeEngine:263 - oldGeneratedFile, C:\Users\German\Documents\equipo_medicion_ensayo_celdas\pruebas_eq_med_celdas\Core\Src\stm32l4xx_hal_msp.c_save
2026-08-08 14:55:14,698 [INFO] CodeEngine:287 - Generated code: C:\Users\German\Documents\equipo_medicion_ensayo_celdas\pruebas_eq_med_celdas\Core\Src\stm32l4xx_hal_msp.c
2026-08-08 14:55:14,700 [INFO] CodeEngine:263 - oldGeneratedFile, C:\Users\German\Documents\equipo_medicion_ensayo_celdas\pruebas_eq_med_celdas\MXTmpFiles\system.tmp_save
2026-08-08 14:55:14,733 [INFO] CodeEngine:287 - Generated code: C:\Users\German\Documents\equipo_medicion_ensayo_celdas\pruebas_eq_med_celdas\MXTmpFiles\system.tmp
2026-08-08 14:55:14,741 [INFO] CodeEngine:319 - oldGeneratedFile, C:\Users\German\Documents\equipo_medicion_ensayo_celdas\pruebas_eq_med_celdas\Core\Inc\stm32l4xx_hal_conf.h_save
2026-08-08 14:55:14,779 [INFO] CodeEngine:343 - Generated code: C:\Users\German\Documents\equipo_medicion_ensayo_celdas\pruebas_eq_med_celdas\Core\Inc\stm32l4xx_hal_conf.h
2026-08-08 14:55:14,803 [INFO] ApiDbMcu:508 - Load IP Config File for ADC1
2026-08-08 14:55:14,804 [INFO] ApiDbMcu:508 - Load IP Config File for SPI1
2026-08-08 14:55:14,809 [INFO] ApiDbMcu:508 - Load IP Config File for TIM2
2026-08-08 14:55:14,814 [INFO] ApiDbMcu:508 - Load IP Config File for TIM6
2026-08-08 14:55:14,820 [INFO] ApiDbMcu:508 - Load IP Config File for USART2
2026-08-08 14:55:14,822 [INFO] ApiDbMcu:508 - Load IP Config File for RCC
2026-08-08 14:55:14,823 [WARN] IPConfigManager:3790 - IP not found : TIM
2026-08-08 14:55:14,824 [WARN] CodeGenerator:4198 - IP not found : null
2026-08-08 14:55:14,830 [INFO] CodeEngine:263 - oldGeneratedFile, C:\Users\German\Documents\equipo_medicion_ensayo_celdas\pruebas_eq_med_celdas\Core\Inc\main.h_save
2026-08-08 14:55:14,875 [INFO] CodeEngine:287 - Generated code: C:\Users\German\Documents\equipo_medicion_ensayo_celdas\pruebas_eq_med_celdas\Core\Inc\main.h
2026-08-08 14:55:14,879 [INFO] CodeEngine:263 - oldGeneratedFile, C:\Users\German\Documents\equipo_medicion_ensayo_celdas\pruebas_eq_med_celdas\Core\Src\main.c_save
2026-08-08 14:55:14,955 [INFO] CodeEngine:287 - Generated code: C:\Users\German\Documents\equipo_medicion_ensayo_celdas\pruebas_eq_med_celdas\Core\Src\main.c
2026-08-08 14:55:15,215 [INFO] ProjectBuilder:3324 - Time for Copy HAL[1] : 112mS.
2026-08-08 14:55:15,218 [INFO] ProjectBuilder:4912 - Project Generator version: 4.6.0.1-B1
2026-08-08 14:55:15,264 [INFO] ConfigFileManager:1590 - The Die is : DIE415
2026-08-08 14:55:15,265 [INFO] ApiDbMcu:508 - Load IP Config File for FATFS
2026-08-08 14:55:15,267 [INFO] ApiDbMcu:508 - Load IP Config File for FREERTOS
2026-08-08 14:55:15,272 [INFO] ApiDbMcu:508 - Load IP Config File for TOUCHSENSING
2026-08-08 14:55:15,273 [INFO] ApiDbMcu:508 - Load IP Config File for USB_DEVICE
2026-08-08 14:55:15,274 [INFO] ApiDbMcu:508 - Load IP Config File for USB_HOST
2026-08-08 14:55:15,747 [INFO] ProjectBuilder:5191 - Time for Generating toolchain IDE Files: 529mS.
2026-08-08 14:55:15,747 [INFO] ProjectBuilder:3181 - Time for Copy CMSIS : 0mS.
2026-08-08 14:55:15,749 [INFO] ProjectBuilder:3181 - Time for Copy CMSIS : 0mS.
2026-08-08 14:56:48,742 [INFO] ADCParametersView:116 -                Rank 1 : false
2026-08-08 14:56:48,743 [INFO] ADCParametersView:116 -                Rank 1 : false
2026-08-08 14:56:48,743 [INFO] ADCParametersView:116 -                Rank 2 : false
2026-08-08 14:56:48,743 [INFO] ADCParametersView:116 -                Rank 1 : false
2026-08-08 14:56:48,743 [INFO] ADCParametersView:116 -                Rank 2 : false
2026-08-08 14:56:48,743 [INFO] ADCParametersView:116 -                Rank 3 : false
2026-08-08 14:56:48,785 [INFO] ADCParametersView:116 -                Rank 1 : false
2026-08-08 14:56:48,785 [INFO] ADCParametersView:116 -                Rank 2 : false
2026-08-08 14:56:48,785 [INFO] ADCParametersView:116 -                Rank 3 : false
2026-08-08 14:56:48,785 [INFO] ADCParametersView:116 -                Rank 1 : false
2026-08-08 14:56:48,785 [INFO] ADCParametersView:116 -                Rank 2 : false
2026-08-08 14:56:48,785 [INFO] ADCParametersView:116 -                Rank 3 : false
2026-08-08 14:56:48,785 [INFO] ADCParametersView:116 -                Rank 1 : false
2026-08-08 14:56:48,785 [INFO] ADCParametersView:116 -                Rank 2 : false
2026-08-08 14:56:48,785 [INFO] ADCParametersView:116 -                Rank 3 : false
2026-08-08 14:56:48,785 [INFO] ADCParametersView:116 -                Rank 1 : false
2026-08-08 14:56:48,785 [INFO] ADCParametersView:116 -                Rank 2 : false
2026-08-08 14:56:48,785 [INFO] ADCParametersView:116 -                Rank 3 : false
2026-08-08 14:56:48,785 [INFO] ADCParametersView:116 -                Rank 1 : false
2026-08-08 14:56:48,785 [INFO] ADCParametersView:116 -                Rank 2 : false
2026-08-08 14:56:48,785 [INFO] ADCParametersView:116 -                Rank 3 : false
2026-08-08 14:56:48,785 [INFO] ADCParametersView:116 -                Rank 1 : false
2026-08-08 14:56:48,785 [INFO] ADCParametersView:116 -                Rank 2 : false
2026-08-08 14:56:48,785 [INFO] ADCParametersView:116 -                Rank 3 : false
2026-08-08 14:56:48,785 [INFO] ADCParametersView:116 -                Rank 1 : false
2026-08-08 14:56:48,785 [INFO] ADCParametersView:116 -                Rank 2 : false
2026-08-08 14:56:48,785 [INFO] ADCParametersView:116 -                Rank 3 : false
2026-08-08 14:56:48,785 [INFO] ADCParametersView:116 -                Rank 1 : false
2026-08-08 14:56:48,785 [INFO] ADCParametersView:116 -                Rank 2 : false
2026-08-08 14:56:48,785 [INFO] ADCParametersView:116 -                Rank 3 : false
2026-08-08 14:56:48,785 [INFO] ADCParametersView:116 -                Rank 1 : false
2026-08-08 14:56:48,785 [INFO] ADCParametersView:116 -                Rank 2 : false
2026-08-08 14:56:48,785 [INFO] ADCParametersView:116 -                Rank 3 : false
2026-08-08 14:56:48,785 [INFO] ADCParametersView:116 -                Rank 1 : false
2026-08-08 14:56:48,785 [INFO] ADCParametersView:116 -                Rank 2 : false
2026-08-08 14:56:48,785 [INFO] ADCParametersView:116 -                Rank 3 : false
2026-08-08 14:56:48,785 [INFO] ADCParametersView:116 -                Rank 1 : false
2026-08-08 14:56:48,786 [INFO] ADCParametersView:116 -                Rank 2 : false
2026-08-08 14:56:48,786 [INFO] ADCParametersView:116 -                Rank 3 : false
2026-08-08 14:56:48,786 [INFO] ADCParametersView:116 -                Rank 1 : false
2026-08-08 14:56:48,786 [INFO] ADCParametersView:116 -                Rank 2 : false
2026-08-08 14:56:48,786 [INFO] ADCParametersView:116 -                Rank 3 : false
2026-08-08 14:56:48,786 [INFO] ADCParametersView:116 -                Rank 1 : false
2026-08-08 14:56:48,786 [INFO] ADCParametersView:116 -                Rank 2 : false
2026-08-08 14:56:48,786 [INFO] ADCParametersView:116 -                Rank 3 : false
2026-08-08 14:56:48,786 [INFO] ADCParametersView:116 -                Rank 1 : false
2026-08-08 14:56:48,786 [INFO] ADCParametersView:116 -                Rank 2 : false
2026-08-08 14:56:48,786 [INFO] ADCParametersView:116 -                Rank 3 : false
2026-08-08 14:56:48,786 [INFO] ADCParametersView:116 -                Rank 1 : false
2026-08-08 14:56:48,786 [INFO] ADCParametersView:116 -                Rank 2 : false
2026-08-08 14:56:48,786 [INFO] ADCParametersView:116 -                Rank 3 : false
2026-08-08 14:56:48,786 [INFO] ADCParametersView:116 -                Rank 1 : false
2026-08-08 14:56:48,786 [INFO] ADCParametersView:116 -                Rank 2 : false
2026-08-08 14:56:48,786 [INFO] ADCParametersView:116 -                Rank 3 : false
2026-08-08 14:56:48,786 [INFO] ADCParametersView:116 -                Rank 1 : false
2026-08-08 14:56:48,786 [INFO] ADCParametersView:116 -                Rank 2 : false
2026-08-08 14:56:48,786 [INFO] ADCParametersView:116 -                Rank 3 : false
2026-08-08 14:56:48,786 [INFO] ADCParametersView:116 -                Rank 1 : false
2026-08-08 14:56:48,786 [INFO] ADCParametersView:116 -                Rank 2 : false
2026-08-08 14:56:48,786 [INFO] ADCParametersView:116 -                Rank 3 : false
2026-08-08 14:56:48,786 [INFO] ADCParametersView:116 -                Rank 1 : false
2026-08-08 14:56:48,786 [INFO] ADCParametersView:116 -                Rank 2 : false
2026-08-08 14:56:48,786 [INFO] ADCParametersView:116 -                Rank 3 : false
2026-08-08 14:56:48,786 [INFO] ADCParametersView:116 -                Rank 1 : false
2026-08-08 14:56:48,786 [INFO] ADCParametersView:116 -                Rank 2 : false
2026-08-08 14:56:48,786 [INFO] ADCParametersView:116 -                Rank 3 : false
2026-08-08 14:56:48,786 [INFO] ADCParametersView:116 -                Rank 2 : false
2026-08-08 14:56:48,786 [INFO] ADCParametersView:116 -                Rank 3 : false
2026-08-08 14:56:48,786 [INFO] ADCParametersView:116 -                Rank 3 : false
2026-08-08 14:56:48,806 [INFO] ADCParametersView:116 -                Rank 1 : false
2026-08-08 14:56:48,806 [INFO] ADCParametersView:116 -                Rank 1 : false
2026-08-08 14:56:48,806 [INFO] ADCParametersView:116 -                Rank 2 : false
2026-08-08 14:56:48,806 [INFO] ADCParametersView:116 -                Rank 1 : false
2026-08-08 14:56:48,806 [INFO] ADCParametersView:116 -                Rank 2 : false
2026-08-08 14:56:48,806 [INFO] ADCParametersView:116 -                Rank 3 : false
2026-08-08 14:56:53,845 [INFO] ADCParametersView:116 -                Rank 1 : true
2026-08-08 14:56:53,845 [INFO] ADCParametersView:116 -                Rank 2 : false
2026-08-08 14:56:53,845 [INFO] ADCParametersView:116 -                Rank 3 : false
2026-08-08 14:56:56,643 [INFO] NvicIntPanel:101 - NVIC parent = com.st.microxplorer.plugins.ip.nvic.MultiNvicIntPanel[,0,0,0x0,invalid,layout=javax.swing.BoxLayout,alignmentX=0.0,alignmentY=0.0,border=,flags=9,maximumSize=,minimumSize=,preferredSize=]
2026-08-08 14:56:56,670 [INFO] ADCParametersView:116 -                Rank 1 : true
2026-08-08 14:56:56,670 [INFO] ADCParametersView:116 -                Rank 2 : false
2026-08-08 14:56:56,670 [INFO] ADCParametersView:116 -                Rank 3 : false
2026-08-08 14:56:56,671 [INFO] ADCParametersView:116 -                Rank 1 : true
2026-08-08 14:56:56,671 [INFO] ADCParametersView:116 -                Rank 2 : false
2026-08-08 14:56:56,671 [INFO] ADCParametersView:116 -                Rank 3 : false
2026-08-08 14:56:56,671 [INFO] ADCParametersView:116 -                Rank 1 : true
2026-08-08 14:56:56,671 [INFO] ADCParametersView:116 -                Rank 2 : false
2026-08-08 14:56:56,671 [INFO] ADCParametersView:116 -                Rank 3 : false
2026-08-08 14:56:56,671 [INFO] ADCParametersView:116 -                Rank 1 : true
2026-08-08 14:56:56,671 [INFO] ADCParametersView:116 -                Rank 2 : false
2026-08-08 14:56:56,671 [INFO] ADCParametersView:116 -                Rank 3 : false
2026-08-08 14:56:56,671 [INFO] ADCParametersView:116 -                Rank 1 : true
2026-08-08 14:56:56,671 [INFO] ADCParametersView:116 -                Rank 2 : false
2026-08-08 14:56:56,671 [INFO] ADCParametersView:116 -                Rank 3 : false
2026-08-08 14:56:56,671 [INFO] ADCParametersView:116 -                Rank 1 : true
2026-08-08 14:56:56,671 [INFO] ADCParametersView:116 -                Rank 2 : false
2026-08-08 14:56:56,672 [INFO] ADCParametersView:116 -                Rank 3 : false
2026-08-08 14:56:56,672 [INFO] ADCParametersView:116 -                Rank 1 : true
2026-08-08 14:56:56,672 [INFO] ADCParametersView:116 -                Rank 2 : false
2026-08-08 14:56:56,672 [INFO] ADCParametersView:116 -                Rank 3 : false
2026-08-08 14:56:56,672 [INFO] ADCParametersView:116 -                Rank 1 : true
2026-08-08 14:56:56,672 [INFO] ADCParametersView:116 -                Rank 2 : false
2026-08-08 14:56:56,672 [INFO] ADCParametersView:116 -                Rank 3 : false
2026-08-08 14:56:56,672 [INFO] ADCParametersView:116 -                Rank 1 : true
2026-08-08 14:56:56,672 [INFO] ADCParametersView:116 -                Rank 2 : false
2026-08-08 14:56:56,672 [INFO] ADCParametersView:116 -                Rank 3 : false
2026-08-08 14:56:56,672 [INFO] ADCParametersView:116 -                Rank 1 : true
2026-08-08 14:56:56,672 [INFO] ADCParametersView:116 -                Rank 2 : false
2026-08-08 14:56:56,672 [INFO] ADCParametersView:116 -                Rank 3 : false
2026-08-08 14:56:56,672 [INFO] ADCParametersView:116 -                Rank 1 : true
2026-08-08 14:56:56,672 [INFO] ADCParametersView:116 -                Rank 2 : false
2026-08-08 14:56:56,672 [INFO] ADCParametersView:116 -                Rank 3 : false
2026-08-08 14:56:56,672 [INFO] ADCParametersView:116 -                Rank 1 : true
2026-08-08 14:56:56,672 [INFO] ADCParametersView:116 -                Rank 2 : false
2026-08-08 14:56:56,672 [INFO] ADCParametersView:116 -                Rank 3 : false
2026-08-08 14:56:56,672 [INFO] ADCParametersView:116 -                Rank 1 : true
2026-08-08 14:56:56,672 [INFO] ADCParametersView:116 -                Rank 2 : false
2026-08-08 14:56:56,672 [INFO] ADCParametersView:116 -                Rank 3 : false
2026-08-08 14:56:56,672 [INFO] ADCParametersView:116 -                Rank 1 : true
2026-08-08 14:56:56,672 [INFO] ADCParametersView:116 -                Rank 2 : false
2026-08-08 14:56:56,672 [INFO] ADCParametersView:116 -                Rank 3 : false
2026-08-08 14:56:56,672 [INFO] ADCParametersView:116 -                Rank 1 : true
2026-08-08 14:56:56,672 [INFO] ADCParametersView:116 -                Rank 2 : false
2026-08-08 14:56:56,672 [INFO] ADCParametersView:116 -                Rank 3 : false
2026-08-08 14:56:56,672 [INFO] ADCParametersView:116 -                Rank 1 : true
2026-08-08 14:56:56,672 [INFO] ADCParametersView:116 -                Rank 2 : false
2026-08-08 14:56:56,672 [INFO] ADCParametersView:116 -                Rank 3 : false
2026-08-08 14:56:56,672 [INFO] ADCParametersView:116 -                Rank 1 : true
2026-08-08 14:56:56,672 [INFO] ADCParametersView:116 -                Rank 2 : false
2026-08-08 14:56:56,672 [INFO] ADCParametersView:116 -                Rank 3 : false
2026-08-08 14:56:56,672 [INFO] ADCParametersView:116 -                Rank 1 : true
2026-08-08 14:56:56,672 [INFO] ADCParametersView:116 -                Rank 2 : false
2026-08-08 14:56:56,672 [INFO] ADCParametersView:116 -                Rank 3 : false
2026-08-08 14:56:56,672 [INFO] ADCParametersView:116 -                Rank 1 : true
2026-08-08 14:56:56,672 [INFO] ADCParametersView:116 -                Rank 2 : false
2026-08-08 14:56:56,672 [INFO] ADCParametersView:116 -                Rank 3 : false
2026-08-08 14:56:56,672 [INFO] ADCParametersView:116 -                Rank 1 : true
2026-08-08 14:56:56,672 [INFO] ADCParametersView:116 -                Rank 2 : false
2026-08-08 14:56:56,672 [INFO] ADCParametersView:116 -                Rank 3 : false
2026-08-08 14:56:56,672 [INFO] ADCParametersView:116 -                Rank 2 : false
2026-08-08 14:56:56,672 [INFO] ADCParametersView:116 -                Rank 3 : false
2026-08-08 14:56:56,672 [INFO] ADCParametersView:116 -                Rank 3 : false
2026-08-08 14:56:56,692 [INFO] ADCParametersView:116 -                Rank 1 : true
2026-08-08 14:56:56,692 [INFO] ADCParametersView:116 -                Rank 1 : true
2026-08-08 14:56:56,692 [INFO] ADCParametersView:116 -                Rank 2 : false
2026-08-08 14:56:56,693 [INFO] ADCParametersView:116 -                Rank 1 : true
2026-08-08 14:56:56,693 [INFO] ADCParametersView:116 -                Rank 2 : false
2026-08-08 14:56:56,693 [INFO] ADCParametersView:116 -                Rank 3 : false
2026-08-08 14:57:00,056 [INFO] ADCParametersView:116 -                Rank 1 : true
2026-08-08 14:57:00,056 [INFO] ADCParametersView:116 -                Rank 2 : true
2026-08-08 14:57:00,056 [INFO] ADCParametersView:116 -                Rank 3 : false
2026-08-08 14:57:05,596 [INFO] NvicIntPanel:101 - NVIC parent = com.st.microxplorer.plugins.ip.nvic.MultiNvicIntPanel[,0,0,0x0,invalid,layout=javax.swing.BoxLayout,alignmentX=0.0,alignmentY=0.0,border=,flags=9,maximumSize=,minimumSize=,preferredSize=]
2026-08-08 14:57:05,625 [INFO] ADCParametersView:116 -                Rank 1 : true
2026-08-08 14:57:05,626 [INFO] ADCParametersView:116 -                Rank 2 : true
2026-08-08 14:57:05,626 [INFO] ADCParametersView:116 -                Rank 3 : false
2026-08-08 14:57:05,627 [INFO] ADCParametersView:116 -                Rank 1 : true
2026-08-08 14:57:05,627 [INFO] ADCParametersView:116 -                Rank 2 : true
2026-08-08 14:57:05,627 [INFO] ADCParametersView:116 -                Rank 3 : false
2026-08-08 14:57:05,627 [INFO] ADCParametersView:116 -                Rank 1 : true
2026-08-08 14:57:05,627 [INFO] ADCParametersView:116 -                Rank 2 : true
2026-08-08 14:57:05,627 [INFO] ADCParametersView:116 -                Rank 3 : false
2026-08-08 14:57:05,627 [INFO] ADCParametersView:116 -                Rank 1 : true
2026-08-08 14:57:05,627 [INFO] ADCParametersView:116 -                Rank 2 : true
2026-08-08 14:57:05,627 [INFO] ADCParametersView:116 -                Rank 3 : false
2026-08-08 14:57:05,627 [INFO] ADCParametersView:116 -                Rank 1 : true
2026-08-08 14:57:05,627 [INFO] ADCParametersView:116 -                Rank 2 : true
2026-08-08 14:57:05,627 [INFO] ADCParametersView:116 -                Rank 3 : false
2026-08-08 14:57:05,627 [INFO] ADCParametersView:116 -                Rank 1 : true
2026-08-08 14:57:05,627 [INFO] ADCParametersView:116 -                Rank 2 : true
2026-08-08 14:57:05,627 [INFO] ADCParametersView:116 -                Rank 3 : false
2026-08-08 14:57:05,627 [INFO] ADCParametersView:116 -                Rank 1 : true
2026-08-08 14:57:05,627 [INFO] ADCParametersView:116 -                Rank 2 : true
2026-08-08 14:57:05,627 [INFO] ADCParametersView:116 -                Rank 3 : false
2026-08-08 14:57:05,627 [INFO] ADCParametersView:116 -                Rank 1 : true
2026-08-08 14:57:05,627 [INFO] ADCParametersView:116 -                Rank 2 : true
2026-08-08 14:57:05,627 [INFO] ADCParametersView:116 -                Rank 3 : false
2026-08-08 14:57:05,627 [INFO] ADCParametersView:116 -                Rank 1 : true
2026-08-08 14:57:05,627 [INFO] ADCParametersView:116 -                Rank 2 : true
2026-08-08 14:57:05,627 [INFO] ADCParametersView:116 -                Rank 3 : false
2026-08-08 14:57:05,627 [INFO] ADCParametersView:116 -                Rank 1 : true
2026-08-08 14:57:05,627 [INFO] ADCParametersView:116 -                Rank 2 : true
2026-08-08 14:57:05,627 [INFO] ADCParametersView:116 -                Rank 3 : false
2026-08-08 14:57:05,627 [INFO] ADCParametersView:116 -                Rank 1 : true
2026-08-08 14:57:05,627 [INFO] ADCParametersView:116 -                Rank 2 : true
2026-08-08 14:57:05,627 [INFO] ADCParametersView:116 -                Rank 3 : false
2026-08-08 14:57:05,627 [INFO] ADCParametersView:116 -                Rank 1 : true
2026-08-08 14:57:05,627 [INFO] ADCParametersView:116 -                Rank 2 : true
2026-08-08 14:57:05,627 [INFO] ADCParametersView:116 -                Rank 3 : false
2026-08-08 14:57:05,627 [INFO] ADCParametersView:116 -                Rank 1 : true
2026-08-08 14:57:05,628 [INFO] ADCParametersView:116 -                Rank 2 : true
2026-08-08 14:57:05,628 [INFO] ADCParametersView:116 -                Rank 3 : false
2026-08-08 14:57:05,628 [INFO] ADCParametersView:116 -                Rank 1 : true
2026-08-08 14:57:05,628 [INFO] ADCParametersView:116 -                Rank 2 : true
2026-08-08 14:57:05,628 [INFO] ADCParametersView:116 -                Rank 3 : false
2026-08-08 14:57:05,628 [INFO] ADCParametersView:116 -                Rank 1 : true
2026-08-08 14:57:05,628 [INFO] ADCParametersView:116 -                Rank 2 : true
2026-08-08 14:57:05,628 [INFO] ADCParametersView:116 -                Rank 3 : false
2026-08-08 14:57:05,628 [INFO] ADCParametersView:116 -                Rank 1 : true
2026-08-08 14:57:05,628 [INFO] ADCParametersView:116 -                Rank 2 : true
2026-08-08 14:57:05,628 [INFO] ADCParametersView:116 -                Rank 3 : false
2026-08-08 14:57:05,628 [INFO] ADCParametersView:116 -                Rank 1 : true
2026-08-08 14:57:05,628 [INFO] ADCParametersView:116 -                Rank 2 : true
2026-08-08 14:57:05,628 [INFO] ADCParametersView:116 -                Rank 3 : false
2026-08-08 14:57:05,628 [INFO] ADCParametersView:116 -                Rank 1 : true
2026-08-08 14:57:05,628 [INFO] ADCParametersView:116 -                Rank 2 : true
2026-08-08 14:57:05,628 [INFO] ADCParametersView:116 -                Rank 3 : false
2026-08-08 14:57:05,628 [INFO] ADCParametersView:116 -                Rank 1 : true
2026-08-08 14:57:05,628 [INFO] ADCParametersView:116 -                Rank 2 : true
2026-08-08 14:57:05,628 [INFO] ADCParametersView:116 -                Rank 3 : false
2026-08-08 14:57:05,628 [INFO] ADCParametersView:116 -                Rank 1 : true
2026-08-08 14:57:05,628 [INFO] ADCParametersView:116 -                Rank 2 : true
2026-08-08 14:57:05,628 [INFO] ADCParametersView:116 -                Rank 3 : false
2026-08-08 14:57:05,628 [INFO] ADCParametersView:116 -                Rank 2 : true
2026-08-08 14:57:05,628 [INFO] ADCParametersView:116 -                Rank 3 : false
2026-08-08 14:57:05,628 [INFO] ADCParametersView:116 -                Rank 3 : false
2026-08-08 14:57:05,654 [INFO] ADCParametersView:116 -                Rank 1 : true
2026-08-08 14:57:05,654 [INFO] ADCParametersView:116 -                Rank 1 : true
2026-08-08 14:57:05,654 [INFO] ADCParametersView:116 -                Rank 2 : true
2026-08-08 14:57:05,654 [INFO] ADCParametersView:116 -                Rank 1 : true
2026-08-08 14:57:05,654 [INFO] ADCParametersView:116 -                Rank 2 : true
2026-08-08 14:57:05,654 [INFO] ADCParametersView:116 -                Rank 3 : false
2026-08-08 14:57:07,673 [INFO] ADCParametersView:116 -                Rank 1 : true
2026-08-08 14:57:07,673 [INFO] ADCParametersView:116 -                Rank 2 : true
2026-08-08 14:57:07,673 [INFO] ADCParametersView:116 -                Rank 3 : true
2026-08-08 14:57:12,002 [INFO] NvicIntPanel:101 - NVIC parent = com.st.microxplorer.plugins.ip.nvic.MultiNvicIntPanel[,0,0,0x0,invalid,layout=javax.swing.BoxLayout,alignmentX=0.0,alignmentY=0.0,border=,flags=9,maximumSize=,minimumSize=,preferredSize=]
2026-08-08 14:57:12,024 [INFO] ADCParametersView:116 -                Rank 1 : true
2026-08-08 14:57:12,024 [INFO] ADCParametersView:116 -                Rank 2 : true
2026-08-08 14:57:12,024 [INFO] ADCParametersView:116 -                Rank 3 : true
2026-08-08 14:57:12,026 [INFO] ADCParametersView:116 -                Rank 1 : true
2026-08-08 14:57:12,026 [INFO] ADCParametersView:116 -                Rank 2 : true
2026-08-08 14:57:12,026 [INFO] ADCParametersView:116 -                Rank 3 : true
2026-08-08 14:57:12,026 [INFO] ADCParametersView:116 -                Rank 1 : true
2026-08-08 14:57:12,026 [INFO] ADCParametersView:116 -                Rank 2 : true
2026-08-08 14:57:12,026 [INFO] ADCParametersView:116 -                Rank 3 : true
2026-08-08 14:57:12,026 [INFO] ADCParametersView:116 -                Rank 1 : true
2026-08-08 14:57:12,026 [INFO] ADCParametersView:116 -                Rank 2 : true
2026-08-08 14:57:12,026 [INFO] ADCParametersView:116 -                Rank 3 : true
2026-08-08 14:57:12,026 [INFO] ADCParametersView:116 -                Rank 1 : true
2026-08-08 14:57:12,026 [INFO] ADCParametersView:116 -                Rank 2 : true
2026-08-08 14:57:12,026 [INFO] ADCParametersView:116 -                Rank 3 : true
2026-08-08 14:57:12,026 [INFO] ADCParametersView:116 -                Rank 1 : true
2026-08-08 14:57:12,026 [INFO] ADCParametersView:116 -                Rank 2 : true
2026-08-08 14:57:12,026 [INFO] ADCParametersView:116 -                Rank 3 : true
2026-08-08 14:57:12,026 [INFO] ADCParametersView:116 -                Rank 1 : true
2026-08-08 14:57:12,026 [INFO] ADCParametersView:116 -                Rank 2 : true
2026-08-08 14:57:12,026 [INFO] ADCParametersView:116 -                Rank 3 : true
2026-08-08 14:57:12,026 [INFO] ADCParametersView:116 -                Rank 1 : true
2026-08-08 14:57:12,026 [INFO] ADCParametersView:116 -                Rank 2 : true
2026-08-08 14:57:12,026 [INFO] ADCParametersView:116 -                Rank 3 : true
2026-08-08 14:57:12,027 [INFO] ADCParametersView:116 -                Rank 1 : true
2026-08-08 14:57:12,027 [INFO] ADCParametersView:116 -                Rank 2 : true
2026-08-08 14:57:12,027 [INFO] ADCParametersView:116 -                Rank 3 : true
2026-08-08 14:57:12,027 [INFO] ADCParametersView:116 -                Rank 1 : true
2026-08-08 14:57:12,027 [INFO] ADCParametersView:116 -                Rank 2 : true
2026-08-08 14:57:12,027 [INFO] ADCParametersView:116 -                Rank 3 : true
2026-08-08 14:57:12,027 [INFO] ADCParametersView:116 -                Rank 1 : true
2026-08-08 14:57:12,027 [INFO] ADCParametersView:116 -                Rank 2 : true
2026-08-08 14:57:12,027 [INFO] ADCParametersView:116 -                Rank 3 : true
2026-08-08 14:57:12,027 [INFO] ADCParametersView:116 -                Rank 1 : true
2026-08-08 14:57:12,027 [INFO] ADCParametersView:116 -                Rank 2 : true
2026-08-08 14:57:12,027 [INFO] ADCParametersView:116 -                Rank 3 : true
2026-08-08 14:57:12,027 [INFO] ADCParametersView:116 -                Rank 1 : true
2026-08-08 14:57:12,027 [INFO] ADCParametersView:116 -                Rank 2 : true
2026-08-08 14:57:12,027 [INFO] ADCParametersView:116 -                Rank 3 : true
2026-08-08 14:57:12,027 [INFO] ADCParametersView:116 -                Rank 1 : true
2026-08-08 14:57:12,027 [INFO] ADCParametersView:116 -                Rank 2 : true
2026-08-08 14:57:12,027 [INFO] ADCParametersView:116 -                Rank 3 : true
2026-08-08 14:57:12,027 [INFO] ADCParametersView:116 -                Rank 1 : true
2026-08-08 14:57:12,027 [INFO] ADCParametersView:116 -                Rank 2 : true
2026-08-08 14:57:12,027 [INFO] ADCParametersView:116 -                Rank 3 : true
2026-08-08 14:57:12,027 [INFO] ADCParametersView:116 -                Rank 1 : true
2026-08-08 14:57:12,027 [INFO] ADCParametersView:116 -                Rank 2 : true
2026-08-08 14:57:12,027 [INFO] ADCParametersView:116 -                Rank 3 : true
2026-08-08 14:57:12,027 [INFO] ADCParametersView:116 -                Rank 1 : true
2026-08-08 14:57:12,027 [INFO] ADCParametersView:116 -                Rank 2 : true
2026-08-08 14:57:12,027 [INFO] ADCParametersView:116 -                Rank 3 : true
2026-08-08 14:57:12,027 [INFO] ADCParametersView:116 -                Rank 1 : true
2026-08-08 14:57:12,027 [INFO] ADCParametersView:116 -                Rank 2 : true
2026-08-08 14:57:12,027 [INFO] ADCParametersView:116 -                Rank 3 : true
2026-08-08 14:57:12,027 [INFO] ADCParametersView:116 -                Rank 1 : true
2026-08-08 14:57:12,027 [INFO] ADCParametersView:116 -                Rank 2 : true
2026-08-08 14:57:12,027 [INFO] ADCParametersView:116 -                Rank 3 : true
2026-08-08 14:57:12,027 [INFO] ADCParametersView:116 -                Rank 1 : true
2026-08-08 14:57:12,027 [INFO] ADCParametersView:116 -                Rank 2 : true
2026-08-08 14:57:12,027 [INFO] ADCParametersView:116 -                Rank 3 : true
2026-08-08 14:57:12,027 [INFO] ADCParametersView:116 -                Rank 2 : true
2026-08-08 14:57:12,027 [INFO] ADCParametersView:116 -                Rank 3 : true
2026-08-08 14:57:12,027 [INFO] ADCParametersView:116 -                Rank 3 : true
2026-08-08 14:57:12,046 [INFO] ADCParametersView:116 -                Rank 1 : true
2026-08-08 14:57:12,046 [INFO] ADCParametersView:116 -                Rank 1 : true
2026-08-08 14:57:12,046 [INFO] ADCParametersView:116 -                Rank 2 : true
2026-08-08 14:57:12,047 [INFO] ADCParametersView:116 -                Rank 1 : true
2026-08-08 14:57:12,047 [INFO] ADCParametersView:116 -                Rank 2 : true
2026-08-08 14:57:12,047 [INFO] ADCParametersView:116 -                Rank 3 : true
2026-08-08 14:57:14,404 [INFO] UtilMem:75 - End SaveConfig() Used Memory: 661524704 Bytes (851443712)
2026-08-08 14:57:15,574 [INFO] UtilMem:75 - End SaveConfig() Used Memory: 715002080 Bytes (851443712)
2026-08-08 14:57:16,664 [INFO] UtilMem:75 - End SaveConfig() Used Memory: 772147424 Bytes (851443712)
2026-08-08 14:57:16,751 [INFO] BlockDiagram:2775 - set Specific Code input for plugin: SPI
2026-08-08 14:57:16,751 [INFO] BlockDiagram:2775 - set Specific Code input for plugin: TIM6_7L4
2026-08-08 14:57:16,751 [INFO] BlockDiagram:2775 - set Specific Code input for plugin: TIM1_8L4
2026-08-08 14:57:16,751 [INFO] BlockDiagram:2775 - set Specific Code input for plugin: SYS
2026-08-08 14:57:16,751 [INFO] BlockDiagram:2775 - set Specific Code input for plugin: ADC
2026-08-08 14:57:16,751 [INFO] BlockDiagram:2775 - set Specific Code input for plugin: RCC
2026-08-08 14:57:16,751 [INFO] BlockDiagram:2775 - set Specific Code input for plugin: NVIC
2026-08-08 14:57:16,751 [INFO] BlockDiagram:2775 - set Specific Code input for plugin: USART
2026-08-08 14:57:16,751 [INFO] BlockDiagram:2775 - set Specific Code input for plugin: DMA
2026-08-08 14:57:16,751 [INFO] BlockDiagram:2775 - set Specific Code input for plugin: GPIO
2026-08-08 14:57:16,751 [INFO] CodeGenerator:882 - code generatio: config db path: C:\ST\STM32CubeIDE_1.18.1\STM32CubeIDE\plugins\com.st.stm32cube.common.mx_6.14.1.202504091515\\db\
2026-08-08 14:57:16,756 [INFO] Argument:325 - Argument : hdmavalue: null
2026-08-08 14:57:16,756 [INFO] Argument:327 - 	 sub Args: 
2026-08-08 14:57:16,756 [INFO] Argument:325 - Argument : Instancevalue: DMA1_Channel1
2026-08-08 14:57:16,756 [INFO] Argument:335 - Argument : Instancevalue: DMA1_Channel1
2026-08-08 14:57:16,756 [INFO] Argument:325 - Argument : Initvalue: null
2026-08-08 14:57:16,756 [INFO] Argument:327 - 	 sub Args: 
2026-08-08 14:57:16,756 [INFO] Argument:325 - Argument : Requestvalue: DMA_REQUEST_0
2026-08-08 14:57:16,756 [INFO] Argument:335 - Argument : Requestvalue: DMA_REQUEST_0
2026-08-08 14:57:16,756 [INFO] Argument:325 - Argument : Directionvalue: DMA_PERIPH_TO_MEMORY
2026-08-08 14:57:16,756 [INFO] Argument:335 - Argument : Directionvalue: DMA_PERIPH_TO_MEMORY
2026-08-08 14:57:16,756 [INFO] Argument:325 - Argument : PeriphIncvalue: DMA_PINC_DISABLE
2026-08-08 14:57:16,756 [INFO] Argument:335 - Argument : PeriphIncvalue: DMA_PINC_DISABLE
2026-08-08 14:57:16,756 [INFO] Argument:325 - Argument : MemIncvalue: DMA_MINC_ENABLE
2026-08-08 14:57:16,756 [INFO] Argument:335 - Argument : MemIncvalue: DMA_MINC_ENABLE
2026-08-08 14:57:16,756 [INFO] Argument:325 - Argument : PeriphDataAlignmentvalue: DMA_PDATAALIGN_HALFWORD
2026-08-08 14:57:16,756 [INFO] Argument:335 - Argument : PeriphDataAlignmentvalue: DMA_PDATAALIGN_HALFWORD
2026-08-08 14:57:16,756 [INFO] Argument:325 - Argument : MemDataAlignmentvalue: DMA_MDATAALIGN_HALFWORD
2026-08-08 14:57:16,756 [INFO] Argument:335 - Argument : MemDataAlignmentvalue: DMA_MDATAALIGN_HALFWORD
2026-08-08 14:57:16,756 [INFO] Argument:325 - Argument : Modevalue: DMA_NORMAL
2026-08-08 14:57:16,756 [INFO] Argument:335 - Argument : Modevalue: DMA_NORMAL
2026-08-08 14:57:16,756 [INFO] Argument:325 - Argument : Priorityvalue: DMA_PRIORITY_LOW
2026-08-08 14:57:16,756 [INFO] Argument:335 - Argument : Priorityvalue: DMA_PRIORITY_LOW
2026-08-08 14:57:16,756 [INFO] Argument:325 - Argument : Lockvalue: null
2026-08-08 14:57:16,756 [INFO] Argument:335 - Argument : Lockvalue: null
2026-08-08 14:57:16,756 [INFO] Argument:325 - Argument : Statevalue: null
2026-08-08 14:57:16,756 [INFO] Argument:335 - Argument : Statevalue: null
2026-08-08 14:57:16,756 [INFO] Argument:325 - Argument : Parentvalue: null
2026-08-08 14:57:16,756 [INFO] Argument:335 - Argument : Parentvalue: null
2026-08-08 14:57:16,756 [INFO] Argument:325 - Argument : XferCpltCallbackvalue: null
2026-08-08 14:57:16,756 [INFO] Argument:335 - Argument : XferCpltCallbackvalue: null
2026-08-08 14:57:16,756 [INFO] Argument:325 - Argument : XferHalfCpltCallbackvalue: null
2026-08-08 14:57:16,756 [INFO] Argument:335 - Argument : XferHalfCpltCallbackvalue: null
2026-08-08 14:57:16,756 [INFO] Argument:325 - Argument : XferErrorCallbackvalue: null
2026-08-08 14:57:16,756 [INFO] Argument:335 - Argument : XferErrorCallbackvalue: null
2026-08-08 14:57:16,756 [INFO] Argument:325 - Argument : XferAbortCallbackvalue: null
2026-08-08 14:57:16,756 [INFO] Argument:335 - Argument : XferAbortCallbackvalue: null
2026-08-08 14:57:16,756 [INFO] Argument:325 - Argument : ErrorCodevalue: null
2026-08-08 14:57:16,756 [INFO] Argument:335 - Argument : ErrorCodevalue: null
2026-08-08 14:57:16,756 [INFO] Argument:325 - Argument : DmaBaseAddressvalue: null
2026-08-08 14:57:16,756 [INFO] Argument:335 - Argument : DmaBaseAddressvalue: null
2026-08-08 14:57:16,756 [INFO] Argument:325 - Argument : ChannelIndexvalue: null
2026-08-08 14:57:16,756 [INFO] Argument:335 - Argument : ChannelIndexvalue: null
2026-08-08 14:57:16,756 [INFO] Argument:325 - Argument : hdmavalue: null
2026-08-08 14:57:16,756 [INFO] Argument:327 - 	 sub Args: 
2026-08-08 14:57:16,756 [INFO] Argument:325 - Argument : Instancevalue: DMA1_Channel1
2026-08-08 14:57:16,756 [INFO] Argument:335 - Argument : Instancevalue: DMA1_Channel1
2026-08-08 14:57:16,756 [INFO] Argument:325 - Argument : Initvalue: null
2026-08-08 14:57:16,756 [INFO] Argument:327 - 	 sub Args: 
2026-08-08 14:57:16,756 [INFO] Argument:325 - Argument : Requestvalue: DMA_REQUEST_0
2026-08-08 14:57:16,756 [INFO] Argument:335 - Argument : Requestvalue: DMA_REQUEST_0
2026-08-08 14:57:16,756 [INFO] Argument:325 - Argument : Directionvalue: DMA_PERIPH_TO_MEMORY
2026-08-08 14:57:16,756 [INFO] Argument:335 - Argument : Directionvalue: DMA_PERIPH_TO_MEMORY
2026-08-08 14:57:16,757 [INFO] Argument:325 - Argument : PeriphIncvalue: DMA_PINC_DISABLE
2026-08-08 14:57:16,757 [INFO] Argument:335 - Argument : PeriphIncvalue: DMA_PINC_DISABLE
2026-08-08 14:57:16,757 [INFO] Argument:325 - Argument : MemIncvalue: DMA_MINC_ENABLE
2026-08-08 14:57:16,757 [INFO] Argument:335 - Argument : MemIncvalue: DMA_MINC_ENABLE
2026-08-08 14:57:16,757 [INFO] Argument:325 - Argument : PeriphDataAlignmentvalue: DMA_PDATAALIGN_HALFWORD
2026-08-08 14:57:16,757 [INFO] Argument:335 - Argument : PeriphDataAlignmentvalue: DMA_PDATAALIGN_HALFWORD
2026-08-08 14:57:16,757 [INFO] Argument:325 - Argument : MemDataAlignmentvalue: DMA_MDATAALIGN_HALFWORD
2026-08-08 14:57:16,757 [INFO] Argument:335 - Argument : MemDataAlignmentvalue: DMA_MDATAALIGN_HALFWORD
2026-08-08 14:57:16,757 [INFO] Argument:325 - Argument : Modevalue: DMA_NORMAL
2026-08-08 14:57:16,757 [INFO] Argument:335 - Argument : Modevalue: DMA_NORMAL
2026-08-08 14:57:16,757 [INFO] Argument:325 - Argument : Priorityvalue: DMA_PRIORITY_LOW
2026-08-08 14:57:16,757 [INFO] Argument:335 - Argument : Priorityvalue: DMA_PRIORITY_LOW
2026-08-08 14:57:16,757 [INFO] Argument:325 - Argument : Lockvalue: null
2026-08-08 14:57:16,757 [INFO] Argument:335 - Argument : Lockvalue: null
2026-08-08 14:57:16,757 [INFO] Argument:325 - Argument : Statevalue: null
2026-08-08 14:57:16,757 [INFO] Argument:335 - Argument : Statevalue: null
2026-08-08 14:57:16,757 [INFO] Argument:325 - Argument : Parentvalue: null
2026-08-08 14:57:16,757 [INFO] Argument:335 - Argument : Parentvalue: null
2026-08-08 14:57:16,757 [INFO] Argument:325 - Argument : XferCpltCallbackvalue: null
2026-08-08 14:57:16,757 [INFO] Argument:335 - Argument : XferCpltCallbackvalue: null
2026-08-08 14:57:16,757 [INFO] Argument:325 - Argument : XferHalfCpltCallbackvalue: null
2026-08-08 14:57:16,757 [INFO] Argument:335 - Argument : XferHalfCpltCallbackvalue: null
2026-08-08 14:57:16,757 [INFO] Argument:325 - Argument : XferErrorCallbackvalue: null
2026-08-08 14:57:16,757 [INFO] Argument:335 - Argument : XferErrorCallbackvalue: null
2026-08-08 14:57:16,757 [INFO] Argument:325 - Argument : XferAbortCallbackvalue: null
2026-08-08 14:57:16,757 [INFO] Argument:335 - Argument : XferAbortCallbackvalue: null
2026-08-08 14:57:16,757 [INFO] Argument:325 - Argument : ErrorCodevalue: null
2026-08-08 14:57:16,757 [INFO] Argument:335 - Argument : ErrorCodevalue: null
2026-08-08 14:57:16,757 [INFO] Argument:325 - Argument : DmaBaseAddressvalue: null
2026-08-08 14:57:16,757 [INFO] Argument:335 - Argument : DmaBaseAddressvalue: null
2026-08-08 14:57:16,757 [INFO] Argument:325 - Argument : ChannelIndexvalue: null
2026-08-08 14:57:16,757 [INFO] Argument:335 - Argument : ChannelIndexvalue: null
2026-08-08 14:57:16,757 [INFO] Argument:325 - Argument : pSyncConfigvalue: null
2026-08-08 14:57:16,757 [INFO] Argument:327 - 	 sub Args: 
2026-08-08 14:57:16,757 [INFO] Argument:325 - Argument : SyncSignalIDvalue: null
2026-08-08 14:57:16,757 [INFO] Argument:335 - Argument : SyncSignalIDvalue: null
2026-08-08 14:57:16,757 [INFO] Argument:325 - Argument : SyncPolarityvalue: null
2026-08-08 14:57:16,757 [INFO] Argument:335 - Argument : SyncPolarityvalue: null
2026-08-08 14:57:16,757 [INFO] Argument:325 - Argument : SyncEnablevalue: null
2026-08-08 14:57:16,757 [INFO] Argument:335 - Argument : SyncEnablevalue: null
2026-08-08 14:57:16,757 [INFO] Argument:325 - Argument : EventEnablevalue: null
2026-08-08 14:57:16,757 [INFO] Argument:335 - Argument : EventEnablevalue: null
2026-08-08 14:57:16,757 [INFO] Argument:325 - Argument : RequestNumbervalue: null
2026-08-08 14:57:16,757 [INFO] Argument:335 - Argument : RequestNumbervalue: null
2026-08-08 14:57:16,767 [INFO] Argument:325 - Argument : hdmavalue: null
2026-08-08 14:57:16,767 [INFO] Argument:327 - 	 sub Args: 
2026-08-08 14:57:16,767 [INFO] Argument:325 - Argument : Instancevalue: DMA1_Channel3
2026-08-08 14:57:16,767 [INFO] Argument:335 - Argument : Instancevalue: DMA1_Channel3
2026-08-08 14:57:16,767 [INFO] Argument:325 - Argument : Initvalue: null
2026-08-08 14:57:16,767 [INFO] Argument:327 - 	 sub Args: 
2026-08-08 14:57:16,767 [INFO] Argument:325 - Argument : Requestvalue: DMA_REQUEST_1
2026-08-08 14:57:16,767 [INFO] Argument:335 - Argument : Requestvalue: DMA_REQUEST_1
2026-08-08 14:57:16,767 [INFO] Argument:325 - Argument : Directionvalue: DMA_MEMORY_TO_PERIPH
2026-08-08 14:57:16,767 [INFO] Argument:335 - Argument : Directionvalue: DMA_MEMORY_TO_PERIPH
2026-08-08 14:57:16,767 [INFO] Argument:325 - Argument : PeriphIncvalue: DMA_PINC_DISABLE
2026-08-08 14:57:16,767 [INFO] Argument:335 - Argument : PeriphIncvalue: DMA_PINC_DISABLE
2026-08-08 14:57:16,767 [INFO] Argument:325 - Argument : MemIncvalue: DMA_MINC_ENABLE
2026-08-08 14:57:16,767 [INFO] Argument:335 - Argument : MemIncvalue: DMA_MINC_ENABLE
2026-08-08 14:57:16,767 [INFO] Argument:325 - Argument : PeriphDataAlignmentvalue: DMA_PDATAALIGN_HALFWORD
2026-08-08 14:57:16,767 [INFO] Argument:335 - Argument : PeriphDataAlignmentvalue: DMA_PDATAALIGN_HALFWORD
2026-08-08 14:57:16,767 [INFO] Argument:325 - Argument : MemDataAlignmentvalue: DMA_MDATAALIGN_HALFWORD
2026-08-08 14:57:16,767 [INFO] Argument:335 - Argument : MemDataAlignmentvalue: DMA_MDATAALIGN_HALFWORD
2026-08-08 14:57:16,767 [INFO] Argument:325 - Argument : Modevalue: DMA_CIRCULAR
2026-08-08 14:57:16,767 [INFO] Argument:335 - Argument : Modevalue: DMA_CIRCULAR
2026-08-08 14:57:16,767 [INFO] Argument:325 - Argument : Priorityvalue: DMA_PRIORITY_LOW
2026-08-08 14:57:16,767 [INFO] Argument:335 - Argument : Priorityvalue: DMA_PRIORITY_LOW
2026-08-08 14:57:16,767 [INFO] Argument:325 - Argument : Lockvalue: null
2026-08-08 14:57:16,767 [INFO] Argument:335 - Argument : Lockvalue: null
2026-08-08 14:57:16,767 [INFO] Argument:325 - Argument : Statevalue: null
2026-08-08 14:57:16,767 [INFO] Argument:335 - Argument : Statevalue: null
2026-08-08 14:57:16,767 [INFO] Argument:325 - Argument : Parentvalue: null
2026-08-08 14:57:16,767 [INFO] Argument:335 - Argument : Parentvalue: null
2026-08-08 14:57:16,768 [INFO] Argument:325 - Argument : XferCpltCallbackvalue: null
2026-08-08 14:57:16,768 [INFO] Argument:335 - Argument : XferCpltCallbackvalue: null
2026-08-08 14:57:16,768 [INFO] Argument:325 - Argument : XferHalfCpltCallbackvalue: null
2026-08-08 14:57:16,768 [INFO] Argument:335 - Argument : XferHalfCpltCallbackvalue: null
2026-08-08 14:57:16,768 [INFO] Argument:325 - Argument : XferErrorCallbackvalue: null
2026-08-08 14:57:16,768 [INFO] Argument:335 - Argument : XferErrorCallbackvalue: null
2026-08-08 14:57:16,768 [INFO] Argument:325 - Argument : XferAbortCallbackvalue: null
2026-08-08 14:57:16,768 [INFO] Argument:335 - Argument : XferAbortCallbackvalue: null
2026-08-08 14:57:16,768 [INFO] Argument:325 - Argument : ErrorCodevalue: null
2026-08-08 14:57:16,768 [INFO] Argument:335 - Argument : ErrorCodevalue: null
2026-08-08 14:57:16,768 [INFO] Argument:325 - Argument : DmaBaseAddressvalue: null
2026-08-08 14:57:16,768 [INFO] Argument:335 - Argument : DmaBaseAddressvalue: null
2026-08-08 14:57:16,768 [INFO] Argument:325 - Argument : ChannelIndexvalue: null
2026-08-08 14:57:16,768 [INFO] Argument:335 - Argument : ChannelIndexvalue: null
2026-08-08 14:57:16,768 [INFO] Argument:325 - Argument : hdmavalue: null
2026-08-08 14:57:16,768 [INFO] Argument:327 - 	 sub Args: 
2026-08-08 14:57:16,768 [INFO] Argument:325 - Argument : Instancevalue: DMA1_Channel3
2026-08-08 14:57:16,768 [INFO] Argument:335 - Argument : Instancevalue: DMA1_Channel3
2026-08-08 14:57:16,768 [INFO] Argument:325 - Argument : Initvalue: null
2026-08-08 14:57:16,768 [INFO] Argument:327 - 	 sub Args: 
2026-08-08 14:57:16,768 [INFO] Argument:325 - Argument : Requestvalue: DMA_REQUEST_1
2026-08-08 14:57:16,768 [INFO] Argument:335 - Argument : Requestvalue: DMA_REQUEST_1
2026-08-08 14:57:16,768 [INFO] Argument:325 - Argument : Directionvalue: DMA_MEMORY_TO_PERIPH
2026-08-08 14:57:16,768 [INFO] Argument:335 - Argument : Directionvalue: DMA_MEMORY_TO_PERIPH
2026-08-08 14:57:16,768 [INFO] Argument:325 - Argument : PeriphIncvalue: DMA_PINC_DISABLE
2026-08-08 14:57:16,768 [INFO] Argument:335 - Argument : PeriphIncvalue: DMA_PINC_DISABLE
2026-08-08 14:57:16,768 [INFO] Argument:325 - Argument : MemIncvalue: DMA_MINC_ENABLE
2026-08-08 14:57:16,768 [INFO] Argument:335 - Argument : MemIncvalue: DMA_MINC_ENABLE
2026-08-08 14:57:16,768 [INFO] Argument:325 - Argument : PeriphDataAlignmentvalue: DMA_PDATAALIGN_HALFWORD
2026-08-08 14:57:16,768 [INFO] Argument:335 - Argument : PeriphDataAlignmentvalue: DMA_PDATAALIGN_HALFWORD
2026-08-08 14:57:16,768 [INFO] Argument:325 - Argument : MemDataAlignmentvalue: DMA_MDATAALIGN_HALFWORD
2026-08-08 14:57:16,768 [INFO] Argument:335 - Argument : MemDataAlignmentvalue: DMA_MDATAALIGN_HALFWORD
2026-08-08 14:57:16,768 [INFO] Argument:325 - Argument : Modevalue: DMA_CIRCULAR
2026-08-08 14:57:16,768 [INFO] Argument:335 - Argument : Modevalue: DMA_CIRCULAR
2026-08-08 14:57:16,768 [INFO] Argument:325 - Argument : Priorityvalue: DMA_PRIORITY_LOW
2026-08-08 14:57:16,768 [INFO] Argument:335 - Argument : Priorityvalue: DMA_PRIORITY_LOW
2026-08-08 14:57:16,768 [INFO] Argument:325 - Argument : Lockvalue: null
2026-08-08 14:57:16,768 [INFO] Argument:335 - Argument : Lockvalue: null
2026-08-08 14:57:16,768 [INFO] Argument:325 - Argument : Statevalue: null
2026-08-08 14:57:16,768 [INFO] Argument:335 - Argument : Statevalue: null
2026-08-08 14:57:16,768 [INFO] Argument:325 - Argument : Parentvalue: null
2026-08-08 14:57:16,768 [INFO] Argument:335 - Argument : Parentvalue: null
2026-08-08 14:57:16,768 [INFO] Argument:325 - Argument : XferCpltCallbackvalue: null
2026-08-08 14:57:16,768 [INFO] Argument:335 - Argument : XferCpltCallbackvalue: null
2026-08-08 14:57:16,768 [INFO] Argument:325 - Argument : XferHalfCpltCallbackvalue: null
2026-08-08 14:57:16,768 [INFO] Argument:335 - Argument : XferHalfCpltCallbackvalue: null
2026-08-08 14:57:16,768 [INFO] Argument:325 - Argument : XferErrorCallbackvalue: null
2026-08-08 14:57:16,768 [INFO] Argument:335 - Argument : XferErrorCallbackvalue: null
2026-08-08 14:57:16,768 [INFO] Argument:325 - Argument : XferAbortCallbackvalue: null
2026-08-08 14:57:16,768 [INFO] Argument:335 - Argument : XferAbortCallbackvalue: null
2026-08-08 14:57:16,768 [INFO] Argument:325 - Argument : ErrorCodevalue: null
2026-08-08 14:57:16,768 [INFO] Argument:335 - Argument : ErrorCodevalue: null
2026-08-08 14:57:16,768 [INFO] Argument:325 - Argument : DmaBaseAddressvalue: null
2026-08-08 14:57:16,768 [INFO] Argument:335 - Argument : DmaBaseAddressvalue: null
2026-08-08 14:57:16,768 [INFO] Argument:325 - Argument : ChannelIndexvalue: null
2026-08-08 14:57:16,768 [INFO] Argument:335 - Argument : ChannelIndexvalue: null
2026-08-08 14:57:16,768 [INFO] Argument:325 - Argument : pSyncConfigvalue: null
2026-08-08 14:57:16,768 [INFO] Argument:327 - 	 sub Args: 
2026-08-08 14:57:16,768 [INFO] Argument:325 - Argument : SyncSignalIDvalue: null
2026-08-08 14:57:16,768 [INFO] Argument:335 - Argument : SyncSignalIDvalue: null
2026-08-08 14:57:16,768 [INFO] Argument:325 - Argument : SyncPolarityvalue: null
2026-08-08 14:57:16,768 [INFO] Argument:335 - Argument : SyncPolarityvalue: null
2026-08-08 14:57:16,768 [INFO] Argument:325 - Argument : SyncEnablevalue: null
2026-08-08 14:57:16,768 [INFO] Argument:335 - Argument : SyncEnablevalue: null
2026-08-08 14:57:16,768 [INFO] Argument:325 - Argument : EventEnablevalue: null
2026-08-08 14:57:16,768 [INFO] Argument:335 - Argument : EventEnablevalue: null
2026-08-08 14:57:16,768 [INFO] Argument:325 - Argument : RequestNumbervalue: null
2026-08-08 14:57:16,768 [INFO] Argument:335 - Argument : RequestNumbervalue: null
2026-08-08 14:57:16,823 [INFO] CodeEngine:263 - oldGeneratedFile, C:\Users\German\Documents\equipo_medicion_ensayo_celdas\pruebas_eq_med_celdas\MXTmpFiles\license.tmp_save
2026-08-08 14:57:16,865 [INFO] CodeEngine:287 - Generated code: C:\Users\German\Documents\equipo_medicion_ensayo_celdas\pruebas_eq_med_celdas\MXTmpFiles\license.tmp
2026-08-08 14:57:16,907 [INFO] CodeEngine:263 - oldGeneratedFile, C:\Users\German\Documents\equipo_medicion_ensayo_celdas\pruebas_eq_med_celdas\MXTmpFiles\gpio.tmp_save
2026-08-08 14:57:16,961 [INFO] CodeEngine:287 - Generated code: C:\Users\German\Documents\equipo_medicion_ensayo_celdas\pruebas_eq_med_celdas\MXTmpFiles\gpio.tmp
2026-08-08 14:57:17,184 [INFO] CodeEngine:263 - oldGeneratedFile, C:\Users\German\Documents\equipo_medicion_ensayo_celdas\pruebas_eq_med_celdas\MXTmpFiles\dma.tmp_save
2026-08-08 14:57:17,217 [INFO] CodeEngine:287 - Generated code: C:\Users\German\Documents\equipo_medicion_ensayo_celdas\pruebas_eq_med_celdas\MXTmpFiles\dma.tmp
2026-08-08 14:57:17,219 [INFO] CodeEngine:263 - oldGeneratedFile, C:\Users\German\Documents\equipo_medicion_ensayo_celdas\pruebas_eq_med_celdas\MXTmpFiles\dma_GV.tmp_save
2026-08-08 14:57:17,250 [INFO] CodeEngine:287 - Generated code: C:\Users\German\Documents\equipo_medicion_ensayo_celdas\pruebas_eq_med_celdas\MXTmpFiles\dma_GV.tmp
2026-08-08 14:57:17,261 [INFO] CodeEngine:263 - oldGeneratedFile, C:\Users\German\Documents\equipo_medicion_ensayo_celdas\pruebas_eq_med_celdas\Core\Src\stm32l4xx_it.c_save
2026-08-08 14:57:17,311 [INFO] CodeEngine:287 - Generated code: C:\Users\German\Documents\equipo_medicion_ensayo_celdas\pruebas_eq_med_celdas\Core\Src\stm32l4xx_it.c
2026-08-08 14:57:17,314 [INFO] CodeEngine:263 - oldGeneratedFile, C:\Users\German\Documents\equipo_medicion_ensayo_celdas\pruebas_eq_med_celdas\Core\Inc\stm32l4xx_it.h_save
2026-08-08 14:57:17,348 [INFO] CodeEngine:287 - Generated code: C:\Users\German\Documents\equipo_medicion_ensayo_celdas\pruebas_eq_med_celdas\Core\Inc\stm32l4xx_it.h
2026-08-08 14:57:17,358 [INFO] CodeEngine:263 - oldGeneratedFile, C:\Users\German\Documents\equipo_medicion_ensayo_celdas\pruebas_eq_med_celdas\Core\Src\stm32l4xx_hal_msp.c_save
2026-08-08 14:57:17,414 [INFO] CodeEngine:287 - Generated code: C:\Users\German\Documents\equipo_medicion_ensayo_celdas\pruebas_eq_med_celdas\Core\Src\stm32l4xx_hal_msp.c
2026-08-08 14:57:17,418 [INFO] CodeEngine:263 - oldGeneratedFile, C:\Users\German\Documents\equipo_medicion_ensayo_celdas\pruebas_eq_med_celdas\MXTmpFiles\system.tmp_save
2026-08-08 14:57:17,450 [INFO] CodeEngine:287 - Generated code: C:\Users\German\Documents\equipo_medicion_ensayo_celdas\pruebas_eq_med_celdas\MXTmpFiles\system.tmp
2026-08-08 14:57:17,457 [INFO] CodeEngine:319 - oldGeneratedFile, C:\Users\German\Documents\equipo_medicion_ensayo_celdas\pruebas_eq_med_celdas\Core\Inc\stm32l4xx_hal_conf.h_save
2026-08-08 14:57:17,494 [INFO] CodeEngine:343 - Generated code: C:\Users\German\Documents\equipo_medicion_ensayo_celdas\pruebas_eq_med_celdas\Core\Inc\stm32l4xx_hal_conf.h
2026-08-08 14:57:17,507 [WARN] IPConfigManager:3790 - IP not found : TIM
2026-08-08 14:57:17,507 [WARN] CodeGenerator:4198 - IP not found : null
2026-08-08 14:57:17,511 [INFO] CodeEngine:263 - oldGeneratedFile, C:\Users\German\Documents\equipo_medicion_ensayo_celdas\pruebas_eq_med_celdas\Core\Inc\main.h_save
2026-08-08 14:57:17,547 [INFO] CodeEngine:287 - Generated code: C:\Users\German\Documents\equipo_medicion_ensayo_celdas\pruebas_eq_med_celdas\Core\Inc\main.h
2026-08-08 14:57:17,552 [INFO] CodeEngine:263 - oldGeneratedFile, C:\Users\German\Documents\equipo_medicion_ensayo_celdas\pruebas_eq_med_celdas\Core\Src\main.c_save
2026-08-08 14:57:17,619 [INFO] CodeEngine:287 - Generated code: C:\Users\German\Documents\equipo_medicion_ensayo_celdas\pruebas_eq_med_celdas\Core\Src\main.c
2026-08-08 14:57:17,809 [INFO] ProjectBuilder:3324 - Time for Copy HAL[1] : 101mS.
2026-08-08 14:57:17,811 [INFO] ProjectBuilder:4912 - Project Generator version: 4.6.0.1-B1
2026-08-08 14:57:17,855 [INFO] ConfigFileManager:1590 - The Die is : DIE415
2026-08-08 14:57:18,274 [INFO] ProjectBuilder:5191 - Time for Generating toolchain IDE Files: 463mS.
2026-08-08 14:57:18,274 [INFO] ProjectBuilder:3181 - Time for Copy CMSIS : 0mS.
2026-08-08 14:57:18,277 [INFO] ProjectBuilder:3181 - Time for Copy CMSIS : 0mS.
2026-08-08 15:02:09,430 [INFO] NvicIntPanel:101 - NVIC parent = com.st.microxplorer.plugins.ip.nvic.MultiNvicIntPanel[,0,0,0x0,invalid,layout=javax.swing.BoxLayout,alignmentX=0.0,alignmentY=0.0,border=,flags=9,maximumSize=,minimumSize=,preferredSize=]
2026-08-08 15:02:10,787 [INFO] UtilMem:75 - End SaveConfig() Used Memory: 545099952 Bytes (895483904)
2026-08-08 15:02:11,774 [INFO] UtilMem:75 - End SaveConfig() Used Memory: 578654384 Bytes (895483904)
2026-08-08 15:02:13,054 [INFO] UtilMem:75 - End SaveConfig() Used Memory: 638312456 Bytes (895483904)
2026-08-08 15:02:13,134 [INFO] BlockDiagram:2775 - set Specific Code input for plugin: SPI
2026-08-08 15:02:13,134 [INFO] BlockDiagram:2775 - set Specific Code input for plugin: TIM6_7L4
2026-08-08 15:02:13,134 [INFO] BlockDiagram:2775 - set Specific Code input for plugin: TIM1_8L4
2026-08-08 15:02:13,134 [INFO] BlockDiagram:2775 - set Specific Code input for plugin: SYS
2026-08-08 15:02:13,134 [INFO] BlockDiagram:2775 - set Specific Code input for plugin: ADC
2026-08-08 15:02:13,134 [INFO] BlockDiagram:2775 - set Specific Code input for plugin: RCC
2026-08-08 15:02:13,134 [INFO] BlockDiagram:2775 - set Specific Code input for plugin: NVIC
2026-08-08 15:02:13,134 [INFO] BlockDiagram:2775 - set Specific Code input for plugin: USART
2026-08-08 15:02:13,134 [INFO] BlockDiagram:2775 - set Specific Code input for plugin: DMA
2026-08-08 15:02:13,134 [INFO] BlockDiagram:2775 - set Specific Code input for plugin: GPIO
2026-08-08 15:02:13,135 [INFO] CodeGenerator:882 - code generatio: config db path: C:\ST\STM32CubeIDE_1.18.1\STM32CubeIDE\plugins\com.st.stm32cube.common.mx_6.14.1.202504091515\\db\
2026-08-08 15:02:13,139 [INFO] Argument:325 - Argument : hdmavalue: null
2026-08-08 15:02:13,139 [INFO] Argument:327 - 	 sub Args: 
2026-08-08 15:02:13,139 [INFO] Argument:325 - Argument : Instancevalue: DMA1_Channel1
2026-08-08 15:02:13,139 [INFO] Argument:335 - Argument : Instancevalue: DMA1_Channel1
2026-08-08 15:02:13,139 [INFO] Argument:325 - Argument : Initvalue: null
2026-08-08 15:02:13,139 [INFO] Argument:327 - 	 sub Args: 
2026-08-08 15:02:13,139 [INFO] Argument:325 - Argument : Requestvalue: DMA_REQUEST_0
2026-08-08 15:02:13,139 [INFO] Argument:335 - Argument : Requestvalue: DMA_REQUEST_0
2026-08-08 15:02:13,139 [INFO] Argument:325 - Argument : Directionvalue: DMA_PERIPH_TO_MEMORY
2026-08-08 15:02:13,139 [INFO] Argument:335 - Argument : Directionvalue: DMA_PERIPH_TO_MEMORY
2026-08-08 15:02:13,139 [INFO] Argument:325 - Argument : PeriphIncvalue: DMA_PINC_DISABLE
2026-08-08 15:02:13,139 [INFO] Argument:335 - Argument : PeriphIncvalue: DMA_PINC_DISABLE
2026-08-08 15:02:13,139 [INFO] Argument:325 - Argument : MemIncvalue: DMA_MINC_ENABLE
2026-08-08 15:02:13,139 [INFO] Argument:335 - Argument : MemIncvalue: DMA_MINC_ENABLE
2026-08-08 15:02:13,139 [INFO] Argument:325 - Argument : PeriphDataAlignmentvalue: DMA_PDATAALIGN_HALFWORD
2026-08-08 15:02:13,139 [INFO] Argument:335 - Argument : PeriphDataAlignmentvalue: DMA_PDATAALIGN_HALFWORD
2026-08-08 15:02:13,139 [INFO] Argument:325 - Argument : MemDataAlignmentvalue: DMA_MDATAALIGN_HALFWORD
2026-08-08 15:02:13,139 [INFO] Argument:335 - Argument : MemDataAlignmentvalue: DMA_MDATAALIGN_HALFWORD
2026-08-08 15:02:13,139 [INFO] Argument:325 - Argument : Modevalue: DMA_NORMAL
2026-08-08 15:02:13,139 [INFO] Argument:335 - Argument : Modevalue: DMA_NORMAL
2026-08-08 15:02:13,139 [INFO] Argument:325 - Argument : Priorityvalue: DMA_PRIORITY_LOW
2026-08-08 15:02:13,139 [INFO] Argument:335 - Argument : Priorityvalue: DMA_PRIORITY_LOW
2026-08-08 15:02:13,139 [INFO] Argument:325 - Argument : Lockvalue: null
2026-08-08 15:02:13,139 [INFO] Argument:335 - Argument : Lockvalue: null
2026-08-08 15:02:13,139 [INFO] Argument:325 - Argument : Statevalue: null
2026-08-08 15:02:13,139 [INFO] Argument:335 - Argument : Statevalue: null
2026-08-08 15:02:13,139 [INFO] Argument:325 - Argument : Parentvalue: null
2026-08-08 15:02:13,139 [INFO] Argument:335 - Argument : Parentvalue: null
2026-08-08 15:02:13,139 [INFO] Argument:325 - Argument : XferCpltCallbackvalue: null
2026-08-08 15:02:13,139 [INFO] Argument:335 - Argument : XferCpltCallbackvalue: null
2026-08-08 15:02:13,139 [INFO] Argument:325 - Argument : XferHalfCpltCallbackvalue: null
2026-08-08 15:02:13,139 [INFO] Argument:335 - Argument : XferHalfCpltCallbackvalue: null
2026-08-08 15:02:13,139 [INFO] Argument:325 - Argument : XferErrorCallbackvalue: null
2026-08-08 15:02:13,139 [INFO] Argument:335 - Argument : XferErrorCallbackvalue: null
2026-08-08 15:02:13,139 [INFO] Argument:325 - Argument : XferAbortCallbackvalue: null
2026-08-08 15:02:13,139 [INFO] Argument:335 - Argument : XferAbortCallbackvalue: null
2026-08-08 15:02:13,139 [INFO] Argument:325 - Argument : ErrorCodevalue: null
2026-08-08 15:02:13,139 [INFO] Argument:335 - Argument : ErrorCodevalue: null
2026-08-08 15:02:13,140 [INFO] Argument:325 - Argument : DmaBaseAddressvalue: null
2026-08-08 15:02:13,140 [INFO] Argument:335 - Argument : DmaBaseAddressvalue: null
2026-08-08 15:02:13,140 [INFO] Argument:325 - Argument : ChannelIndexvalue: null
2026-08-08 15:02:13,140 [INFO] Argument:335 - Argument : ChannelIndexvalue: null
2026-08-08 15:02:13,140 [INFO] Argument:325 - Argument : hdmavalue: null
2026-08-08 15:02:13,140 [INFO] Argument:327 - 	 sub Args: 
2026-08-08 15:02:13,140 [INFO] Argument:325 - Argument : Instancevalue: DMA1_Channel1
2026-08-08 15:02:13,140 [INFO] Argument:335 - Argument : Instancevalue: DMA1_Channel1
2026-08-08 15:02:13,140 [INFO] Argument:325 - Argument : Initvalue: null
2026-08-08 15:02:13,140 [INFO] Argument:327 - 	 sub Args: 
2026-08-08 15:02:13,140 [INFO] Argument:325 - Argument : Requestvalue: DMA_REQUEST_0
2026-08-08 15:02:13,140 [INFO] Argument:335 - Argument : Requestvalue: DMA_REQUEST_0
2026-08-08 15:02:13,140 [INFO] Argument:325 - Argument : Directionvalue: DMA_PERIPH_TO_MEMORY
2026-08-08 15:02:13,140 [INFO] Argument:335 - Argument : Directionvalue: DMA_PERIPH_TO_MEMORY
2026-08-08 15:02:13,140 [INFO] Argument:325 - Argument : PeriphIncvalue: DMA_PINC_DISABLE
2026-08-08 15:02:13,140 [INFO] Argument:335 - Argument : PeriphIncvalue: DMA_PINC_DISABLE
2026-08-08 15:02:13,140 [INFO] Argument:325 - Argument : MemIncvalue: DMA_MINC_ENABLE
2026-08-08 15:02:13,140 [INFO] Argument:335 - Argument : MemIncvalue: DMA_MINC_ENABLE
2026-08-08 15:02:13,140 [INFO] Argument:325 - Argument : PeriphDataAlignmentvalue: DMA_PDATAALIGN_HALFWORD
2026-08-08 15:02:13,140 [INFO] Argument:335 - Argument : PeriphDataAlignmentvalue: DMA_PDATAALIGN_HALFWORD
2026-08-08 15:02:13,140 [INFO] Argument:325 - Argument : MemDataAlignmentvalue: DMA_MDATAALIGN_HALFWORD
2026-08-08 15:02:13,140 [INFO] Argument:335 - Argument : MemDataAlignmentvalue: DMA_MDATAALIGN_HALFWORD
2026-08-08 15:02:13,140 [INFO] Argument:325 - Argument : Modevalue: DMA_NORMAL
2026-08-08 15:02:13,140 [INFO] Argument:335 - Argument : Modevalue: DMA_NORMAL
2026-08-08 15:02:13,140 [INFO] Argument:325 - Argument : Priorityvalue: DMA_PRIORITY_LOW
2026-08-08 15:02:13,140 [INFO] Argument:335 - Argument : Priorityvalue: DMA_PRIORITY_LOW
2026-08-08 15:02:13,140 [INFO] Argument:325 - Argument : Lockvalue: null
2026-08-08 15:02:13,140 [INFO] Argument:335 - Argument : Lockvalue: null
2026-08-08 15:02:13,140 [INFO] Argument:325 - Argument : Statevalue: null
2026-08-08 15:02:13,140 [INFO] Argument:335 - Argument : Statevalue: null
2026-08-08 15:02:13,140 [INFO] Argument:325 - Argument : Parentvalue: null
2026-08-08 15:02:13,140 [INFO] Argument:335 - Argument : Parentvalue: null
2026-08-08 15:02:13,140 [INFO] Argument:325 - Argument : XferCpltCallbackvalue: null
2026-08-08 15:02:13,140 [INFO] Argument:335 - Argument : XferCpltCallbackvalue: null
2026-08-08 15:02:13,140 [INFO] Argument:325 - Argument : XferHalfCpltCallbackvalue: null
2026-08-08 15:02:13,140 [INFO] Argument:335 - Argument : XferHalfCpltCallbackvalue: null
2026-08-08 15:02:13,140 [INFO] Argument:325 - Argument : XferErrorCallbackvalue: null
2026-08-08 15:02:13,140 [INFO] Argument:335 - Argument : XferErrorCallbackvalue: null
2026-08-08 15:02:13,140 [INFO] Argument:325 - Argument : XferAbortCallbackvalue: null
2026-08-08 15:02:13,140 [INFO] Argument:335 - Argument : XferAbortCallbackvalue: null
2026-08-08 15:02:13,140 [INFO] Argument:325 - Argument : ErrorCodevalue: null
2026-08-08 15:02:13,140 [INFO] Argument:335 - Argument : ErrorCodevalue: null
2026-08-08 15:02:13,140 [INFO] Argument:325 - Argument : DmaBaseAddressvalue: null
2026-08-08 15:02:13,140 [INFO] Argument:335 - Argument : DmaBaseAddressvalue: null
2026-08-08 15:02:13,140 [INFO] Argument:325 - Argument : ChannelIndexvalue: null
2026-08-08 15:02:13,140 [INFO] Argument:335 - Argument : ChannelIndexvalue: null
2026-08-08 15:02:13,140 [INFO] Argument:325 - Argument : pSyncConfigvalue: null
2026-08-08 15:02:13,140 [INFO] Argument:327 - 	 sub Args: 
2026-08-08 15:02:13,140 [INFO] Argument:325 - Argument : SyncSignalIDvalue: null
2026-08-08 15:02:13,140 [INFO] Argument:335 - Argument : SyncSignalIDvalue: null
2026-08-08 15:02:13,140 [INFO] Argument:325 - Argument : SyncPolarityvalue: null
2026-08-08 15:02:13,140 [INFO] Argument:335 - Argument : SyncPolarityvalue: null
2026-08-08 15:02:13,140 [INFO] Argument:325 - Argument : SyncEnablevalue: null
2026-08-08 15:02:13,140 [INFO] Argument:335 - Argument : SyncEnablevalue: null
2026-08-08 15:02:13,140 [INFO] Argument:325 - Argument : EventEnablevalue: null
2026-08-08 15:02:13,140 [INFO] Argument:335 - Argument : EventEnablevalue: null
2026-08-08 15:02:13,140 [INFO] Argument:325 - Argument : RequestNumbervalue: null
2026-08-08 15:02:13,140 [INFO] Argument:335 - Argument : RequestNumbervalue: null
2026-08-08 15:02:13,151 [INFO] Argument:325 - Argument : hdmavalue: null
2026-08-08 15:02:13,151 [INFO] Argument:327 - 	 sub Args: 
2026-08-08 15:02:13,151 [INFO] Argument:325 - Argument : Instancevalue: DMA1_Channel3
2026-08-08 15:02:13,151 [INFO] Argument:335 - Argument : Instancevalue: DMA1_Channel3
2026-08-08 15:02:13,151 [INFO] Argument:325 - Argument : Initvalue: null
2026-08-08 15:02:13,151 [INFO] Argument:327 - 	 sub Args: 
2026-08-08 15:02:13,151 [INFO] Argument:325 - Argument : Requestvalue: DMA_REQUEST_1
2026-08-08 15:02:13,151 [INFO] Argument:335 - Argument : Requestvalue: DMA_REQUEST_1
2026-08-08 15:02:13,151 [INFO] Argument:325 - Argument : Directionvalue: DMA_MEMORY_TO_PERIPH
2026-08-08 15:02:13,151 [INFO] Argument:335 - Argument : Directionvalue: DMA_MEMORY_TO_PERIPH
2026-08-08 15:02:13,151 [INFO] Argument:325 - Argument : PeriphIncvalue: DMA_PINC_DISABLE
2026-08-08 15:02:13,151 [INFO] Argument:335 - Argument : PeriphIncvalue: DMA_PINC_DISABLE
2026-08-08 15:02:13,151 [INFO] Argument:325 - Argument : MemIncvalue: DMA_MINC_ENABLE
2026-08-08 15:02:13,151 [INFO] Argument:335 - Argument : MemIncvalue: DMA_MINC_ENABLE
2026-08-08 15:02:13,151 [INFO] Argument:325 - Argument : PeriphDataAlignmentvalue: DMA_PDATAALIGN_HALFWORD
2026-08-08 15:02:13,151 [INFO] Argument:335 - Argument : PeriphDataAlignmentvalue: DMA_PDATAALIGN_HALFWORD
2026-08-08 15:02:13,151 [INFO] Argument:325 - Argument : MemDataAlignmentvalue: DMA_MDATAALIGN_HALFWORD
2026-08-08 15:02:13,151 [INFO] Argument:335 - Argument : MemDataAlignmentvalue: DMA_MDATAALIGN_HALFWORD
2026-08-08 15:02:13,151 [INFO] Argument:325 - Argument : Modevalue: DMA_CIRCULAR
2026-08-08 15:02:13,151 [INFO] Argument:335 - Argument : Modevalue: DMA_CIRCULAR
2026-08-08 15:02:13,151 [INFO] Argument:325 - Argument : Priorityvalue: DMA_PRIORITY_LOW
2026-08-08 15:02:13,151 [INFO] Argument:335 - Argument : Priorityvalue: DMA_PRIORITY_LOW
2026-08-08 15:02:13,151 [INFO] Argument:325 - Argument : Lockvalue: null
2026-08-08 15:02:13,151 [INFO] Argument:335 - Argument : Lockvalue: null
2026-08-08 15:02:13,151 [INFO] Argument:325 - Argument : Statevalue: null
2026-08-08 15:02:13,152 [INFO] Argument:335 - Argument : Statevalue: null
2026-08-08 15:02:13,152 [INFO] Argument:325 - Argument : Parentvalue: null
2026-08-08 15:02:13,152 [INFO] Argument:335 - Argument : Parentvalue: null
2026-08-08 15:02:13,152 [INFO] Argument:325 - Argument : XferCpltCallbackvalue: null
2026-08-08 15:02:13,152 [INFO] Argument:335 - Argument : XferCpltCallbackvalue: null
2026-08-08 15:02:13,152 [INFO] Argument:325 - Argument : XferHalfCpltCallbackvalue: null
2026-08-08 15:02:13,152 [INFO] Argument:335 - Argument : XferHalfCpltCallbackvalue: null
2026-08-08 15:02:13,152 [INFO] Argument:325 - Argument : XferErrorCallbackvalue: null
2026-08-08 15:02:13,152 [INFO] Argument:335 - Argument : XferErrorCallbackvalue: null
2026-08-08 15:02:13,152 [INFO] Argument:325 - Argument : XferAbortCallbackvalue: null
2026-08-08 15:02:13,152 [INFO] Argument:335 - Argument : XferAbortCallbackvalue: null
2026-08-08 15:02:13,152 [INFO] Argument:325 - Argument : ErrorCodevalue: null
2026-08-08 15:02:13,152 [INFO] Argument:335 - Argument : ErrorCodevalue: null
2026-08-08 15:02:13,152 [INFO] Argument:325 - Argument : DmaBaseAddressvalue: null
2026-08-08 15:02:13,152 [INFO] Argument:335 - Argument : DmaBaseAddressvalue: null
2026-08-08 15:02:13,152 [INFO] Argument:325 - Argument : ChannelIndexvalue: null
2026-08-08 15:02:13,152 [INFO] Argument:335 - Argument : ChannelIndexvalue: null
2026-08-08 15:02:13,152 [INFO] Argument:325 - Argument : hdmavalue: null
2026-08-08 15:02:13,152 [INFO] Argument:327 - 	 sub Args: 
2026-08-08 15:02:13,152 [INFO] Argument:325 - Argument : Instancevalue: DMA1_Channel3
2026-08-08 15:02:13,152 [INFO] Argument:335 - Argument : Instancevalue: DMA1_Channel3
2026-08-08 15:02:13,152 [INFO] Argument:325 - Argument : Initvalue: null
2026-08-08 15:02:13,152 [INFO] Argument:327 - 	 sub Args: 
2026-08-08 15:02:13,152 [INFO] Argument:325 - Argument : Requestvalue: DMA_REQUEST_1
2026-08-08 15:02:13,152 [INFO] Argument:335 - Argument : Requestvalue: DMA_REQUEST_1
2026-08-08 15:02:13,152 [INFO] Argument:325 - Argument : Directionvalue: DMA_MEMORY_TO_PERIPH
2026-08-08 15:02:13,152 [INFO] Argument:335 - Argument : Directionvalue: DMA_MEMORY_TO_PERIPH
2026-08-08 15:02:13,152 [INFO] Argument:325 - Argument : PeriphIncvalue: DMA_PINC_DISABLE
2026-08-08 15:02:13,152 [INFO] Argument:335 - Argument : PeriphIncvalue: DMA_PINC_DISABLE
2026-08-08 15:02:13,152 [INFO] Argument:325 - Argument : MemIncvalue: DMA_MINC_ENABLE
2026-08-08 15:02:13,152 [INFO] Argument:335 - Argument : MemIncvalue: DMA_MINC_ENABLE
2026-08-08 15:02:13,152 [INFO] Argument:325 - Argument : PeriphDataAlignmentvalue: DMA_PDATAALIGN_HALFWORD
2026-08-08 15:02:13,152 [INFO] Argument:335 - Argument : PeriphDataAlignmentvalue: DMA_PDATAALIGN_HALFWORD
2026-08-08 15:02:13,152 [INFO] Argument:325 - Argument : MemDataAlignmentvalue: DMA_MDATAALIGN_HALFWORD
2026-08-08 15:02:13,152 [INFO] Argument:335 - Argument : MemDataAlignmentvalue: DMA_MDATAALIGN_HALFWORD
2026-08-08 15:02:13,152 [INFO] Argument:325 - Argument : Modevalue: DMA_CIRCULAR
2026-08-08 15:02:13,152 [INFO] Argument:335 - Argument : Modevalue: DMA_CIRCULAR
2026-08-08 15:02:13,152 [INFO] Argument:325 - Argument : Priorityvalue: DMA_PRIORITY_LOW
2026-08-08 15:02:13,152 [INFO] Argument:335 - Argument : Priorityvalue: DMA_PRIORITY_LOW
2026-08-08 15:02:13,152 [INFO] Argument:325 - Argument : Lockvalue: null
2026-08-08 15:02:13,152 [INFO] Argument:335 - Argument : Lockvalue: null
2026-08-08 15:02:13,152 [INFO] Argument:325 - Argument : Statevalue: null
2026-08-08 15:02:13,152 [INFO] Argument:335 - Argument : Statevalue: null
2026-08-08 15:02:13,152 [INFO] Argument:325 - Argument : Parentvalue: null
2026-08-08 15:02:13,152 [INFO] Argument:335 - Argument : Parentvalue: null
2026-08-08 15:02:13,152 [INFO] Argument:325 - Argument : XferCpltCallbackvalue: null
2026-08-08 15:02:13,152 [INFO] Argument:335 - Argument : XferCpltCallbackvalue: null
2026-08-08 15:02:13,152 [INFO] Argument:325 - Argument : XferHalfCpltCallbackvalue: null
2026-08-08 15:02:13,152 [INFO] Argument:335 - Argument : XferHalfCpltCallbackvalue: null
2026-08-08 15:02:13,152 [INFO] Argument:325 - Argument : XferErrorCallbackvalue: null
2026-08-08 15:02:13,152 [INFO] Argument:335 - Argument : XferErrorCallbackvalue: null
2026-08-08 15:02:13,152 [INFO] Argument:325 - Argument : XferAbortCallbackvalue: null
2026-08-08 15:02:13,152 [INFO] Argument:335 - Argument : XferAbortCallbackvalue: null
2026-08-08 15:02:13,152 [INFO] Argument:325 - Argument : ErrorCodevalue: null
2026-08-08 15:02:13,152 [INFO] Argument:335 - Argument : ErrorCodevalue: null
2026-08-08 15:02:13,152 [INFO] Argument:325 - Argument : DmaBaseAddressvalue: null
2026-08-08 15:02:13,152 [INFO] Argument:335 - Argument : DmaBaseAddressvalue: null
2026-08-08 15:02:13,152 [INFO] Argument:325 - Argument : ChannelIndexvalue: null
2026-08-08 15:02:13,152 [INFO] Argument:335 - Argument : ChannelIndexvalue: null
2026-08-08 15:02:13,152 [INFO] Argument:325 - Argument : pSyncConfigvalue: null
2026-08-08 15:02:13,152 [INFO] Argument:327 - 	 sub Args: 
2026-08-08 15:02:13,152 [INFO] Argument:325 - Argument : SyncSignalIDvalue: null
2026-08-08 15:02:13,153 [INFO] Argument:335 - Argument : SyncSignalIDvalue: null
2026-08-08 15:02:13,153 [INFO] Argument:325 - Argument : SyncPolarityvalue: null
2026-08-08 15:02:13,153 [INFO] Argument:335 - Argument : SyncPolarityvalue: null
2026-08-08 15:02:13,153 [INFO] Argument:325 - Argument : SyncEnablevalue: null
2026-08-08 15:02:13,153 [INFO] Argument:335 - Argument : SyncEnablevalue: null
2026-08-08 15:02:13,153 [INFO] Argument:325 - Argument : EventEnablevalue: null
2026-08-08 15:02:13,153 [INFO] Argument:335 - Argument : EventEnablevalue: null
2026-08-08 15:02:13,153 [INFO] Argument:325 - Argument : RequestNumbervalue: null
2026-08-08 15:02:13,153 [INFO] Argument:335 - Argument : RequestNumbervalue: null
2026-08-08 15:02:13,196 [INFO] CodeEngine:263 - oldGeneratedFile, C:\Users\German\Documents\equipo_medicion_ensayo_celdas\pruebas_eq_med_celdas\MXTmpFiles\license.tmp_save
2026-08-08 15:02:13,230 [INFO] CodeEngine:287 - Generated code: C:\Users\German\Documents\equipo_medicion_ensayo_celdas\pruebas_eq_med_celdas\MXTmpFiles\license.tmp
2026-08-08 15:02:13,249 [INFO] CodeEngine:263 - oldGeneratedFile, C:\Users\German\Documents\equipo_medicion_ensayo_celdas\pruebas_eq_med_celdas\MXTmpFiles\gpio.tmp_save
2026-08-08 15:02:13,286 [INFO] CodeEngine:287 - Generated code: C:\Users\German\Documents\equipo_medicion_ensayo_celdas\pruebas_eq_med_celdas\MXTmpFiles\gpio.tmp
2026-08-08 15:02:13,503 [INFO] CodeEngine:263 - oldGeneratedFile, C:\Users\German\Documents\equipo_medicion_ensayo_celdas\pruebas_eq_med_celdas\MXTmpFiles\dma.tmp_save
2026-08-08 15:02:13,537 [INFO] CodeEngine:287 - Generated code: C:\Users\German\Documents\equipo_medicion_ensayo_celdas\pruebas_eq_med_celdas\MXTmpFiles\dma.tmp
2026-08-08 15:02:13,539 [INFO] CodeEngine:263 - oldGeneratedFile, C:\Users\German\Documents\equipo_medicion_ensayo_celdas\pruebas_eq_med_celdas\MXTmpFiles\dma_GV.tmp_save
2026-08-08 15:02:13,571 [INFO] CodeEngine:287 - Generated code: C:\Users\German\Documents\equipo_medicion_ensayo_celdas\pruebas_eq_med_celdas\MXTmpFiles\dma_GV.tmp
2026-08-08 15:02:13,580 [INFO] CodeEngine:263 - oldGeneratedFile, C:\Users\German\Documents\equipo_medicion_ensayo_celdas\pruebas_eq_med_celdas\Core\Src\stm32l4xx_it.c_save
2026-08-08 15:02:13,632 [INFO] CodeEngine:287 - Generated code: C:\Users\German\Documents\equipo_medicion_ensayo_celdas\pruebas_eq_med_celdas\Core\Src\stm32l4xx_it.c
2026-08-08 15:02:13,636 [INFO] CodeEngine:263 - oldGeneratedFile, C:\Users\German\Documents\equipo_medicion_ensayo_celdas\pruebas_eq_med_celdas\Core\Inc\stm32l4xx_it.h_save
2026-08-08 15:02:13,702 [INFO] CodeEngine:287 - Generated code: C:\Users\German\Documents\equipo_medicion_ensayo_celdas\pruebas_eq_med_celdas\Core\Inc\stm32l4xx_it.h
2026-08-08 15:02:13,715 [INFO] CodeEngine:263 - oldGeneratedFile, C:\Users\German\Documents\equipo_medicion_ensayo_celdas\pruebas_eq_med_celdas\Core\Src\stm32l4xx_hal_msp.c_save
2026-08-08 15:02:13,784 [INFO] CodeEngine:287 - Generated code: C:\Users\German\Documents\equipo_medicion_ensayo_celdas\pruebas_eq_med_celdas\Core\Src\stm32l4xx_hal_msp.c
2026-08-08 15:02:13,786 [INFO] CodeEngine:263 - oldGeneratedFile, C:\Users\German\Documents\equipo_medicion_ensayo_celdas\pruebas_eq_med_celdas\MXTmpFiles\system.tmp_save
2026-08-08 15:02:13,818 [INFO] CodeEngine:287 - Generated code: C:\Users\German\Documents\equipo_medicion_ensayo_celdas\pruebas_eq_med_celdas\MXTmpFiles\system.tmp
2026-08-08 15:02:13,823 [INFO] CodeEngine:319 - oldGeneratedFile, C:\Users\German\Documents\equipo_medicion_ensayo_celdas\pruebas_eq_med_celdas\Core\Inc\stm32l4xx_hal_conf.h_save
2026-08-08 15:02:13,860 [INFO] CodeEngine:343 - Generated code: C:\Users\German\Documents\equipo_medicion_ensayo_celdas\pruebas_eq_med_celdas\Core\Inc\stm32l4xx_hal_conf.h
2026-08-08 15:02:13,871 [WARN] IPConfigManager:3790 - IP not found : TIM
2026-08-08 15:02:13,872 [WARN] CodeGenerator:4198 - IP not found : null
2026-08-08 15:02:13,876 [INFO] CodeEngine:263 - oldGeneratedFile, C:\Users\German\Documents\equipo_medicion_ensayo_celdas\pruebas_eq_med_celdas\Core\Inc\main.h_save
2026-08-08 15:02:13,912 [INFO] CodeEngine:287 - Generated code: C:\Users\German\Documents\equipo_medicion_ensayo_celdas\pruebas_eq_med_celdas\Core\Inc\main.h
2026-08-08 15:02:13,915 [INFO] CodeEngine:263 - oldGeneratedFile, C:\Users\German\Documents\equipo_medicion_ensayo_celdas\pruebas_eq_med_celdas\Core\Src\main.c_save
2026-08-08 15:02:13,979 [INFO] CodeEngine:287 - Generated code: C:\Users\German\Documents\equipo_medicion_ensayo_celdas\pruebas_eq_med_celdas\Core\Src\main.c
2026-08-08 15:02:14,166 [INFO] ProjectBuilder:3324 - Time for Copy HAL[1] : 101mS.
2026-08-08 15:02:14,169 [INFO] ProjectBuilder:4912 - Project Generator version: 4.6.0.1-B1
2026-08-08 15:02:14,213 [INFO] ConfigFileManager:1590 - The Die is : DIE415
2026-08-08 15:02:14,581 [INFO] ProjectBuilder:5191 - Time for Generating toolchain IDE Files: 412mS.
2026-08-08 15:02:14,582 [INFO] ProjectBuilder:3181 - Time for Copy CMSIS : 0mS.
2026-08-08 15:02:14,584 [INFO] ProjectBuilder:3181 - Time for Copy CMSIS : 0mS.
2026-08-08 15:06:23,572 [INFO] NvicIntPanel:101 - NVIC parent = com.st.microxplorer.plugins.ip.nvic.MultiNvicIntPanel[,0,0,0x0,invalid,layout=javax.swing.BoxLayout,alignmentX=0.0,alignmentY=0.0,border=,flags=9,maximumSize=,minimumSize=,preferredSize=]
2026-08-08 15:06:24,746 [INFO] UtilMem:75 - End SaveConfig() Used Memory: 417859584 Bytes (895483904)
2026-08-08 15:06:25,756 [INFO] UtilMem:75 - End SaveConfig() Used Memory: 453511168 Bytes (895483904)
2026-08-08 15:06:27,122 [INFO] UtilMem:75 - End SaveConfig() Used Memory: 559939584 Bytes (895483904)
2026-08-08 15:06:27,198 [INFO] BlockDiagram:2775 - set Specific Code input for plugin: SPI
2026-08-08 15:06:27,198 [INFO] BlockDiagram:2775 - set Specific Code input for plugin: TIM6_7L4
2026-08-08 15:06:27,198 [INFO] BlockDiagram:2775 - set Specific Code input for plugin: TIM1_8L4
2026-08-08 15:06:27,198 [INFO] BlockDiagram:2775 - set Specific Code input for plugin: SYS
2026-08-08 15:06:27,198 [INFO] BlockDiagram:2775 - set Specific Code input for plugin: ADC
2026-08-08 15:06:27,198 [INFO] BlockDiagram:2775 - set Specific Code input for plugin: RCC
2026-08-08 15:06:27,198 [INFO] BlockDiagram:2775 - set Specific Code input for plugin: NVIC
2026-08-08 15:06:27,198 [INFO] BlockDiagram:2775 - set Specific Code input for plugin: USART
2026-08-08 15:06:27,198 [INFO] BlockDiagram:2775 - set Specific Code input for plugin: DMA
2026-08-08 15:06:27,198 [INFO] BlockDiagram:2775 - set Specific Code input for plugin: GPIO
2026-08-08 15:06:27,199 [INFO] CodeGenerator:882 - code generatio: config db path: C:\ST\STM32CubeIDE_1.18.1\STM32CubeIDE\plugins\com.st.stm32cube.common.mx_6.14.1.202504091515\\db\
2026-08-08 15:06:27,203 [INFO] Argument:325 - Argument : hdmavalue: null
2026-08-08 15:06:27,203 [INFO] Argument:327 - 	 sub Args: 
2026-08-08 15:06:27,203 [INFO] Argument:325 - Argument : Instancevalue: DMA1_Channel1
2026-08-08 15:06:27,203 [INFO] Argument:335 - Argument : Instancevalue: DMA1_Channel1
2026-08-08 15:06:27,203 [INFO] Argument:325 - Argument : Initvalue: null
2026-08-08 15:06:27,203 [INFO] Argument:327 - 	 sub Args: 
2026-08-08 15:06:27,203 [INFO] Argument:325 - Argument : Requestvalue: DMA_REQUEST_0
2026-08-08 15:06:27,203 [INFO] Argument:335 - Argument : Requestvalue: DMA_REQUEST_0
2026-08-08 15:06:27,203 [INFO] Argument:325 - Argument : Directionvalue: DMA_PERIPH_TO_MEMORY
2026-08-08 15:06:27,203 [INFO] Argument:335 - Argument : Directionvalue: DMA_PERIPH_TO_MEMORY
2026-08-08 15:06:27,203 [INFO] Argument:325 - Argument : PeriphIncvalue: DMA_PINC_DISABLE
2026-08-08 15:06:27,203 [INFO] Argument:335 - Argument : PeriphIncvalue: DMA_PINC_DISABLE
2026-08-08 15:06:27,203 [INFO] Argument:325 - Argument : MemIncvalue: DMA_MINC_ENABLE
2026-08-08 15:06:27,203 [INFO] Argument:335 - Argument : MemIncvalue: DMA_MINC_ENABLE
2026-08-08 15:06:27,203 [INFO] Argument:325 - Argument : PeriphDataAlignmentvalue: DMA_PDATAALIGN_HALFWORD
2026-08-08 15:06:27,203 [INFO] Argument:335 - Argument : PeriphDataAlignmentvalue: DMA_PDATAALIGN_HALFWORD
2026-08-08 15:06:27,203 [INFO] Argument:325 - Argument : MemDataAlignmentvalue: DMA_MDATAALIGN_HALFWORD
2026-08-08 15:06:27,203 [INFO] Argument:335 - Argument : MemDataAlignmentvalue: DMA_MDATAALIGN_HALFWORD
2026-08-08 15:06:27,203 [INFO] Argument:325 - Argument : Modevalue: DMA_NORMAL
2026-08-08 15:06:27,203 [INFO] Argument:335 - Argument : Modevalue: DMA_NORMAL
2026-08-08 15:06:27,203 [INFO] Argument:325 - Argument : Priorityvalue: DMA_PRIORITY_LOW
2026-08-08 15:06:27,203 [INFO] Argument:335 - Argument : Priorityvalue: DMA_PRIORITY_LOW
2026-08-08 15:06:27,203 [INFO] Argument:325 - Argument : Lockvalue: null
2026-08-08 15:06:27,203 [INFO] Argument:335 - Argument : Lockvalue: null
2026-08-08 15:06:27,203 [INFO] Argument:325 - Argument : Statevalue: null
2026-08-08 15:06:27,203 [INFO] Argument:335 - Argument : Statevalue: null
2026-08-08 15:06:27,203 [INFO] Argument:325 - Argument : Parentvalue: null
2026-08-08 15:06:27,203 [INFO] Argument:335 - Argument : Parentvalue: null
2026-08-08 15:06:27,203 [INFO] Argument:325 - Argument : XferCpltCallbackvalue: null
2026-08-08 15:06:27,203 [INFO] Argument:335 - Argument : XferCpltCallbackvalue: null
2026-08-08 15:06:27,203 [INFO] Argument:325 - Argument : XferHalfCpltCallbackvalue: null
2026-08-08 15:06:27,203 [INFO] Argument:335 - Argument : XferHalfCpltCallbackvalue: null
2026-08-08 15:06:27,203 [INFO] Argument:325 - Argument : XferErrorCallbackvalue: null
2026-08-08 15:06:27,203 [INFO] Argument:335 - Argument : XferErrorCallbackvalue: null
2026-08-08 15:06:27,203 [INFO] Argument:325 - Argument : XferAbortCallbackvalue: null
2026-08-08 15:06:27,203 [INFO] Argument:335 - Argument : XferAbortCallbackvalue: null
2026-08-08 15:06:27,203 [INFO] Argument:325 - Argument : ErrorCodevalue: null
2026-08-08 15:06:27,203 [INFO] Argument:335 - Argument : ErrorCodevalue: null
2026-08-08 15:06:27,203 [INFO] Argument:325 - Argument : DmaBaseAddressvalue: null
2026-08-08 15:06:27,203 [INFO] Argument:335 - Argument : DmaBaseAddressvalue: null
2026-08-08 15:06:27,203 [INFO] Argument:325 - Argument : ChannelIndexvalue: null
2026-08-08 15:06:27,203 [INFO] Argument:335 - Argument : ChannelIndexvalue: null
2026-08-08 15:06:27,203 [INFO] Argument:325 - Argument : hdmavalue: null
2026-08-08 15:06:27,203 [INFO] Argument:327 - 	 sub Args: 
2026-08-08 15:06:27,203 [INFO] Argument:325 - Argument : Instancevalue: DMA1_Channel1
2026-08-08 15:06:27,203 [INFO] Argument:335 - Argument : Instancevalue: DMA1_Channel1
2026-08-08 15:06:27,203 [INFO] Argument:325 - Argument : Initvalue: null
2026-08-08 15:06:27,203 [INFO] Argument:327 - 	 sub Args: 
2026-08-08 15:06:27,203 [INFO] Argument:325 - Argument : Requestvalue: DMA_REQUEST_0
2026-08-08 15:06:27,203 [INFO] Argument:335 - Argument : Requestvalue: DMA_REQUEST_0
2026-08-08 15:06:27,203 [INFO] Argument:325 - Argument : Directionvalue: DMA_PERIPH_TO_MEMORY
2026-08-08 15:06:27,203 [INFO] Argument:335 - Argument : Directionvalue: DMA_PERIPH_TO_MEMORY
2026-08-08 15:06:27,203 [INFO] Argument:325 - Argument : PeriphIncvalue: DMA_PINC_DISABLE
2026-08-08 15:06:27,203 [INFO] Argument:335 - Argument : PeriphIncvalue: DMA_PINC_DISABLE
2026-08-08 15:06:27,203 [INFO] Argument:325 - Argument : MemIncvalue: DMA_MINC_ENABLE
2026-08-08 15:06:27,203 [INFO] Argument:335 - Argument : MemIncvalue: DMA_MINC_ENABLE
2026-08-08 15:06:27,203 [INFO] Argument:325 - Argument : PeriphDataAlignmentvalue: DMA_PDATAALIGN_HALFWORD
2026-08-08 15:06:27,203 [INFO] Argument:335 - Argument : PeriphDataAlignmentvalue: DMA_PDATAALIGN_HALFWORD
2026-08-08 15:06:27,203 [INFO] Argument:325 - Argument : MemDataAlignmentvalue: DMA_MDATAALIGN_HALFWORD
2026-08-08 15:06:27,203 [INFO] Argument:335 - Argument : MemDataAlignmentvalue: DMA_MDATAALIGN_HALFWORD
2026-08-08 15:06:27,203 [INFO] Argument:325 - Argument : Modevalue: DMA_NORMAL
2026-08-08 15:06:27,203 [INFO] Argument:335 - Argument : Modevalue: DMA_NORMAL
2026-08-08 15:06:27,203 [INFO] Argument:325 - Argument : Priorityvalue: DMA_PRIORITY_LOW
2026-08-08 15:06:27,203 [INFO] Argument:335 - Argument : Priorityvalue: DMA_PRIORITY_LOW
2026-08-08 15:06:27,203 [INFO] Argument:325 - Argument : Lockvalue: null
2026-08-08 15:06:27,203 [INFO] Argument:335 - Argument : Lockvalue: null
2026-08-08 15:06:27,203 [INFO] Argument:325 - Argument : Statevalue: null
2026-08-08 15:06:27,203 [INFO] Argument:335 - Argument : Statevalue: null
2026-08-08 15:06:27,203 [INFO] Argument:325 - Argument : Parentvalue: null
2026-08-08 15:06:27,203 [INFO] Argument:335 - Argument : Parentvalue: null
2026-08-08 15:06:27,203 [INFO] Argument:325 - Argument : XferCpltCallbackvalue: null
2026-08-08 15:06:27,203 [INFO] Argument:335 - Argument : XferCpltCallbackvalue: null
2026-08-08 15:06:27,203 [INFO] Argument:325 - Argument : XferHalfCpltCallbackvalue: null
2026-08-08 15:06:27,203 [INFO] Argument:335 - Argument : XferHalfCpltCallbackvalue: null
2026-08-08 15:06:27,203 [INFO] Argument:325 - Argument : XferErrorCallbackvalue: null
2026-08-08 15:06:27,203 [INFO] Argument:335 - Argument : XferErrorCallbackvalue: null
2026-08-08 15:06:27,203 [INFO] Argument:325 - Argument : XferAbortCallbackvalue: null
2026-08-08 15:06:27,203 [INFO] Argument:335 - Argument : XferAbortCallbackvalue: null
2026-08-08 15:06:27,203 [INFO] Argument:325 - Argument : ErrorCodevalue: null
2026-08-08 15:06:27,204 [INFO] Argument:335 - Argument : ErrorCodevalue: null
2026-08-08 15:06:27,204 [INFO] Argument:325 - Argument : DmaBaseAddressvalue: null
2026-08-08 15:06:27,204 [INFO] Argument:335 - Argument : DmaBaseAddressvalue: null
2026-08-08 15:06:27,204 [INFO] Argument:325 - Argument : ChannelIndexvalue: null
2026-08-08 15:06:27,204 [INFO] Argument:335 - Argument : ChannelIndexvalue: null
2026-08-08 15:06:27,204 [INFO] Argument:325 - Argument : pSyncConfigvalue: null
2026-08-08 15:06:27,204 [INFO] Argument:327 - 	 sub Args: 
2026-08-08 15:06:27,204 [INFO] Argument:325 - Argument : SyncSignalIDvalue: null
2026-08-08 15:06:27,204 [INFO] Argument:335 - Argument : SyncSignalIDvalue: null
2026-08-08 15:06:27,204 [INFO] Argument:325 - Argument : SyncPolarityvalue: null
2026-08-08 15:06:27,204 [INFO] Argument:335 - Argument : SyncPolarityvalue: null
2026-08-08 15:06:27,204 [INFO] Argument:325 - Argument : SyncEnablevalue: null
2026-08-08 15:06:27,204 [INFO] Argument:335 - Argument : SyncEnablevalue: null
2026-08-08 15:06:27,204 [INFO] Argument:325 - Argument : EventEnablevalue: null
2026-08-08 15:06:27,204 [INFO] Argument:335 - Argument : EventEnablevalue: null
2026-08-08 15:06:27,204 [INFO] Argument:325 - Argument : RequestNumbervalue: null
2026-08-08 15:06:27,204 [INFO] Argument:335 - Argument : RequestNumbervalue: null
2026-08-08 15:06:27,211 [INFO] Argument:325 - Argument : hdmavalue: null
2026-08-08 15:06:27,211 [INFO] Argument:327 - 	 sub Args: 
2026-08-08 15:06:27,211 [INFO] Argument:325 - Argument : Instancevalue: DMA1_Channel3
2026-08-08 15:06:27,211 [INFO] Argument:335 - Argument : Instancevalue: DMA1_Channel3
2026-08-08 15:06:27,211 [INFO] Argument:325 - Argument : Initvalue: null
2026-08-08 15:06:27,211 [INFO] Argument:327 - 	 sub Args: 
2026-08-08 15:06:27,211 [INFO] Argument:325 - Argument : Requestvalue: DMA_REQUEST_1
2026-08-08 15:06:27,211 [INFO] Argument:335 - Argument : Requestvalue: DMA_REQUEST_1
2026-08-08 15:06:27,211 [INFO] Argument:325 - Argument : Directionvalue: DMA_MEMORY_TO_PERIPH
2026-08-08 15:06:27,211 [INFO] Argument:335 - Argument : Directionvalue: DMA_MEMORY_TO_PERIPH
2026-08-08 15:06:27,211 [INFO] Argument:325 - Argument : PeriphIncvalue: DMA_PINC_DISABLE
2026-08-08 15:06:27,211 [INFO] Argument:335 - Argument : PeriphIncvalue: DMA_PINC_DISABLE
2026-08-08 15:06:27,211 [INFO] Argument:325 - Argument : MemIncvalue: DMA_MINC_ENABLE
2026-08-08 15:06:27,211 [INFO] Argument:335 - Argument : MemIncvalue: DMA_MINC_ENABLE
2026-08-08 15:06:27,211 [INFO] Argument:325 - Argument : PeriphDataAlignmentvalue: DMA_PDATAALIGN_HALFWORD
2026-08-08 15:06:27,211 [INFO] Argument:335 - Argument : PeriphDataAlignmentvalue: DMA_PDATAALIGN_HALFWORD
2026-08-08 15:06:27,211 [INFO] Argument:325 - Argument : MemDataAlignmentvalue: DMA_MDATAALIGN_HALFWORD
2026-08-08 15:06:27,211 [INFO] Argument:335 - Argument : MemDataAlignmentvalue: DMA_MDATAALIGN_HALFWORD
2026-08-08 15:06:27,211 [INFO] Argument:325 - Argument : Modevalue: DMA_CIRCULAR
2026-08-08 15:06:27,211 [INFO] Argument:335 - Argument : Modevalue: DMA_CIRCULAR
2026-08-08 15:06:27,211 [INFO] Argument:325 - Argument : Priorityvalue: DMA_PRIORITY_LOW
2026-08-08 15:06:27,211 [INFO] Argument:335 - Argument : Priorityvalue: DMA_PRIORITY_LOW
2026-08-08 15:06:27,211 [INFO] Argument:325 - Argument : Lockvalue: null
2026-08-08 15:06:27,211 [INFO] Argument:335 - Argument : Lockvalue: null
2026-08-08 15:06:27,211 [INFO] Argument:325 - Argument : Statevalue: null
2026-08-08 15:06:27,211 [INFO] Argument:335 - Argument : Statevalue: null
2026-08-08 15:06:27,211 [INFO] Argument:325 - Argument : Parentvalue: null
2026-08-08 15:06:27,211 [INFO] Argument:335 - Argument : Parentvalue: null
2026-08-08 15:06:27,211 [INFO] Argument:325 - Argument : XferCpltCallbackvalue: null
2026-08-08 15:06:27,211 [INFO] Argument:335 - Argument : XferCpltCallbackvalue: null
2026-08-08 15:06:27,211 [INFO] Argument:325 - Argument : XferHalfCpltCallbackvalue: null
2026-08-08 15:06:27,211 [INFO] Argument:335 - Argument : XferHalfCpltCallbackvalue: null
2026-08-08 15:06:27,211 [INFO] Argument:325 - Argument : XferErrorCallbackvalue: null
2026-08-08 15:06:27,211 [INFO] Argument:335 - Argument : XferErrorCallbackvalue: null
2026-08-08 15:06:27,211 [INFO] Argument:325 - Argument : XferAbortCallbackvalue: null
2026-08-08 15:06:27,211 [INFO] Argument:335 - Argument : XferAbortCallbackvalue: null
2026-08-08 15:06:27,211 [INFO] Argument:325 - Argument : ErrorCodevalue: null
2026-08-08 15:06:27,211 [INFO] Argument:335 - Argument : ErrorCodevalue: null
2026-08-08 15:06:27,211 [INFO] Argument:325 - Argument : DmaBaseAddressvalue: null
2026-08-08 15:06:27,211 [INFO] Argument:335 - Argument : DmaBaseAddressvalue: null
2026-08-08 15:06:27,211 [INFO] Argument:325 - Argument : ChannelIndexvalue: null
2026-08-08 15:06:27,211 [INFO] Argument:335 - Argument : ChannelIndexvalue: null
2026-08-08 15:06:27,211 [INFO] Argument:325 - Argument : hdmavalue: null
2026-08-08 15:06:27,211 [INFO] Argument:327 - 	 sub Args: 
2026-08-08 15:06:27,211 [INFO] Argument:325 - Argument : Instancevalue: DMA1_Channel3
2026-08-08 15:06:27,211 [INFO] Argument:335 - Argument : Instancevalue: DMA1_Channel3
2026-08-08 15:06:27,211 [INFO] Argument:325 - Argument : Initvalue: null
2026-08-08 15:06:27,211 [INFO] Argument:327 - 	 sub Args: 
2026-08-08 15:06:27,211 [INFO] Argument:325 - Argument : Requestvalue: DMA_REQUEST_1
2026-08-08 15:06:27,211 [INFO] Argument:335 - Argument : Requestvalue: DMA_REQUEST_1
2026-08-08 15:06:27,211 [INFO] Argument:325 - Argument : Directionvalue: DMA_MEMORY_TO_PERIPH
2026-08-08 15:06:27,211 [INFO] Argument:335 - Argument : Directionvalue: DMA_MEMORY_TO_PERIPH
2026-08-08 15:06:27,211 [INFO] Argument:325 - Argument : PeriphIncvalue: DMA_PINC_DISABLE
2026-08-08 15:06:27,211 [INFO] Argument:335 - Argument : PeriphIncvalue: DMA_PINC_DISABLE
2026-08-08 15:06:27,211 [INFO] Argument:325 - Argument : MemIncvalue: DMA_MINC_ENABLE
2026-08-08 15:06:27,211 [INFO] Argument:335 - Argument : MemIncvalue: DMA_MINC_ENABLE
2026-08-08 15:06:27,211 [INFO] Argument:325 - Argument : PeriphDataAlignmentvalue: DMA_PDATAALIGN_HALFWORD
2026-08-08 15:06:27,211 [INFO] Argument:335 - Argument : PeriphDataAlignmentvalue: DMA_PDATAALIGN_HALFWORD
2026-08-08 15:06:27,211 [INFO] Argument:325 - Argument : MemDataAlignmentvalue: DMA_MDATAALIGN_HALFWORD
2026-08-08 15:06:27,211 [INFO] Argument:335 - Argument : MemDataAlignmentvalue: DMA_MDATAALIGN_HALFWORD
2026-08-08 15:06:27,211 [INFO] Argument:325 - Argument : Modevalue: DMA_CIRCULAR
2026-08-08 15:06:27,211 [INFO] Argument:335 - Argument : Modevalue: DMA_CIRCULAR
2026-08-08 15:06:27,211 [INFO] Argument:325 - Argument : Priorityvalue: DMA_PRIORITY_LOW
2026-08-08 15:06:27,211 [INFO] Argument:335 - Argument : Priorityvalue: DMA_PRIORITY_LOW
2026-08-08 15:06:27,211 [INFO] Argument:325 - Argument : Lockvalue: null
2026-08-08 15:06:27,211 [INFO] Argument:335 - Argument : Lockvalue: null
2026-08-08 15:06:27,212 [INFO] Argument:325 - Argument : Statevalue: null
2026-08-08 15:06:27,212 [INFO] Argument:335 - Argument : Statevalue: null
2026-08-08 15:06:27,212 [INFO] Argument:325 - Argument : Parentvalue: null
2026-08-08 15:06:27,212 [INFO] Argument:335 - Argument : Parentvalue: null
2026-08-08 15:06:27,212 [INFO] Argument:325 - Argument : XferCpltCallbackvalue: null
2026-08-08 15:06:27,212 [INFO] Argument:335 - Argument : XferCpltCallbackvalue: null
2026-08-08 15:06:27,212 [INFO] Argument:325 - Argument : XferHalfCpltCallbackvalue: null
2026-08-08 15:06:27,212 [INFO] Argument:335 - Argument : XferHalfCpltCallbackvalue: null
2026-08-08 15:06:27,212 [INFO] Argument:325 - Argument : XferErrorCallbackvalue: null
2026-08-08 15:06:27,212 [INFO] Argument:335 - Argument : XferErrorCallbackvalue: null
2026-08-08 15:06:27,212 [INFO] Argument:325 - Argument : XferAbortCallbackvalue: null
2026-08-08 15:06:27,212 [INFO] Argument:335 - Argument : XferAbortCallbackvalue: null
2026-08-08 15:06:27,212 [INFO] Argument:325 - Argument : ErrorCodevalue: null
2026-08-08 15:06:27,212 [INFO] Argument:335 - Argument : ErrorCodevalue: null
2026-08-08 15:06:27,212 [INFO] Argument:325 - Argument : DmaBaseAddressvalue: null
2026-08-08 15:06:27,212 [INFO] Argument:335 - Argument : DmaBaseAddressvalue: null
2026-08-08 15:06:27,212 [INFO] Argument:325 - Argument : ChannelIndexvalue: null
2026-08-08 15:06:27,212 [INFO] Argument:335 - Argument : ChannelIndexvalue: null
2026-08-08 15:06:27,212 [INFO] Argument:325 - Argument : pSyncConfigvalue: null
2026-08-08 15:06:27,212 [INFO] Argument:327 - 	 sub Args: 
2026-08-08 15:06:27,212 [INFO] Argument:325 - Argument : SyncSignalIDvalue: null
2026-08-08 15:06:27,212 [INFO] Argument:335 - Argument : SyncSignalIDvalue: null
2026-08-08 15:06:27,212 [INFO] Argument:325 - Argument : SyncPolarityvalue: null
2026-08-08 15:06:27,212 [INFO] Argument:335 - Argument : SyncPolarityvalue: null
2026-08-08 15:06:27,212 [INFO] Argument:325 - Argument : SyncEnablevalue: null
2026-08-08 15:06:27,212 [INFO] Argument:335 - Argument : SyncEnablevalue: null
2026-08-08 15:06:27,212 [INFO] Argument:325 - Argument : EventEnablevalue: null
2026-08-08 15:06:27,212 [INFO] Argument:335 - Argument : EventEnablevalue: null
2026-08-08 15:06:27,212 [INFO] Argument:325 - Argument : RequestNumbervalue: null
2026-08-08 15:06:27,212 [INFO] Argument:335 - Argument : RequestNumbervalue: null
2026-08-08 15:06:27,251 [INFO] CodeEngine:263 - oldGeneratedFile, C:\Users\German\Documents\equipo_medicion_ensayo_celdas\pruebas_eq_med_celdas\MXTmpFiles\license.tmp_save
2026-08-08 15:06:27,284 [INFO] CodeEngine:287 - Generated code: C:\Users\German\Documents\equipo_medicion_ensayo_celdas\pruebas_eq_med_celdas\MXTmpFiles\license.tmp
2026-08-08 15:06:27,300 [INFO] CodeEngine:263 - oldGeneratedFile, C:\Users\German\Documents\equipo_medicion_ensayo_celdas\pruebas_eq_med_celdas\MXTmpFiles\gpio.tmp_save
2026-08-08 15:06:27,337 [INFO] CodeEngine:287 - Generated code: C:\Users\German\Documents\equipo_medicion_ensayo_celdas\pruebas_eq_med_celdas\MXTmpFiles\gpio.tmp
2026-08-08 15:06:27,572 [INFO] CodeEngine:263 - oldGeneratedFile, C:\Users\German\Documents\equipo_medicion_ensayo_celdas\pruebas_eq_med_celdas\MXTmpFiles\dma.tmp_save
2026-08-08 15:06:27,607 [INFO] CodeEngine:287 - Generated code: C:\Users\German\Documents\equipo_medicion_ensayo_celdas\pruebas_eq_med_celdas\MXTmpFiles\dma.tmp
2026-08-08 15:06:27,609 [INFO] CodeEngine:263 - oldGeneratedFile, C:\Users\German\Documents\equipo_medicion_ensayo_celdas\pruebas_eq_med_celdas\MXTmpFiles\dma_GV.tmp_save
2026-08-08 15:06:27,641 [INFO] CodeEngine:287 - Generated code: C:\Users\German\Documents\equipo_medicion_ensayo_celdas\pruebas_eq_med_celdas\MXTmpFiles\dma_GV.tmp
2026-08-08 15:06:27,652 [INFO] CodeEngine:263 - oldGeneratedFile, C:\Users\German\Documents\equipo_medicion_ensayo_celdas\pruebas_eq_med_celdas\Core\Src\stm32l4xx_it.c_save
2026-08-08 15:06:27,693 [INFO] CodeEngine:287 - Generated code: C:\Users\German\Documents\equipo_medicion_ensayo_celdas\pruebas_eq_med_celdas\Core\Src\stm32l4xx_it.c
2026-08-08 15:06:27,696 [INFO] CodeEngine:263 - oldGeneratedFile, C:\Users\German\Documents\equipo_medicion_ensayo_celdas\pruebas_eq_med_celdas\Core\Inc\stm32l4xx_it.h_save
2026-08-08 15:06:27,728 [INFO] CodeEngine:287 - Generated code: C:\Users\German\Documents\equipo_medicion_ensayo_celdas\pruebas_eq_med_celdas\Core\Inc\stm32l4xx_it.h
2026-08-08 15:06:27,737 [INFO] CodeEngine:263 - oldGeneratedFile, C:\Users\German\Documents\equipo_medicion_ensayo_celdas\pruebas_eq_med_celdas\Core\Src\stm32l4xx_hal_msp.c_save
2026-08-08 15:06:27,788 [INFO] CodeEngine:287 - Generated code: C:\Users\German\Documents\equipo_medicion_ensayo_celdas\pruebas_eq_med_celdas\Core\Src\stm32l4xx_hal_msp.c
2026-08-08 15:06:27,790 [INFO] CodeEngine:263 - oldGeneratedFile, C:\Users\German\Documents\equipo_medicion_ensayo_celdas\pruebas_eq_med_celdas\MXTmpFiles\system.tmp_save
2026-08-08 15:06:27,822 [INFO] CodeEngine:287 - Generated code: C:\Users\German\Documents\equipo_medicion_ensayo_celdas\pruebas_eq_med_celdas\MXTmpFiles\system.tmp
2026-08-08 15:06:27,827 [INFO] CodeEngine:319 - oldGeneratedFile, C:\Users\German\Documents\equipo_medicion_ensayo_celdas\pruebas_eq_med_celdas\Core\Inc\stm32l4xx_hal_conf.h_save
2026-08-08 15:06:27,865 [INFO] CodeEngine:343 - Generated code: C:\Users\German\Documents\equipo_medicion_ensayo_celdas\pruebas_eq_med_celdas\Core\Inc\stm32l4xx_hal_conf.h
2026-08-08 15:06:27,875 [WARN] IPConfigManager:3790 - IP not found : TIM
2026-08-08 15:06:27,875 [WARN] CodeGenerator:4198 - IP not found : null
2026-08-08 15:06:27,879 [INFO] CodeEngine:263 - oldGeneratedFile, C:\Users\German\Documents\equipo_medicion_ensayo_celdas\pruebas_eq_med_celdas\Core\Inc\main.h_save
2026-08-08 15:06:27,915 [INFO] CodeEngine:287 - Generated code: C:\Users\German\Documents\equipo_medicion_ensayo_celdas\pruebas_eq_med_celdas\Core\Inc\main.h
2026-08-08 15:06:27,918 [INFO] CodeEngine:263 - oldGeneratedFile, C:\Users\German\Documents\equipo_medicion_ensayo_celdas\pruebas_eq_med_celdas\Core\Src\main.c_save
2026-08-08 15:06:27,979 [INFO] CodeEngine:287 - Generated code: C:\Users\German\Documents\equipo_medicion_ensayo_celdas\pruebas_eq_med_celdas\Core\Src\main.c
2026-08-08 15:06:28,163 [INFO] ProjectBuilder:3324 - Time for Copy HAL[1] : 99mS.
2026-08-08 15:06:28,165 [INFO] ProjectBuilder:4912 - Project Generator version: 4.6.0.1-B1
2026-08-08 15:06:28,232 [INFO] ConfigFileManager:1590 - The Die is : DIE415
2026-08-08 15:06:28,676 [INFO] ProjectBuilder:5191 - Time for Generating toolchain IDE Files: 511mS.
2026-08-08 15:06:28,677 [INFO] ProjectBuilder:3181 - Time for Copy CMSIS : 1mS.
2026-08-08 15:06:28,678 [INFO] ProjectBuilder:3181 - Time for Copy CMSIS : 0mS.
2026-08-08 15:07:05,496 [INFO] ADCParametersView:116 -                Rank 1 : true
2026-08-08 15:07:05,497 [INFO] ADCParametersView:116 -                Rank 2 : true
2026-08-08 15:07:05,497 [INFO] ADCParametersView:116 -                Rank 3 : true
2026-08-08 15:07:05,498 [INFO] ADCParametersView:116 -                Rank 1 : true
2026-08-08 15:07:05,498 [INFO] ADCParametersView:116 -                Rank 2 : true
2026-08-08 15:07:05,498 [INFO] ADCParametersView:116 -                Rank 3 : true
2026-08-08 15:07:05,498 [INFO] ADCParametersView:116 -                Rank 1 : true
2026-08-08 15:07:05,498 [INFO] ADCParametersView:116 -                Rank 2 : true
2026-08-08 15:07:05,498 [INFO] ADCParametersView:116 -                Rank 3 : true
2026-08-08 15:07:05,498 [INFO] ADCParametersView:116 -                Rank 1 : true
2026-08-08 15:07:05,498 [INFO] ADCParametersView:116 -                Rank 2 : true
2026-08-08 15:07:05,498 [INFO] ADCParametersView:116 -                Rank 3 : true
2026-08-08 15:07:05,498 [INFO] ADCParametersView:116 -                Rank 1 : true
2026-08-08 15:07:05,498 [INFO] ADCParametersView:116 -                Rank 2 : true
2026-08-08 15:07:05,498 [INFO] ADCParametersView:116 -                Rank 3 : true
2026-08-08 15:07:05,498 [INFO] ADCParametersView:116 -                Rank 1 : true
2026-08-08 15:07:05,498 [INFO] ADCParametersView:116 -                Rank 2 : true
2026-08-08 15:07:05,498 [INFO] ADCParametersView:116 -                Rank 3 : true
2026-08-08 15:07:05,498 [INFO] ADCParametersView:116 -                Rank 1 : true
2026-08-08 15:07:05,498 [INFO] ADCParametersView:116 -                Rank 2 : true
2026-08-08 15:07:05,498 [INFO] ADCParametersView:116 -                Rank 3 : true
2026-08-08 15:07:05,498 [INFO] ADCParametersView:116 -                Rank 1 : true
2026-08-08 15:07:05,498 [INFO] ADCParametersView:116 -                Rank 2 : true
2026-08-08 15:07:05,498 [INFO] ADCParametersView:116 -                Rank 3 : true
2026-08-08 15:07:05,498 [INFO] ADCParametersView:116 -                Rank 1 : true
2026-08-08 15:07:05,498 [INFO] ADCParametersView:116 -                Rank 2 : true
2026-08-08 15:07:05,498 [INFO] ADCParametersView:116 -                Rank 3 : true
2026-08-08 15:07:05,499 [INFO] ADCParametersView:116 -                Rank 1 : true
2026-08-08 15:07:05,499 [INFO] ADCParametersView:116 -                Rank 2 : true
2026-08-08 15:07:05,499 [INFO] ADCParametersView:116 -                Rank 3 : true
2026-08-08 15:07:05,499 [INFO] ADCParametersView:116 -                Rank 1 : true
2026-08-08 15:07:05,499 [INFO] ADCParametersView:116 -                Rank 2 : true
2026-08-08 15:07:05,499 [INFO] ADCParametersView:116 -                Rank 3 : true
2026-08-08 15:07:05,499 [INFO] ADCParametersView:116 -                Rank 1 : true
2026-08-08 15:07:05,499 [INFO] ADCParametersView:116 -                Rank 2 : true
2026-08-08 15:07:05,499 [INFO] ADCParametersView:116 -                Rank 3 : true
2026-08-08 15:07:05,499 [INFO] ADCParametersView:116 -                Rank 1 : true
2026-08-08 15:07:05,499 [INFO] ADCParametersView:116 -                Rank 2 : true
2026-08-08 15:07:05,499 [INFO] ADCParametersView:116 -                Rank 3 : true
2026-08-08 15:07:05,499 [INFO] ADCParametersView:116 -                Rank 1 : true
2026-08-08 15:07:05,499 [INFO] ADCParametersView:116 -                Rank 2 : true
2026-08-08 15:07:05,499 [INFO] ADCParametersView:116 -                Rank 3 : true
2026-08-08 15:07:05,499 [INFO] ADCParametersView:116 -                Rank 1 : true
2026-08-08 15:07:05,499 [INFO] ADCParametersView:116 -                Rank 2 : true
2026-08-08 15:07:05,499 [INFO] ADCParametersView:116 -                Rank 3 : true
2026-08-08 15:07:05,499 [INFO] ADCParametersView:116 -                Rank 1 : true
2026-08-08 15:07:05,499 [INFO] ADCParametersView:116 -                Rank 2 : true
2026-08-08 15:07:05,499 [INFO] ADCParametersView:116 -                Rank 3 : true
2026-08-08 15:07:05,499 [INFO] ADCParametersView:116 -                Rank 1 : true
2026-08-08 15:07:05,499 [INFO] ADCParametersView:116 -                Rank 2 : true
2026-08-08 15:07:05,499 [INFO] ADCParametersView:116 -                Rank 3 : true
2026-08-08 15:07:05,499 [INFO] ADCParametersView:116 -                Rank 1 : true
2026-08-08 15:07:05,499 [INFO] ADCParametersView:116 -                Rank 2 : true
2026-08-08 15:07:05,499 [INFO] ADCParametersView:116 -                Rank 3 : true
2026-08-08 15:07:05,499 [INFO] ADCParametersView:116 -                Rank 1 : true
2026-08-08 15:07:05,499 [INFO] ADCParametersView:116 -                Rank 2 : true
2026-08-08 15:07:05,499 [INFO] ADCParametersView:116 -                Rank 3 : true
2026-08-08 15:07:05,499 [INFO] ADCParametersView:116 -                Rank 1 : true
2026-08-08 15:07:05,499 [INFO] ADCParametersView:116 -                Rank 2 : true
2026-08-08 15:07:05,499 [INFO] ADCParametersView:116 -                Rank 3 : true
2026-08-08 15:07:05,499 [INFO] ADCParametersView:116 -                Rank 2 : true
2026-08-08 15:07:05,499 [INFO] ADCParametersView:116 -                Rank 3 : true
2026-08-08 15:07:05,499 [INFO] ADCParametersView:116 -                Rank 3 : true
2026-08-08 15:07:05,527 [INFO] ADCParametersView:116 -                Rank 1 : true
2026-08-08 15:07:05,527 [INFO] ADCParametersView:116 -                Rank 1 : true
2026-08-08 15:07:05,527 [INFO] ADCParametersView:116 -                Rank 2 : true
2026-08-08 15:07:05,527 [INFO] ADCParametersView:116 -                Rank 1 : true
2026-08-08 15:07:05,527 [INFO] ADCParametersView:116 -                Rank 2 : true
2026-08-08 15:07:05,527 [INFO] ADCParametersView:116 -                Rank 3 : true
2026-08-08 15:07:05,568 [INFO] ADCParametersView:116 -                Rank 1 : true
2026-08-08 15:07:05,569 [INFO] ADCParametersView:116 -                Rank 2 : true
2026-08-08 15:07:05,569 [INFO] ADCParametersView:116 -                Rank 3 : true
2026-08-08 15:07:05,569 [INFO] ADCParametersView:116 -                Rank 1 : true
2026-08-08 15:07:05,569 [INFO] ADCParametersView:116 -                Rank 2 : true
2026-08-08 15:07:05,569 [INFO] ADCParametersView:116 -                Rank 3 : true
2026-08-08 15:07:05,569 [INFO] ADCParametersView:116 -                Rank 1 : true
2026-08-08 15:07:05,569 [INFO] ADCParametersView:116 -                Rank 2 : true
2026-08-08 15:07:05,569 [INFO] ADCParametersView:116 -                Rank 3 : true
2026-08-08 15:07:05,570 [INFO] ADCParametersView:116 -                Rank 1 : true
2026-08-08 15:07:05,570 [INFO] ADCParametersView:116 -                Rank 2 : true
2026-08-08 15:07:05,570 [INFO] ADCParametersView:116 -                Rank 3 : true
2026-08-08 15:07:05,570 [INFO] ADCParametersView:116 -                Rank 1 : true
2026-08-08 15:07:05,570 [INFO] ADCParametersView:116 -                Rank 2 : true
2026-08-08 15:07:05,570 [INFO] ADCParametersView:116 -                Rank 3 : true
2026-08-08 15:07:05,570 [INFO] ADCParametersView:116 -                Rank 1 : true
2026-08-08 15:07:05,570 [INFO] ADCParametersView:116 -                Rank 2 : true
2026-08-08 15:07:05,570 [INFO] ADCParametersView:116 -                Rank 3 : true
2026-08-08 15:07:05,570 [INFO] ADCParametersView:116 -                Rank 1 : true
2026-08-08 15:07:05,570 [INFO] ADCParametersView:116 -                Rank 2 : true
2026-08-08 15:07:05,570 [INFO] ADCParametersView:116 -                Rank 3 : true
2026-08-08 15:07:05,570 [INFO] ADCParametersView:116 -                Rank 1 : true
2026-08-08 15:07:05,570 [INFO] ADCParametersView:116 -                Rank 2 : true
2026-08-08 15:07:05,570 [INFO] ADCParametersView:116 -                Rank 3 : true
2026-08-08 15:07:05,570 [INFO] ADCParametersView:116 -                Rank 1 : true
2026-08-08 15:07:05,570 [INFO] ADCParametersView:116 -                Rank 2 : true
2026-08-08 15:07:05,570 [INFO] ADCParametersView:116 -                Rank 3 : true
2026-08-08 15:07:05,570 [INFO] ADCParametersView:116 -                Rank 1 : true
2026-08-08 15:07:05,570 [INFO] ADCParametersView:116 -                Rank 2 : true
2026-08-08 15:07:05,570 [INFO] ADCParametersView:116 -                Rank 3 : true
2026-08-08 15:07:05,570 [INFO] ADCParametersView:116 -                Rank 1 : true
2026-08-08 15:07:05,570 [INFO] ADCParametersView:116 -                Rank 2 : true
2026-08-08 15:07:05,570 [INFO] ADCParametersView:116 -                Rank 3 : true
2026-08-08 15:07:05,570 [INFO] ADCParametersView:116 -                Rank 1 : true
2026-08-08 15:07:05,570 [INFO] ADCParametersView:116 -                Rank 2 : true
2026-08-08 15:07:05,570 [INFO] ADCParametersView:116 -                Rank 3 : true
2026-08-08 15:07:05,570 [INFO] ADCParametersView:116 -                Rank 1 : true
2026-08-08 15:07:05,570 [INFO] ADCParametersView:116 -                Rank 2 : true
2026-08-08 15:07:05,570 [INFO] ADCParametersView:116 -                Rank 3 : true
2026-08-08 15:07:05,570 [INFO] ADCParametersView:116 -                Rank 1 : true
2026-08-08 15:07:05,570 [INFO] ADCParametersView:116 -                Rank 2 : true
2026-08-08 15:07:05,570 [INFO] ADCParametersView:116 -                Rank 3 : true
2026-08-08 15:07:05,570 [INFO] ADCParametersView:116 -                Rank 1 : true
2026-08-08 15:07:05,571 [INFO] ADCParametersView:116 -                Rank 2 : true
2026-08-08 15:07:05,571 [INFO] ADCParametersView:116 -                Rank 3 : true
2026-08-08 15:07:05,571 [INFO] ADCParametersView:116 -                Rank 1 : true
2026-08-08 15:07:05,571 [INFO] ADCParametersView:116 -                Rank 2 : true
2026-08-08 15:07:05,571 [INFO] ADCParametersView:116 -                Rank 3 : true
2026-08-08 15:07:05,571 [INFO] ADCParametersView:116 -                Rank 1 : true
2026-08-08 15:07:05,571 [INFO] ADCParametersView:116 -                Rank 2 : true
2026-08-08 15:07:05,571 [INFO] ADCParametersView:116 -                Rank 3 : true
2026-08-08 15:07:05,571 [INFO] ADCParametersView:116 -                Rank 1 : true
2026-08-08 15:07:05,571 [INFO] ADCParametersView:116 -                Rank 2 : true
2026-08-08 15:07:05,571 [INFO] ADCParametersView:116 -                Rank 3 : true
2026-08-08 15:07:05,571 [INFO] ADCParametersView:116 -                Rank 1 : true
2026-08-08 15:07:05,571 [INFO] ADCParametersView:116 -                Rank 2 : true
2026-08-08 15:07:05,571 [INFO] ADCParametersView:116 -                Rank 3 : true
2026-08-08 15:07:05,571 [INFO] ADCParametersView:116 -                Rank 1 : true
2026-08-08 15:07:05,571 [INFO] ADCParametersView:116 -                Rank 2 : true
2026-08-08 15:07:05,571 [INFO] ADCParametersView:116 -                Rank 3 : true
2026-08-08 15:07:05,571 [INFO] ADCParametersView:116 -                Rank 2 : true
2026-08-08 15:07:05,571 [INFO] ADCParametersView:116 -                Rank 3 : true
2026-08-08 15:07:05,571 [INFO] ADCParametersView:116 -                Rank 3 : true
2026-08-08 15:07:05,598 [INFO] ADCParametersView:116 -                Rank 1 : true
2026-08-08 15:07:05,599 [INFO] ADCParametersView:116 -                Rank 1 : true
2026-08-08 15:07:05,599 [INFO] ADCParametersView:116 -                Rank 2 : true
2026-08-08 15:07:05,599 [INFO] ADCParametersView:116 -                Rank 1 : true
2026-08-08 15:07:05,599 [INFO] ADCParametersView:116 -                Rank 2 : true
2026-08-08 15:07:05,599 [INFO] ADCParametersView:116 -                Rank 3 : true
2026-08-08 15:07:10,353 [INFO] NvicIntPanel:101 - NVIC parent = com.st.microxplorer.plugins.ip.nvic.MultiNvicIntPanel[,0,0,0x0,invalid,layout=javax.swing.BoxLayout,alignmentX=0.0,alignmentY=0.0,border=,flags=9,maximumSize=,minimumSize=,preferredSize=]
2026-08-08 15:07:10,386 [INFO] ADCParametersView:116 -                Rank 1 : true
2026-08-08 15:07:10,386 [INFO] ADCParametersView:116 -                Rank 2 : true
2026-08-08 15:07:10,386 [INFO] ADCParametersView:116 -                Rank 3 : true
2026-08-08 15:07:10,387 [INFO] ADCParametersView:116 -                Rank 1 : true
2026-08-08 15:07:10,387 [INFO] ADCParametersView:116 -                Rank 2 : true
2026-08-08 15:07:10,387 [INFO] ADCParametersView:116 -                Rank 3 : true
2026-08-08 15:07:10,388 [INFO] ADCParametersView:116 -                Rank 1 : true
2026-08-08 15:07:10,388 [INFO] ADCParametersView:116 -                Rank 2 : true
2026-08-08 15:07:10,388 [INFO] ADCParametersView:116 -                Rank 3 : true
2026-08-08 15:07:10,388 [INFO] ADCParametersView:116 -                Rank 1 : true
2026-08-08 15:07:10,388 [INFO] ADCParametersView:116 -                Rank 2 : true
2026-08-08 15:07:10,388 [INFO] ADCParametersView:116 -                Rank 3 : true
2026-08-08 15:07:10,388 [INFO] ADCParametersView:116 -                Rank 1 : true
2026-08-08 15:07:10,388 [INFO] ADCParametersView:116 -                Rank 2 : true
2026-08-08 15:07:10,388 [INFO] ADCParametersView:116 -                Rank 3 : true
2026-08-08 15:07:10,388 [INFO] ADCParametersView:116 -                Rank 1 : true
2026-08-08 15:07:10,388 [INFO] ADCParametersView:116 -                Rank 2 : true
2026-08-08 15:07:10,388 [INFO] ADCParametersView:116 -                Rank 3 : true
2026-08-08 15:07:10,388 [INFO] ADCParametersView:116 -                Rank 1 : true
2026-08-08 15:07:10,388 [INFO] ADCParametersView:116 -                Rank 2 : true
2026-08-08 15:07:10,388 [INFO] ADCParametersView:116 -                Rank 3 : true
2026-08-08 15:07:10,388 [INFO] ADCParametersView:116 -                Rank 1 : true
2026-08-08 15:07:10,388 [INFO] ADCParametersView:116 -                Rank 2 : true
2026-08-08 15:07:10,388 [INFO] ADCParametersView:116 -                Rank 3 : true
2026-08-08 15:07:10,388 [INFO] ADCParametersView:116 -                Rank 1 : true
2026-08-08 15:07:10,388 [INFO] ADCParametersView:116 -                Rank 2 : true
2026-08-08 15:07:10,388 [INFO] ADCParametersView:116 -                Rank 3 : true
2026-08-08 15:07:10,388 [INFO] ADCParametersView:116 -                Rank 1 : true
2026-08-08 15:07:10,388 [INFO] ADCParametersView:116 -                Rank 2 : true
2026-08-08 15:07:10,388 [INFO] ADCParametersView:116 -                Rank 3 : true
2026-08-08 15:07:10,388 [INFO] ADCParametersView:116 -                Rank 1 : true
2026-08-08 15:07:10,388 [INFO] ADCParametersView:116 -                Rank 2 : true
2026-08-08 15:07:10,388 [INFO] ADCParametersView:116 -                Rank 3 : true
2026-08-08 15:07:10,388 [INFO] ADCParametersView:116 -                Rank 1 : true
2026-08-08 15:07:10,388 [INFO] ADCParametersView:116 -                Rank 2 : true
2026-08-08 15:07:10,388 [INFO] ADCParametersView:116 -                Rank 3 : true
2026-08-08 15:07:10,388 [INFO] ADCParametersView:116 -                Rank 1 : true
2026-08-08 15:07:10,388 [INFO] ADCParametersView:116 -                Rank 2 : true
2026-08-08 15:07:10,388 [INFO] ADCParametersView:116 -                Rank 3 : true
2026-08-08 15:07:10,388 [INFO] ADCParametersView:116 -                Rank 1 : true
2026-08-08 15:07:10,388 [INFO] ADCParametersView:116 -                Rank 2 : true
2026-08-08 15:07:10,388 [INFO] ADCParametersView:116 -                Rank 3 : true
2026-08-08 15:07:10,388 [INFO] ADCParametersView:116 -                Rank 1 : true
2026-08-08 15:07:10,388 [INFO] ADCParametersView:116 -                Rank 2 : true
2026-08-08 15:07:10,388 [INFO] ADCParametersView:116 -                Rank 3 : true
2026-08-08 15:07:10,388 [INFO] ADCParametersView:116 -                Rank 1 : true
2026-08-08 15:07:10,388 [INFO] ADCParametersView:116 -                Rank 2 : true
2026-08-08 15:07:10,388 [INFO] ADCParametersView:116 -                Rank 3 : true
2026-08-08 15:07:10,388 [INFO] ADCParametersView:116 -                Rank 1 : true
2026-08-08 15:07:10,388 [INFO] ADCParametersView:116 -                Rank 2 : true
2026-08-08 15:07:10,388 [INFO] ADCParametersView:116 -                Rank 3 : true
2026-08-08 15:07:10,388 [INFO] ADCParametersView:116 -                Rank 1 : true
2026-08-08 15:07:10,388 [INFO] ADCParametersView:116 -                Rank 2 : true
2026-08-08 15:07:10,388 [INFO] ADCParametersView:116 -                Rank 3 : true
2026-08-08 15:07:10,388 [INFO] ADCParametersView:116 -                Rank 1 : true
2026-08-08 15:07:10,388 [INFO] ADCParametersView:116 -                Rank 2 : true
2026-08-08 15:07:10,389 [INFO] ADCParametersView:116 -                Rank 3 : true
2026-08-08 15:07:10,389 [INFO] ADCParametersView:116 -                Rank 1 : true
2026-08-08 15:07:10,389 [INFO] ADCParametersView:116 -                Rank 2 : true
2026-08-08 15:07:10,389 [INFO] ADCParametersView:116 -                Rank 3 : true
2026-08-08 15:07:10,389 [INFO] ADCParametersView:116 -                Rank 2 : true
2026-08-08 15:07:10,389 [INFO] ADCParametersView:116 -                Rank 3 : true
2026-08-08 15:07:10,389 [INFO] ADCParametersView:116 -                Rank 3 : true
2026-08-08 15:07:10,410 [INFO] ADCParametersView:116 -                Rank 1 : true
2026-08-08 15:07:10,410 [INFO] ADCParametersView:116 -                Rank 1 : true
2026-08-08 15:07:10,410 [INFO] ADCParametersView:116 -                Rank 2 : true
2026-08-08 15:07:10,410 [INFO] ADCParametersView:116 -                Rank 1 : true
2026-08-08 15:07:10,410 [INFO] ADCParametersView:116 -                Rank 2 : true
2026-08-08 15:07:10,410 [INFO] ADCParametersView:116 -                Rank 3 : true
2026-08-08 15:07:12,671 [INFO] NvicIntPanel:101 - NVIC parent = com.st.microxplorer.plugins.ip.nvic.MultiNvicIntPanel[,0,0,0x0,invalid,layout=javax.swing.BoxLayout,alignmentX=0.0,alignmentY=0.0,border=,flags=9,maximumSize=,minimumSize=,preferredSize=]
2026-08-08 15:07:12,694 [INFO] ADCParametersView:116 -                Rank 1 : true
2026-08-08 15:07:12,695 [INFO] ADCParametersView:116 -                Rank 2 : true
2026-08-08 15:07:12,695 [INFO] ADCParametersView:116 -                Rank 3 : true
2026-08-08 15:07:12,695 [INFO] ADCParametersView:116 -                Rank 1 : true
2026-08-08 15:07:12,695 [INFO] ADCParametersView:116 -                Rank 2 : true
2026-08-08 15:07:12,695 [INFO] ADCParametersView:116 -                Rank 3 : true
2026-08-08 15:07:12,695 [INFO] ADCParametersView:116 -                Rank 1 : true
2026-08-08 15:07:12,695 [INFO] ADCParametersView:116 -                Rank 2 : true
2026-08-08 15:07:12,695 [INFO] ADCParametersView:116 -                Rank 3 : true
2026-08-08 15:07:12,695 [INFO] ADCParametersView:116 -                Rank 1 : true
2026-08-08 15:07:12,696 [INFO] ADCParametersView:116 -                Rank 2 : true
2026-08-08 15:07:12,696 [INFO] ADCParametersView:116 -                Rank 3 : true
2026-08-08 15:07:12,696 [INFO] ADCParametersView:116 -                Rank 1 : true
2026-08-08 15:07:12,696 [INFO] ADCParametersView:116 -                Rank 2 : true
2026-08-08 15:07:12,696 [INFO] ADCParametersView:116 -                Rank 3 : true
2026-08-08 15:07:12,696 [INFO] ADCParametersView:116 -                Rank 1 : true
2026-08-08 15:07:12,696 [INFO] ADCParametersView:116 -                Rank 2 : true
2026-08-08 15:07:12,696 [INFO] ADCParametersView:116 -                Rank 3 : true
2026-08-08 15:07:12,696 [INFO] ADCParametersView:116 -                Rank 1 : true
2026-08-08 15:07:12,696 [INFO] ADCParametersView:116 -                Rank 2 : true
2026-08-08 15:07:12,696 [INFO] ADCParametersView:116 -                Rank 3 : true
2026-08-08 15:07:12,696 [INFO] ADCParametersView:116 -                Rank 1 : true
2026-08-08 15:07:12,696 [INFO] ADCParametersView:116 -                Rank 2 : true
2026-08-08 15:07:12,696 [INFO] ADCParametersView:116 -                Rank 3 : true
2026-08-08 15:07:12,696 [INFO] ADCParametersView:116 -                Rank 1 : true
2026-08-08 15:07:12,696 [INFO] ADCParametersView:116 -                Rank 2 : true
2026-08-08 15:07:12,696 [INFO] ADCParametersView:116 -                Rank 3 : true
2026-08-08 15:07:12,696 [INFO] ADCParametersView:116 -                Rank 1 : true
2026-08-08 15:07:12,696 [INFO] ADCParametersView:116 -                Rank 2 : true
2026-08-08 15:07:12,696 [INFO] ADCParametersView:116 -                Rank 3 : true
2026-08-08 15:07:12,696 [INFO] ADCParametersView:116 -                Rank 1 : true
2026-08-08 15:07:12,696 [INFO] ADCParametersView:116 -                Rank 2 : true
2026-08-08 15:07:12,696 [INFO] ADCParametersView:116 -                Rank 3 : true
2026-08-08 15:07:12,696 [INFO] ADCParametersView:116 -                Rank 1 : true
2026-08-08 15:07:12,696 [INFO] ADCParametersView:116 -                Rank 2 : true
2026-08-08 15:07:12,696 [INFO] ADCParametersView:116 -                Rank 3 : true
2026-08-08 15:07:12,696 [INFO] ADCParametersView:116 -                Rank 1 : true
2026-08-08 15:07:12,696 [INFO] ADCParametersView:116 -                Rank 2 : true
2026-08-08 15:07:12,696 [INFO] ADCParametersView:116 -                Rank 3 : true
2026-08-08 15:07:12,696 [INFO] ADCParametersView:116 -                Rank 1 : true
2026-08-08 15:07:12,696 [INFO] ADCParametersView:116 -                Rank 2 : true
2026-08-08 15:07:12,696 [INFO] ADCParametersView:116 -                Rank 3 : true
2026-08-08 15:07:12,696 [INFO] ADCParametersView:116 -                Rank 1 : true
2026-08-08 15:07:12,696 [INFO] ADCParametersView:116 -                Rank 2 : true
2026-08-08 15:07:12,696 [INFO] ADCParametersView:116 -                Rank 3 : true
2026-08-08 15:07:12,696 [INFO] ADCParametersView:116 -                Rank 1 : true
2026-08-08 15:07:12,696 [INFO] ADCParametersView:116 -                Rank 2 : true
2026-08-08 15:07:12,696 [INFO] ADCParametersView:116 -                Rank 3 : true
2026-08-08 15:07:12,696 [INFO] ADCParametersView:116 -                Rank 1 : true
2026-08-08 15:07:12,696 [INFO] ADCParametersView:116 -                Rank 2 : true
2026-08-08 15:07:12,696 [INFO] ADCParametersView:116 -                Rank 3 : true
2026-08-08 15:07:12,696 [INFO] ADCParametersView:116 -                Rank 1 : true
2026-08-08 15:07:12,696 [INFO] ADCParametersView:116 -                Rank 2 : true
2026-08-08 15:07:12,696 [INFO] ADCParametersView:116 -                Rank 3 : true
2026-08-08 15:07:12,696 [INFO] ADCParametersView:116 -                Rank 1 : true
2026-08-08 15:07:12,696 [INFO] ADCParametersView:116 -                Rank 2 : true
2026-08-08 15:07:12,696 [INFO] ADCParametersView:116 -                Rank 3 : true
2026-08-08 15:07:12,696 [INFO] ADCParametersView:116 -                Rank 1 : true
2026-08-08 15:07:12,696 [INFO] ADCParametersView:116 -                Rank 2 : true
2026-08-08 15:07:12,696 [INFO] ADCParametersView:116 -                Rank 3 : true
2026-08-08 15:07:12,696 [INFO] ADCParametersView:116 -                Rank 2 : true
2026-08-08 15:07:12,696 [INFO] ADCParametersView:116 -                Rank 3 : true
2026-08-08 15:07:12,696 [INFO] ADCParametersView:116 -                Rank 3 : true
2026-08-08 15:07:12,722 [INFO] ADCParametersView:116 -                Rank 1 : true
2026-08-08 15:07:12,722 [INFO] ADCParametersView:116 -                Rank 1 : true
2026-08-08 15:07:12,722 [INFO] ADCParametersView:116 -                Rank 2 : true
2026-08-08 15:07:12,722 [INFO] ADCParametersView:116 -                Rank 1 : true
2026-08-08 15:07:12,722 [INFO] ADCParametersView:116 -                Rank 2 : true
2026-08-08 15:07:12,722 [INFO] ADCParametersView:116 -                Rank 3 : true
2026-08-08 15:07:15,324 [INFO] NvicIntPanel:101 - NVIC parent = com.st.microxplorer.plugins.ip.nvic.MultiNvicIntPanel[,0,0,0x0,invalid,layout=javax.swing.BoxLayout,alignmentX=0.0,alignmentY=0.0,border=,flags=9,maximumSize=,minimumSize=,preferredSize=]
2026-08-08 15:07:15,348 [INFO] ADCParametersView:116 -                Rank 1 : true
2026-08-08 15:07:15,348 [INFO] ADCParametersView:116 -                Rank 2 : true
2026-08-08 15:07:15,348 [INFO] ADCParametersView:116 -                Rank 3 : true
2026-08-08 15:07:15,349 [INFO] ADCParametersView:116 -                Rank 1 : true
2026-08-08 15:07:15,349 [INFO] ADCParametersView:116 -                Rank 2 : true
2026-08-08 15:07:15,349 [INFO] ADCParametersView:116 -                Rank 3 : true
2026-08-08 15:07:15,350 [INFO] ADCParametersView:116 -                Rank 1 : true
2026-08-08 15:07:15,350 [INFO] ADCParametersView:116 -                Rank 2 : true
2026-08-08 15:07:15,350 [INFO] ADCParametersView:116 -                Rank 3 : true
2026-08-08 15:07:15,350 [INFO] ADCParametersView:116 -                Rank 1 : true
2026-08-08 15:07:15,350 [INFO] ADCParametersView:116 -                Rank 2 : true
2026-08-08 15:07:15,350 [INFO] ADCParametersView:116 -                Rank 3 : true
2026-08-08 15:07:15,350 [INFO] ADCParametersView:116 -                Rank 1 : true
2026-08-08 15:07:15,350 [INFO] ADCParametersView:116 -                Rank 2 : true
2026-08-08 15:07:15,350 [INFO] ADCParametersView:116 -                Rank 3 : true
2026-08-08 15:07:15,350 [INFO] ADCParametersView:116 -                Rank 1 : true
2026-08-08 15:07:15,350 [INFO] ADCParametersView:116 -                Rank 2 : true
2026-08-08 15:07:15,350 [INFO] ADCParametersView:116 -                Rank 3 : true
2026-08-08 15:07:15,350 [INFO] ADCParametersView:116 -                Rank 1 : true
2026-08-08 15:07:15,350 [INFO] ADCParametersView:116 -                Rank 2 : true
2026-08-08 15:07:15,350 [INFO] ADCParametersView:116 -                Rank 3 : true
2026-08-08 15:07:15,350 [INFO] ADCParametersView:116 -                Rank 1 : true
2026-08-08 15:07:15,350 [INFO] ADCParametersView:116 -                Rank 2 : true
2026-08-08 15:07:15,350 [INFO] ADCParametersView:116 -                Rank 3 : true
2026-08-08 15:07:15,350 [INFO] ADCParametersView:116 -                Rank 1 : true
2026-08-08 15:07:15,350 [INFO] ADCParametersView:116 -                Rank 2 : true
2026-08-08 15:07:15,350 [INFO] ADCParametersView:116 -                Rank 3 : true
2026-08-08 15:07:15,350 [INFO] ADCParametersView:116 -                Rank 1 : true
2026-08-08 15:07:15,350 [INFO] ADCParametersView:116 -                Rank 2 : true
2026-08-08 15:07:15,350 [INFO] ADCParametersView:116 -                Rank 3 : true
2026-08-08 15:07:15,350 [INFO] ADCParametersView:116 -                Rank 1 : true
2026-08-08 15:07:15,350 [INFO] ADCParametersView:116 -                Rank 2 : true
2026-08-08 15:07:15,350 [INFO] ADCParametersView:116 -                Rank 3 : true
2026-08-08 15:07:15,350 [INFO] ADCParametersView:116 -                Rank 1 : true
2026-08-08 15:07:15,350 [INFO] ADCParametersView:116 -                Rank 2 : true
2026-08-08 15:07:15,350 [INFO] ADCParametersView:116 -                Rank 3 : true
2026-08-08 15:07:15,350 [INFO] ADCParametersView:116 -                Rank 1 : true
2026-08-08 15:07:15,350 [INFO] ADCParametersView:116 -                Rank 2 : true
2026-08-08 15:07:15,350 [INFO] ADCParametersView:116 -                Rank 3 : true
2026-08-08 15:07:15,350 [INFO] ADCParametersView:116 -                Rank 1 : true
2026-08-08 15:07:15,350 [INFO] ADCParametersView:116 -                Rank 2 : true
2026-08-08 15:07:15,350 [INFO] ADCParametersView:116 -                Rank 3 : true
2026-08-08 15:07:15,350 [INFO] ADCParametersView:116 -                Rank 1 : true
2026-08-08 15:07:15,350 [INFO] ADCParametersView:116 -                Rank 2 : true
2026-08-08 15:07:15,350 [INFO] ADCParametersView:116 -                Rank 3 : true
2026-08-08 15:07:15,350 [INFO] ADCParametersView:116 -                Rank 1 : true
2026-08-08 15:07:15,350 [INFO] ADCParametersView:116 -                Rank 2 : true
2026-08-08 15:07:15,350 [INFO] ADCParametersView:116 -                Rank 3 : true
2026-08-08 15:07:15,350 [INFO] ADCParametersView:116 -                Rank 1 : true
2026-08-08 15:07:15,350 [INFO] ADCParametersView:116 -                Rank 2 : true
2026-08-08 15:07:15,350 [INFO] ADCParametersView:116 -                Rank 3 : true
2026-08-08 15:07:15,350 [INFO] ADCParametersView:116 -                Rank 1 : true
2026-08-08 15:07:15,350 [INFO] ADCParametersView:116 -                Rank 2 : true
2026-08-08 15:07:15,350 [INFO] ADCParametersView:116 -                Rank 3 : true
2026-08-08 15:07:15,350 [INFO] ADCParametersView:116 -                Rank 1 : true
2026-08-08 15:07:15,350 [INFO] ADCParametersView:116 -                Rank 2 : true
2026-08-08 15:07:15,350 [INFO] ADCParametersView:116 -                Rank 3 : true
2026-08-08 15:07:15,350 [INFO] ADCParametersView:116 -                Rank 1 : true
2026-08-08 15:07:15,350 [INFO] ADCParametersView:116 -                Rank 2 : true
2026-08-08 15:07:15,350 [INFO] ADCParametersView:116 -                Rank 3 : true
2026-08-08 15:07:15,350 [INFO] ADCParametersView:116 -                Rank 2 : true
2026-08-08 15:07:15,350 [INFO] ADCParametersView:116 -                Rank 3 : true
2026-08-08 15:07:15,350 [INFO] ADCParametersView:116 -                Rank 3 : true
2026-08-08 15:07:15,370 [INFO] ADCParametersView:116 -                Rank 1 : true
2026-08-08 15:07:15,370 [INFO] ADCParametersView:116 -                Rank 1 : true
2026-08-08 15:07:15,370 [INFO] ADCParametersView:116 -                Rank 2 : true
2026-08-08 15:07:15,370 [INFO] ADCParametersView:116 -                Rank 1 : true
2026-08-08 15:07:15,370 [INFO] ADCParametersView:116 -                Rank 2 : true
2026-08-08 15:07:15,370 [INFO] ADCParametersView:116 -                Rank 3 : true
2026-08-08 15:07:53,758 [INFO] UtilMem:75 - End SaveConfig() Used Memory: 602150776 Bytes (895483904)
2026-08-08 15:07:54,933 [INFO] UtilMem:75 - End SaveConfig() Used Memory: 637802360 Bytes (895483904)
2026-08-08 15:07:56,554 [INFO] UtilMem:75 - End SaveConfig() Used Memory: 691279736 Bytes (895483904)
2026-08-08 15:07:56,629 [INFO] BlockDiagram:2775 - set Specific Code input for plugin: SPI
2026-08-08 15:07:56,629 [INFO] BlockDiagram:2775 - set Specific Code input for plugin: TIM6_7L4
2026-08-08 15:07:56,629 [INFO] BlockDiagram:2775 - set Specific Code input for plugin: TIM1_8L4
2026-08-08 15:07:56,629 [INFO] BlockDiagram:2775 - set Specific Code input for plugin: SYS
2026-08-08 15:07:56,629 [INFO] BlockDiagram:2775 - set Specific Code input for plugin: ADC
2026-08-08 15:07:56,629 [INFO] BlockDiagram:2775 - set Specific Code input for plugin: RCC
2026-08-08 15:07:56,629 [INFO] BlockDiagram:2775 - set Specific Code input for plugin: NVIC
2026-08-08 15:07:56,629 [INFO] BlockDiagram:2775 - set Specific Code input for plugin: USART
2026-08-08 15:07:56,629 [INFO] BlockDiagram:2775 - set Specific Code input for plugin: DMA
2026-08-08 15:07:56,629 [INFO] BlockDiagram:2775 - set Specific Code input for plugin: GPIO
2026-08-08 15:07:56,630 [INFO] CodeGenerator:882 - code generatio: config db path: C:\ST\STM32CubeIDE_1.18.1\STM32CubeIDE\plugins\com.st.stm32cube.common.mx_6.14.1.202504091515\\db\
2026-08-08 15:07:56,633 [INFO] Argument:325 - Argument : hdmavalue: null
2026-08-08 15:07:56,633 [INFO] Argument:327 - 	 sub Args: 
2026-08-08 15:07:56,633 [INFO] Argument:325 - Argument : Instancevalue: DMA1_Channel1
2026-08-08 15:07:56,633 [INFO] Argument:335 - Argument : Instancevalue: DMA1_Channel1
2026-08-08 15:07:56,633 [INFO] Argument:325 - Argument : Initvalue: null
2026-08-08 15:07:56,633 [INFO] Argument:327 - 	 sub Args: 
2026-08-08 15:07:56,633 [INFO] Argument:325 - Argument : Requestvalue: DMA_REQUEST_0
2026-08-08 15:07:56,633 [INFO] Argument:335 - Argument : Requestvalue: DMA_REQUEST_0
2026-08-08 15:07:56,634 [INFO] Argument:325 - Argument : Directionvalue: DMA_PERIPH_TO_MEMORY
2026-08-08 15:07:56,634 [INFO] Argument:335 - Argument : Directionvalue: DMA_PERIPH_TO_MEMORY
2026-08-08 15:07:56,634 [INFO] Argument:325 - Argument : PeriphIncvalue: DMA_PINC_DISABLE
2026-08-08 15:07:56,634 [INFO] Argument:335 - Argument : PeriphIncvalue: DMA_PINC_DISABLE
2026-08-08 15:07:56,634 [INFO] Argument:325 - Argument : MemIncvalue: DMA_MINC_ENABLE
2026-08-08 15:07:56,634 [INFO] Argument:335 - Argument : MemIncvalue: DMA_MINC_ENABLE
2026-08-08 15:07:56,634 [INFO] Argument:325 - Argument : PeriphDataAlignmentvalue: DMA_PDATAALIGN_HALFWORD
2026-08-08 15:07:56,634 [INFO] Argument:335 - Argument : PeriphDataAlignmentvalue: DMA_PDATAALIGN_HALFWORD
2026-08-08 15:07:56,634 [INFO] Argument:325 - Argument : MemDataAlignmentvalue: DMA_MDATAALIGN_HALFWORD
2026-08-08 15:07:56,634 [INFO] Argument:335 - Argument : MemDataAlignmentvalue: DMA_MDATAALIGN_HALFWORD
2026-08-08 15:07:56,634 [INFO] Argument:325 - Argument : Modevalue: DMA_NORMAL
2026-08-08 15:07:56,634 [INFO] Argument:335 - Argument : Modevalue: DMA_NORMAL
2026-08-08 15:07:56,634 [INFO] Argument:325 - Argument : Priorityvalue: DMA_PRIORITY_LOW
2026-08-08 15:07:56,634 [INFO] Argument:335 - Argument : Priorityvalue: DMA_PRIORITY_LOW
2026-08-08 15:07:56,634 [INFO] Argument:325 - Argument : Lockvalue: null
2026-08-08 15:07:56,634 [INFO] Argument:335 - Argument : Lockvalue: null
2026-08-08 15:07:56,634 [INFO] Argument:325 - Argument : Statevalue: null
2026-08-08 15:07:56,634 [INFO] Argument:335 - Argument : Statevalue: null
2026-08-08 15:07:56,634 [INFO] Argument:325 - Argument : Parentvalue: null
2026-08-08 15:07:56,634 [INFO] Argument:335 - Argument : Parentvalue: null
2026-08-08 15:07:56,634 [INFO] Argument:325 - Argument : XferCpltCallbackvalue: null
2026-08-08 15:07:56,634 [INFO] Argument:335 - Argument : XferCpltCallbackvalue: null
2026-08-08 15:07:56,634 [INFO] Argument:325 - Argument : XferHalfCpltCallbackvalue: null
2026-08-08 15:07:56,634 [INFO] Argument:335 - Argument : XferHalfCpltCallbackvalue: null
2026-08-08 15:07:56,634 [INFO] Argument:325 - Argument : XferErrorCallbackvalue: null
2026-08-08 15:07:56,634 [INFO] Argument:335 - Argument : XferErrorCallbackvalue: null
2026-08-08 15:07:56,634 [INFO] Argument:325 - Argument : XferAbortCallbackvalue: null
2026-08-08 15:07:56,634 [INFO] Argument:335 - Argument : XferAbortCallbackvalue: null
2026-08-08 15:07:56,634 [INFO] Argument:325 - Argument : ErrorCodevalue: null
2026-08-08 15:07:56,634 [INFO] Argument:335 - Argument : ErrorCodevalue: null
2026-08-08 15:07:56,634 [INFO] Argument:325 - Argument : DmaBaseAddressvalue: null
2026-08-08 15:07:56,634 [INFO] Argument:335 - Argument : DmaBaseAddressvalue: null
2026-08-08 15:07:56,634 [INFO] Argument:325 - Argument : ChannelIndexvalue: null
2026-08-08 15:07:56,634 [INFO] Argument:335 - Argument : ChannelIndexvalue: null
2026-08-08 15:07:56,634 [INFO] Argument:325 - Argument : hdmavalue: null
2026-08-08 15:07:56,634 [INFO] Argument:327 - 	 sub Args: 
2026-08-08 15:07:56,634 [INFO] Argument:325 - Argument : Instancevalue: DMA1_Channel1
2026-08-08 15:07:56,634 [INFO] Argument:335 - Argument : Instancevalue: DMA1_Channel1
2026-08-08 15:07:56,634 [INFO] Argument:325 - Argument : Initvalue: null
2026-08-08 15:07:56,634 [INFO] Argument:327 - 	 sub Args: 
2026-08-08 15:07:56,634 [INFO] Argument:325 - Argument : Requestvalue: DMA_REQUEST_0
2026-08-08 15:07:56,634 [INFO] Argument:335 - Argument : Requestvalue: DMA_REQUEST_0
2026-08-08 15:07:56,634 [INFO] Argument:325 - Argument : Directionvalue: DMA_PERIPH_TO_MEMORY
2026-08-08 15:07:56,634 [INFO] Argument:335 - Argument : Directionvalue: DMA_PERIPH_TO_MEMORY
2026-08-08 15:07:56,634 [INFO] Argument:325 - Argument : PeriphIncvalue: DMA_PINC_DISABLE
2026-08-08 15:07:56,634 [INFO] Argument:335 - Argument : PeriphIncvalue: DMA_PINC_DISABLE
2026-08-08 15:07:56,634 [INFO] Argument:325 - Argument : MemIncvalue: DMA_MINC_ENABLE
2026-08-08 15:07:56,634 [INFO] Argument:335 - Argument : MemIncvalue: DMA_MINC_ENABLE
2026-08-08 15:07:56,634 [INFO] Argument:325 - Argument : PeriphDataAlignmentvalue: DMA_PDATAALIGN_HALFWORD
2026-08-08 15:07:56,634 [INFO] Argument:335 - Argument : PeriphDataAlignmentvalue: DMA_PDATAALIGN_HALFWORD
2026-08-08 15:07:56,634 [INFO] Argument:325 - Argument : MemDataAlignmentvalue: DMA_MDATAALIGN_HALFWORD
2026-08-08 15:07:56,634 [INFO] Argument:335 - Argument : MemDataAlignmentvalue: DMA_MDATAALIGN_HALFWORD
2026-08-08 15:07:56,634 [INFO] Argument:325 - Argument : Modevalue: DMA_NORMAL
2026-08-08 15:07:56,634 [INFO] Argument:335 - Argument : Modevalue: DMA_NORMAL
2026-08-08 15:07:56,634 [INFO] Argument:325 - Argument : Priorityvalue: DMA_PRIORITY_LOW
2026-08-08 15:07:56,634 [INFO] Argument:335 - Argument : Priorityvalue: DMA_PRIORITY_LOW
2026-08-08 15:07:56,634 [INFO] Argument:325 - Argument : Lockvalue: null
2026-08-08 15:07:56,634 [INFO] Argument:335 - Argument : Lockvalue: null
2026-08-08 15:07:56,634 [INFO] Argument:325 - Argument : Statevalue: null
2026-08-08 15:07:56,634 [INFO] Argument:335 - Argument : Statevalue: null
2026-08-08 15:07:56,634 [INFO] Argument:325 - Argument : Parentvalue: null
2026-08-08 15:07:56,634 [INFO] Argument:335 - Argument : Parentvalue: null
2026-08-08 15:07:56,634 [INFO] Argument:325 - Argument : XferCpltCallbackvalue: null
2026-08-08 15:07:56,634 [INFO] Argument:335 - Argument : XferCpltCallbackvalue: null
2026-08-08 15:07:56,634 [INFO] Argument:325 - Argument : XferHalfCpltCallbackvalue: null
2026-08-08 15:07:56,634 [INFO] Argument:335 - Argument : XferHalfCpltCallbackvalue: null
2026-08-08 15:07:56,634 [INFO] Argument:325 - Argument : XferErrorCallbackvalue: null
2026-08-08 15:07:56,634 [INFO] Argument:335 - Argument : XferErrorCallbackvalue: null
2026-08-08 15:07:56,634 [INFO] Argument:325 - Argument : XferAbortCallbackvalue: null
2026-08-08 15:07:56,634 [INFO] Argument:335 - Argument : XferAbortCallbackvalue: null
2026-08-08 15:07:56,634 [INFO] Argument:325 - Argument : ErrorCodevalue: null
2026-08-08 15:07:56,634 [INFO] Argument:335 - Argument : ErrorCodevalue: null
2026-08-08 15:07:56,634 [INFO] Argument:325 - Argument : DmaBaseAddressvalue: null
2026-08-08 15:07:56,634 [INFO] Argument:335 - Argument : DmaBaseAddressvalue: null
2026-08-08 15:07:56,634 [INFO] Argument:325 - Argument : ChannelIndexvalue: null
2026-08-08 15:07:56,634 [INFO] Argument:335 - Argument : ChannelIndexvalue: null
2026-08-08 15:07:56,634 [INFO] Argument:325 - Argument : pSyncConfigvalue: null
2026-08-08 15:07:56,634 [INFO] Argument:327 - 	 sub Args: 
2026-08-08 15:07:56,634 [INFO] Argument:325 - Argument : SyncSignalIDvalue: null
2026-08-08 15:07:56,634 [INFO] Argument:335 - Argument : SyncSignalIDvalue: null
2026-08-08 15:07:56,634 [INFO] Argument:325 - Argument : SyncPolarityvalue: null
2026-08-08 15:07:56,634 [INFO] Argument:335 - Argument : SyncPolarityvalue: null
2026-08-08 15:07:56,634 [INFO] Argument:325 - Argument : SyncEnablevalue: null
2026-08-08 15:07:56,634 [INFO] Argument:335 - Argument : SyncEnablevalue: null
2026-08-08 15:07:56,634 [INFO] Argument:325 - Argument : EventEnablevalue: null
2026-08-08 15:07:56,634 [INFO] Argument:335 - Argument : EventEnablevalue: null
2026-08-08 15:07:56,634 [INFO] Argument:325 - Argument : RequestNumbervalue: null
2026-08-08 15:07:56,634 [INFO] Argument:335 - Argument : RequestNumbervalue: null
2026-08-08 15:07:56,642 [INFO] Argument:325 - Argument : hdmavalue: null
2026-08-08 15:07:56,643 [INFO] Argument:327 - 	 sub Args: 
2026-08-08 15:07:56,643 [INFO] Argument:325 - Argument : Instancevalue: DMA1_Channel3
2026-08-08 15:07:56,643 [INFO] Argument:335 - Argument : Instancevalue: DMA1_Channel3
2026-08-08 15:07:56,643 [INFO] Argument:325 - Argument : Initvalue: null
2026-08-08 15:07:56,643 [INFO] Argument:327 - 	 sub Args: 
2026-08-08 15:07:56,643 [INFO] Argument:325 - Argument : Requestvalue: DMA_REQUEST_1
2026-08-08 15:07:56,643 [INFO] Argument:335 - Argument : Requestvalue: DMA_REQUEST_1
2026-08-08 15:07:56,643 [INFO] Argument:325 - Argument : Directionvalue: DMA_MEMORY_TO_PERIPH
2026-08-08 15:07:56,643 [INFO] Argument:335 - Argument : Directionvalue: DMA_MEMORY_TO_PERIPH
2026-08-08 15:07:56,643 [INFO] Argument:325 - Argument : PeriphIncvalue: DMA_PINC_DISABLE
2026-08-08 15:07:56,643 [INFO] Argument:335 - Argument : PeriphIncvalue: DMA_PINC_DISABLE
2026-08-08 15:07:56,643 [INFO] Argument:325 - Argument : MemIncvalue: DMA_MINC_ENABLE
2026-08-08 15:07:56,643 [INFO] Argument:335 - Argument : MemIncvalue: DMA_MINC_ENABLE
2026-08-08 15:07:56,643 [INFO] Argument:325 - Argument : PeriphDataAlignmentvalue: DMA_PDATAALIGN_HALFWORD
2026-08-08 15:07:56,643 [INFO] Argument:335 - Argument : PeriphDataAlignmentvalue: DMA_PDATAALIGN_HALFWORD
2026-08-08 15:07:56,643 [INFO] Argument:325 - Argument : MemDataAlignmentvalue: DMA_MDATAALIGN_HALFWORD
2026-08-08 15:07:56,643 [INFO] Argument:335 - Argument : MemDataAlignmentvalue: DMA_MDATAALIGN_HALFWORD
2026-08-08 15:07:56,643 [INFO] Argument:325 - Argument : Modevalue: DMA_CIRCULAR
2026-08-08 15:07:56,643 [INFO] Argument:335 - Argument : Modevalue: DMA_CIRCULAR
2026-08-08 15:07:56,643 [INFO] Argument:325 - Argument : Priorityvalue: DMA_PRIORITY_LOW
2026-08-08 15:07:56,643 [INFO] Argument:335 - Argument : Priorityvalue: DMA_PRIORITY_LOW
2026-08-08 15:07:56,643 [INFO] Argument:325 - Argument : Lockvalue: null
2026-08-08 15:07:56,643 [INFO] Argument:335 - Argument : Lockvalue: null
2026-08-08 15:07:56,643 [INFO] Argument:325 - Argument : Statevalue: null
2026-08-08 15:07:56,643 [INFO] Argument:335 - Argument : Statevalue: null
2026-08-08 15:07:56,643 [INFO] Argument:325 - Argument : Parentvalue: null
2026-08-08 15:07:56,643 [INFO] Argument:335 - Argument : Parentvalue: null
2026-08-08 15:07:56,643 [INFO] Argument:325 - Argument : XferCpltCallbackvalue: null
2026-08-08 15:07:56,643 [INFO] Argument:335 - Argument : XferCpltCallbackvalue: null
2026-08-08 15:07:56,643 [INFO] Argument:325 - Argument : XferHalfCpltCallbackvalue: null
2026-08-08 15:07:56,643 [INFO] Argument:335 - Argument : XferHalfCpltCallbackvalue: null
2026-08-08 15:07:56,643 [INFO] Argument:325 - Argument : XferErrorCallbackvalue: null
2026-08-08 15:07:56,643 [INFO] Argument:335 - Argument : XferErrorCallbackvalue: null
2026-08-08 15:07:56,643 [INFO] Argument:325 - Argument : XferAbortCallbackvalue: null
2026-08-08 15:07:56,643 [INFO] Argument:335 - Argument : XferAbortCallbackvalue: null
2026-08-08 15:07:56,643 [INFO] Argument:325 - Argument : ErrorCodevalue: null
2026-08-08 15:07:56,643 [INFO] Argument:335 - Argument : ErrorCodevalue: null
2026-08-08 15:07:56,643 [INFO] Argument:325 - Argument : DmaBaseAddressvalue: null
2026-08-08 15:07:56,643 [INFO] Argument:335 - Argument : DmaBaseAddressvalue: null
2026-08-08 15:07:56,643 [INFO] Argument:325 - Argument : ChannelIndexvalue: null
2026-08-08 15:07:56,643 [INFO] Argument:335 - Argument : ChannelIndexvalue: null
2026-08-08 15:07:56,643 [INFO] Argument:325 - Argument : hdmavalue: null
2026-08-08 15:07:56,643 [INFO] Argument:327 - 	 sub Args: 
2026-08-08 15:07:56,643 [INFO] Argument:325 - Argument : Instancevalue: DMA1_Channel3
2026-08-08 15:07:56,643 [INFO] Argument:335 - Argument : Instancevalue: DMA1_Channel3
2026-08-08 15:07:56,643 [INFO] Argument:325 - Argument : Initvalue: null
2026-08-08 15:07:56,643 [INFO] Argument:327 - 	 sub Args: 
2026-08-08 15:07:56,643 [INFO] Argument:325 - Argument : Requestvalue: DMA_REQUEST_1
2026-08-08 15:07:56,643 [INFO] Argument:335 - Argument : Requestvalue: DMA_REQUEST_1
2026-08-08 15:07:56,643 [INFO] Argument:325 - Argument : Directionvalue: DMA_MEMORY_TO_PERIPH
2026-08-08 15:07:56,643 [INFO] Argument:335 - Argument : Directionvalue: DMA_MEMORY_TO_PERIPH
2026-08-08 15:07:56,643 [INFO] Argument:325 - Argument : PeriphIncvalue: DMA_PINC_DISABLE
2026-08-08 15:07:56,643 [INFO] Argument:335 - Argument : PeriphIncvalue: DMA_PINC_DISABLE
2026-08-08 15:07:56,643 [INFO] Argument:325 - Argument : MemIncvalue: DMA_MINC_ENABLE
2026-08-08 15:07:56,643 [INFO] Argument:335 - Argument : MemIncvalue: DMA_MINC_ENABLE
2026-08-08 15:07:56,643 [INFO] Argument:325 - Argument : PeriphDataAlignmentvalue: DMA_PDATAALIGN_HALFWORD
2026-08-08 15:07:56,643 [INFO] Argument:335 - Argument : PeriphDataAlignmentvalue: DMA_PDATAALIGN_HALFWORD
2026-08-08 15:07:56,643 [INFO] Argument:325 - Argument : MemDataAlignmentvalue: DMA_MDATAALIGN_HALFWORD
2026-08-08 15:07:56,643 [INFO] Argument:335 - Argument : MemDataAlignmentvalue: DMA_MDATAALIGN_HALFWORD
2026-08-08 15:07:56,643 [INFO] Argument:325 - Argument : Modevalue: DMA_CIRCULAR
2026-08-08 15:07:56,643 [INFO] Argument:335 - Argument : Modevalue: DMA_CIRCULAR
2026-08-08 15:07:56,643 [INFO] Argument:325 - Argument : Priorityvalue: DMA_PRIORITY_LOW
2026-08-08 15:07:56,643 [INFO] Argument:335 - Argument : Priorityvalue: DMA_PRIORITY_LOW
2026-08-08 15:07:56,643 [INFO] Argument:325 - Argument : Lockvalue: null
2026-08-08 15:07:56,643 [INFO] Argument:335 - Argument : Lockvalue: null
2026-08-08 15:07:56,643 [INFO] Argument:325 - Argument : Statevalue: null
2026-08-08 15:07:56,643 [INFO] Argument:335 - Argument : Statevalue: null
2026-08-08 15:07:56,643 [INFO] Argument:325 - Argument : Parentvalue: null
2026-08-08 15:07:56,643 [INFO] Argument:335 - Argument : Parentvalue: null
2026-08-08 15:07:56,643 [INFO] Argument:325 - Argument : XferCpltCallbackvalue: null
2026-08-08 15:07:56,643 [INFO] Argument:335 - Argument : XferCpltCallbackvalue: null
2026-08-08 15:07:56,643 [INFO] Argument:325 - Argument : XferHalfCpltCallbackvalue: null
2026-08-08 15:07:56,643 [INFO] Argument:335 - Argument : XferHalfCpltCallbackvalue: null
2026-08-08 15:07:56,643 [INFO] Argument:325 - Argument : XferErrorCallbackvalue: null
2026-08-08 15:07:56,643 [INFO] Argument:335 - Argument : XferErrorCallbackvalue: null
2026-08-08 15:07:56,643 [INFO] Argument:325 - Argument : XferAbortCallbackvalue: null
2026-08-08 15:07:56,643 [INFO] Argument:335 - Argument : XferAbortCallbackvalue: null
2026-08-08 15:07:56,643 [INFO] Argument:325 - Argument : ErrorCodevalue: null
2026-08-08 15:07:56,643 [INFO] Argument:335 - Argument : ErrorCodevalue: null
2026-08-08 15:07:56,643 [INFO] Argument:325 - Argument : DmaBaseAddressvalue: null
2026-08-08 15:07:56,643 [INFO] Argument:335 - Argument : DmaBaseAddressvalue: null
2026-08-08 15:07:56,643 [INFO] Argument:325 - Argument : ChannelIndexvalue: null
2026-08-08 15:07:56,643 [INFO] Argument:335 - Argument : ChannelIndexvalue: null
2026-08-08 15:07:56,643 [INFO] Argument:325 - Argument : pSyncConfigvalue: null
2026-08-08 15:07:56,643 [INFO] Argument:327 - 	 sub Args: 
2026-08-08 15:07:56,643 [INFO] Argument:325 - Argument : SyncSignalIDvalue: null
2026-08-08 15:07:56,643 [INFO] Argument:335 - Argument : SyncSignalIDvalue: null
2026-08-08 15:07:56,643 [INFO] Argument:325 - Argument : SyncPolarityvalue: null
2026-08-08 15:07:56,643 [INFO] Argument:335 - Argument : SyncPolarityvalue: null
2026-08-08 15:07:56,643 [INFO] Argument:325 - Argument : SyncEnablevalue: null
2026-08-08 15:07:56,643 [INFO] Argument:335 - Argument : SyncEnablevalue: null
2026-08-08 15:07:56,643 [INFO] Argument:325 - Argument : EventEnablevalue: null
2026-08-08 15:07:56,643 [INFO] Argument:335 - Argument : EventEnablevalue: null
2026-08-08 15:07:56,643 [INFO] Argument:325 - Argument : RequestNumbervalue: null
2026-08-08 15:07:56,643 [INFO] Argument:335 - Argument : RequestNumbervalue: null
2026-08-08 15:07:56,689 [INFO] CodeEngine:263 - oldGeneratedFile, C:\Users\German\Documents\equipo_medicion_ensayo_celdas\pruebas_eq_med_celdas\MXTmpFiles\license.tmp_save
2026-08-08 15:07:56,724 [INFO] CodeEngine:287 - Generated code: C:\Users\German\Documents\equipo_medicion_ensayo_celdas\pruebas_eq_med_celdas\MXTmpFiles\license.tmp
2026-08-08 15:07:56,743 [INFO] CodeEngine:263 - oldGeneratedFile, C:\Users\German\Documents\equipo_medicion_ensayo_celdas\pruebas_eq_med_celdas\MXTmpFiles\gpio.tmp_save
2026-08-08 15:07:56,779 [INFO] CodeEngine:287 - Generated code: C:\Users\German\Documents\equipo_medicion_ensayo_celdas\pruebas_eq_med_celdas\MXTmpFiles\gpio.tmp
2026-08-08 15:07:57,035 [INFO] CodeEngine:263 - oldGeneratedFile, C:\Users\German\Documents\equipo_medicion_ensayo_celdas\pruebas_eq_med_celdas\MXTmpFiles\dma.tmp_save
2026-08-08 15:07:57,071 [INFO] CodeEngine:287 - Generated code: C:\Users\German\Documents\equipo_medicion_ensayo_celdas\pruebas_eq_med_celdas\MXTmpFiles\dma.tmp
2026-08-08 15:07:57,073 [INFO] CodeEngine:263 - oldGeneratedFile, C:\Users\German\Documents\equipo_medicion_ensayo_celdas\pruebas_eq_med_celdas\MXTmpFiles\dma_GV.tmp_save
2026-08-08 15:07:57,105 [INFO] CodeEngine:287 - Generated code: C:\Users\German\Documents\equipo_medicion_ensayo_celdas\pruebas_eq_med_celdas\MXTmpFiles\dma_GV.tmp
2026-08-08 15:07:57,115 [INFO] CodeEngine:263 - oldGeneratedFile, C:\Users\German\Documents\equipo_medicion_ensayo_celdas\pruebas_eq_med_celdas\Core\Src\stm32l4xx_it.c_save
2026-08-08 15:07:57,157 [INFO] CodeEngine:287 - Generated code: C:\Users\German\Documents\equipo_medicion_ensayo_celdas\pruebas_eq_med_celdas\Core\Src\stm32l4xx_it.c
2026-08-08 15:07:57,159 [INFO] CodeEngine:263 - oldGeneratedFile, C:\Users\German\Documents\equipo_medicion_ensayo_celdas\pruebas_eq_med_celdas\Core\Inc\stm32l4xx_it.h_save
2026-08-08 15:07:57,193 [INFO] CodeEngine:287 - Generated code: C:\Users\German\Documents\equipo_medicion_ensayo_celdas\pruebas_eq_med_celdas\Core\Inc\stm32l4xx_it.h
2026-08-08 15:07:57,202 [INFO] CodeEngine:263 - oldGeneratedFile, C:\Users\German\Documents\equipo_medicion_ensayo_celdas\pruebas_eq_med_celdas\Core\Src\stm32l4xx_hal_msp.c_save
2026-08-08 15:07:57,253 [INFO] CodeEngine:287 - Generated code: C:\Users\German\Documents\equipo_medicion_ensayo_celdas\pruebas_eq_med_celdas\Core\Src\stm32l4xx_hal_msp.c
2026-08-08 15:07:57,256 [INFO] CodeEngine:263 - oldGeneratedFile, C:\Users\German\Documents\equipo_medicion_ensayo_celdas\pruebas_eq_med_celdas\MXTmpFiles\system.tmp_save
2026-08-08 15:07:57,288 [INFO] CodeEngine:287 - Generated code: C:\Users\German\Documents\equipo_medicion_ensayo_celdas\pruebas_eq_med_celdas\MXTmpFiles\system.tmp
2026-08-08 15:07:57,294 [INFO] CodeEngine:319 - oldGeneratedFile, C:\Users\German\Documents\equipo_medicion_ensayo_celdas\pruebas_eq_med_celdas\Core\Inc\stm32l4xx_hal_conf.h_save
2026-08-08 15:07:57,329 [INFO] CodeEngine:343 - Generated code: C:\Users\German\Documents\equipo_medicion_ensayo_celdas\pruebas_eq_med_celdas\Core\Inc\stm32l4xx_hal_conf.h
2026-08-08 15:07:57,339 [WARN] IPConfigManager:3790 - IP not found : TIM
2026-08-08 15:07:57,340 [WARN] CodeGenerator:4198 - IP not found : null
2026-08-08 15:07:57,344 [INFO] CodeEngine:263 - oldGeneratedFile, C:\Users\German\Documents\equipo_medicion_ensayo_celdas\pruebas_eq_med_celdas\Core\Inc\main.h_save
2026-08-08 15:07:57,380 [INFO] CodeEngine:287 - Generated code: C:\Users\German\Documents\equipo_medicion_ensayo_celdas\pruebas_eq_med_celdas\Core\Inc\main.h
2026-08-08 15:07:57,383 [INFO] CodeEngine:263 - oldGeneratedFile, C:\Users\German\Documents\equipo_medicion_ensayo_celdas\pruebas_eq_med_celdas\Core\Src\main.c_save
2026-08-08 15:07:57,452 [INFO] CodeEngine:287 - Generated code: C:\Users\German\Documents\equipo_medicion_ensayo_celdas\pruebas_eq_med_celdas\Core\Src\main.c
2026-08-08 15:07:57,633 [INFO] ProjectBuilder:3324 - Time for Copy HAL[1] : 97mS.
2026-08-08 15:07:57,635 [INFO] ProjectBuilder:4912 - Project Generator version: 4.6.0.1-B1
2026-08-08 15:07:57,679 [INFO] ConfigFileManager:1590 - The Die is : DIE415
2026-08-08 15:07:58,015 [INFO] ProjectBuilder:5191 - Time for Generating toolchain IDE Files: 380mS.
2026-08-08 15:07:58,015 [INFO] ProjectBuilder:3181 - Time for Copy CMSIS : 0mS.
2026-08-08 15:07:58,017 [INFO] ProjectBuilder:3181 - Time for Copy CMSIS : 0mS.
2026-08-08 15:40:57,220 [INFO] MainUpdater:2872 - connection check result : 10
2026-08-08 15:40:57,220 [INFO] MainUpdater:2872 - connection check result : 10
2026-08-08 15:40:57,271 [INFO] MicroXplorer:468 - Change Database Path : 
2026-08-08 15:40:57,272 [INFO] MicroXplorer:498 - Change Database Version : DB.6.0.141
2026-08-08 15:40:57,293 [ERROR] ProjectManagerView:395 - 
java.lang.NullPointerException: Cannot invoke "javax.swing.JTextField.getText()" because the return value of "java.util.List.get(int)" is null
	at com.st.microxplorer.plugins.projectmanager.gui.ProjectChoiceTab$9.caretUpdate(ProjectChoiceTab.java:2678) ~[filemanager.jar:?]
	at javax.swing.text.JTextComponent.fireCaretUpdate(JTextComponent.java:408) ~[?:?]
	at javax.swing.text.JTextComponent$MutableCaretEvent.fire(JTextComponent.java:4484) ~[?:?]
	at javax.swing.text.JTextComponent$MutableCaretEvent.stateChanged(JTextComponent.java:4506) ~[?:?]
	at javax.swing.text.DefaultCaret.fireStateChanged(DefaultCaret.java:857) ~[?:?]
	at javax.swing.text.DefaultCaret.changeCaretPosition(DefaultCaret.java:1343) ~[?:?]
	at javax.swing.text.DefaultCaret.handleSetDot(DefaultCaret.java:1242) ~[?:?]
	at javax.swing.text.DefaultCaret.setDot(DefaultCaret.java:1223) ~[?:?]
	at javax.swing.text.DefaultCaret$Handler.insertUpdate(DefaultCaret.java:1819) ~[?:?]
	at javax.swing.text.AbstractDocument.fireInsertUpdate(AbstractDocument.java:227) ~[?:?]
	at javax.swing.text.AbstractDocument.handleInsertString(AbstractDocument.java:781) ~[?:?]
	at javax.swing.text.AbstractDocument.insertString(AbstractDocument.java:740) ~[?:?]
	at javax.swing.text.PlainDocument.insertString(PlainDocument.java:131) ~[?:?]
	at javax.swing.text.AbstractDocument.replace(AbstractDocument.java:699) ~[?:?]
	at javax.swing.text.JTextComponent.setText(JTextComponent.java:1725) ~[?:?]
	at com.st.microxplorer.plugins.projectmanager.gui.ProjectChoiceTab.createHeapStackFields(ProjectChoiceTab.java:979) ~[filemanager.jar:?]
	at com.st.microxplorer.plugins.projectmanager.gui.ProjectChoiceTab.buildLinkSettingsPanel(ProjectChoiceTab.java:3766) ~[filemanager.jar:?]
	at com.st.microxplorer.plugins.projectmanager.gui.ProjectChoiceTab.defineWindowsFields(ProjectChoiceTab.java:1962) ~[filemanager.jar:?]
	at com.st.microxplorer.plugins.projectmanager.gui.ProjectChoiceTab.updateSettings(ProjectChoiceTab.java:555) ~[filemanager.jar:?]
	at com.st.microxplorer.plugins.projectmanager.gui.ProjectSettingsPanel.UpdateDialog(ProjectSettingsPanel.java:245) ~[filemanager.jar:?]
	at com.st.microxplorer.plugins.projectmanager.ProjectManagerView.propertyChange(ProjectManagerView.java:392) ~[filemanager.jar:?]
	at java.beans.PropertyChangeSupport.fire(PropertyChangeSupport.java:343) ~[?:?]
	at java.beans.PropertyChangeSupport.firePropertyChange(PropertyChangeSupport.java:335) ~[?:?]
	at java.beans.PropertyChangeSupport.firePropertyChange(PropertyChangeSupport.java:268) ~[?:?]
	at com.st.microxplorer.util.MXPropertyChangeSupport.firePropertyChange(MXPropertyChangeSupport.java:54) ~[STM32CubeMX.jar:?]
	at com.st.microxplorer.mxsystem.MxSystem.closeConfig(MxSystem.java:899) ~[STM32CubeMX.jar:?]
	at com.st.microxplorer.maingui.MainPanel.closeConfig(MainPanel.java:789) ~[STM32CubeMX.jar:?]
	at com.st.microxplorer.plugins.filemanager.engine.OpenFileManager.loadConfigurationFile(OpenFileManager.java:287) ~[filemanager.jar:?]
	at com.st.microxplorer.plugins.filemanager.engine.MainFileManager.userLoadConfig(MainFileManager.java:341) ~[filemanager.jar:?]
	at com.st.microxplorer.plugins.filemanager.engine.MainFileManager.userLoadConfig(MainFileManager.java:319) ~[filemanager.jar:?]
	at com.st.microxplorer.plugins.filemanager.FileManagerView.getSpecificTask(FileManagerView.java:246) ~[filemanager.jar:?]
	at com.st.stm32cube.common.mx.editor.CubeMxEditor.getMxTabbedPaneInstance(CubeMxEditor.java:1198) ~[com.st.stm32cube.common.mx_6.14.1.202504091515/:?]
	at com.st.stm32cube.common.mx.editor.CubeMxEditor$12$1.createSwingComponent(CubeMxEditor.java:1068) ~[com.st.stm32cube.common.mx_6.14.1.202504091515/:?]
	at com.st.stm32cube.common.mx.oss.core.awtswtbridge.EmbeddedSwingComposite.doComponentCreation(EmbeddedSwingComposite.java:492) ~[com.st.stm32cube.common.mx.oss_6.14.1.202504091515/:?]
	at com.st.stm32cube.common.mx.oss.core.awtswtbridge.EmbeddedSwingComposite$4.run(EmbeddedSwingComposite.java:291) ~[com.st.stm32cube.common.mx.oss_6.14.1.202504091515/:?]
	at com.st.stm32cube.common.mx.oss.core.awtswtbridge.AwtEnvironment$2.run(AwtEnvironment.java:166) ~[com.st.stm32cube.common.mx.oss_6.14.1.202504091515/:?]
	at java.awt.event.InvocationEvent.dispatch(InvocationEvent.java:318) ~[?:?]
	at java.awt.EventQueue.dispatchEventImpl(EventQueue.java:773) ~[?:?]
	at java.awt.EventQueue$4.run(EventQueue.java:720) ~[?:?]
	at java.awt.EventQueue$4.run(EventQueue.java:714) ~[?:?]
	at java.security.AccessController.doPrivileged(AccessController.java:400) ~[?:?]
	at java.security.ProtectionDomain$JavaSecurityAccessImpl.doIntersectionPrivilege(ProtectionDomain.java:87) ~[?:?]
	at java.awt.EventQueue.dispatchEvent(EventQueue.java:742) ~[?:?]
	at java.awt.EventDispatchThread.pumpOneEventForFilters(EventDispatchThread.java:203) ~[?:?]
	at java.awt.EventDispatchThread.pumpEventsForFilter(EventDispatchThread.java:124) ~[?:?]
	at java.awt.EventDispatchThread.pumpEventsForHierarchy(EventDispatchThread.java:113) ~[?:?]
	at java.awt.EventDispatchThread.pumpEvents(EventDispatchThread.java:109) ~[?:?]
	at java.awt.EventDispatchThread.pumpEvents(EventDispatchThread.java:101) ~[?:?]
	at java.awt.EventDispatchThread.run(EventDispatchThread.java:90) ~[?:?]
2026-08-08 15:40:57,295 [WARN] ThirdParty:871 - waiting for thirdparty lock release [close project]
2026-08-08 15:40:57,295 [INFO] ThirdParty:873 - entering critical section [close project]
2026-08-08 15:40:57,295 [INFO] ThirdParty:883 - exiting critical section [close project]
2026-08-08 15:40:57,297 [INFO] PinOutPanel:1589 - setPackage(No Configuration,No Configuration)
2026-08-08 15:40:57,300 [INFO] UtilMem:75 - Begin LoadConfig() Used Memory: 767557632 Bytes (895483904)
2026-08-08 15:40:57,301 [INFO] MicroXplorer:468 - Change Database Path : 
2026-08-08 15:40:57,301 [INFO] MicroXplorer:498 - Change Database Version : DB.6.0.141
2026-08-08 15:40:57,301 [INFO] OpenFileManager:354 - Change cursor
2026-08-08 15:40:57,327 [INFO] RulesReader:64 - Compatibility file has been processed (302 Rules)
2026-08-08 15:40:57,332 [INFO] Mcu:2011 - Initializing MCU STM32L476R(C-E-G)Tx STM32L476RGTx STM32L476RGT3
2026-08-08 15:40:58,524 [INFO] Context:756 - Trying to add GPIOservice into a context  which must be forbidden
2026-08-08 15:40:59,003 [INFO] ImportTextPane:218 - (OptionalMessage_ERROR) Pin20 (VP_RIF_VS_RIF1) cannot be retrieved for this MCU
2026-08-08 15:40:59,032 [INFO] RtosManager:558 - Registered RTOS mode: class=CMSIS, group=RTOS, mode=CMSIS_V1, owner=FREERTOS
2026-08-08 15:40:59,032 [INFO] RtosManager:558 - Registered RTOS mode: class=CMSIS, group=RTOS2, mode=CMSIS_V2, owner=FREERTOS
2026-08-08 15:40:59,032 [INFO] RtosManager:558 - Registered RTOS mode: class=RTOS, group=Core, mode=CMSIS_V1, owner=FREERTOS
2026-08-08 15:40:59,032 [INFO] RtosManager:558 - Registered RTOS mode: class=RTOS, group=Core, mode=CMSIS_V2, owner=FREERTOS
2026-08-08 15:40:59,032 [WARN] ModelIntegratedComponent:184 - Missing modes for component STMicroelectronics:FreeRTOS:0.0.1:STMicroelectronics:RTOS:FreeRTOS:Core:::10.2.0:
2026-08-08 15:40:59,100 [WARN] ModelIntegratedComponent:63 - No mode defined for component null
2026-08-08 15:40:59,100 [WARN] ModelIntegratedComponent:63 - No mode defined for component null
2026-08-08 15:40:59,100 [WARN] ModelIntegratedComponent:63 - No mode defined for component null
2026-08-08 15:40:59,100 [WARN] ModelIntegratedComponent:63 - No mode defined for component null
2026-08-08 15:40:59,100 [WARN] ModelIntegratedComponent:63 - No mode defined for component null
2026-08-08 15:40:59,101 [WARN] ModelIntegratedComponent:63 - No mode defined for component null
2026-08-08 15:40:59,101 [WARN] ModelIntegratedComponent:63 - No mode defined for component null
2026-08-08 15:40:59,101 [WARN] ModelIntegratedComponent:63 - No mode defined for component null
2026-08-08 15:40:59,101 [WARN] ModelIntegratedComponent:63 - No mode defined for component null
2026-08-08 15:40:59,101 [WARN] ModelIntegratedComponent:63 - No mode defined for component null
2026-08-08 15:40:59,101 [WARN] ModelIntegratedComponent:63 - No mode defined for component null
2026-08-08 15:40:59,101 [WARN] ModelIntegratedComponent:63 - No mode defined for component null
2026-08-08 15:40:59,101 [WARN] ModelIntegratedComponent:63 - No mode defined for component null
2026-08-08 15:40:59,101 [WARN] ModelIntegratedComponent:63 - No mode defined for component null
2026-08-08 15:40:59,101 [WARN] ModelIntegratedComponent:63 - No mode defined for component null
2026-08-08 15:40:59,101 [WARN] ModelIntegratedComponent:63 - No mode defined for component null
2026-08-08 15:40:59,101 [WARN] ModelIntegratedComponent:63 - No mode defined for component null
2026-08-08 15:40:59,101 [WARN] ModelIntegratedComponent:63 - No mode defined for component null
2026-08-08 15:40:59,101 [WARN] ModelIntegratedComponent:63 - No mode defined for component null
2026-08-08 15:40:59,101 [WARN] ModelIntegratedComponent:63 - No mode defined for component null
2026-08-08 15:40:59,101 [WARN] ModelIntegratedComponent:63 - No mode defined for component null
2026-08-08 15:40:59,101 [WARN] ModelIntegratedComponent:63 - No mode defined for component null
2026-08-08 15:40:59,101 [WARN] ModelIntegratedComponent:63 - No mode defined for component null
2026-08-08 15:40:59,101 [WARN] ModelIntegratedComponent:63 - No mode defined for component null
2026-08-08 15:40:59,101 [WARN] ModelIntegratedComponent:63 - No mode defined for component null
2026-08-08 15:40:59,102 [WARN] ModelIntegratedComponent:63 - No mode defined for component null
2026-08-08 15:40:59,102 [WARN] ModelIntegratedComponent:63 - No mode defined for component null
2026-08-08 15:40:59,102 [WARN] ModelIntegratedComponent:63 - No mode defined for component null
2026-08-08 15:40:59,102 [WARN] ModelIntegratedComponent:63 - No mode defined for component null
2026-08-08 15:40:59,102 [WARN] ModelIntegratedComponent:63 - No mode defined for component null
2026-08-08 15:40:59,102 [WARN] ModelIntegratedComponent:63 - No mode defined for component null
2026-08-08 15:40:59,102 [WARN] ModelIntegratedComponent:63 - No mode defined for component null
2026-08-08 15:40:59,102 [WARN] ModelIntegratedComponent:63 - No mode defined for component null
2026-08-08 15:40:59,102 [WARN] ModelIntegratedComponent:63 - No mode defined for component null
2026-08-08 15:40:59,102 [WARN] ModelIntegratedComponent:63 - No mode defined for component null
2026-08-08 15:40:59,102 [WARN] ModelPack:524 - Component already loaded: STMicroelectronics:HAL Drivers:0.0.0:STMicroelectronics:Device:STMicro_Driver:XSPI:HAL::0.0.1:HAL_XSPI
2026-08-08 15:40:59,265 [INFO] ThirdPartyModel:298 - Start build external matchings
2026-08-08 15:41:00,177 [INFO] ThirdPartyModel:316 - End build external matchings
2026-08-08 15:41:00,223 [INFO] ImportTextPane:218 - (OptionalMessage_ERROR) IP (ADC1) : Parameter (CommonPathInternal) has invalid value (null|null|null|null)
2026-08-08 15:41:00,223 [INFO] ImportTextPane:218 - (OptionalMessage_ERROR) IP (DMA) : Parameter (Instance) has Id (SPI1_TX) currently not set
2026-08-08 15:41:00,223 [INFO] ImportTextPane:218 - (OptionalMessage_ERROR) IP (DMA) : Parameter (Request) has Id (SPI1_TX) currently not set
2026-08-08 15:41:00,223 [INFO] ImportTextPane:218 - (OptionalMessage_ERROR) IP (DMA) : Parameter (Direction) has Id (SPI1_TX) currently not set
2026-08-08 15:41:00,223 [INFO] ImportTextPane:218 - (OptionalMessage_ERROR) IP (DMA) : Parameter (PeriphInc) has Id (SPI1_TX) currently not set
2026-08-08 15:41:00,223 [INFO] ImportTextPane:218 - (OptionalMessage_ERROR) IP (DMA) : Parameter (MemInc) has Id (SPI1_TX) currently not set
2026-08-08 15:41:00,223 [INFO] ImportTextPane:218 - (OptionalMessage_ERROR) IP (DMA) : Parameter (PeriphDataAlignment) has Id (SPI1_TX) currently not set
2026-08-08 15:41:00,223 [INFO] ImportTextPane:218 - (OptionalMessage_ERROR) IP (DMA) : Parameter (MemDataAlignment) has Id (SPI1_TX) currently not set
2026-08-08 15:41:00,223 [INFO] ImportTextPane:218 - (OptionalMessage_ERROR) IP (DMA) : Parameter (Mode) has Id (SPI1_TX) currently not set
2026-08-08 15:41:00,223 [INFO] ImportTextPane:218 - (OptionalMessage_ERROR) IP (DMA) : Parameter (Priority) has Id (SPI1_TX) currently not set
2026-08-08 15:41:00,223 [INFO] ImportTextPane:218 - (OptionalMessage_ERROR) IP (DMA) : Parameter (Instance) has Id (ADC1) currently not set
2026-08-08 15:41:00,223 [INFO] ImportTextPane:218 - (OptionalMessage_ERROR) IP (DMA) : Parameter (Request) has Id (ADC1) currently not set
2026-08-08 15:41:00,223 [INFO] ImportTextPane:218 - (OptionalMessage_ERROR) IP (DMA) : Parameter (Direction) has Id (ADC1) currently not set
2026-08-08 15:41:00,223 [INFO] ImportTextPane:218 - (OptionalMessage_ERROR) IP (DMA) : Parameter (PeriphInc) has Id (ADC1) currently not set
2026-08-08 15:41:00,223 [INFO] ImportTextPane:218 - (OptionalMessage_ERROR) IP (DMA) : Parameter (MemInc) has Id (ADC1) currently not set
2026-08-08 15:41:00,223 [INFO] ImportTextPane:218 - (OptionalMessage_ERROR) IP (DMA) : Parameter (PeriphDataAlignment) has Id (ADC1) currently not set
2026-08-08 15:41:00,223 [INFO] ImportTextPane:218 - (OptionalMessage_ERROR) IP (DMA) : Parameter (MemDataAlignment) has Id (ADC1) currently not set
2026-08-08 15:41:00,223 [INFO] ImportTextPane:218 - (OptionalMessage_ERROR) IP (DMA) : Parameter (Mode) has Id (ADC1) currently not set
2026-08-08 15:41:00,223 [INFO] ImportTextPane:218 - (OptionalMessage_ERROR) IP (DMA) : Parameter (Priority) has Id (ADC1) currently not set
2026-08-08 15:41:00,224 [INFO] ImportTextPane:218 - (OptionalMessage_ERROR) IP (RCC) : Invalid parameter (FamilyName)
2026-08-08 15:41:00,225 [INFO] ImportTextPane:218 - (OptionalMessage_ERROR) IP (RCC) : Parameter (RNGFreq_Value) has invalid value (64000000)
2026-08-08 15:41:00,225 [INFO] ImportTextPane:218 - (OptionalMessage_ERROR) IP (RCC) : Parameter (SDMMCFreq_Value) has invalid value (64000000)
2026-08-08 15:41:00,225 [INFO] ImportTextPane:218 - (OptionalMessage_ERROR) IP (RCC) : Parameter (USBFreq_Value) has invalid value (64000000)
2026-08-08 15:41:00,484 [INFO] UtilMem:75 - End LoadConfig() Used Memory: 841475448 Bytes (937426944)
2026-08-08 15:41:00,547 [WARN] ThirdParty:833 - waiting for thirdparty lock release [change project]
2026-08-08 15:41:00,547 [INFO] ThirdParty:835 - entering critical section [change project]
2026-08-08 15:41:00,547 [INFO] ThirdParty:1030 - CMSIS Pack Vendor :STMicroelectronics X-CUBE-AZRTOS-H7 3.5.0
2026-08-08 15:41:00,547 [INFO] ThirdParty:1030 - CMSIS Pack Vendor :STMicroelectronics X-CUBE-PM33A1 1.0.0
2026-08-08 15:41:00,547 [INFO] ThirdParty:1030 - CMSIS Pack Vendor :STMicroelectronics USBPD 4.1
2026-08-08 15:41:00,547 [INFO] ThirdParty:1030 - CMSIS Pack Vendor :STMicroelectronics USB_HOST 2.0.0
2026-08-08 15:41:00,547 [INFO] ThirdParty:1030 - CMSIS Pack Vendor :STMicroelectronics FP-SNS-MOTENVWB1 1.4.0
2026-08-08 15:41:00,547 [INFO] ThirdParty:1030 - CMSIS Pack Vendor :STMicroelectronics FP-ATR-ASTRA1 2.0.3
2026-08-08 15:41:00,547 [INFO] ThirdParty:1030 - CMSIS Pack Vendor :STMicroelectronics X-CUBE-AZRTOS-F4 1.1.0
2026-08-08 15:41:00,547 [INFO] ThirdParty:1030 - CMSIS Pack Vendor :STMicroelectronics LIBJPEG 8.0.0
2026-08-08 15:41:00,547 [INFO] ThirdParty:1030 - CMSIS Pack Vendor :STMicroelectronics FP-ATR-ASTRA1 2.0.2
2026-08-08 15:41:00,548 [INFO] ThirdParty:1030 - CMSIS Pack Vendor :Avnet-IotConnect X-CUBE-IoTC-DA16k-PMOD 1.0.0
2026-08-08 15:41:00,548 [INFO] ThirdParty:1030 - CMSIS Pack Vendor :STMicroelectronics X-CUBE-SMBUS 2.1.0
2026-08-08 15:41:00,548 [INFO] ThirdParty:1030 - CMSIS Pack Vendor :STMicroelectronics X-CUBE-WB05N 1.1.0
2026-08-08 15:41:00,548 [INFO] ThirdParty:1030 - CMSIS Pack Vendor :STMicroelectronics X-CUBE-ISPU 2.1.0
2026-08-08 15:41:00,548 [INFO] ThirdParty:1030 - CMSIS Pack Vendor :STMicroelectronics eDS-WB_DPC_TT-BIDIR 2.1.1
2026-08-08 15:41:00,548 [INFO] ThirdParty:1030 - CMSIS Pack Vendor :STMicroelectronics X-CUBE-ST60 1.0.0
2026-08-08 15:41:00,548 [INFO] ThirdParty:1030 - CMSIS Pack Vendor :STMicroelectronics X-CUBE-NFC12 1.0.0
2026-08-08 15:41:00,548 [INFO] ThirdParty:1030 - CMSIS Pack Vendor :STMicroelectronics X-CUBE-AZRTOS-F7 1.1.0
2026-08-08 15:41:00,548 [INFO] ThirdParty:1030 - CMSIS Pack Vendor :STMicroelectronics X-CUBE-AZRTOS-L5 2.0.0
2026-08-08 15:41:00,548 [INFO] ThirdParty:1030 - CMSIS Pack Vendor :STMicroelectronics USB_DEVICE 2.0.0
2026-08-08 15:41:00,548 [INFO] ThirdParty:1030 - CMSIS Pack Vendor :STMicroelectronics X-CUBE-NFC6 3.1.0
2026-08-08 15:41:00,548 [INFO] ThirdParty:1030 - CMSIS Pack Vendor :STMicroelectronics X-CUBE-ALGOBUILD 1.5.0
2026-08-08 15:41:00,548 [INFO] ThirdParty:1030 - CMSIS Pack Vendor :STMicroelectronics FreeRTOS 0.0.1
2026-08-08 15:41:00,548 [INFO] ThirdParty:1030 - CMSIS Pack Vendor :STMicroelectronics X-CUBE-AZRTOS-H7RS 1.3.0
2026-08-08 15:41:00,548 [INFO] ThirdParty:1030 - CMSIS Pack Vendor :STMicroelectronics X-CUBE-DPower 1.2.0
2026-08-08 15:41:00,548 [INFO] ThirdParty:1030 - CMSIS Pack Vendor :STMicroelectronics eDS-WB_DPC_VIENNA 1.2.0
2026-08-08 15:41:00,548 [INFO] ThirdParty:1030 - CMSIS Pack Vendor :STMicroelectronics X-CUBE-MEMS1 13.0.0
2026-08-08 15:41:00,548 [INFO] ThirdParty:1030 - CMSIS Pack Vendor :STMicroelectronics eDS-WB_DPC_3PH2L-BIDIR 1.1.1
2026-08-08 15:41:00,548 [INFO] ThirdParty:1030 - CMSIS Pack Vendor :Infineon AIROC-Wi-Fi-Bluetooth-STM32 1.7.0
2026-08-08 15:41:00,548 [INFO] ThirdParty:1030 - CMSIS Pack Vendor :STMicroelectronics PDM2PCM 3.3.0
2026-08-08 15:41:00,548 [INFO] ThirdParty:1030 - CMSIS Pack Vendor :STMicroelectronics X-CUBE-AZRTOS-H7 3.4.0
2026-08-08 15:41:00,548 [INFO] ThirdParty:1030 - CMSIS Pack Vendor :STMicroelectronics X-CUBE-DISPLAY 3.0.0
2026-08-08 15:41:00,548 [INFO] ThirdParty:1030 - CMSIS Pack Vendor :STMicroelectronics X-CUBE-GNSS1 7.1.1
2026-08-08 15:41:00,548 [INFO] ThirdParty:1030 - CMSIS Pack Vendor :STMicroelectronics X-CUBE-NFC10 1.0.0
2026-08-08 15:41:00,548 [INFO] ThirdParty:1030 - CMSIS Pack Vendor :STMicroelectronics X-CUBE-BLEMGR 4.0.0
2026-08-08 15:41:00,548 [INFO] ThirdParty:1030 - CMSIS Pack Vendor :STMicroelectronics X-CUBE-FREERTOS 1.3.1
2026-08-08 15:41:00,548 [INFO] ThirdParty:1030 - CMSIS Pack Vendor :STMicroelectronics HAL Drivers 0.0.0
2026-08-08 15:41:00,548 [INFO] ThirdParty:1030 - CMSIS Pack Vendor :STMicroelectronics X-CUBE-ST60 1.1.0
2026-08-08 15:41:00,548 [INFO] ThirdParty:1030 - CMSIS Pack Vendor :emotas I-CUBE-CANOPEN 1.3.0
2026-08-08 15:41:00,548 [INFO] ThirdParty:1030 - CMSIS Pack Vendor :STMicroelectronics X-CUBE-FREERTOS 1.3.0
2026-08-08 15:41:00,548 [INFO] ThirdParty:1030 - CMSIS Pack Vendor :STMicroelectronics X-CUBE-NFC7 1.0.1
2026-08-08 15:41:00,548 [INFO] ThirdParty:1030 - CMSIS Pack Vendor :STMicroelectronics MBEDTLS 2.14.1
2026-08-08 15:41:00,548 [INFO] ThirdParty:1030 - CMSIS Pack Vendor :STMicroelectronics X-CUBE-GNSS1 7.1.0
2026-08-08 15:41:00,548 [INFO] ThirdParty:1030 - CMSIS Pack Vendor :STMicroelectronics X-CUBE-TOUCHGFX 4.26.0
2026-08-08 15:41:00,548 [INFO] ThirdParty:1030 - CMSIS Pack Vendor :STMicroelectronics X-CUBE-TOUCHGFX 4.26.1
2026-08-08 15:41:00,548 [INFO] ThirdParty:1030 - CMSIS Pack Vendor :quantropi X-CUBE-qispace-sdk-base 2.0.0
2026-08-08 15:41:00,548 [INFO] ThirdParty:1030 - CMSIS Pack Vendor :STMicroelectronics X-CUBE-AI 10.0.0
2026-08-08 15:41:00,548 [INFO] ThirdParty:1030 - CMSIS Pack Vendor :STMicroelectronics FP-SNS-STAIOTCFT 1.0.0
2026-08-08 15:41:00,548 [INFO] ThirdParty:1030 - CMSIS Pack Vendor :STMicroelectronics FP-SNS-SMARTAG2 1.2.0
2026-08-08 15:41:00,548 [INFO] ThirdParty:1030 - CMSIS Pack Vendor :STMicroelectronics FP-SNS-FLIGHT1 5.1.0
2026-08-08 15:41:00,549 [INFO] ThirdParty:1030 - CMSIS Pack Vendor :STMicroelectronics X-CUBE-MEMS1 11.1.0
2026-08-08 15:41:00,549 [INFO] ThirdParty:1030 - CMSIS Pack Vendor :STMicroelectronics X-CUBE-AZRTOS-WL 2.0.0
2026-08-08 15:41:00,549 [INFO] ThirdParty:1030 - CMSIS Pack Vendor :STMicroelectronics X-CUBE-DPower 1.3.0
2026-08-08 15:41:00,549 [INFO] ThirdParty:1030 - CMSIS Pack Vendor :STMicroelectronics FP-SNS-MOTENV1 5.0.0
2026-08-08 15:41:00,549 [INFO] ThirdParty:1030 - CMSIS Pack Vendor :STMicroelectronics USB_DEVICE 1.0.0
2026-08-08 15:41:00,549 [INFO] ThirdParty:1030 - CMSIS Pack Vendor :STMicroelectronics X-CUBE-AZRTOS-H7RS 1.2.0
2026-08-08 15:41:00,549 [INFO] ThirdParty:1030 - CMSIS Pack Vendor :STMicroelectronics X-CUBE-AZRTOS-L4 2.0.0
2026-08-08 15:41:00,549 [INFO] ThirdParty:1030 - CMSIS Pack Vendor :STMicroelectronics ThreadX 0.0.2
2026-08-08 15:41:00,549 [INFO] ThirdParty:1030 - CMSIS Pack Vendor :WES I-CUBE-Cesium 1.3.0
2026-08-08 15:41:00,549 [INFO] ThirdParty:1030 - CMSIS Pack Vendor :STMicroelectronics lwIP 2.1.2
2026-08-08 15:41:00,549 [INFO] ThirdParty:1030 - CMSIS Pack Vendor :STMicroelectronics X-CUBE-SFXS2LP1 4.0.0
2026-08-08 15:41:00,549 [INFO] ThirdParty:1030 - CMSIS Pack Vendor :STMicroelectronics X-CUBE-BLE2 3.3.0
2026-08-08 15:41:00,549 [INFO] ThirdParty:1030 - CMSIS Pack Vendor :Avnet-IOTCONNECT X-CUBE-iotc-st67-sdk 1.0.0
2026-08-08 15:41:00,549 [INFO] ThirdParty:1030 - CMSIS Pack Vendor :STMicroelectronics PDM2PCM 3.2.0
2026-08-08 15:41:00,549 [INFO] ThirdParty:1030 - CMSIS Pack Vendor :STMicroelectronics X-CUBE-WB05N 2.1.0
2026-08-08 15:41:00,549 [INFO] ThirdParty:1030 - CMSIS Pack Vendor :STMicroelectronics X-CUBE-AZRTOS-H7 3.3.0
2026-08-08 15:41:00,549 [INFO] ThirdParty:1030 - CMSIS Pack Vendor :STMicroelectronics X-CUBE-NFC9 1.0.0
2026-08-08 15:41:00,549 [INFO] ThirdParty:1030 - CMSIS Pack Vendor :STMicroelectronics X-CUBE-BLE1 7.1.0
2026-08-08 15:41:00,549 [INFO] ThirdParty:1030 - CMSIS Pack Vendor :wolfSSL I-CUBE-wolfMQTT 1.19.2
2026-08-08 15:41:00,549 [INFO] ThirdParty:1030 - CMSIS Pack Vendor :STMicroelectronics USB_DEVICE 3.0.0
2026-08-08 15:41:00,549 [INFO] ThirdParty:1030 - CMSIS Pack Vendor :STMicroelectronics X-CUBE-EEPRMA1 5.2.0
2026-08-08 15:41:00,549 [INFO] ThirdParty:1030 - CMSIS Pack Vendor :STMicroelectronics X-CUBE-BLEMGR 4.1.0
2026-08-08 15:41:00,549 [INFO] ThirdParty:1030 - CMSIS Pack Vendor :STMicroelectronics X-CUBE-AZRTOS-WB 2.0.0
2026-08-08 15:41:00,549 [INFO] ThirdParty:1030 - CMSIS Pack Vendor :STMicroelectronics X-CUBE-GNSS1 7.0.1
2026-08-08 15:41:00,549 [INFO] ThirdParty:1030 - CMSIS Pack Vendor :STMicroelectronics X-CUBE-TOUCHGFX 4.25.0
2026-08-08 15:41:00,549 [INFO] ThirdParty:1030 - CMSIS Pack Vendor :STMicroelectronics X-CUBE-AI 10.1.0
2026-08-08 15:41:00,549 [INFO] ThirdParty:1030 - CMSIS Pack Vendor :STMicroelectronics FP-SNS-STBOX1 2.0.0
2026-08-08 15:41:00,549 [INFO] ThirdParty:1030 - CMSIS Pack Vendor :STMicroelectronics X-CUBE-MEMS1 12.0.0
2026-08-08 15:41:00,549 [INFO] ThirdParty:1030 - CMSIS Pack Vendor :STMicroelectronics X-CUBE-STSE01 2.0.0
2026-08-08 15:41:00,549 [INFO] ThirdParty:1030 - CMSIS Pack Vendor :STMicroelectronics X-CUBE-MEMS1 11.2.0
2026-08-08 15:41:00,549 [INFO] ThirdParty:1030 - CMSIS Pack Vendor :STMicroelectronics X-CUBE-AZRTOS-G0 1.1.0
2026-08-08 15:41:00,549 [INFO] ThirdParty:1030 - CMSIS Pack Vendor :STMicroelectronics X-CUBE-SAFEA1 1.2.2
2026-08-08 15:41:00,549 [INFO] ThirdParty:1030 - CMSIS Pack Vendor :STMicroelectronics X-CUBE-NFC4 3.0.0
2026-08-08 15:41:00,549 [INFO] ThirdParty:1030 - CMSIS Pack Vendor :STMicroelectronics X-CUBE-SUBG2 5.0.0
2026-08-08 15:41:00,549 [INFO] ThirdParty:1030 - CMSIS Pack Vendor :STMicroelectronics X-CUBE-AZRTOS-H7RS 1.1.0
2026-08-08 15:41:00,549 [INFO] ThirdParty:1030 - CMSIS Pack Vendor :STMicroelectronics STM32_WPAN 1.0.0
2026-08-08 15:41:00,549 [INFO] ThirdParty:1030 - CMSIS Pack Vendor :EmbeddedOffice I-CUBE-FS-RTOS 1.0.1
2026-08-08 15:41:00,549 [INFO] ThirdParty:1030 - CMSIS Pack Vendor :STMicroelectronics lwIP 2.0.3
2026-08-08 15:41:00,549 [INFO] ThirdParty:1030 - CMSIS Pack Vendor :Cesanta I-CUBE-Mongoose 7.13.0
2026-08-08 15:41:00,549 [INFO] ThirdParty:1030 - CMSIS Pack Vendor :STMicroelectronics USB_HOST 1.0.0
2026-08-08 15:41:00,549 [INFO] ThirdParty:1030 - CMSIS Pack Vendor :STMicroelectronics X-CUBE-AZRTOS-G4 2.0.0
2026-08-08 15:41:00,549 [INFO] ThirdParty:1030 - CMSIS Pack Vendor :STMicroelectronics X-CUBE-WB05N 2.0.0
2026-08-08 15:41:00,549 [INFO] ThirdParty:1030 - CMSIS Pack Vendor :STMicroelectronics PDM2PCM 3.1.0
2026-08-08 15:41:00,549 [INFO] ThirdParty:1030 - CMSIS Pack Vendor :wolfSSL I-CUBE-wolfTPM 3.8.0
2026-08-08 15:41:00,549 [INFO] ThirdParty:1030 - CMSIS Pack Vendor :wolfSSL I-CUBE-wolfSSH 1.4.20
2026-08-08 15:41:00,549 [INFO] ThirdParty:1030 - CMSIS Pack Vendor :STMicroelectronics X-CUBE-NFC7 2.0.0
2026-08-08 15:41:00,549 [INFO] ThirdParty:1030 - CMSIS Pack Vendor :STMicroelectronics X-CUBE-TCPP 4.2.0
2026-08-08 15:41:00,549 [INFO] ThirdParty:1030 - CMSIS Pack Vendor :RealThread X-CUBE-RT-Thread_Nano 4.1.1
2026-08-08 15:41:00,549 [INFO] ThirdParty:1030 - CMSIS Pack Vendor :STMicroelectronics FP-ATR-SIGFOX1 3.2.0
2026-08-08 15:41:00,549 [INFO] ThirdParty:1030 - CMSIS Pack Vendor :STMicroelectronics X-CUBE-EEPRMA1 5.1.0
2026-08-08 15:41:00,549 [INFO] ThirdParty:1030 - CMSIS Pack Vendor :STMicroelectronics MBEDTLS 2.16.2
2026-08-08 15:41:00,549 [INFO] ThirdParty:1030 - CMSIS Pack Vendor :STMicroelectronics X-CUBE-IPS 3.1.0
2026-08-08 15:41:00,549 [INFO] ThirdParty:1030 - CMSIS Pack Vendor :STMicroelectronics X-CUBE-ALS 1.0.2
2026-08-08 15:41:00,549 [INFO] ThirdParty:1030 - CMSIS Pack Vendor :wolfSSL I-CUBE-wolfSSL 5.7.6
2026-08-08 15:41:00,549 [INFO] ThirdParty:1030 - CMSIS Pack Vendor :ITTIA_DB I-CUBE-ITTIADB 8.9.0
2026-08-08 15:41:00,549 [INFO] ThirdParty:1030 - CMSIS Pack Vendor :STMicroelectronics X-CUBE-STSE01 1.0.0
2026-08-08 15:41:00,549 [INFO] ThirdParty:1030 - CMSIS Pack Vendor :portGmbH I-Cube-SoM-uGOAL 1.1.0
2026-08-08 15:41:00,549 [INFO] ThirdParty:1030 - CMSIS Pack Vendor :STMicroelectronics X-CUBE-NFC6 3.2.0
2026-08-08 15:41:00,549 [INFO] ThirdParty:1030 - CMSIS Pack Vendor :STMicroelectronics X-CUBE-ST67W61 1.0.0
2026-08-08 15:41:00,549 [INFO] ThirdParty:1030 - CMSIS Pack Vendor :STMicroelectronics X-CUBE-AI 10.2.1
2026-08-08 15:41:00,549 [INFO] ThirdParty:1030 - CMSIS Pack Vendor :STMicroelectronics X-CUBE-AI 10.2.0
2026-08-08 15:41:00,549 [INFO] ThirdParty:1030 - CMSIS Pack Vendor :STMicroelectronics ThreadX 1.0.0
2026-08-08 15:41:00,549 [INFO] ThirdParty:1030 - CMSIS Pack Vendor :STMicroelectronics X-CUBE-MEMS1 12.1.0
2026-08-08 15:41:00,549 [INFO] ThirdParty:1030 - CMSIS Pack Vendor :SEGGER I-CUBE-embOS 1.3.1
2026-08-08 15:41:00,550 [INFO] ThirdParty:1030 - CMSIS Pack Vendor :STMicroelectronics X-CUBE-ALGOBUILD 1.4.0
2026-08-08 15:41:00,550 [INFO] ThirdParty:1030 - CMSIS Pack Vendor :STMicroelectronics X-CUBE-MEMS1 11.3.0
2026-08-08 15:41:00,550 [INFO] ThirdParty:1030 - CMSIS Pack Vendor :STMicroelectronics X-CUBE-TOF1 3.4.2
2026-08-08 15:41:00,550 [INFO] ThirdParty:1030 - CMSIS Pack Vendor :STMicroelectronics X-CUBE-TOF1 3.4.3
2026-08-08 15:41:00,550 [INFO] ThirdParty:1030 - CMSIS Pack Vendor :STMicroelectronics X-CUBE-NFC13 1.0.0
2026-08-08 15:41:00,550 [INFO] ThirdParty:841 - exiting critical section [change project]
2026-08-08 15:41:00,694 [INFO] PinOutPanel:1589 - setPackage(No Configuration,No Configuration)
2026-08-08 15:41:00,696 [INFO] PinOutPanel:1589 - setPackage(STM32L476RGTx,LQFP64)
2026-08-08 15:41:01,008 [INFO] UtilMem:75 - Before build in PCC Used Memory: 792650704 Bytes (937426944)
2026-08-08 15:41:01,227 [INFO] UtilMem:75 - After build in PCC Used Memory: 481413696 Bytes (937426944)
2026-08-08 15:41:01,239 [INFO] IPUIPlugin:80 - create IPUIPlugin
2026-08-08 15:41:01,239 [INFO] IPUIPlugin:80 - create IPUIPlugin
2026-08-08 15:41:01,239 [INFO] IPUIPlugin:80 - create IPUIPlugin
2026-08-08 15:41:01,239 [INFO] IPUIPlugin:80 - create IPUIPlugin
2026-08-08 15:41:01,239 [INFO] IPUIPlugin:80 - create IPUIPlugin
2026-08-08 15:41:01,239 [INFO] IPUIPlugin:80 - create IPUIPlugin
2026-08-08 15:41:01,239 [INFO] IPUIPlugin:80 - create IPUIPlugin
2026-08-08 15:41:01,239 [INFO] IPUIPlugin:80 - create IPUIPlugin
2026-08-08 15:41:01,239 [INFO] IPUIPlugin:80 - create IPUIPlugin
2026-08-08 15:41:01,239 [INFO] IPUIPlugin:80 - create IPUIPlugin
2026-08-08 15:41:01,239 [INFO] IPUIPlugin:80 - create IPUIPlugin
2026-08-08 15:41:01,239 [INFO] IPUIPlugin:80 - create IPUIPlugin
2026-08-08 15:41:01,240 [INFO] IPUIPlugin:80 - create IPUIPlugin
2026-08-08 15:41:01,240 [INFO] IPUIPlugin:80 - create IPUIPlugin
2026-08-08 15:41:01,240 [INFO] IPUIPlugin:80 - create IPUIPlugin
2026-08-08 15:41:01,240 [INFO] IPUIPlugin:80 - create IPUIPlugin
2026-08-08 15:41:01,240 [INFO] IPUIPlugin:80 - create IPUIPlugin
2026-08-08 15:41:01,240 [INFO] IPUIPlugin:80 - create IPUIPlugin
2026-08-08 15:41:01,240 [INFO] IPUIPlugin:80 - create IPUIPlugin
2026-08-08 15:41:01,240 [INFO] IPUIPlugin:80 - create IPUIPlugin
2026-08-08 15:41:01,240 [INFO] IPUIPlugin:80 - create IPUIPlugin
2026-08-08 15:41:01,240 [INFO] IPUIPlugin:80 - create IPUIPlugin
2026-08-08 15:41:01,240 [INFO] IPUIPlugin:80 - create IPUIPlugin
2026-08-08 15:41:01,240 [INFO] IPUIPlugin:80 - create IPUIPlugin
2026-08-08 15:41:01,240 [INFO] IPUIPlugin:80 - create IPUIPlugin
2026-08-08 15:41:01,240 [INFO] IPUIPlugin:80 - create IPUIPlugin
2026-08-08 15:41:01,240 [INFO] IPUIPlugin:80 - create IPUIPlugin
2026-08-08 15:41:01,241 [INFO] IPUIPlugin:80 - create IPUIPlugin
2026-08-08 15:41:01,241 [INFO] IPUIPlugin:80 - create IPUIPlugin
2026-08-08 15:41:01,241 [INFO] IPUIPlugin:80 - create IPUIPlugin
2026-08-08 15:41:01,241 [INFO] IPUIPlugin:80 - create IPUIPlugin
2026-08-08 15:41:01,241 [INFO] IPUIPlugin:80 - create IPUIPlugin
2026-08-08 15:41:01,241 [INFO] IPUIPlugin:80 - create IPUIPlugin
2026-08-08 15:41:01,241 [INFO] IPUIPlugin:80 - create IPUIPlugin
2026-08-08 15:41:01,241 [INFO] IPUIPlugin:80 - create IPUIPlugin
2026-08-08 15:41:01,241 [INFO] IPUIPlugin:80 - create IPUIPlugin
2026-08-08 15:41:01,241 [INFO] IPUIPlugin:80 - create IPUIPlugin
2026-08-08 15:41:01,241 [INFO] IPUIPlugin:80 - create IPUIPlugin
2026-08-08 15:41:01,242 [INFO] IPUIPlugin:80 - create IPUIPlugin
2026-08-08 15:41:01,242 [INFO] IPUIPlugin:80 - create IPUIPlugin
2026-08-08 15:41:01,242 [INFO] IPUIPlugin:80 - create IPUIPlugin
2026-08-08 15:41:01,242 [INFO] IPUIPlugin:80 - create IPUIPlugin
2026-08-08 15:41:01,242 [INFO] IPUIPlugin:80 - create IPUIPlugin
2026-08-08 15:41:01,242 [INFO] IPUIPlugin:80 - create IPUIPlugin
2026-08-08 15:41:01,242 [INFO] IPUIPlugin:80 - create IPUIPlugin
2026-08-08 15:41:01,242 [INFO] IPUIPlugin:80 - create IPUIPlugin
2026-08-08 15:41:01,242 [INFO] IPUIPlugin:80 - create IPUIPlugin
2026-08-08 15:41:01,242 [INFO] IPUIPlugin:80 - create IPUIPlugin
2026-08-08 15:41:01,243 [INFO] IPUIPlugin:80 - create IPUIPlugin
2026-08-08 15:41:01,243 [INFO] IPUIPlugin:80 - create IPUIPlugin
2026-08-08 15:41:01,243 [INFO] IPUIPlugin:80 - create IPUIPlugin
2026-08-08 15:41:01,243 [INFO] IPUIPlugin:80 - create IPUIPlugin
2026-08-08 15:41:01,243 [INFO] IPUIPlugin:80 - create IPUIPlugin
2026-08-08 15:41:01,243 [INFO] IPUIPlugin:80 - create IPUIPlugin
2026-08-08 15:41:01,243 [INFO] IPUIPlugin:80 - create IPUIPlugin
2026-08-08 15:41:01,244 [INFO] IPUIPlugin:80 - create IPUIPlugin
2026-08-08 15:41:01,244 [INFO] IPUIPlugin:80 - create IPUIPlugin
2026-08-08 15:41:01,244 [INFO] IPUIPlugin:80 - create IPUIPlugin
2026-08-08 15:41:01,244 [INFO] IPUIPlugin:80 - create IPUIPlugin
2026-08-08 15:41:01,293 [INFO] CADModel:165 - CPN selected for project levelSTM32L476RGT3
2026-08-08 15:41:01,294 [INFO] CADModel:114 - Register for checkConnection events
2026-08-08 15:41:01,347 [INFO] OpenFileManager:385 - Restore cursor
2026-08-08 15:44:54,562 [ERROR] LogOutputStream:75 - [STDERR_REDIRECT] 
2026-08-08 15:44:54,562 [ERROR] LogOutputStream:75 - [STDERR_REDIRECT] 
2026-08-08 15:45:04,415 [INFO] Activator:176 - 


2026-08-08 15:45:04,415 [INFO] Activator:177 - !SESSION log4j initialized
2026-08-08 15:45:07,756 [INFO] LogOutputStream:77 - [STDOUT_REDIRECT] 
2026-08-08 15:45:08,565 [INFO] ApplicationProperties:184 - Using Application install path: C:\ST\STM32CubeIDE_1.18.1\STM32CubeIDE\plugins\com.st.stm32cube.common.mx_6.14.1.202504091515
2026-08-08 15:45:08,573 [INFO] DbMcusXml:78 - Set database path to: C:\ST\STM32CubeIDE_1.18.1\STM32CubeIDE\plugins\com.st.stm32cube.common.mx_6.14.1.202504091515\\db\/mcu/
2026-08-08 15:45:08,573 [INFO] ApiDb:274 - Set plugin database path to: C:\ST\STM32CubeIDE_1.18.1\STM32CubeIDE\plugins\com.st.stm32cube.common.mx_6.14.1.202504091515\\db\/plugins/boardmanager/
2026-08-08 15:45:08,573 [WARN] ApiDb:259 - Overriding images path with different value:  => C:\ST\STM32CubeIDE_1.18.1\STM32CubeIDE\plugins\com.st.stm32cube.common.mx_6.14.1.202504091515\\db\/plugins/mcufinder/images/
2026-08-08 15:45:08,576 [INFO] ApiDb:250 - Set database path to: C:\Users\German\.stmcufinder\plugins\mcufinder//mcu/
2026-08-08 15:45:08,576 [INFO] DbMcusAds:125 - Set database path to: C:\Users\German\.stmcufinder\plugins\mcufinder//mcu/
2026-08-08 15:45:08,577 [INFO] CrossReferenceDbSqlite:203 - Set database path to: C:\Users\German\.stmcufinder\plugins\mcufinder//mcu/cs/
2026-08-08 15:45:08,637 [INFO] RulesReader:64 - Compatibility file has been processed (302 Rules)
2026-08-08 15:45:08,677 [INFO] DbMcusXml:78 - Set database path to: C:\ST\STM32CubeIDE_1.18.1\STM32CubeIDE\plugins\com.st.stm32cube.common.mx_6.14.1.202504091515\\db\/mcu/
2026-08-08 15:45:08,677 [INFO] ApiDb:274 - Set plugin database path to: C:\ST\STM32CubeIDE_1.18.1\STM32CubeIDE\plugins\com.st.stm32cube.common.mx_6.14.1.202504091515\\db\/plugins/boardmanager/
2026-08-08 15:45:08,677 [INFO] ApiDb:261 - Set plugin images path to: C:\ST\STM32CubeIDE_1.18.1\STM32CubeIDE\plugins\com.st.stm32cube.common.mx_6.14.1.202504091515\\db\/plugins/mcufinder/images/
2026-08-08 15:45:08,678 [WARN] DbFile:41 - Overriding database path with different value: C:\Users\German\.stmcufinder\plugins\mcufinder/ => C:\Users\German\.stmcufinder\plugins\mcufinder
2026-08-08 15:45:08,678 [INFO] ApiDb:250 - Set database path to: C:\Users\German\.stmcufinder\plugins\mcufinder//mcu/
2026-08-08 15:45:08,678 [WARN] DbFile:41 - Overriding database path with different value: C:\Users\German\.stmcufinder\plugins\mcufinder/ => C:\Users\German\.stmcufinder\plugins\mcufinder
2026-08-08 15:45:08,678 [INFO] DbMcusAds:125 - Set database path to: C:\Users\German\.stmcufinder\plugins\mcufinder//mcu/
2026-08-08 15:45:08,678 [WARN] DbFile:41 - Overriding database path with different value: C:\Users\German\.stmcufinder\plugins\mcufinder/ => C:\Users\German\.stmcufinder\plugins\mcufinder
2026-08-08 15:45:08,678 [WARN] DbFile:41 - Overriding database path with different value: C:\Users\German\.stmcufinder\plugins\mcufinder/ => C:\Users\German\.stmcufinder\plugins\mcufinder
2026-08-08 15:45:08,678 [INFO] CrossReferenceDbSqlite:203 - Set database path to: C:\Users\German\.stmcufinder\plugins\mcufinder//mcu/cs/
2026-08-08 15:45:08,715 [INFO] MainPanel:272 - HeapMemory: 268435456
2026-08-08 15:45:08,759 [INFO] DbMcusXml:78 - Set database path to: C:\ST\STM32CubeIDE_1.18.1\STM32CubeIDE\plugins\com.st.stm32cube.common.mx_6.14.1.202504091515\\db\/mcu/
2026-08-08 15:45:08,759 [INFO] ApiDb:274 - Set plugin database path to: C:\ST\STM32CubeIDE_1.18.1\STM32CubeIDE\plugins\com.st.stm32cube.common.mx_6.14.1.202504091515\\db\/plugins/boardmanager/
2026-08-08 15:45:08,759 [INFO] ApiDb:261 - Set plugin images path to: C:\ST\STM32CubeIDE_1.18.1\STM32CubeIDE\plugins\com.st.stm32cube.common.mx_6.14.1.202504091515\\db\/plugins/mcufinder/images/
2026-08-08 15:45:08,759 [WARN] DbFile:41 - Overriding database path with different value: C:\Users\German\.stmcufinder\plugins\mcufinder/ => C:\Users\German\.stmcufinder\plugins\mcufinder
2026-08-08 15:45:08,759 [INFO] ApiDb:250 - Set database path to: C:\Users\German\.stmcufinder\plugins\mcufinder//mcu/
2026-08-08 15:45:08,759 [WARN] DbFile:41 - Overriding database path with different value: C:\Users\German\.stmcufinder\plugins\mcufinder/ => C:\Users\German\.stmcufinder\plugins\mcufinder
2026-08-08 15:45:08,759 [INFO] DbMcusAds:125 - Set database path to: C:\Users\German\.stmcufinder\plugins\mcufinder//mcu/
2026-08-08 15:45:08,759 [WARN] DbFile:41 - Overriding database path with different value: C:\Users\German\.stmcufinder\plugins\mcufinder/ => C:\Users\German\.stmcufinder\plugins\mcufinder
2026-08-08 15:45:08,759 [WARN] DbFile:41 - Overriding database path with different value: C:\Users\German\.stmcufinder\plugins\mcufinder/ => C:\Users\German\.stmcufinder\plugins\mcufinder
2026-08-08 15:45:08,759 [INFO] CrossReferenceDbSqlite:203 - Set database path to: C:\Users\German\.stmcufinder\plugins\mcufinder//mcu/cs/
2026-08-08 15:45:08,768 [INFO] ApplicationProperties:184 - Using Application install path: C:\ST\STM32CubeIDE_1.18.1\STM32CubeIDE\plugins\com.st.stm32cube.common.mx_6.14.1.202504091515
2026-08-08 15:45:08,769 [INFO] PluginManage:196 - Search for loadable plugins [exclusion list=, ]
2026-08-08 15:45:08,770 [INFO] PluginManage:310 - Check plugin analytics
2026-08-08 15:45:08,887 [INFO] AnalyticsPlugin:253 - Accepted Software Licenses: STM32CubeMX.6.14.1,STM32CubeMX.6.17.0
2026-08-08 15:45:08,887 [INFO] AnalyticsPlugin:255 - Accepted CMSIS Pack Licenses: 
2026-08-08 15:45:08,887 [INFO] AnalyticsPlugin:257 - Accepted Firmware Licenses: FW.WB.1.17.0,FW.WB.1.22.0,FW.L4.1.18.0,FW.WB.1.13.0,FW.WB.1.23.0,FW.WB.1.24.0
2026-08-08 15:45:08,889 [INFO] PluginManage:359 - Loaded plugin analytics (category:tool,tabindex:-1)
2026-08-08 15:45:08,890 [INFO] PluginManage:310 - Check plugin cadmodel
2026-08-08 15:45:08,892 [INFO] CADModel:105 - Init CAD model plugin
2026-08-08 15:45:08,892 [INFO] PluginManage:359 - Loaded plugin cadmodel (category:power,tabindex:5)
2026-08-08 15:45:08,892 [INFO] PluginManage:310 - Check plugin clock
2026-08-08 15:45:08,899 [INFO] PluginManage:359 - Loaded plugin clock (category:base,tabindex:2)
2026-08-08 15:45:08,900 [INFO] PluginManage:310 - Check plugin ddr
2026-08-08 15:45:08,901 [INFO] PluginManage:359 - Loaded plugin ddr (category:tool,tabindex:6)
2026-08-08 15:45:08,901 [INFO] PluginManage:310 - Check plugin filemanager
2026-08-08 15:45:08,986 [INFO] PluginManage:359 - Loaded plugin filemanager (category:base,tabindex:10)
2026-08-08 15:45:08,986 [INFO] PluginManage:310 - Check plugin ipmanager
2026-08-08 15:45:08,990 [INFO] PluginManage:359 - Loaded plugin ipmanager (category:base,tabindex:5)
2026-08-08 15:45:08,990 [INFO] PluginManage:310 - Check plugin lpbam
2026-08-08 15:45:08,994 [INFO] PluginManage:359 - Loaded plugin lpbam (category:base,tabindex:0)
2026-08-08 15:45:08,994 [INFO] PluginManage:310 - Check plugin memorymap
2026-08-08 15:45:09,000 [INFO] PluginManage:359 - Loaded plugin memorymap (category:base,tabindex:4)
2026-08-08 15:45:09,000 [INFO] PluginManage:310 - Check plugin pinoutandconfiguration
2026-08-08 15:45:09,006 [INFO] PluginManage:359 - Loaded plugin pinoutandconfiguration (category:base,tabindex:1)
2026-08-08 15:45:09,006 [INFO] PluginManage:310 - Check plugin pinoutconfig
2026-08-08 15:45:09,064 [WARN] SupportedApi:132 - Cannot load RTOS API schema: s4s-elt-must-match.1: The content of 'definitions' must match (annotation?, (simpleType | complexType)?, (unique | key | keyref)*)). A problem was found starting at: attribute.
2026-08-08 15:45:09,144 [INFO] PluginManage:359 - Loaded plugin pinoutconfig (category:base,tabindex:0)
2026-08-08 15:45:09,144 [INFO] PluginManage:310 - Check plugin power
2026-08-08 15:45:09,149 [INFO] PluginManage:359 - Loaded plugin power (category:power,tabindex:4)
2026-08-08 15:45:09,149 [INFO] PluginManage:310 - Check plugin projectmanager
2026-08-08 15:45:09,160 [INFO] PluginManage:359 - Loaded plugin projectmanager (category:projectmanager,tabindex:4)
2026-08-08 15:45:09,161 [INFO] PluginManage:310 - Check plugin rif
2026-08-08 15:45:09,165 [INFO] PluginManage:359 - Loaded plugin rif (category:base,tabindex:3)
2026-08-08 15:45:09,165 [INFO] PluginManage:310 - Check plugin thirdparty
2026-08-08 15:45:09,271 [WARN] IntegrityCheckThread:84 - waiting for thirdparty lock release [integrity check]
2026-08-08 15:45:09,271 [INFO] IntegrityCheckThread:86 - entering critical section [integrity check]
2026-08-08 15:45:09,271 [INFO] PluginManage:359 - Loaded plugin thirdparty (category:base,tabindex:-1)
2026-08-08 15:45:09,271 [INFO] ThirdPartyUpdaterWithRetryManager:70 - Updater plugin not ready yet. [1/15]
2026-08-08 15:45:09,271 [INFO] PluginManage:310 - Check plugin tools
2026-08-08 15:45:09,273 [INFO] PluginManage:359 - Loaded plugin tools (category:base,tabindex:7)
2026-08-08 15:45:09,273 [INFO] PluginManage:310 - Check plugin tutovideos
2026-08-08 15:45:09,356 [INFO] PluginManage:359 - Loaded plugin tutovideos (category:base,tabindex:-1)
2026-08-08 15:45:09,356 [INFO] PluginManage:310 - Check plugin updater
2026-08-08 15:45:09,370 [INFO] PluginManage:359 - Loaded plugin updater (category:base,tabindex:12)
2026-08-08 15:45:09,370 [INFO] PluginManage:310 - Check plugin userauth
2026-08-08 15:45:09,371 [INFO] UserAuth:118 - Init User Auth plugin
2026-08-08 15:45:09,371 [INFO] PluginManage:359 - Loaded plugin userauth (category:base,tabindex:14)
2026-08-08 15:45:09,371 [INFO] PluginManage:283 - PluginManage : Loaded plugins [18]
2026-08-08 15:45:09,480 [INFO] PinOutPanel:1589 - setPackage(No Configuration,No Configuration)
2026-08-08 15:45:09,533 [INFO] CADModel:165 - CPN selected for project level
2026-08-08 15:45:09,533 [INFO] CADModel:114 - Register for checkConnection events
2026-08-08 15:45:09,548 [INFO] IPUIPlugin:80 - create IPUIPlugin
2026-08-08 15:45:09,548 [INFO] PluginManager:220 - loadIPPluginJar : add adc
2026-08-08 15:45:09,551 [INFO] IPUIPlugin:80 - create IPUIPlugin
2026-08-08 15:45:09,551 [INFO] PluginManager:220 - loadIPPluginJar : add aes
2026-08-08 15:45:09,552 [INFO] IPUIPlugin:80 - create IPUIPlugin
2026-08-08 15:45:09,552 [INFO] PluginManager:220 - loadIPPluginJar : add can
2026-08-08 15:45:09,554 [INFO] IPUIPlugin:80 - create IPUIPlugin
2026-08-08 15:45:09,554 [INFO] PluginManager:220 - loadIPPluginJar : add comp
2026-08-08 15:45:09,556 [INFO] IPUIPlugin:80 - create IPUIPlugin
2026-08-08 15:45:09,556 [INFO] PluginManager:220 - loadIPPluginJar : add cryp
2026-08-08 15:45:09,558 [INFO] IPUIPlugin:80 - create IPUIPlugin
2026-08-08 15:45:09,558 [INFO] PluginManager:220 - loadIPPluginJar : add ddr_ctrl_phy
2026-08-08 15:45:09,560 [INFO] IPUIPlugin:80 - create IPUIPlugin
2026-08-08 15:45:09,560 [INFO] PluginManager:220 - loadIPPluginJar : add dfsdm
2026-08-08 15:45:09,565 [INFO] IPUIPlugin:80 - create IPUIPlugin
2026-08-08 15:45:09,565 [INFO] PluginManager:220 - loadIPPluginJar : add dma
2026-08-08 15:45:09,566 [INFO] IPUIPlugin:80 - create IPUIPlugin
2026-08-08 15:45:09,566 [INFO] PluginManager:220 - loadIPPluginJar : add dma3
2026-08-08 15:45:09,567 [INFO] IPUIPlugin:80 - create IPUIPlugin
2026-08-08 15:45:09,567 [INFO] PluginManager:220 - loadIPPluginJar : add extmemmanager
2026-08-08 15:45:09,568 [INFO] IPUIPlugin:80 - create IPUIPlugin
2026-08-08 15:45:09,568 [INFO] PluginManager:220 - loadIPPluginJar : add fatfs
2026-08-08 15:45:09,571 [INFO] IPUIPlugin:80 - create IPUIPlugin
2026-08-08 15:45:09,571 [INFO] PluginManager:220 - loadIPPluginJar : add fmc
2026-08-08 15:45:09,573 [INFO] IPUIPlugin:80 - create IPUIPlugin
2026-08-08 15:45:09,573 [INFO] PluginManager:220 - loadIPPluginJar : add freertos
2026-08-08 15:45:09,574 [INFO] IPUIPlugin:80 - create IPUIPlugin
2026-08-08 15:45:09,574 [INFO] PluginManager:220 - loadIPPluginJar : add genericplugin
2026-08-08 15:45:09,575 [INFO] IPUIPlugin:80 - create IPUIPlugin
2026-08-08 15:45:09,575 [INFO] PluginManager:220 - loadIPPluginJar : add gfxmmu
2026-08-08 15:45:09,577 [INFO] IPUIPlugin:80 - create IPUIPlugin
2026-08-08 15:45:09,577 [INFO] PluginManager:220 - loadIPPluginJar : add gic
2026-08-08 15:45:09,579 [INFO] IPUIPlugin:80 - create IPUIPlugin
2026-08-08 15:45:09,579 [INFO] PluginManager:220 - loadIPPluginJar : add gpio
2026-08-08 15:45:09,580 [INFO] IPUIPlugin:80 - create IPUIPlugin
2026-08-08 15:45:09,580 [INFO] PluginManager:220 - loadIPPluginJar : add gtzc
2026-08-08 15:45:09,581 [INFO] IPUIPlugin:80 - create IPUIPlugin
2026-08-08 15:45:09,581 [INFO] PluginManager:220 - loadIPPluginJar : add hash
2026-08-08 15:45:09,582 [INFO] IPUIPlugin:80 - create IPUIPlugin
2026-08-08 15:45:09,583 [INFO] PluginManager:220 - loadIPPluginJar : add i2c
2026-08-08 15:45:09,584 [INFO] IPUIPlugin:80 - create IPUIPlugin
2026-08-08 15:45:09,584 [INFO] PluginManager:220 - loadIPPluginJar : add i2s
2026-08-08 15:45:09,585 [INFO] IPUIPlugin:80 - create IPUIPlugin
2026-08-08 15:45:09,585 [INFO] PluginManager:220 - loadIPPluginJar : add i3c
2026-08-08 15:45:09,587 [INFO] IPUIPlugin:80 - create IPUIPlugin
2026-08-08 15:45:09,587 [INFO] PluginManager:220 - loadIPPluginJar : add ipddr
2026-08-08 15:45:09,591 [INFO] IPUIPlugin:80 - create IPUIPlugin
2026-08-08 15:45:09,591 [INFO] PluginManager:220 - loadIPPluginJar : add linkedlist
2026-08-08 15:45:09,592 [INFO] IPUIPlugin:80 - create IPUIPlugin
2026-08-08 15:45:09,592 [INFO] PluginManager:220 - loadIPPluginJar : add lorawan
2026-08-08 15:45:09,593 [INFO] IPUIPlugin:80 - create IPUIPlugin
2026-08-08 15:45:09,593 [INFO] PluginManager:220 - loadIPPluginJar : add ltdc
2026-08-08 15:45:09,596 [INFO] IPUIPlugin:80 - create IPUIPlugin
2026-08-08 15:45:09,596 [INFO] PluginManager:220 - loadIPPluginJar : add mdma
2026-08-08 15:45:09,599 [INFO] IPUIPlugin:80 - create IPUIPlugin
2026-08-08 15:45:09,599 [INFO] PluginManager:220 - loadIPPluginJar : add nvic
2026-08-08 15:45:09,601 [INFO] IPUIPlugin:80 - create IPUIPlugin
2026-08-08 15:45:09,601 [INFO] PluginManager:220 - loadIPPluginJar : add opamp
2026-08-08 15:45:09,603 [INFO] IPUIPlugin:80 - create IPUIPlugin
2026-08-08 15:45:09,603 [INFO] PluginManager:220 - loadIPPluginJar : add openamp
2026-08-08 15:45:09,605 [INFO] IPUIPlugin:80 - create IPUIPlugin
2026-08-08 15:45:09,605 [INFO] PluginManager:220 - loadIPPluginJar : add pdm2pcm
2026-08-08 15:45:09,609 [INFO] IPUIPlugin:80 - create IPUIPlugin
2026-08-08 15:45:09,610 [INFO] PluginManager:220 - loadIPPluginJar : add plateformsettings
2026-08-08 15:45:09,611 [INFO] IPUIPlugin:80 - create IPUIPlugin
2026-08-08 15:45:09,611 [INFO] PluginManager:220 - loadIPPluginJar : add quadspi
2026-08-08 15:45:09,612 [INFO] IPUIPlugin:80 - create IPUIPlugin
2026-08-08 15:45:09,612 [INFO] PluginManager:220 - loadIPPluginJar : add radio
2026-08-08 15:45:09,614 [INFO] IPUIPlugin:80 - create IPUIPlugin
2026-08-08 15:45:09,614 [INFO] PluginManager:220 - loadIPPluginJar : add resmgrutility
2026-08-08 15:45:09,618 [INFO] IPUIPlugin:80 - create IPUIPlugin
2026-08-08 15:45:09,618 [INFO] PluginManager:220 - loadIPPluginJar : add sai
2026-08-08 15:45:09,620 [INFO] IPUIPlugin:80 - create IPUIPlugin
2026-08-08 15:45:09,620 [INFO] PluginManager:220 - loadIPPluginJar : add spi
2026-08-08 15:45:09,624 [INFO] IPUIPlugin:80 - create IPUIPlugin
2026-08-08 15:45:09,624 [INFO] PluginManager:220 - loadIPPluginJar : add stm32_wpan
2026-08-08 15:45:09,625 [INFO] IPUIPlugin:80 - create IPUIPlugin
2026-08-08 15:45:09,625 [INFO] PluginManager:220 - loadIPPluginJar : add tim
2026-08-08 15:45:09,627 [INFO] IPUIPlugin:80 - create IPUIPlugin
2026-08-08 15:45:09,627 [INFO] PluginManager:220 - loadIPPluginJar : add touchsensing
2026-08-08 15:45:09,629 [INFO] IPUIPlugin:80 - create IPUIPlugin
2026-08-08 15:45:09,629 [INFO] PluginManager:220 - loadIPPluginJar : add tracer_emb
2026-08-08 15:45:09,630 [INFO] IPUIPlugin:80 - create IPUIPlugin
2026-08-08 15:45:09,630 [INFO] PluginManager:220 - loadIPPluginJar : add ts
2026-08-08 15:45:09,631 [INFO] IPUIPlugin:80 - create IPUIPlugin
2026-08-08 15:45:09,631 [INFO] PluginManager:220 - loadIPPluginJar : add tsc
2026-08-08 15:45:09,632 [INFO] IPUIPlugin:80 - create IPUIPlugin
2026-08-08 15:45:09,632 [INFO] PluginManager:220 - loadIPPluginJar : add ucpd
2026-08-08 15:45:09,633 [INFO] IPUIPlugin:80 - create IPUIPlugin
2026-08-08 15:45:09,633 [INFO] PluginManager:220 - loadIPPluginJar : add usart
2026-08-08 15:45:09,637 [INFO] IPUIPlugin:80 - create IPUIPlugin
2026-08-08 15:45:09,637 [INFO] PluginManager:220 - loadIPPluginJar : add usbx
2026-08-08 15:45:09,756 [FATAL] Updater:351 - Updater called before beeing initialized
2026-08-08 15:45:09,777 [INFO] RulesReader:64 - Compatibility file has been processed (302 Rules)
2026-08-08 15:45:09,786 [INFO] RulesReader:64 - Compatibility file has been processed (302 Rules)
2026-08-08 15:45:09,791 [INFO] CADModel:165 - CPN selected for project level
2026-08-08 15:45:09,791 [INFO] CADModel:114 - Register for checkConnection events
2026-08-08 15:45:09,791 [FATAL] Updater:351 - Updater called before beeing initialized
2026-08-08 15:45:09,791 [ERROR] CADModel:125 - Updater not yet initialized, retry later 
2026-08-08 15:45:09,930 [FATAL] Updater:351 - Updater called before beeing initialized
2026-08-08 15:45:09,931 [INFO] CADModel:165 - CPN selected for project level
2026-08-08 15:45:09,931 [INFO] CADModel:114 - Register for checkConnection events
2026-08-08 15:45:09,931 [FATAL] Updater:351 - Updater called before beeing initialized
2026-08-08 15:45:09,931 [ERROR] CADModel:125 - Updater not yet initialized, retry later 
2026-08-08 15:45:09,933 [FATAL] Updater:351 - Updater called before beeing initialized
2026-08-08 15:45:10,004 [FATAL] Updater:351 - Updater called before beeing initialized
2026-08-08 15:45:10,007 [INFO] DbMcusAds:53 - JSON generation date=Wed Jul 15 06:46:00 ART 2026 (1784108760991)
2026-08-08 15:45:10,007 [FATAL] Updater:351 - Updater called before beeing initialized
2026-08-08 15:45:10,025 [WARN] DetailPanel:346 - Failed to get advertising image, set to default
2026-08-08 15:45:10,203 [FATAL] Updater:351 - Updater called before beeing initialized
2026-08-08 15:45:10,204 [FATAL] Updater:351 - Updater called before beeing initialized
2026-08-08 15:45:10,204 [FATAL] Updater:351 - Updater called before beeing initialized
2026-08-08 15:45:10,204 [WARN] DetailPanel:346 - Failed to get advertising image, set to default
2026-08-08 15:45:10,205 [FATAL] Updater:351 - Updater called before beeing initialized
2026-08-08 15:45:10,245 [ERROR] Updater:1198 - MainUpdater not yet initialized. External WinMGr cannot be set.
2026-08-08 15:45:10,247 [INFO] Updater:1134 - Updater Version found : 6.14.1
2026-08-08 15:45:10,261 [INFO] ApplicationProperties:184 - Using Application install path: C:\ST\STM32CubeIDE_1.18.1\STM32CubeIDE\plugins\com.st.stm32cube.common.mx_6.14.1.202504091515
2026-08-08 15:45:11,837 [ERROR] LogOutputStream:75 - [STDERR_REDIRECT] Aug 08, 2026 3:45:11 PM java.util.prefs.WindowsPreferences <init>
2026-08-08 15:45:11,837 [ERROR] LogOutputStream:75 - [STDERR_REDIRECT] WARNING: Could not open/create prefs root node Software\JavaSoft\Prefs at root 0xffffffff80000002. Windows RegCreateKeyEx(...) returned error code 5.
2026-08-08 15:45:11,837 [ERROR] LogOutputStream:75 - [STDERR_REDIRECT] 
2026-08-08 15:45:12,032 [INFO] MainUpdater:2872 - connection check result : 10
2026-08-08 15:45:12,033 [INFO] MainUpdater:289 - Updater Check For Update Now.
2026-08-08 15:45:12,033 [INFO] MicroXplorer:498 - Change Database Version : DB.6.0.141
2026-08-08 15:45:12,037 [INFO] McuFinderGlobals:63 - Set McuFinder mode to 2 (CubeIDE integrated)
2026-08-08 15:45:12,037 [INFO] UserAuth:484 - Internet connection configuration mode: 1
2026-08-08 15:45:12,048 [INFO] JxBrowserEngine:152 - Initiate JxBrowser Engine with user profile folder
2026-08-08 15:45:12,190 [INFO] CheckServerUpdateThread:120 - End of CheckServer Thread
2026-08-08 15:45:12,505 [WARN] PackLoader:240 - Cannot read IP mode file for STMicroelectronics.X-CUBE-AZRTOS-H7.3.5.0
2026-08-08 15:45:12,513 [WARN] PackLoader:240 - Cannot read IP mode file for STMicroelectronics.FP-SNS-MOTENVWB1.1.4.0
2026-08-08 15:45:12,517 [WARN] PackLoader:240 - Cannot read IP mode file for STMicroelectronics.FP-ATR-ASTRA1.2.0.3
2026-08-08 15:45:12,519 [WARN] PackLoader:240 - Cannot read IP mode file for STMicroelectronics.FP-ATR-ASTRA1.2.0.2
2026-08-08 15:45:12,530 [ERROR] Engine:466 - C:\Users\German\.stm32cubemx\thirdparties\pdsc\STMicroelectronics.X-CUBE-SMBUS.2.1.1.pdsc: PDSC version is not supported
2026-08-08 15:45:12,532 [WARN] PackLoader:240 - Cannot read IP mode file for STMicroelectronics.X-CUBE-SMBUS.2.1.0
2026-08-08 15:45:12,538 [WARN] PackLoader:240 - Cannot read IP mode file for STMicroelectronics.X-CUBE-WB05N.1.1.0
2026-08-08 15:45:12,540 [INFO] WebApp:169 - Instantiating new browser for Auth
2026-08-08 15:45:12,542 [WARN] PackLoader:240 - Cannot read IP mode file for STMicroelectronics.X-CUBE-ST60.1.0.0
2026-08-08 15:45:12,568 [WARN] PackLoader:240 - Cannot read IP mode file for STMicroelectronics.X-CUBE-AZRTOS-F7.1.1.0
2026-08-08 15:45:12,575 [ERROR] Engine:466 - C:\Users\German\.stm32cubemx\thirdparties\pdsc\STMicroelectronics.X-CUBE-FREERTOS.1.6.0.pdsc: PDSC version is not supported
2026-08-08 15:45:12,577 [ERROR] Engine:466 - C:\Users\German\.stm32cubemx\thirdparties\pdsc\STMicroelectronics.FP-SNS-MOTENV1.5.1.0.pdsc: PDSC version is not supported
2026-08-08 15:45:12,618 [WARN] PackLoader:240 - Cannot read IP mode file for STMicroelectronics.X-CUBE-AZRTOS-H7RS.1.3.0
2026-08-08 15:45:12,649 [WARN] PackLoader:240 - Cannot read IP mode file for Infineon.AIROC-Wi-Fi-Bluetooth-STM32.1.7.0
2026-08-08 15:45:12,669 [WARN] PackLoader:240 - Cannot read IP mode file for STMicroelectronics.X-CUBE-AZRTOS-H7.3.4.0
2026-08-08 15:45:12,675 [WARN] PackLoader:240 - Cannot read IP mode file for STMicroelectronics.X-CUBE-DISPLAY.3.0.0
2026-08-08 15:45:12,681 [WARN] PackLoader:240 - Cannot read IP mode file for STMicroelectronics.X-CUBE-GNSS1.7.1.1
2026-08-08 15:45:12,684 [ERROR] Engine:466 - C:\Users\German\.stm32cubemx\thirdparties\pdsc\STMicroelectronics.FP-SNS-MOTENVWB1.1.5.0.pdsc: PDSC version is not supported
2026-08-08 15:45:12,687 [WARN] PackLoader:240 - Cannot read IP mode file for STMicroelectronics.X-CUBE-NFC10.1.0.0
2026-08-08 15:45:12,694 [WARN] PackLoader:240 - Cannot read IP mode file for STMicroelectronics.X-CUBE-BLEMGR.4.0.0
2026-08-08 15:45:12,698 [WARN] PackLoader:240 - Cannot read IP mode file for STMicroelectronics.X-CUBE-ST60.1.1.0
2026-08-08 15:45:12,702 [WARN] PackLoader:240 - Cannot read IP mode file for emotas.I-CUBE-CANOPEN.1.3.0
2026-08-08 15:45:12,704 [ERROR] Engine:466 - C:\Users\German\.stm32cubemx\thirdparties\pdsc\STMicroelectronics.X-CUBE-WBA.1.1.0.pdsc: PDSC version is not supported
2026-08-08 15:45:12,706 [WARN] PackLoader:240 - Cannot read IP mode file for STMicroelectronics.X-CUBE-GNSS1.7.1.0
2026-08-08 15:45:12,709 [WARN] ConditionMgr:438 - getConditionDescription Invalid condition id : Cortex-A Device cause : null
2026-08-08 15:45:12,718 [WARN] ConditionMgr:1044 - genDependencies : Invalid condition id : Cortex-A Device cause : null
2026-08-08 15:45:12,718 [WARN] ConditionMgr:1044 - genDependencies : Invalid condition id : Cortex-A Device cause : null
2026-08-08 15:45:12,719 [WARN] ConditionMgr:1044 - genDependencies : Invalid condition id : Cortex-A Device cause : null
2026-08-08 15:45:12,721 [WARN] PackLoader:240 - Cannot read IP mode file for STMicroelectronics.X-CUBE-AI.10.0.0
2026-08-08 15:45:12,723 [ERROR] Engine:466 - C:\Users\German\.stm32cubemx\thirdparties\pdsc\STMicroelectronics.FP-SNS-STBOX1.2.1.0.pdsc: PDSC version is not supported
2026-08-08 15:45:12,731 [WARN] PackLoader:240 - Cannot read IP mode file for STMicroelectronics.FP-SNS-SMARTAG2.1.2.0
2026-08-08 15:45:12,735 [WARN] PackLoader:240 - Cannot read IP mode file for STMicroelectronics.FP-SNS-FLIGHT1.5.1.0
2026-08-08 15:45:12,762 [WARN] PackLoader:240 - Cannot read IP mode file for STMicroelectronics.X-CUBE-MEMS1.11.1.0
2026-08-08 15:45:12,831 [INFO] LogOutputStream:77 - [STDOUT_REDIRECT] 1 : Invalid condition id : UX_CORESTACK_Condition cause : null
2026-08-08 15:45:12,831 [INFO] LogOutputStream:77 - [STDOUT_REDIRECT] 1 : Invalid condition id : UX_CORESTACK_Condition cause : null
2026-08-08 15:45:12,832 [INFO] LogOutputStream:77 - [STDOUT_REDIRECT] 1 : Invalid condition id : UX_CORESTACK_Condition cause : null
2026-08-08 15:45:12,833 [INFO] LogOutputStream:77 - [STDOUT_REDIRECT] 1 : Invalid condition id : UX_CORESTACK_Condition cause : null
2026-08-08 15:45:12,834 [INFO] LogOutputStream:77 - [STDOUT_REDIRECT] 1 : Invalid condition id : UX_CORESTACK_Condition cause : null
2026-08-08 15:45:12,835 [WARN] PackLoader:240 - Cannot read IP mode file for STMicroelectronics.X-CUBE-AZRTOS-WL.2.0.0
2026-08-08 15:45:12,838 [WARN] PackLoader:240 - Cannot read IP mode file for STMicroelectronics.FP-SNS-MOTENV1.5.0.0
2026-08-08 15:45:12,848 [WARN] PackLoader:240 - Cannot read IP mode file for STMicroelectronics.X-CUBE-AZRTOS-H7RS.1.2.0
2026-08-08 15:45:12,855 [WARN] PackLoader:240 - Cannot read IP mode file for WES.I-CUBE-Cesium.1.3.0
2026-08-08 15:45:12,858 [WARN] PackLoader:240 - Cannot read IP mode file for STMicroelectronics.X-CUBE-BLE2.3.3.0
2026-08-08 15:45:12,867 [WARN] PackLoader:240 - Cannot read IP mode file for STMicroelectronics.X-CUBE-NFC9.1.0.0
2026-08-08 15:45:12,870 [WARN] PackLoader:240 - Cannot read IP mode file for STMicroelectronics.X-CUBE-BLE1.7.1.0
2026-08-08 15:45:12,874 [WARN] PackLoader:240 - Cannot read IP mode file for wolfSSL.I-CUBE-wolfMQTT.1.19.2
2026-08-08 15:45:12,875 [ERROR] Engine:466 - C:\Users\German\.stm32cubemx\thirdparties\pdsc\STMicroelectronics.X-CUBE-FREERTOS.1.4.0.pdsc: PDSC version is not supported
2026-08-08 15:45:12,878 [WARN] PackLoader:240 - Cannot read IP mode file for STMicroelectronics.X-CUBE-EEPRMA1.5.2.0
2026-08-08 15:45:12,881 [ERROR] Engine:466 - C:\Users\German\.stm32cubemx\thirdparties\pdsc\STMicroelectronics.X-CUBE-ST67W61.1.1.0.pdsc: PDSC version is not supported
2026-08-08 15:45:12,883 [WARN] PackLoader:240 - Cannot read IP mode file for STMicroelectronics.X-CUBE-AI.10.1.0
2026-08-08 15:45:12,885 [ERROR] Engine:466 - C:\Users\German\.stm32cubemx\thirdparties\pdsc\STMicroelectronics.FP-SNS-STAIOTCFT.1.1.0.pdsc: PDSC version is not supported
2026-08-08 15:45:12,914 [WARN] PackLoader:240 - Cannot read IP mode file for STMicroelectronics.X-CUBE-MEMS1.12.0.0
2026-08-08 15:45:12,988 [WARN] PackLoader:240 - Cannot read IP mode file for STMicroelectronics.X-CUBE-MEMS1.11.2.0
2026-08-08 15:45:13,073 [WARN] PackLoader:240 - Cannot read IP mode file for STMicroelectronics.X-CUBE-AZRTOS-G0.1.1.0
2026-08-08 15:45:13,078 [WARN] PackLoader:240 - Cannot read IP mode file for STMicroelectronics.X-CUBE-SAFEA1.1.2.2
2026-08-08 15:45:13,081 [WARN] PackLoader:240 - Cannot read IP mode file for STMicroelectronics.X-CUBE-NFC4.3.0.0
2026-08-08 15:45:13,086 [WARN] PackLoader:240 - Cannot read IP mode file for EmbeddedOffice.I-CUBE-FS-RTOS.1.0.1
2026-08-08 15:45:13,089 [WARN] PackLoader:240 - Cannot read IP mode file for STMicroelectronics.X-CUBE-WB05N.2.0.0
2026-08-08 15:45:13,094 [WARN] PackLoader:240 - Cannot read IP mode file for wolfSSL.I-CUBE-wolfTPM.3.8.0
2026-08-08 15:45:13,100 [WARN] PackLoader:240 - Cannot read IP mode file for STMicroelectronics.X-CUBE-TCPP.4.2.0
2026-08-08 15:45:13,105 [WARN] PackLoader:240 - Cannot read IP mode file for RealThread.X-CUBE-RT-Thread_Nano.4.1.1
2026-08-08 15:45:13,109 [WARN] PackLoader:240 - Cannot read IP mode file for STMicroelectronics.FP-ATR-SIGFOX1.3.2.0
2026-08-08 15:45:13,113 [WARN] PackLoader:240 - Cannot read IP mode file for STMicroelectronics.X-CUBE-EEPRMA1.5.1.0
2026-08-08 15:45:13,115 [ERROR] Engine:466 - C:\Users\German\.stm32cubemx\thirdparties\pdsc\STMicroelectronics.X-CUBE-FREERTOS.1.5.0.pdsc: PDSC version is not supported
2026-08-08 15:45:13,118 [WARN] PackLoader:240 - Cannot read IP mode file for wolfSSL.I-CUBE-wolfSSL.5.7.6
2026-08-08 15:45:13,123 [WARN] PackLoader:240 - Cannot read IP mode file for ITTIA_DB.I-CUBE-ITTIADB.8.9.0
2026-08-08 15:45:13,129 [WARN] PackLoader:240 - Cannot read IP mode file for STMicroelectronics.X-CUBE-NFC6.3.2.0
2026-08-08 15:45:13,137 [WARN] PackLoader:240 - Cannot read IP mode file for STMicroelectronics.X-CUBE-ST67W61.1.0.0
2026-08-08 15:45:13,139 [WARN] PackLoader:240 - Cannot read IP mode file for STMicroelectronics.X-CUBE-AI.10.2.1
2026-08-08 15:45:13,142 [WARN] PackLoader:240 - Cannot read IP mode file for STMicroelectronics.X-CUBE-AI.10.2.0
2026-08-08 15:45:13,163 [WARN] PackLoader:240 - Cannot read IP mode file for STMicroelectronics.X-CUBE-MEMS1.12.1.0
2026-08-08 15:45:13,193 [INFO] WebApp:463 - Apply proxy settings
2026-08-08 15:45:13,193 [INFO] WebApp:548 - Chromium requires no authentication
2026-08-08 15:45:13,199 [INFO] WebApp:491 - Direct internet connection detected
2026-08-08 15:45:13,212 [WARN] PackLoader:240 - Cannot read IP mode file for SEGGER.I-CUBE-embOS.1.3.1
2026-08-08 15:45:13,215 [INFO] WebApp:894 - Register for checkConnection events
2026-08-08 15:45:13,216 [INFO] WebApp:463 - Apply proxy settings
2026-08-08 15:45:13,216 [INFO] WebApp:548 - Chromium requires no authentication
2026-08-08 15:45:13,216 [INFO] WebApp:491 - Direct internet connection detected
2026-08-08 15:45:13,228 [WARN] PackLoader:240 - Cannot read IP mode file for STMicroelectronics.X-CUBE-ALGOBUILD.1.4.0
2026-08-08 15:45:13,250 [WARN] PackLoader:240 - Cannot read IP mode file for STMicroelectronics.X-CUBE-MEMS1.11.3.0
2026-08-08 15:45:13,302 [WARN] PackLoader:240 - Cannot read IP mode file for STMicroelectronics.X-CUBE-NFC13.1.0.0
2026-08-08 15:45:13,305 [WARN] PackLoader:240 - Cannot read IP mode file for STMicroelectronics.X-CUBE-PM33A1.1.0.0
2026-08-08 15:45:13,311 [WARN] PackLoader:240 - Cannot read IP mode file for STMicroelectronics.X-CUBE-AZRTOS-F4.1.1.0
2026-08-08 15:45:13,314 [WARN] PackLoader:240 - Cannot read IP mode file for Avnet-IotConnect.X-CUBE-IoTC-DA16k-PMOD.1.0.0
2026-08-08 15:45:13,317 [WARN] PackLoader:240 - Cannot read IP mode file for STMicroelectronics.X-CUBE-ISPU.2.1.0
2026-08-08 15:45:13,319 [ERROR] Engine:466 - C:\Users\German\.stm32cubemx\thirdparties\pdsc\STMicroelectronics.X-CUBE-IPS.3.2.0.pdsc: PDSC version is not supported
2026-08-08 15:45:13,321 [WARN] PackLoader:240 - Cannot read IP mode file for STMicroelectronics.eDS-WB_DPC_TT-BIDIR.2.1.1
2026-08-08 15:45:13,324 [WARN] PackLoader:240 - Cannot read IP mode file for STMicroelectronics.X-CUBE-NFC12.1.0.0
2026-08-08 15:45:13,330 [WARN] PackLoader:240 - Cannot read IP mode file for STMicroelectronics.X-CUBE-AZRTOS-L5.2.0.0
2026-08-08 15:45:13,334 [WARN] PackLoader:240 - Cannot read IP mode file for STMicroelectronics.X-CUBE-NFC6.3.1.0
2026-08-08 15:45:13,337 [WARN] PackLoader:240 - Cannot read IP mode file for STMicroelectronics.X-CUBE-ALGOBUILD.1.5.0
2026-08-08 15:45:13,340 [WARN] PackLoader:240 - Cannot read IP mode file for STMicroelectronics.X-CUBE-DPower.1.2.0
2026-08-08 15:45:13,342 [WARN] PackLoader:240 - Cannot read IP mode file for STMicroelectronics.eDS-WB_DPC_VIENNA.1.2.0
2026-08-08 15:45:13,368 [WARN] PackLoader:240 - Cannot read IP mode file for STMicroelectronics.X-CUBE-MEMS1.13.0.0
2026-08-08 15:45:13,378 [INFO] WebApp:191 - Connection restablished
2026-08-08 15:45:13,393 [INFO] WebApp:225 - Starting web application
2026-08-08 15:45:13,393 [INFO] WebApp:593 - Web application path used C:\ST\STM32CubeIDE_1.18.1\STM32CubeIDE\plugins\com.st.stm32cube.common.mx_6.14.1.202504091515\db\plugins\mcufinder\reactClient1\index.html
2026-08-08 15:45:13,438 [WARN] PackLoader:240 - Cannot read IP mode file for STMicroelectronics.eDS-WB_DPC_3PH2L-BIDIR.1.1.1
2026-08-08 15:45:13,441 [ERROR] Engine:466 - C:\Users\German\.stm32cubemx\thirdparties\pdsc\STMicroelectronics.X-CUBE-ST67W61.1.3.0.pdsc: PDSC version is not supported
2026-08-08 15:45:13,445 [WARN] PackLoader:240 - Cannot read IP mode file for STMicroelectronics.X-CUBE-FREERTOS.1.3.1
2026-08-08 15:45:13,449 [WARN] PackLoader:240 - Cannot read IP mode file for STMicroelectronics.X-CUBE-FREERTOS.1.3.0
2026-08-08 15:45:13,454 [WARN] PackLoader:240 - Cannot read IP mode file for STMicroelectronics.X-CUBE-NFC7.1.0.1
2026-08-08 15:45:13,459 [WARN] PackLoader:240 - Cannot read IP mode file for STMicroelectronics.X-CUBE-TOUCHGFX.4.26.0
2026-08-08 15:45:13,461 [WARN] PackLoader:240 - Cannot read IP mode file for STMicroelectronics.X-CUBE-TOUCHGFX.4.26.1
2026-08-08 15:45:13,464 [WARN] PackLoader:240 - Cannot read IP mode file for STMicroelectronics.FP-SNS-STAIOTCFT.1.0.0
2026-08-08 15:45:13,469 [WARN] PackLoader:240 - Cannot read IP mode file for STMicroelectronics.X-CUBE-DPower.1.3.0
2026-08-08 15:45:13,481 [WARN] ConditionMgr:438 - getConditionDescription Invalid condition id : LAN8742 Phy interface Condition cause : null
2026-08-08 15:45:13,481 [WARN] PackLoader:240 - Cannot read IP mode file for STMicroelectronics.X-CUBE-AZRTOS-L4.2.0.0
2026-08-08 15:45:13,482 [WARN] ConditionMgr:1044 - genDependencies : Invalid condition id : LAN8742 Phy interface Condition cause : null
2026-08-08 15:45:13,482 [WARN] ConditionMgr:1044 - genDependencies : Invalid condition id : LAN8742 Phy interface Condition cause : null
2026-08-08 15:45:13,483 [WARN] ConditionMgr:1044 - genDependencies : Invalid condition id : LAN8742 Phy interface Condition cause : null
2026-08-08 15:45:13,488 [WARN] PackLoader:240 - Cannot read IP mode file for STMicroelectronics.X-CUBE-SFXS2LP1.4.0.0
2026-08-08 15:45:13,491 [WARN] PackLoader:240 - Cannot read IP mode file for STMicroelectronics.X-CUBE-WB05N.2.1.0
2026-08-08 15:45:13,494 [ERROR] Engine:466 - C:\Users\German\.stm32cubemx\thirdparties\pdsc\STMicroelectronics.X-CUBE-ST67W61.1.2.0.pdsc: PDSC version is not supported
2026-08-08 15:45:13,502 [WARN] PackLoader:240 - Cannot read IP mode file for STMicroelectronics.X-CUBE-AZRTOS-H7.3.3.0
2026-08-08 15:45:13,508 [WARN] PackLoader:240 - Cannot read IP mode file for STMicroelectronics.X-CUBE-BLEMGR.4.1.0
2026-08-08 15:45:13,516 [WARN] ConditionMgr:438 - getConditionDescription Invalid condition id : UX DEVICE CLASS RTOS Condition cause : null
2026-08-08 15:45:13,517 [WARN] ConditionMgr:438 - getConditionDescription Invalid condition id : UX DEVICE CLASS RTOS Condition cause : null
2026-08-08 15:45:13,518 [WARN] PackLoader:240 - Cannot read IP mode file for STMicroelectronics.X-CUBE-AZRTOS-WB.2.0.0
2026-08-08 15:45:13,518 [WARN] ConditionMgr:1044 - genDependencies : Invalid condition id : UX DEVICE CLASS RTOS Condition cause : null
2026-08-08 15:45:13,518 [WARN] ConditionMgr:1044 - genDependencies : Invalid condition id : UX DEVICE CLASS RTOS Condition cause : null
2026-08-08 15:45:13,519 [WARN] ConditionMgr:1044 - genDependencies : Invalid condition id : UX DEVICE CLASS RTOS Condition cause : null
2026-08-08 15:45:13,519 [WARN] ConditionMgr:1044 - genDependencies : Invalid condition id : UX DEVICE CLASS RTOS Condition cause : null
2026-08-08 15:45:13,519 [WARN] ConditionMgr:1044 - genDependencies : Invalid condition id : UX DEVICE CLASS RTOS Condition cause : null
2026-08-08 15:45:13,522 [WARN] PackLoader:240 - Cannot read IP mode file for STMicroelectronics.X-CUBE-GNSS1.7.0.1
2026-08-08 15:45:13,525 [WARN] PackLoader:240 - Cannot read IP mode file for STMicroelectronics.X-CUBE-TOUCHGFX.4.25.0
2026-08-08 15:45:13,529 [WARN] PackLoader:240 - Cannot read IP mode file for STMicroelectronics.FP-SNS-STBOX1.2.0.0
2026-08-08 15:45:13,534 [WARN] PackLoader:240 - Cannot read IP mode file for STMicroelectronics.X-CUBE-STSE01.2.0.0
2026-08-08 15:45:13,541 [WARN] PackLoader:240 - Cannot read IP mode file for STMicroelectronics.X-CUBE-SUBG2.5.0.0
2026-08-08 15:45:13,554 [WARN] PackLoader:240 - Cannot read IP mode file for STMicroelectronics.X-CUBE-AZRTOS-H7RS.1.1.0
2026-08-08 15:45:13,559 [WARN] PackLoader:240 - Cannot read IP mode file for Cesanta.I-CUBE-Mongoose.7.13.0
2026-08-08 15:45:13,566 [WARN] PackLoader:240 - Cannot read IP mode file for STMicroelectronics.X-CUBE-AZRTOS-G4.2.0.0
2026-08-08 15:45:13,570 [WARN] PackLoader:240 - Cannot read IP mode file for wolfSSL.I-CUBE-wolfSSH.1.4.20
2026-08-08 15:45:13,572 [WARN] PackLoader:240 - Cannot read IP mode file for STMicroelectronics.X-CUBE-NFC7.2.0.0
2026-08-08 15:45:13,582 [WARN] PackLoader:240 - Cannot read IP mode file for STMicroelectronics.X-CUBE-IPS.3.1.0
2026-08-08 15:45:13,589 [INFO] UserAuth:484 - Internet connection configuration mode: 1
2026-08-08 15:45:13,589 [ERROR] Engine:466 - C:\Users\German\.stm32cubemx\thirdparties\pdsc\STMicroelectronics.X-CUBE-BLEMGR.4.2.0.pdsc: PDSC version is not supported
2026-08-08 15:45:13,592 [WARN] PackLoader:240 - Cannot read IP mode file for STMicroelectronics.X-CUBE-ALS.1.0.2
2026-08-08 15:45:13,596 [WARN] PackLoader:240 - Cannot read IP mode file for STMicroelectronics.X-CUBE-STSE01.1.0.0
2026-08-08 15:45:13,602 [WARN] PackLoader:240 - Cannot read IP mode file for portGmbH.I-Cube-SoM-uGOAL.1.1.0
2026-08-08 15:45:13,609 [WARN] PackLoader:240 - Cannot read IP mode file for STMicroelectronics.X-CUBE-TOF1.3.4.2
2026-08-08 15:45:13,620 [WARN] PackLoader:240 - Cannot read IP mode file for STMicroelectronics.X-CUBE-TOF1.3.4.3
2026-08-08 15:45:13,626 [INFO] ThirdParty:978 - Integrity check success = true
2026-08-08 15:45:13,627 [INFO] IntegrityCheckThread:100 - exiting critical section [integrity check]
2026-08-08 15:45:13,627 [INFO] IntegrityCheckThread:103 - End integrity checks thread
2026-08-08 15:59:48,283 [INFO] McuFinderGlobals:63 - Set McuFinder mode to 2 (CubeIDE integrated)
2026-08-08 15:59:48,286 [INFO] MainUpdater:2872 - connection check result : 10
2026-08-08 15:59:48,287 [INFO] MainUpdater:2872 - connection check result : 10
2026-08-08 15:59:48,307 [INFO] MicroXplorer:468 - Change Database Path : 
2026-08-08 15:59:48,307 [INFO] MicroXplorer:498 - Change Database Version : DB.6.0.141
2026-08-08 15:59:48,310 [WARN] ThirdParty:871 - waiting for thirdparty lock release [close project]
2026-08-08 15:59:48,310 [INFO] ThirdParty:873 - entering critical section [close project]
2026-08-08 15:59:48,311 [INFO] ThirdParty:883 - exiting critical section [close project]
2026-08-08 15:59:48,314 [INFO] PinOutPanel:1589 - setPackage(No Configuration,No Configuration)
2026-08-08 15:59:48,318 [INFO] UtilMem:75 - Begin LoadConfig() Used Memory: 367320664 Bytes (421527552)
2026-08-08 15:59:48,319 [INFO] MicroXplorer:468 - Change Database Path : 
2026-08-08 15:59:48,319 [INFO] MicroXplorer:498 - Change Database Version : DB.6.0.141
2026-08-08 15:59:48,319 [INFO] OpenFileManager:354 - Change cursor
2026-08-08 15:59:48,350 [INFO] Mcu:2011 - Initializing MCU STM32L476R(C-E-G)Tx STM32L476RGTx STM32L476RGT3
2026-08-08 15:59:49,686 [INFO] Context:756 - Trying to add GPIOservice into a context  which must be forbidden
2026-08-08 15:59:50,023 [INFO] ImportTextPane:218 - (OptionalMessage_ERROR) Pin20 (VP_RIF_VS_RIF1) cannot be retrieved for this MCU
2026-08-08 15:59:50,089 [INFO] RtosManager:558 - Registered RTOS mode: class=CMSIS, group=RTOS, mode=CMSIS_V1, owner=FREERTOS
2026-08-08 15:59:50,089 [INFO] RtosManager:558 - Registered RTOS mode: class=CMSIS, group=RTOS2, mode=CMSIS_V2, owner=FREERTOS
2026-08-08 15:59:50,089 [INFO] RtosManager:558 - Registered RTOS mode: class=RTOS, group=Core, mode=CMSIS_V1, owner=FREERTOS
2026-08-08 15:59:50,090 [INFO] RtosManager:558 - Registered RTOS mode: class=RTOS, group=Core, mode=CMSIS_V2, owner=FREERTOS
2026-08-08 15:59:50,090 [WARN] ModelIntegratedComponent:184 - Missing modes for component STMicroelectronics:FreeRTOS:0.0.1:STMicroelectronics:RTOS:FreeRTOS:Core:::10.2.0:
2026-08-08 15:59:50,134 [WARN] ModelIntegratedComponent:63 - No mode defined for component null
2026-08-08 15:59:50,134 [WARN] ModelIntegratedComponent:63 - No mode defined for component null
2026-08-08 15:59:50,134 [WARN] ModelIntegratedComponent:63 - No mode defined for component null
2026-08-08 15:59:50,134 [WARN] ModelIntegratedComponent:63 - No mode defined for component null
2026-08-08 15:59:50,134 [WARN] ModelIntegratedComponent:63 - No mode defined for component null
2026-08-08 15:59:50,134 [WARN] ModelIntegratedComponent:63 - No mode defined for component null
2026-08-08 15:59:50,134 [WARN] ModelIntegratedComponent:63 - No mode defined for component null
2026-08-08 15:59:50,134 [WARN] ModelIntegratedComponent:63 - No mode defined for component null
2026-08-08 15:59:50,134 [WARN] ModelIntegratedComponent:63 - No mode defined for component null
2026-08-08 15:59:50,134 [WARN] ModelIntegratedComponent:63 - No mode defined for component null
2026-08-08 15:59:50,134 [WARN] ModelIntegratedComponent:63 - No mode defined for component null
2026-08-08 15:59:50,134 [WARN] ModelIntegratedComponent:63 - No mode defined for component null
2026-08-08 15:59:50,134 [WARN] ModelIntegratedComponent:63 - No mode defined for component null
2026-08-08 15:59:50,134 [WARN] ModelIntegratedComponent:63 - No mode defined for component null
2026-08-08 15:59:50,134 [WARN] ModelIntegratedComponent:63 - No mode defined for component null
2026-08-08 15:59:50,134 [WARN] ModelIntegratedComponent:63 - No mode defined for component null
2026-08-08 15:59:50,134 [WARN] ModelIntegratedComponent:63 - No mode defined for component null
2026-08-08 15:59:50,134 [WARN] ModelIntegratedComponent:63 - No mode defined for component null
2026-08-08 15:59:50,134 [WARN] ModelIntegratedComponent:63 - No mode defined for component null
2026-08-08 15:59:50,134 [WARN] ModelIntegratedComponent:63 - No mode defined for component null
2026-08-08 15:59:50,134 [WARN] ModelIntegratedComponent:63 - No mode defined for component null
2026-08-08 15:59:50,134 [WARN] ModelIntegratedComponent:63 - No mode defined for component null
2026-08-08 15:59:50,134 [WARN] ModelIntegratedComponent:63 - No mode defined for component null
2026-08-08 15:59:50,134 [WARN] ModelIntegratedComponent:63 - No mode defined for component null
2026-08-08 15:59:50,134 [WARN] ModelIntegratedComponent:63 - No mode defined for component null
2026-08-08 15:59:50,134 [WARN] ModelIntegratedComponent:63 - No mode defined for component null
2026-08-08 15:59:50,134 [WARN] ModelIntegratedComponent:63 - No mode defined for component null
2026-08-08 15:59:50,134 [WARN] ModelIntegratedComponent:63 - No mode defined for component null
2026-08-08 15:59:50,135 [WARN] ModelIntegratedComponent:63 - No mode defined for component null
2026-08-08 15:59:50,135 [WARN] ModelIntegratedComponent:63 - No mode defined for component null
2026-08-08 15:59:50,135 [WARN] ModelIntegratedComponent:63 - No mode defined for component null
2026-08-08 15:59:50,135 [WARN] ModelIntegratedComponent:63 - No mode defined for component null
2026-08-08 15:59:50,135 [WARN] ModelIntegratedComponent:63 - No mode defined for component null
2026-08-08 15:59:50,135 [WARN] ModelIntegratedComponent:63 - No mode defined for component null
2026-08-08 15:59:50,135 [WARN] ModelIntegratedComponent:63 - No mode defined for component null
2026-08-08 15:59:50,135 [WARN] ModelPack:524 - Component already loaded: STMicroelectronics:HAL Drivers:0.0.0:STMicroelectronics:Device:STMicro_Driver:XSPI:HAL::0.0.1:HAL_XSPI
2026-08-08 15:59:50,299 [INFO] ThirdPartyModel:298 - Start build external matchings
2026-08-08 15:59:51,144 [INFO] ThirdPartyModel:316 - End build external matchings
2026-08-08 15:59:51,177 [INFO] ImportTextPane:218 - (OptionalMessage_ERROR) IP (ADC1) : Parameter (CommonPathInternal) has invalid value (null|null|null|null)
2026-08-08 15:59:51,178 [INFO] ImportTextPane:218 - (OptionalMessage_ERROR) IP (DMA) : Parameter (Instance) has Id (SPI1_TX) currently not set
2026-08-08 15:59:51,178 [INFO] ImportTextPane:218 - (OptionalMessage_ERROR) IP (DMA) : Parameter (Request) has Id (SPI1_TX) currently not set
2026-08-08 15:59:51,178 [INFO] ImportTextPane:218 - (OptionalMessage_ERROR) IP (DMA) : Parameter (Direction) has Id (SPI1_TX) currently not set
2026-08-08 15:59:51,178 [INFO] ImportTextPane:218 - (OptionalMessage_ERROR) IP (DMA) : Parameter (PeriphInc) has Id (SPI1_TX) currently not set
2026-08-08 15:59:51,178 [INFO] ImportTextPane:218 - (OptionalMessage_ERROR) IP (DMA) : Parameter (MemInc) has Id (SPI1_TX) currently not set
2026-08-08 15:59:51,178 [INFO] ImportTextPane:218 - (OptionalMessage_ERROR) IP (DMA) : Parameter (PeriphDataAlignment) has Id (SPI1_TX) currently not set
2026-08-08 15:59:51,178 [INFO] ImportTextPane:218 - (OptionalMessage_ERROR) IP (DMA) : Parameter (MemDataAlignment) has Id (SPI1_TX) currently not set
2026-08-08 15:59:51,178 [INFO] ImportTextPane:218 - (OptionalMessage_ERROR) IP (DMA) : Parameter (Mode) has Id (SPI1_TX) currently not set
2026-08-08 15:59:51,178 [INFO] ImportTextPane:218 - (OptionalMessage_ERROR) IP (DMA) : Parameter (Priority) has Id (SPI1_TX) currently not set
2026-08-08 15:59:51,179 [INFO] ImportTextPane:218 - (OptionalMessage_ERROR) IP (DMA) : Parameter (Instance) has Id (ADC1) currently not set
2026-08-08 15:59:51,179 [INFO] ImportTextPane:218 - (OptionalMessage_ERROR) IP (DMA) : Parameter (Request) has Id (ADC1) currently not set
2026-08-08 15:59:51,179 [INFO] ImportTextPane:218 - (OptionalMessage_ERROR) IP (DMA) : Parameter (Direction) has Id (ADC1) currently not set
2026-08-08 15:59:51,179 [INFO] ImportTextPane:218 - (OptionalMessage_ERROR) IP (DMA) : Parameter (PeriphInc) has Id (ADC1) currently not set
2026-08-08 15:59:51,179 [INFO] ImportTextPane:218 - (OptionalMessage_ERROR) IP (DMA) : Parameter (MemInc) has Id (ADC1) currently not set
2026-08-08 15:59:51,179 [INFO] ImportTextPane:218 - (OptionalMessage_ERROR) IP (DMA) : Parameter (PeriphDataAlignment) has Id (ADC1) currently not set
2026-08-08 15:59:51,179 [INFO] ImportTextPane:218 - (OptionalMessage_ERROR) IP (DMA) : Parameter (MemDataAlignment) has Id (ADC1) currently not set
2026-08-08 15:59:51,179 [INFO] ImportTextPane:218 - (OptionalMessage_ERROR) IP (DMA) : Parameter (Mode) has Id (ADC1) currently not set
2026-08-08 15:59:51,179 [INFO] ImportTextPane:218 - (OptionalMessage_ERROR) IP (DMA) : Parameter (Priority) has Id (ADC1) currently not set
2026-08-08 15:59:51,180 [INFO] ImportTextPane:218 - (OptionalMessage_ERROR) IP (RCC) : Invalid parameter (FamilyName)
2026-08-08 15:59:51,181 [INFO] ImportTextPane:218 - (OptionalMessage_ERROR) IP (RCC) : Parameter (RNGFreq_Value) has invalid value (64000000)
2026-08-08 15:59:51,181 [INFO] ImportTextPane:218 - (OptionalMessage_ERROR) IP (RCC) : Parameter (SDMMCFreq_Value) has invalid value (64000000)
2026-08-08 15:59:51,181 [INFO] ImportTextPane:218 - (OptionalMessage_ERROR) IP (RCC) : Parameter (USBFreq_Value) has invalid value (64000000)
2026-08-08 15:59:51,532 [INFO] ApiDb:581 - Connected to CubeFinder SQLite database (C:\Users\German\.stmcufinder\plugins\mcufinder\mcu\cube-finder-db.db)
2026-08-08 15:59:51,582 [INFO] ApiDb:668 - CubeFinder database Data Model version=2.1
2026-08-08 15:59:51,582 [INFO] ApiDb:669 - CubeFinder database Configuration version=3.0.42
2026-08-08 15:59:51,583 [INFO] ApiDb:670 - CubeFinder database generation date=2026-06-23 (1782213372)
2026-08-08 15:59:51,583 [INFO] ApiDb:671 - CubeFinder database FW Pack versions=[FP-ATR-ASTRA1_V2.0.0, FP-SNS-FLIGHT1_V5.1.0, FP-SNS-MOTENV1_V5.1.0, FP-SNS-MOTENVWB1_V1.5.0, FP-SNS-SMARTAG2_V1.2.0, FP-SNS-STBOX1_V2.1.0, STM32Cube_FW_C0_V1.4.0, STM32Cube_FW_F4_V1.28.3, STM32Cube_FW_F7_V1.17.4, STM32Cube_FW_G0_V1.6.3, STM32Cube_FW_G4_V1.6.2, STM32Cube_FW_H5_V1.7.0, STM32Cube_FW_H7RS_V1.3.0, STM32Cube_FW_H7_V1.13.0, STM32Cube_FW_L0_V1.12.2, STM32Cube_FW_L4_V1.18.2, STM32Cube_FW_L5_V1.6.0, STM32Cube_FW_N6_V1.4.0, STM32Cube_FW_U0_V1.3.0, STM32Cube_FW_U3_V1.4.0, STM32Cube_FW_U5_V1.9.0, STM32Cube_FW_WB0_V1.5.0, STM32Cube_FW_WBA_V1.10.0, STM32Cube_FW_WB_V1.24.0, STM32Cube_FW_WL3_V1.5.0, STM32Cube_FW_WL_V1.6.0, X-CUBE-ALGOBUILD_V1.5.0, X-CUBE-ALS_V1.0.2, X-CUBE-AZRTOS-F4_V1.1.0, X-CUBE-AZRTOS-F7_V1.1.0, X-CUBE-AZRTOS-G0_V1.1.0, X-CUBE-AZRTOS-G4_V2.0.0, X-CUBE-AZRTOS-H7RS_V1.1.0, X-CUBE-AZRTOS-H7_V3.5.0, X-CUBE-AZRTOS-L4_V2.0.0, X-CUBE-AZRTOS-L5_V2.0.0, X-CUBE-AZRTOS-WB_V2.0.0, X-CUBE-AZRTOS-WL_V2.0.0, X-CUBE-BLE1_V7.1.0, X-CUBE-BLE2_V3.3.0, X-CUBE-BLEMGR_V4.1.0, X-CUBE-EEPRMA1_V5.2.0, X-CUBE-FREERTOS_V1.5.0, X-CUBE-GNSS1_V7.1.1, X-CUBE-MEMS1_V12.1.0, X-CUBE-NFC4_V3.0.0, X-CUBE-NFC7_V2.0.0, X-CUBE-SFXS2LP1_V4.0.0, X-CUBE-ST67W61_V1.3.0, X-CUBE-SUBG2_V5.0.0, X-CUBE-TOF1_V3.4.3]
2026-08-08 15:59:51,621 [INFO] DbBoardsSqlite:226 - include board P-NUCLEO-WB55-NUCLEO as a kit item of type 'Nucleo-64'
2026-08-08 15:59:51,621 [INFO] DbBoardsSqlite:226 - include board P-NUCLEO-WB55-USBDONGLE as a kit item of type 'Nucleo USB Dongle'
2026-08-08 15:59:51,622 [INFO] DbBoardsSqlite:226 - include board STEVAL-IDP005V1 as a kit item of type 'Evaluation Board'
2026-08-08 15:59:51,622 [INFO] DbBoardsSqlite:226 - include board STEVAL-IDP005V2 as a kit item of type 'Evaluation Board'
2026-08-08 15:59:51,668 [INFO] ApiDb:240 - Found 895 in-development CPN: [B-G473E-ZEST1S, B-WB1M-WPAN1, B-WBA5M-WPAN, B-WL5M-SUBG1, NUCLEO-C031C6, NUCLEO-C051C8, NUCLEO-C071RB, NUCLEO-C092RC, NUCLEO-H503RB, NUCLEO-H533RE, NUCLEO-H563ZI, NUCLEO-H7S3L8, NUCLEO-N657X0-Q, NUCLEO-U031R8, NUCLEO-U083RC, NUCLEO-U385RG-Q, NUCLEO-U545RE-Q, NUCLEO-U5A5ZJ-Q, NUCLEO-WB05KZ, NUCLEO-WB07CC, NUCLEO-WB09KE, NUCLEO-WBA52CG, NUCLEO-WBA55CG, NUCLEO-WBA65RI, NUCLEO-WL33CC1, NUCLEO-WL33CC2, STEVAL-PROTEUS1, STEVAL-SMARTAG2, STEVAL-STWINBX1, STM320518-EVAL, STM32C0116-DK, STM32C011D6Y3TR, STM32C011D6Y6TR, STM32C011F4P3, STM32C011F4P6, STM32C011F4U3, STM32C011F4U6TR, STM32C011F6P3, STM32C011F6P6, STM32C011F6U3, STM32C011F6U6TR, STM32C011J4M3, STM32C011J4M6, STM32C011J6M3, STM32C011J6M6, STM32C0316-DK, STM32C031C4T3, STM32C031C4T6, STM32C031C4U3, STM32C031C4U6, STM32C031C6T3, STM32C031C6T6, STM32C031C6U3, STM32C031C6U6, STM32C031F4P3, STM32C031F4P6, STM32C031F6P3, STM32C031F6P6, STM32C031G4U3, STM32C031G4U6, STM32C031G6U3, STM32C031G6U6, STM32C031K4T3, STM32C031K4T6, STM32C031K4U3, STM32C031K4U6, STM32C031K6T3, STM32C031K6T6, STM32C031K6U3, STM32C031K6U6, STM32C051C6T6, STM32C051C6U6, STM32C051C8T6, STM32C051C8U6, STM32C051D8Y6TR, STM32C051F6P6, STM32C051F8P6, STM32C051G6U6, STM32C051G8U6, STM32C051K6T6, STM32C051K6U6, STM32C051K8T6, STM32C071C8T6, STM32C071C8T6N, STM32C071C8U6, STM32C071C8U6N, STM32C071CBT6, STM32C071CBT6N, STM32C071CBU6, STM32C071CBU6N, STM32C071F8P6, STM32C071F8P6N, STM32C071FBP6, STM32C071FBP6N, STM32C071FBY6TR, STM32C071G8U6, STM32C071G8U6N, STM32C071GBU6, STM32C071GBU6N, STM32C071K8T6, STM32C071K8T6N, STM32C071K8U6, STM32C071K8U6N, STM32C071KBT6, STM32C071KBT6N, STM32C071KBU6, STM32C071KBU6N, STM32C071R8T6, STM32C071R8T6N, STM32C071RBI6N, STM32C071RBT6, STM32C071RBT6N, STM32C091CBT6, STM32C091CBU6, STM32C091CCT6, STM32C091CCU6, STM32C091ECY6TR, STM32C091FBP6, STM32C091FCP6, STM32C091GBU6, STM32C091GCU6, STM32C091KBT6, STM32C091KBU6, STM32C091KCT6, STM32C091KCU6, STM32C091RBT6, STM32C091RCI6, STM32C091RCT6, STM32C092CBT6, STM32C092CBU6, STM32C092CCT6, STM32C092CCU6, STM32C092ECY6TR, STM32C092FBP6, STM32C092FCP6, STM32C092GBU6, STM32C092GCU6, STM32C092KBT6, STM32C092KBU6, STM32C092KCT6, STM32C092KCU6, STM32C092RBT6, STM32C092RCI6, STM32C092RCT6, STM32G071K8TXN, STM32G071K8UXN, STM32G081GBU6N, STM32G081KBT6N, STM32G081KBUXN, STM32G0B1CCT6N, STM32G0B1KCT6, STM32G0B1NEY6TR, STM32G0B1RCT6N, STM32G0C1CCT6, STM32G0C1CCT6N, STM32G0C1CCU6N, STM32G0C1CET6N, STM32G0C1CEU6N, STM32G0C1KCT6, STM32G0C1NEY6TR, STM32G0C1RCI6N, STM32G0C1RCT6N, STM32G0C1REI6N, STM32G0C1RET6N, STM32G0C1VCI6, STM32G0C1VEI6, STM32G411C6T3, STM32G411C6T6, STM32G411C6U3, STM32G411C6U6, STM32G411C8T3, STM32G411C8T6, STM32G411C8U3, STM32G411C8U6, STM32G411CBT3, STM32G411CBT6, STM32G411CBU3, STM32G411CBU6, STM32G411CCT3, STM32G411CCT6, STM32G411CCU3, STM32G411CCU6, STM32G411K6T3, STM32G411K6T6, STM32G411K6U3, STM32G411K6U6, STM32G411K8T3, STM32G411K8T6, STM32G411K8U3, STM32G411K8U6, STM32G411KBT3, STM32G411KBT6, STM32G411KBU3, STM32G411KBU6, STM32G411M6T3, STM32G411M6T6, STM32G411M8T3, STM32G411M8T6, STM32G411MBT3, STM32G411MBT6, STM32G411MCT3, STM32G411MCT6, STM32G411R6T3, STM32G411R6T6, STM32G411R8T3, STM32G411R8T6, STM32G411RBT3, STM32G411RBT6, STM32G411RCT3, STM32G411RCT6, STM32G414CBT3, STM32G414CBT6, STM32G414CBU3, STM32G414CBU6, STM32G414CCT3, STM32G414CCT6, STM32G414CCU3, STM32G414CCU6, STM32G414MBT3, STM32G414MBT6, STM32G414MCT3, STM32G414MCT6, STM32G414RBT3, STM32G414RBT6, STM32G414RCT3, STM32G414RCT6, STM32G414VBT3, STM32G414VBT6, STM32G414VCT3, STM32G414VCT6, STM32G431CBT3Z, STM32G431RBT3Z, STM32G471CCT6, STM32G471CCU6, STM32G471CET3, STM32G471CET6, STM32G471CEU3, STM32G471CEU6, STM32G471MCT6, STM32G471MET3, STM32G471MET6, STM32G471MEY6TR, STM32G471QCT6, STM32G471QET3, STM32G471RCT6, STM32G471RET3, STM32G471RET6, STM32G471VCH6, STM32G471VCI6, STM32G471VCT6, STM32G471VEH3, STM32G471VEH6, STM32G471VEI3, STM32G471VEI6, STM32G471VET3, STM32G471VET6, STM32G473QET3Z, STM32G473RET3Z, STM32G474CCT6, STM32G491RET3Z, STM32H503CBT6, STM32H503CBU6, STM32H503EBY6TR, STM32H503KBU6, STM32H503RBT6, STM32H523CCT6, STM32H523CCU6, STM32H523CET6, STM32H523CEU6, STM32H523HEY6TR, STM32H523RCT6, STM32H523RET6, STM32H523VCI6, STM32H523VCT6, STM32H523VEI6, STM32H523VET6, STM32H523ZCJ6, STM32H523ZCT6, STM32H523ZEJ6, STM32H523ZET6, STM32H533CET6, STM32H533CEU6, STM32H533HEY6TR, STM32H533RET6, STM32H533VEI6, STM32H533VET6, STM32H533ZEJ6, STM32H533ZET6, STM32H562AGI6, STM32H562AII6, STM32H562IGK6, STM32H562IGT6, STM32H562IIK6, STM32H562IIT6, STM32H562RGT6, STM32H562RGV6, STM32H562RIT6, STM32H562RIV6, STM32H562VGT6, STM32H562VIT6, STM32H562ZGT6, STM32H562ZIT6, STM32H563AGI6, STM32H563AII3Q, STM32H563AII6, STM32H563IGK6, STM32H563IGT6, STM32H563IIK3Q, STM32H563IIK6, STM32H563IIT3Q, STM32H563IIT6, STM32H563MIY3QTR, STM32H563RGT6, STM32H563RGV6, STM32H563RIT6, STM32H563RIV6, STM32H563VGT6, STM32H563VIT3Q, STM32H563VIT6, STM32H563ZGT6, STM32H563ZIT3Q, STM32H563ZIT6, STM32H573AII3Q, STM32H573AII6, STM32H573I-DK, STM32H573IIK3Q, STM32H573IIK6, STM32H573IIT3Q, STM32H573IIT6, STM32H573MIY3QTR, STM32H573RIT6, STM32H573RIV6, STM32H573VIT3Q, STM32H573VIT6, STM32H573ZIT3Q, STM32H573ZIT6, STM32H7R3A8I6, STM32H7R3I8K6, STM32H7R3I8T6, STM32H7R3L8H6, STM32H7R3L8H6H, STM32H7R3R8V6, STM32H7R3V8H6, STM32H7R3V8T6, STM32H7R3V8Y6TR, STM32H7R3Z8J6, STM32H7R3Z8T6, STM32H7R7A8I6, STM32H7R7I8K6, STM32H7R7I8T6, STM32H7R7L8H6, STM32H7R7L8H6H, STM32H7R7Z8J6, STM32H7S3A8I6, STM32H7S3I8K6, STM32H7S3I8T6, STM32H7S3L8H6, STM32H7S3L8H6H, STM32H7S3R8V6, STM32H7S3V8H6, STM32H7S3V8T6, STM32H7S3V8Y6TR, STM32H7S3Z8J6, STM32H7S3Z8T6, STM32H7S78-DK, STM32H7S7A8I6, STM32H7S7I8K6, STM32H7S7I8T6, STM32H7S7L8H6, STM32H7S7L8H6H, STM32H7S7Z8J6, STM32L4R5QGI6STR, STM32MP131AAE3, STM32MP131AAF3, STM32MP131AAG3, STM32MP131CAE3, STM32MP131CAF3, STM32MP131CAG3, STM32MP131DAE7, STM32MP131DAF7, STM32MP131DAG7, STM32MP131FAE7, STM32MP131FAF7, STM32MP131FAG7, STM32MP133AAE3, STM32MP133AAF3, STM32MP133AAG3, STM32MP133CAE3, STM32MP133CAF3, STM32MP133CAG3, STM32MP133DAE7, STM32MP133DAF7, STM32MP133DAG7, STM32MP133FAE7, STM32MP133FAF7, STM32MP133FAG7, STM32MP135AAE3, STM32MP135AAF3, STM32MP135AAG3, STM32MP135CAE3, STM32MP135CAF3, STM32MP135CAG3, STM32MP135DAE7, STM32MP135DAF7, STM32MP135DAG7, STM32MP135F-DK, STM32MP135FAE7, STM32MP135FAF7, STM32MP135FAF7T, STM32MP135FAF7U, STM32MP135FAG7, STM32MP231AAJ3, STM32MP231AAK3, STM32MP231AAL3, STM32MP231CAJ3, STM32MP231CAK3, STM32MP231CAL3, STM32MP231DAJ3, STM32MP231DAK3, STM32MP231DAL3, STM32MP231FAJ3, STM32MP231FAK3, STM32MP231FAL3, STM32MP233AAJ3, STM32MP233AAK3, STM32MP233AAL3, STM32MP233CAJ3, STM32MP233CAK3, STM32MP233CAL3, STM32MP233DAJ3, STM32MP233DAK3, STM32MP233DAL3, STM32MP233FAJ3, STM32MP233FAK3, STM32MP233FAL3, STM32MP235AAJ3, STM32MP235AAK3, STM32MP235AAL3, STM32MP235CAJ3, STM32MP235CAK3, STM32MP235CAL3, STM32MP235DAJ3, STM32MP235DAK3, STM32MP235DAL3, STM32MP235FAJ3, STM32MP235FAK3, STM32MP235FAL3, STM32MP251AAI3, STM32MP251AAJ3, STM32MP251AAK3, STM32MP251AAL3, STM32MP251CAI3, STM32MP251CAJ3, STM32MP251CAK3, STM32MP251CAL3, STM32MP251DAI3, STM32MP251DAJ3, STM32MP251DAK3, STM32MP251DAL3, STM32MP251FAI3, STM32MP251FAJ3, STM32MP251FAK3, STM32MP251FAL3, STM32MP253AAI3, STM32MP253AAJ3, STM32MP253AAK3, STM32MP253AAL3, STM32MP253CAI3, STM32MP253CAJ3, STM32MP253CAK3, STM32MP253CAL3, STM32MP253DAI3, STM32MP253DAJ3, STM32MP253DAK3, STM32MP253DAL3, STM32MP253FAI3, STM32MP253FAJ3, STM32MP253FAK3, STM32MP253FAL3, STM32MP255AAI3, STM32MP255AAJ3, STM32MP255AAK3, STM32MP255AAL3, STM32MP255CAI3, STM32MP255CAJ3, STM32MP255CAK3, STM32MP255CAL3, STM32MP255DAI3, STM32MP255DAJ3, STM32MP255DAK3, STM32MP255DAL3, STM32MP255FAI3, STM32MP255FAJ3, STM32MP255FAK3, STM32MP255FAL3, STM32MP257AAI3, STM32MP257AAJ3, STM32MP257AAK3, STM32MP257AAL3, STM32MP257CAI3, STM32MP257CAJ3, STM32MP257CAK3, STM32MP257CAL3, STM32MP257DAI3, STM32MP257DAJ3, STM32MP257DAK3, STM32MP257DAL3, STM32MP257F-DK, STM32MP257F-EV1, STM32MP257FAI3, STM32MP257FAJ3, STM32MP257FAK3, STM32MP257FAL3, STM32N645A0H3Q, STM32N645B0H3Q, STM32N645I0H3Q, STM32N645L0H3Q, STM32N645X0H3Q, STM32N645Z0H3Q, STM32N647A0H3Q, STM32N647B0H3Q, STM32N647I0H3Q, STM32N647L0H3Q, STM32N647X0H3Q, STM32N647Z0H3Q, STM32N655A0H3Q, STM32N655B0H3Q, STM32N655I0H3Q, STM32N655L0H3Q, STM32N655X0H3Q, STM32N655Z0H3Q, STM32N6570-DK, STM32N657A0H3Q, STM32N657B0H3Q, STM32N657I0H3Q, STM32N657L0H3Q, STM32N657X0H3Q, STM32N657Z0H3Q, STM32U031C6T6, STM32U031C6U6, STM32U031C8T6, STM32U031C8U6, STM32U031F4P6, STM32U031F6P6, STM32U031F8P6, STM32U031G6Y6TR, STM32U031G8Y6TR, STM32U031K4U6, STM32U031K6U6, STM32U031K8U6, STM32U031R6I6, STM32U031R6T6, STM32U031R8I6, STM32U031R8T6, STM32U073C8T6, STM32U073C8U6, STM32U073CBT6, STM32U073CBU6, STM32U073CCT6, STM32U073CCU6, STM32U073H8Y6TR, STM32U073HBY6TR, STM32U073HCY6TR, STM32U073K8U6, STM32U073KBU6, STM32U073KCU6, STM32U073M8I6, STM32U073M8T6, STM32U073MBI6, STM32U073MBT6, STM32U073MCI6, STM32U073MCT6, STM32U073R8I6, STM32U073R8T6, STM32U073RBI6, STM32U073RBT6, STM32U073RCI6, STM32U073RCT6, STM32U083C-DK, STM32U083CCT6, STM32U083CCU6, STM32U083HCY6TR, STM32U083KCU6, STM32U083MCI6, STM32U083MCT6, STM32U083RCI6, STM32U083RCT6, STM32U375CET6, STM32U375CET6Q, STM32U375CEU6, STM32U375CEU6Q, STM32U375CEY6QTR, STM32U375CGT6, STM32U375CGT6Q, STM32U375CGU6, STM32U375CGU6Q, STM32U375CGY6QTR, STM32U375KEU6, STM32U375KGU6, STM32U375REI6, STM32U375REI6Q, STM32U375RET6, STM32U375RET6Q, STM32U375REY6GTR, STM32U375REY6QTR, STM32U375RGI6, STM32U375RGI6Q, STM32U375RGT6, STM32U375RGT6Q, STM32U375RGY6GTR, STM32U375RGY6QTR, STM32U375VEI6, STM32U375VEI6Q, STM32U375VET6, STM32U375VET6Q, STM32U375VGI6, STM32U375VGI6Q, STM32U375VGT6, STM32U375VGT6Q, STM32U385CGT6, STM32U385CGT6Q, STM32U385CGU6, STM32U385CGU6Q, STM32U385CGY6QTR, STM32U385KGU6, STM32U385RGI6, STM32U385RGI6Q, STM32U385RGT6, STM32U385RGT6Q, STM32U385RGY6GTR, STM32U385RGY6QTR, STM32U385VGI6, STM32U385VGI6Q, STM32U385VGT6, STM32U385VGT6Q, STM32U535CBT6, STM32U535CBT6Q, STM32U535CBU6, STM32U535CBU6Q, STM32U535CCT6, STM32U535CCT6Q, STM32U535CCU6, STM32U535CCU6Q, STM32U535CET6, STM32U535CET6Q, STM32U535CEU6, STM32U535CEU6Q, STM32U535JEY6QTR, STM32U535NCY6QTR, STM32U535NEY6QTR, STM32U535RBI6, STM32U535RBI6Q, STM32U535RBT6, STM32U535RBT6Q, STM32U535RCI6, STM32U535RCI6Q, STM32U535RCT6, STM32U535RCT6Q, STM32U535REI6, STM32U535REI6Q, STM32U535RET6, STM32U535RET6Q, STM32U535VCI6, STM32U535VCI6Q, STM32U535VCT6, STM32U535VCT6Q, STM32U535VEI6, STM32U535VEI6Q, STM32U535VET6, STM32U535VET6Q, STM32U545CET6, STM32U545CET6Q, STM32U545CEU6, STM32U545CEU6Q, STM32U545JEY6QTR, STM32U545NEY6QTR, STM32U545REI6, STM32U545REI6Q, STM32U545RET6, STM32U545RET6Q, STM32U545VEI6, STM32U545VEI6Q, STM32U545VET6, STM32U545VET6Q, STM32U595AIH6, STM32U595AIH6Q, STM32U595AJH6, STM32U595AJH6Q, STM32U595QII6, STM32U595QII6Q, STM32U595QJI6, STM32U595QJI6Q, STM32U595RIT6, STM32U595RIT6Q, STM32U595RJT6, STM32U595RJT6Q, STM32U595VIT6, STM32U595VIT6Q, STM32U595VJT6, STM32U595VJT6Q, STM32U595ZIT6, STM32U595ZIT6Q, STM32U595ZIY6QTR, STM32U595ZJT6, STM32U595ZJT6Q, STM32U595ZJY6QTR, STM32U599BJY6QTR, STM32U599NIH6Q, STM32U599NJH6Q, STM32U599VIT6Q, STM32U599VJT6, STM32U599VJT6Q, STM32U599ZIT6Q, STM32U599ZIY6QTR, STM32U599ZJT6Q, STM32U599ZJY6QTR, STM32U5A5AJH6, STM32U5A5AJH6Q, STM32U5A5QII3Q , STM32U5A5QJI6, STM32U5A5QJI6Q, STM32U5A5RJT6, STM32U5A5RJT6Q, STM32U5A5VJT6, STM32U5A5VJT6Q, STM32U5A5ZJT6, STM32U5A5ZJT6Q, STM32U5A5ZJY6QTR, STM32U5A9BJY6QTR, STM32U5A9J-DK, STM32U5A9NJH6Q, STM32U5A9VJT6Q, STM32U5A9ZJT6Q, STM32U5A9ZJY6QTR, STM32U5F7VIT6, STM32U5F7VIT6Q, STM32U5F7VJT6, STM32U5F7VJT6Q, STM32U5F9BJY6QTR, STM32U5F9NJH6Q, STM32U5F9VIT6Q, STM32U5F9VJT6Q, STM32U5F9ZIJ6QTR, STM32U5F9ZIT6Q, STM32U5F9ZJJ6QTR, STM32U5F9ZJT6Q, STM32U5G7VJT6, STM32U5G7VJT6Q, STM32U5G9BJY6QTR, STM32U5G9J-DK1, STM32U5G9J-DK2, STM32U5G9NJH6Q, STM32U5G9VJT6Q, STM32U5G9ZJJ6QTR, STM32U5G9ZJT6Q, STM32WB05KZV6TR, STM32WB05KZV7TR, STM32WB05TZF6TR, STM32WB05TZF7TR, STM32WB06CCF6TR, STM32WB06CCF7TR, STM32WB06CCV6TR, STM32WB06CCV7TR, STM32WB06KCV6TR, STM32WB06KCV7TR, STM32WB07CCF6TR, STM32WB07CCF7TR, STM32WB07CCV6TR, STM32WB07CCV7TR, STM32WB07KCV6TR, STM32WB07KCV7TR, STM32WB09KEV6TR, STM32WB09KEV7TR, STM32WB09TEF6TR, STM32WB09TEF7TR, STM32WB1MMCH6, STM32WBA50KGU6, STM32WBA50KGU6TR, STM32WBA52CEU6, STM32WBA52CEU6TR, STM32WBA52CEU7, STM32WBA52CEU7TR, STM32WBA52CGU6, STM32WBA52CGU6TR, STM32WBA52CGU6U, STM32WBA52CGU7, STM32WBA52CGU7TR, STM32WBA52KEU6, STM32WBA52KEU6TR, STM32WBA52KGU6, STM32WBA52KGU6TR, STM32WBA54CEU6, STM32WBA54CEU6TR, STM32WBA54CEU7, STM32WBA54CEU7TR, STM32WBA54CGU6, STM32WBA54CGU6TR, STM32WBA54CGU7, STM32WBA54CGU7TR, STM32WBA54KEU6, STM32WBA54KEU6TR, STM32WBA54KEU7, STM32WBA54KEU7TR, STM32WBA54KGU6, STM32WBA54KGU6TR, STM32WBA54KGU7, STM32WBA54KGU7TR, STM32WBA55CEU6, STM32WBA55CEU6TR, STM32WBA55CEU7, STM32WBA55CEU7TR, STM32WBA55CGU6, STM32WBA55CGU6TR, STM32WBA55CGU6U, STM32WBA55CGU7, STM32WBA55CGU7TR, STM32WBA55G-DK1, STM32WBA55HEF6, STM32WBA55HEF7, STM32WBA55HGF6, STM32WBA55HGF7, STM32WBA55UEI6, STM32WBA55UEI6TR, STM32WBA55UEI7, STM32WBA55UEI7TR, STM32WBA55UGI6, STM32WBA55UGI6TR, STM32WBA55UGI7, STM32WBA55UGI7TR, STM32WBA5MJGH6TR, STM32WBA62CGU6, STM32WBA62CIU6, STM32WBA62MGF6, STM32WBA62MIF6, STM32WBA62PGI6, STM32WBA62PII6, STM32WBA63CGU6, STM32WBA63CGU7, STM32WBA63CIU6, STM32WBA63CIU7, STM32WBA64CGU6, STM32WBA64CGU7, STM32WBA64CIU6, STM32WBA64CIU7, STM32WBA65CGU6, STM32WBA65CGU7, STM32WBA65CIU6, STM32WBA65CIU7, STM32WBA65I-DK1, STM32WBA65MGF6, STM32WBA65MGF7, STM32WBA65MIF6, STM32WBA65MIF7, STM32WBA65PGI6, STM32WBA65PGI7, STM32WBA65PII6, STM32WBA65PII7, STM32WBA65RGV6, STM32WBA65RGV7, STM32WBA65RIV6, STM32WBA65RIV7, STM32WL30K8V6, STM32WL30KBV6, STM32WL31C8V6, STM32WL31CBV6, STM32WL31K8V6, STM32WL31KBV6, STM32WL33C8V6, STM32WL33C8V6TR, STM32WL33C8V7, STM32WL33C8V7TR, STM32WL33CBV6, STM32WL33CBV6TR, STM32WL33CBV7, STM32WL33CBV7TR, STM32WL33CCV6, STM32WL33CCV6TR, STM32WL33CCV7, STM32WL33CCV7A, STM32WL33CCV7ATR, STM32WL33CCV7TR, STM32WL33K8V6, STM32WL33K8V6TR, STM32WL33K8V7, STM32WL33K8V7TR, STM32WL33KBV6, STM32WL33KBV6TR, STM32WL33KBV7, STM32WL33KBV7TR, STM32WL33KCV6, STM32WL33KCV6TR, STM32WL33KCV7, STM32WL33KCV7TR, STM32WL5MOCH6, STM32WL5MOCH6TR]
2026-08-08 15:59:51,671 [INFO] ApiDb:668 - CubeFinder database Data Model version=2.1
2026-08-08 15:59:51,671 [INFO] ApiDb:669 - CubeFinder database Configuration version=3.0.42
2026-08-08 15:59:51,671 [INFO] ApiDb:670 - CubeFinder database generation date=2026-06-23 (1782213372)
2026-08-08 15:59:51,671 [INFO] ApiDb:671 - CubeFinder database FW Pack versions=[FP-ATR-ASTRA1_V2.0.0, FP-SNS-FLIGHT1_V5.1.0, FP-SNS-MOTENV1_V5.1.0, FP-SNS-MOTENVWB1_V1.5.0, FP-SNS-SMARTAG2_V1.2.0, FP-SNS-STBOX1_V2.1.0, STM32Cube_FW_C0_V1.4.0, STM32Cube_FW_F4_V1.28.3, STM32Cube_FW_F7_V1.17.4, STM32Cube_FW_G0_V1.6.3, STM32Cube_FW_G4_V1.6.2, STM32Cube_FW_H5_V1.7.0, STM32Cube_FW_H7RS_V1.3.0, STM32Cube_FW_H7_V1.13.0, STM32Cube_FW_L0_V1.12.2, STM32Cube_FW_L4_V1.18.2, STM32Cube_FW_L5_V1.6.0, STM32Cube_FW_N6_V1.4.0, STM32Cube_FW_U0_V1.3.0, STM32Cube_FW_U3_V1.4.0, STM32Cube_FW_U5_V1.9.0, STM32Cube_FW_WB0_V1.5.0, STM32Cube_FW_WBA_V1.10.0, STM32Cube_FW_WB_V1.24.0, STM32Cube_FW_WL3_V1.5.0, STM32Cube_FW_WL_V1.6.0, X-CUBE-ALGOBUILD_V1.5.0, X-CUBE-ALS_V1.0.2, X-CUBE-AZRTOS-F4_V1.1.0, X-CUBE-AZRTOS-F7_V1.1.0, X-CUBE-AZRTOS-G0_V1.1.0, X-CUBE-AZRTOS-G4_V2.0.0, X-CUBE-AZRTOS-H7RS_V1.1.0, X-CUBE-AZRTOS-H7_V3.5.0, X-CUBE-AZRTOS-L4_V2.0.0, X-CUBE-AZRTOS-L5_V2.0.0, X-CUBE-AZRTOS-WB_V2.0.0, X-CUBE-AZRTOS-WL_V2.0.0, X-CUBE-BLE1_V7.1.0, X-CUBE-BLE2_V3.3.0, X-CUBE-BLEMGR_V4.1.0, X-CUBE-EEPRMA1_V5.2.0, X-CUBE-FREERTOS_V1.5.0, X-CUBE-GNSS1_V7.1.1, X-CUBE-MEMS1_V12.1.0, X-CUBE-NFC4_V3.0.0, X-CUBE-NFC7_V2.0.0, X-CUBE-SFXS2LP1_V4.0.0, X-CUBE-ST67W61_V1.3.0, X-CUBE-SUBG2_V5.0.0, X-CUBE-TOF1_V3.4.3]
2026-08-08 15:59:53,270 [INFO] ApiDb:240 - Found 895 in-development CPN: [B-G473E-ZEST1S, B-WB1M-WPAN1, B-WBA5M-WPAN, B-WL5M-SUBG1, NUCLEO-C031C6, NUCLEO-C051C8, NUCLEO-C071RB, NUCLEO-C092RC, NUCLEO-H503RB, NUCLEO-H533RE, NUCLEO-H563ZI, NUCLEO-H7S3L8, NUCLEO-N657X0-Q, NUCLEO-U031R8, NUCLEO-U083RC, NUCLEO-U385RG-Q, NUCLEO-U545RE-Q, NUCLEO-U5A5ZJ-Q, NUCLEO-WB05KZ, NUCLEO-WB07CC, NUCLEO-WB09KE, NUCLEO-WBA52CG, NUCLEO-WBA55CG, NUCLEO-WBA65RI, NUCLEO-WL33CC1, NUCLEO-WL33CC2, STEVAL-PROTEUS1, STEVAL-SMARTAG2, STEVAL-STWINBX1, STM320518-EVAL, STM32C0116-DK, STM32C011D6Y3TR, STM32C011D6Y6TR, STM32C011F4P3, STM32C011F4P6, STM32C011F4U3, STM32C011F4U6TR, STM32C011F6P3, STM32C011F6P6, STM32C011F6U3, STM32C011F6U6TR, STM32C011J4M3, STM32C011J4M6, STM32C011J6M3, STM32C011J6M6, STM32C0316-DK, STM32C031C4T3, STM32C031C4T6, STM32C031C4U3, STM32C031C4U6, STM32C031C6T3, STM32C031C6T6, STM32C031C6U3, STM32C031C6U6, STM32C031F4P3, STM32C031F4P6, STM32C031F6P3, STM32C031F6P6, STM32C031G4U3, STM32C031G4U6, STM32C031G6U3, STM32C031G6U6, STM32C031K4T3, STM32C031K4T6, STM32C031K4U3, STM32C031K4U6, STM32C031K6T3, STM32C031K6T6, STM32C031K6U3, STM32C031K6U6, STM32C051C6T6, STM32C051C6U6, STM32C051C8T6, STM32C051C8U6, STM32C051D8Y6TR, STM32C051F6P6, STM32C051F8P6, STM32C051G6U6, STM32C051G8U6, STM32C051K6T6, STM32C051K6U6, STM32C051K8T6, STM32C071C8T6, STM32C071C8T6N, STM32C071C8U6, STM32C071C8U6N, STM32C071CBT6, STM32C071CBT6N, STM32C071CBU6, STM32C071CBU6N, STM32C071F8P6, STM32C071F8P6N, STM32C071FBP6, STM32C071FBP6N, STM32C071FBY6TR, STM32C071G8U6, STM32C071G8U6N, STM32C071GBU6, STM32C071GBU6N, STM32C071K8T6, STM32C071K8T6N, STM32C071K8U6, STM32C071K8U6N, STM32C071KBT6, STM32C071KBT6N, STM32C071KBU6, STM32C071KBU6N, STM32C071R8T6, STM32C071R8T6N, STM32C071RBI6N, STM32C071RBT6, STM32C071RBT6N, STM32C091CBT6, STM32C091CBU6, STM32C091CCT6, STM32C091CCU6, STM32C091ECY6TR, STM32C091FBP6, STM32C091FCP6, STM32C091GBU6, STM32C091GCU6, STM32C091KBT6, STM32C091KBU6, STM32C091KCT6, STM32C091KCU6, STM32C091RBT6, STM32C091RCI6, STM32C091RCT6, STM32C092CBT6, STM32C092CBU6, STM32C092CCT6, STM32C092CCU6, STM32C092ECY6TR, STM32C092FBP6, STM32C092FCP6, STM32C092GBU6, STM32C092GCU6, STM32C092KBT6, STM32C092KBU6, STM32C092KCT6, STM32C092KCU6, STM32C092RBT6, STM32C092RCI6, STM32C092RCT6, STM32G071K8TXN, STM32G071K8UXN, STM32G081GBU6N, STM32G081KBT6N, STM32G081KBUXN, STM32G0B1CCT6N, STM32G0B1KCT6, STM32G0B1NEY6TR, STM32G0B1RCT6N, STM32G0C1CCT6, STM32G0C1CCT6N, STM32G0C1CCU6N, STM32G0C1CET6N, STM32G0C1CEU6N, STM32G0C1KCT6, STM32G0C1NEY6TR, STM32G0C1RCI6N, STM32G0C1RCT6N, STM32G0C1REI6N, STM32G0C1RET6N, STM32G0C1VCI6, STM32G0C1VEI6, STM32G411C6T3, STM32G411C6T6, STM32G411C6U3, STM32G411C6U6, STM32G411C8T3, STM32G411C8T6, STM32G411C8U3, STM32G411C8U6, STM32G411CBT3, STM32G411CBT6, STM32G411CBU3, STM32G411CBU6, STM32G411CCT3, STM32G411CCT6, STM32G411CCU3, STM32G411CCU6, STM32G411K6T3, STM32G411K6T6, STM32G411K6U3, STM32G411K6U6, STM32G411K8T3, STM32G411K8T6, STM32G411K8U3, STM32G411K8U6, STM32G411KBT3, STM32G411KBT6, STM32G411KBU3, STM32G411KBU6, STM32G411M6T3, STM32G411M6T6, STM32G411M8T3, STM32G411M8T6, STM32G411MBT3, STM32G411MBT6, STM32G411MCT3, STM32G411MCT6, STM32G411R6T3, STM32G411R6T6, STM32G411R8T3, STM32G411R8T6, STM32G411RBT3, STM32G411RBT6, STM32G411RCT3, STM32G411RCT6, STM32G414CBT3, STM32G414CBT6, STM32G414CBU3, STM32G414CBU6, STM32G414CCT3, STM32G414CCT6, STM32G414CCU3, STM32G414CCU6, STM32G414MBT3, STM32G414MBT6, STM32G414MCT3, STM32G414MCT6, STM32G414RBT3, STM32G414RBT6, STM32G414RCT3, STM32G414RCT6, STM32G414VBT3, STM32G414VBT6, STM32G414VCT3, STM32G414VCT6, STM32G431CBT3Z, STM32G431RBT3Z, STM32G471CCT6, STM32G471CCU6, STM32G471CET3, STM32G471CET6, STM32G471CEU3, STM32G471CEU6, STM32G471MCT6, STM32G471MET3, STM32G471MET6, STM32G471MEY6TR, STM32G471QCT6, STM32G471QET3, STM32G471RCT6, STM32G471RET3, STM32G471RET6, STM32G471VCH6, STM32G471VCI6, STM32G471VCT6, STM32G471VEH3, STM32G471VEH6, STM32G471VEI3, STM32G471VEI6, STM32G471VET3, STM32G471VET6, STM32G473QET3Z, STM32G473RET3Z, STM32G474CCT6, STM32G491RET3Z, STM32H503CBT6, STM32H503CBU6, STM32H503EBY6TR, STM32H503KBU6, STM32H503RBT6, STM32H523CCT6, STM32H523CCU6, STM32H523CET6, STM32H523CEU6, STM32H523HEY6TR, STM32H523RCT6, STM32H523RET6, STM32H523VCI6, STM32H523VCT6, STM32H523VEI6, STM32H523VET6, STM32H523ZCJ6, STM32H523ZCT6, STM32H523ZEJ6, STM32H523ZET6, STM32H533CET6, STM32H533CEU6, STM32H533HEY6TR, STM32H533RET6, STM32H533VEI6, STM32H533VET6, STM32H533ZEJ6, STM32H533ZET6, STM32H562AGI6, STM32H562AII6, STM32H562IGK6, STM32H562IGT6, STM32H562IIK6, STM32H562IIT6, STM32H562RGT6, STM32H562RGV6, STM32H562RIT6, STM32H562RIV6, STM32H562VGT6, STM32H562VIT6, STM32H562ZGT6, STM32H562ZIT6, STM32H563AGI6, STM32H563AII3Q, STM32H563AII6, STM32H563IGK6, STM32H563IGT6, STM32H563IIK3Q, STM32H563IIK6, STM32H563IIT3Q, STM32H563IIT6, STM32H563MIY3QTR, STM32H563RGT6, STM32H563RGV6, STM32H563RIT6, STM32H563RIV6, STM32H563VGT6, STM32H563VIT3Q, STM32H563VIT6, STM32H563ZGT6, STM32H563ZIT3Q, STM32H563ZIT6, STM32H573AII3Q, STM32H573AII6, STM32H573I-DK, STM32H573IIK3Q, STM32H573IIK6, STM32H573IIT3Q, STM32H573IIT6, STM32H573MIY3QTR, STM32H573RIT6, STM32H573RIV6, STM32H573VIT3Q, STM32H573VIT6, STM32H573ZIT3Q, STM32H573ZIT6, STM32H7R3A8I6, STM32H7R3I8K6, STM32H7R3I8T6, STM32H7R3L8H6, STM32H7R3L8H6H, STM32H7R3R8V6, STM32H7R3V8H6, STM32H7R3V8T6, STM32H7R3V8Y6TR, STM32H7R3Z8J6, STM32H7R3Z8T6, STM32H7R7A8I6, STM32H7R7I8K6, STM32H7R7I8T6, STM32H7R7L8H6, STM32H7R7L8H6H, STM32H7R7Z8J6, STM32H7S3A8I6, STM32H7S3I8K6, STM32H7S3I8T6, STM32H7S3L8H6, STM32H7S3L8H6H, STM32H7S3R8V6, STM32H7S3V8H6, STM32H7S3V8T6, STM32H7S3V8Y6TR, STM32H7S3Z8J6, STM32H7S3Z8T6, STM32H7S78-DK, STM32H7S7A8I6, STM32H7S7I8K6, STM32H7S7I8T6, STM32H7S7L8H6, STM32H7S7L8H6H, STM32H7S7Z8J6, STM32L4R5QGI6STR, STM32MP131AAE3, STM32MP131AAF3, STM32MP131AAG3, STM32MP131CAE3, STM32MP131CAF3, STM32MP131CAG3, STM32MP131DAE7, STM32MP131DAF7, STM32MP131DAG7, STM32MP131FAE7, STM32MP131FAF7, STM32MP131FAG7, STM32MP133AAE3, STM32MP133AAF3, STM32MP133AAG3, STM32MP133CAE3, STM32MP133CAF3, STM32MP133CAG3, STM32MP133DAE7, STM32MP133DAF7, STM32MP133DAG7, STM32MP133FAE7, STM32MP133FAF7, STM32MP133FAG7, STM32MP135AAE3, STM32MP135AAF3, STM32MP135AAG3, STM32MP135CAE3, STM32MP135CAF3, STM32MP135CAG3, STM32MP135DAE7, STM32MP135DAF7, STM32MP135DAG7, STM32MP135F-DK, STM32MP135FAE7, STM32MP135FAF7, STM32MP135FAF7T, STM32MP135FAF7U, STM32MP135FAG7, STM32MP231AAJ3, STM32MP231AAK3, STM32MP231AAL3, STM32MP231CAJ3, STM32MP231CAK3, STM32MP231CAL3, STM32MP231DAJ3, STM32MP231DAK3, STM32MP231DAL3, STM32MP231FAJ3, STM32MP231FAK3, STM32MP231FAL3, STM32MP233AAJ3, STM32MP233AAK3, STM32MP233AAL3, STM32MP233CAJ3, STM32MP233CAK3, STM32MP233CAL3, STM32MP233DAJ3, STM32MP233DAK3, STM32MP233DAL3, STM32MP233FAJ3, STM32MP233FAK3, STM32MP233FAL3, STM32MP235AAJ3, STM32MP235AAK3, STM32MP235AAL3, STM32MP235CAJ3, STM32MP235CAK3, STM32MP235CAL3, STM32MP235DAJ3, STM32MP235DAK3, STM32MP235DAL3, STM32MP235FAJ3, STM32MP235FAK3, STM32MP235FAL3, STM32MP251AAI3, STM32MP251AAJ3, STM32MP251AAK3, STM32MP251AAL3, STM32MP251CAI3, STM32MP251CAJ3, STM32MP251CAK3, STM32MP251CAL3, STM32MP251DAI3, STM32MP251DAJ3, STM32MP251DAK3, STM32MP251DAL3, STM32MP251FAI3, STM32MP251FAJ3, STM32MP251FAK3, STM32MP251FAL3, STM32MP253AAI3, STM32MP253AAJ3, STM32MP253AAK3, STM32MP253AAL3, STM32MP253CAI3, STM32MP253CAJ3, STM32MP253CAK3, STM32MP253CAL3, STM32MP253DAI3, STM32MP253DAJ3, STM32MP253DAK3, STM32MP253DAL3, STM32MP253FAI3, STM32MP253FAJ3, STM32MP253FAK3, STM32MP253FAL3, STM32MP255AAI3, STM32MP255AAJ3, STM32MP255AAK3, STM32MP255AAL3, STM32MP255CAI3, STM32MP255CAJ3, STM32MP255CAK3, STM32MP255CAL3, STM32MP255DAI3, STM32MP255DAJ3, STM32MP255DAK3, STM32MP255DAL3, STM32MP255FAI3, STM32MP255FAJ3, STM32MP255FAK3, STM32MP255FAL3, STM32MP257AAI3, STM32MP257AAJ3, STM32MP257AAK3, STM32MP257AAL3, STM32MP257CAI3, STM32MP257CAJ3, STM32MP257CAK3, STM32MP257CAL3, STM32MP257DAI3, STM32MP257DAJ3, STM32MP257DAK3, STM32MP257DAL3, STM32MP257F-DK, STM32MP257F-EV1, STM32MP257FAI3, STM32MP257FAJ3, STM32MP257FAK3, STM32MP257FAL3, STM32N645A0H3Q, STM32N645B0H3Q, STM32N645I0H3Q, STM32N645L0H3Q, STM32N645X0H3Q, STM32N645Z0H3Q, STM32N647A0H3Q, STM32N647B0H3Q, STM32N647I0H3Q, STM32N647L0H3Q, STM32N647X0H3Q, STM32N647Z0H3Q, STM32N655A0H3Q, STM32N655B0H3Q, STM32N655I0H3Q, STM32N655L0H3Q, STM32N655X0H3Q, STM32N655Z0H3Q, STM32N6570-DK, STM32N657A0H3Q, STM32N657B0H3Q, STM32N657I0H3Q, STM32N657L0H3Q, STM32N657X0H3Q, STM32N657Z0H3Q, STM32U031C6T6, STM32U031C6U6, STM32U031C8T6, STM32U031C8U6, STM32U031F4P6, STM32U031F6P6, STM32U031F8P6, STM32U031G6Y6TR, STM32U031G8Y6TR, STM32U031K4U6, STM32U031K6U6, STM32U031K8U6, STM32U031R6I6, STM32U031R6T6, STM32U031R8I6, STM32U031R8T6, STM32U073C8T6, STM32U073C8U6, STM32U073CBT6, STM32U073CBU6, STM32U073CCT6, STM32U073CCU6, STM32U073H8Y6TR, STM32U073HBY6TR, STM32U073HCY6TR, STM32U073K8U6, STM32U073KBU6, STM32U073KCU6, STM32U073M8I6, STM32U073M8T6, STM32U073MBI6, STM32U073MBT6, STM32U073MCI6, STM32U073MCT6, STM32U073R8I6, STM32U073R8T6, STM32U073RBI6, STM32U073RBT6, STM32U073RCI6, STM32U073RCT6, STM32U083C-DK, STM32U083CCT6, STM32U083CCU6, STM32U083HCY6TR, STM32U083KCU6, STM32U083MCI6, STM32U083MCT6, STM32U083RCI6, STM32U083RCT6, STM32U375CET6, STM32U375CET6Q, STM32U375CEU6, STM32U375CEU6Q, STM32U375CEY6QTR, STM32U375CGT6, STM32U375CGT6Q, STM32U375CGU6, STM32U375CGU6Q, STM32U375CGY6QTR, STM32U375KEU6, STM32U375KGU6, STM32U375REI6, STM32U375REI6Q, STM32U375RET6, STM32U375RET6Q, STM32U375REY6GTR, STM32U375REY6QTR, STM32U375RGI6, STM32U375RGI6Q, STM32U375RGT6, STM32U375RGT6Q, STM32U375RGY6GTR, STM32U375RGY6QTR, STM32U375VEI6, STM32U375VEI6Q, STM32U375VET6, STM32U375VET6Q, STM32U375VGI6, STM32U375VGI6Q, STM32U375VGT6, STM32U375VGT6Q, STM32U385CGT6, STM32U385CGT6Q, STM32U385CGU6, STM32U385CGU6Q, STM32U385CGY6QTR, STM32U385KGU6, STM32U385RGI6, STM32U385RGI6Q, STM32U385RGT6, STM32U385RGT6Q, STM32U385RGY6GTR, STM32U385RGY6QTR, STM32U385VGI6, STM32U385VGI6Q, STM32U385VGT6, STM32U385VGT6Q, STM32U535CBT6, STM32U535CBT6Q, STM32U535CBU6, STM32U535CBU6Q, STM32U535CCT6, STM32U535CCT6Q, STM32U535CCU6, STM32U535CCU6Q, STM32U535CET6, STM32U535CET6Q, STM32U535CEU6, STM32U535CEU6Q, STM32U535JEY6QTR, STM32U535NCY6QTR, STM32U535NEY6QTR, STM32U535RBI6, STM32U535RBI6Q, STM32U535RBT6, STM32U535RBT6Q, STM32U535RCI6, STM32U535RCI6Q, STM32U535RCT6, STM32U535RCT6Q, STM32U535REI6, STM32U535REI6Q, STM32U535RET6, STM32U535RET6Q, STM32U535VCI6, STM32U535VCI6Q, STM32U535VCT6, STM32U535VCT6Q, STM32U535VEI6, STM32U535VEI6Q, STM32U535VET6, STM32U535VET6Q, STM32U545CET6, STM32U545CET6Q, STM32U545CEU6, STM32U545CEU6Q, STM32U545JEY6QTR, STM32U545NEY6QTR, STM32U545REI6, STM32U545REI6Q, STM32U545RET6, STM32U545RET6Q, STM32U545VEI6, STM32U545VEI6Q, STM32U545VET6, STM32U545VET6Q, STM32U595AIH6, STM32U595AIH6Q, STM32U595AJH6, STM32U595AJH6Q, STM32U595QII6, STM32U595QII6Q, STM32U595QJI6, STM32U595QJI6Q, STM32U595RIT6, STM32U595RIT6Q, STM32U595RJT6, STM32U595RJT6Q, STM32U595VIT6, STM32U595VIT6Q, STM32U595VJT6, STM32U595VJT6Q, STM32U595ZIT6, STM32U595ZIT6Q, STM32U595ZIY6QTR, STM32U595ZJT6, STM32U595ZJT6Q, STM32U595ZJY6QTR, STM32U599BJY6QTR, STM32U599NIH6Q, STM32U599NJH6Q, STM32U599VIT6Q, STM32U599VJT6, STM32U599VJT6Q, STM32U599ZIT6Q, STM32U599ZIY6QTR, STM32U599ZJT6Q, STM32U599ZJY6QTR, STM32U5A5AJH6, STM32U5A5AJH6Q, STM32U5A5QII3Q , STM32U5A5QJI6, STM32U5A5QJI6Q, STM32U5A5RJT6, STM32U5A5RJT6Q, STM32U5A5VJT6, STM32U5A5VJT6Q, STM32U5A5ZJT6, STM32U5A5ZJT6Q, STM32U5A5ZJY6QTR, STM32U5A9BJY6QTR, STM32U5A9J-DK, STM32U5A9NJH6Q, STM32U5A9VJT6Q, STM32U5A9ZJT6Q, STM32U5A9ZJY6QTR, STM32U5F7VIT6, STM32U5F7VIT6Q, STM32U5F7VJT6, STM32U5F7VJT6Q, STM32U5F9BJY6QTR, STM32U5F9NJH6Q, STM32U5F9VIT6Q, STM32U5F9VJT6Q, STM32U5F9ZIJ6QTR, STM32U5F9ZIT6Q, STM32U5F9ZJJ6QTR, STM32U5F9ZJT6Q, STM32U5G7VJT6, STM32U5G7VJT6Q, STM32U5G9BJY6QTR, STM32U5G9J-DK1, STM32U5G9J-DK2, STM32U5G9NJH6Q, STM32U5G9VJT6Q, STM32U5G9ZJJ6QTR, STM32U5G9ZJT6Q, STM32WB05KZV6TR, STM32WB05KZV7TR, STM32WB05TZF6TR, STM32WB05TZF7TR, STM32WB06CCF6TR, STM32WB06CCF7TR, STM32WB06CCV6TR, STM32WB06CCV7TR, STM32WB06KCV6TR, STM32WB06KCV7TR, STM32WB07CCF6TR, STM32WB07CCF7TR, STM32WB07CCV6TR, STM32WB07CCV7TR, STM32WB07KCV6TR, STM32WB07KCV7TR, STM32WB09KEV6TR, STM32WB09KEV7TR, STM32WB09TEF6TR, STM32WB09TEF7TR, STM32WB1MMCH6, STM32WBA50KGU6, STM32WBA50KGU6TR, STM32WBA52CEU6, STM32WBA52CEU6TR, STM32WBA52CEU7, STM32WBA52CEU7TR, STM32WBA52CGU6, STM32WBA52CGU6TR, STM32WBA52CGU6U, STM32WBA52CGU7, STM32WBA52CGU7TR, STM32WBA52KEU6, STM32WBA52KEU6TR, STM32WBA52KGU6, STM32WBA52KGU6TR, STM32WBA54CEU6, STM32WBA54CEU6TR, STM32WBA54CEU7, STM32WBA54CEU7TR, STM32WBA54CGU6, STM32WBA54CGU6TR, STM32WBA54CGU7, STM32WBA54CGU7TR, STM32WBA54KEU6, STM32WBA54KEU6TR, STM32WBA54KEU7, STM32WBA54KEU7TR, STM32WBA54KGU6, STM32WBA54KGU6TR, STM32WBA54KGU7, STM32WBA54KGU7TR, STM32WBA55CEU6, STM32WBA55CEU6TR, STM32WBA55CEU7, STM32WBA55CEU7TR, STM32WBA55CGU6, STM32WBA55CGU6TR, STM32WBA55CGU6U, STM32WBA55CGU7, STM32WBA55CGU7TR, STM32WBA55G-DK1, STM32WBA55HEF6, STM32WBA55HEF7, STM32WBA55HGF6, STM32WBA55HGF7, STM32WBA55UEI6, STM32WBA55UEI6TR, STM32WBA55UEI7, STM32WBA55UEI7TR, STM32WBA55UGI6, STM32WBA55UGI6TR, STM32WBA55UGI7, STM32WBA55UGI7TR, STM32WBA5MJGH6TR, STM32WBA62CGU6, STM32WBA62CIU6, STM32WBA62MGF6, STM32WBA62MIF6, STM32WBA62PGI6, STM32WBA62PII6, STM32WBA63CGU6, STM32WBA63CGU7, STM32WBA63CIU6, STM32WBA63CIU7, STM32WBA64CGU6, STM32WBA64CGU7, STM32WBA64CIU6, STM32WBA64CIU7, STM32WBA65CGU6, STM32WBA65CGU7, STM32WBA65CIU6, STM32WBA65CIU7, STM32WBA65I-DK1, STM32WBA65MGF6, STM32WBA65MGF7, STM32WBA65MIF6, STM32WBA65MIF7, STM32WBA65PGI6, STM32WBA65PGI7, STM32WBA65PII6, STM32WBA65PII7, STM32WBA65RGV6, STM32WBA65RGV7, STM32WBA65RIV6, STM32WBA65RIV7, STM32WL30K8V6, STM32WL30KBV6, STM32WL31C8V6, STM32WL31CBV6, STM32WL31K8V6, STM32WL31KBV6, STM32WL33C8V6, STM32WL33C8V6TR, STM32WL33C8V7, STM32WL33C8V7TR, STM32WL33CBV6, STM32WL33CBV6TR, STM32WL33CBV7, STM32WL33CBV7TR, STM32WL33CCV6, STM32WL33CCV6TR, STM32WL33CCV7, STM32WL33CCV7A, STM32WL33CCV7ATR, STM32WL33CCV7TR, STM32WL33K8V6, STM32WL33K8V6TR, STM32WL33K8V7, STM32WL33K8V7TR, STM32WL33KBV6, STM32WL33KBV6TR, STM32WL33KBV7, STM32WL33KBV7TR, STM32WL33KCV6, STM32WL33KCV6TR, STM32WL33KCV7, STM32WL33KCV7TR, STM32WL5MOCH6, STM32WL5MOCH6TR]
2026-08-08 15:59:53,273 [INFO] DbMcus:218 - Found 5246 MCUs, 5093 are supported
2026-08-08 15:59:53,273 [INFO] ApiDb:423 - Load user favorites file C:\Users\German/.stm32cubeide/favorites.mcus.txt: 0 item(s)
2026-08-08 15:59:53,274 [INFO] ApiDb:427 - User favorites MCUs=[]
2026-08-08 15:59:53,274 [INFO] DbMcus:224 - Set 0 / 0 favorites MCUs
2026-08-08 15:59:53,555 [INFO] BoardInfo:889 - No configuration file found for board NUCLEO-H5E5ZJ
2026-08-08 15:59:53,556 [INFO] DbBoards:161 - Board is not supported: NUCLEO-H5E5ZJ
2026-08-08 15:59:53,595 [INFO] BoardInfo:889 - No configuration file found for board NUCLEO-U3C5ZI-Q
2026-08-08 15:59:53,596 [INFO] DbBoards:161 - Board is not supported: NUCLEO-U3C5ZI-Q
2026-08-08 15:59:53,606 [INFO] BoardInfo:889 - No configuration file found for board NUCLEO-WBA25CE1
2026-08-08 15:59:53,607 [INFO] DbBoards:161 - Board is not supported: NUCLEO-WBA25CE1
2026-08-08 15:59:53,613 [INFO] BoardInfo:889 - No configuration file found for board NUCLEO-WL3RKB1
2026-08-08 15:59:53,614 [INFO] DbBoards:161 - Board is not supported: NUCLEO-WL3RKB1
2026-08-08 15:59:53,615 [INFO] BoardInfo:889 - No configuration file found for board NUCLEO-WL3RKB2
2026-08-08 15:59:53,615 [INFO] DbBoards:161 - Board is not supported: NUCLEO-WL3RKB2
2026-08-08 15:59:53,621 [INFO] BoardInfo:889 - No configuration file found for board P-NUCLEO-WB55
2026-08-08 15:59:53,621 [INFO] DbBoards:161 - Kit is not supported: P-NUCLEO-WB55
2026-08-08 15:59:53,626 [INFO] BoardInfo:889 - No configuration file found for board STEVAL-BFA001V1B
2026-08-08 15:59:53,626 [INFO] DbBoards:161 - Kit is not supported: STEVAL-BFA001V1B
2026-08-08 15:59:53,627 [INFO] BoardInfo:889 - No configuration file found for board STEVAL-BFA001V2B
2026-08-08 15:59:53,628 [INFO] DbBoards:161 - Kit is not supported: STEVAL-BFA001V2B
2026-08-08 15:59:53,758 [INFO] BoardInfo:889 - No configuration file found for board STM32H5F5J-DK
2026-08-08 15:59:53,759 [INFO] DbBoards:161 - Board is not supported: STM32H5F5J-DK
2026-08-08 15:59:53,809 [INFO] BoardInfo:889 - No configuration file found for board STM32MP215F-DK
2026-08-08 15:59:53,810 [INFO] DbBoards:161 - Board is not supported: STM32MP215F-DK
2026-08-08 15:59:53,825 [INFO] DbBoards:168 - Found 218 boards, 208 are supported
2026-08-08 15:59:53,825 [INFO] DbBoards:169 - Found 218 boards, 43 of them is supported for  Bsp
2026-08-08 15:59:53,827 [INFO] ApiDb:423 - Load user favorites file C:\Users\German/.stm32cubeide/favorites.boards.txt: 1 item(s)
2026-08-08 15:59:53,827 [INFO] ApiDb:427 - User favorites Boards=[P-NUCLEO-WB55-NUCLEO]
2026-08-08 15:59:53,827 [INFO] DbBoards:198 - Set 1 / 1 favorites Boards
2026-08-08 15:59:53,900 [INFO] UtilMem:75 - End LoadConfig() Used Memory: 346719200 Bytes (486539264)
2026-08-08 15:59:53,975 [WARN] ThirdParty:833 - waiting for thirdparty lock release [change project]
2026-08-08 15:59:53,975 [INFO] ThirdParty:835 - entering critical section [change project]
2026-08-08 15:59:53,975 [INFO] ThirdParty:1030 - CMSIS Pack Vendor :STMicroelectronics X-CUBE-AZRTOS-H7 3.5.0
2026-08-08 15:59:53,975 [INFO] ThirdParty:1030 - CMSIS Pack Vendor :STMicroelectronics X-CUBE-PM33A1 1.0.0
2026-08-08 15:59:53,975 [INFO] ThirdParty:1030 - CMSIS Pack Vendor :STMicroelectronics USBPD 4.1
2026-08-08 15:59:53,975 [INFO] ThirdParty:1030 - CMSIS Pack Vendor :STMicroelectronics USB_HOST 2.0.0
2026-08-08 15:59:53,975 [INFO] ThirdParty:1030 - CMSIS Pack Vendor :STMicroelectronics FP-SNS-MOTENVWB1 1.4.0
2026-08-08 15:59:53,975 [INFO] ThirdParty:1030 - CMSIS Pack Vendor :STMicroelectronics FP-ATR-ASTRA1 2.0.3
2026-08-08 15:59:53,975 [INFO] ThirdParty:1030 - CMSIS Pack Vendor :STMicroelectronics X-CUBE-AZRTOS-F4 1.1.0
2026-08-08 15:59:53,975 [INFO] ThirdParty:1030 - CMSIS Pack Vendor :STMicroelectronics LIBJPEG 8.0.0
2026-08-08 15:59:53,975 [INFO] ThirdParty:1030 - CMSIS Pack Vendor :STMicroelectronics FP-ATR-ASTRA1 2.0.2
2026-08-08 15:59:53,975 [INFO] ThirdParty:1030 - CMSIS Pack Vendor :Avnet-IotConnect X-CUBE-IoTC-DA16k-PMOD 1.0.0
2026-08-08 15:59:53,975 [INFO] ThirdParty:1030 - CMSIS Pack Vendor :STMicroelectronics X-CUBE-SMBUS 2.1.0
2026-08-08 15:59:53,975 [INFO] ThirdParty:1030 - CMSIS Pack Vendor :STMicroelectronics X-CUBE-WB05N 1.1.0
2026-08-08 15:59:53,975 [INFO] ThirdParty:1030 - CMSIS Pack Vendor :STMicroelectronics X-CUBE-ISPU 2.1.0
2026-08-08 15:59:53,975 [INFO] ThirdParty:1030 - CMSIS Pack Vendor :STMicroelectronics eDS-WB_DPC_TT-BIDIR 2.1.1
2026-08-08 15:59:53,975 [INFO] ThirdParty:1030 - CMSIS Pack Vendor :STMicroelectronics X-CUBE-ST60 1.0.0
2026-08-08 15:59:53,975 [INFO] ThirdParty:1030 - CMSIS Pack Vendor :STMicroelectronics X-CUBE-NFC12 1.0.0
2026-08-08 15:59:53,975 [INFO] ThirdParty:1030 - CMSIS Pack Vendor :STMicroelectronics X-CUBE-AZRTOS-F7 1.1.0
2026-08-08 15:59:53,975 [INFO] ThirdParty:1030 - CMSIS Pack Vendor :STMicroelectronics X-CUBE-AZRTOS-L5 2.0.0
2026-08-08 15:59:53,975 [INFO] ThirdParty:1030 - CMSIS Pack Vendor :STMicroelectronics USB_DEVICE 2.0.0
2026-08-08 15:59:53,975 [INFO] ThirdParty:1030 - CMSIS Pack Vendor :STMicroelectronics X-CUBE-NFC6 3.1.0
2026-08-08 15:59:53,975 [INFO] ThirdParty:1030 - CMSIS Pack Vendor :STMicroelectronics X-CUBE-ALGOBUILD 1.5.0
2026-08-08 15:59:53,975 [INFO] ThirdParty:1030 - CMSIS Pack Vendor :STMicroelectronics FreeRTOS 0.0.1
2026-08-08 15:59:53,975 [INFO] ThirdParty:1030 - CMSIS Pack Vendor :STMicroelectronics X-CUBE-AZRTOS-H7RS 1.3.0
2026-08-08 15:59:53,975 [INFO] ThirdParty:1030 - CMSIS Pack Vendor :STMicroelectronics X-CUBE-DPower 1.2.0
2026-08-08 15:59:53,975 [INFO] ThirdParty:1030 - CMSIS Pack Vendor :STMicroelectronics eDS-WB_DPC_VIENNA 1.2.0
2026-08-08 15:59:53,976 [INFO] ThirdParty:1030 - CMSIS Pack Vendor :STMicroelectronics X-CUBE-MEMS1 13.0.0
2026-08-08 15:59:53,976 [INFO] ThirdParty:1030 - CMSIS Pack Vendor :STMicroelectronics eDS-WB_DPC_3PH2L-BIDIR 1.1.1
2026-08-08 15:59:53,976 [INFO] ThirdParty:1030 - CMSIS Pack Vendor :Infineon AIROC-Wi-Fi-Bluetooth-STM32 1.7.0
2026-08-08 15:59:53,976 [INFO] ThirdParty:1030 - CMSIS Pack Vendor :STMicroelectronics PDM2PCM 3.3.0
2026-08-08 15:59:53,976 [INFO] ThirdParty:1030 - CMSIS Pack Vendor :STMicroelectronics X-CUBE-AZRTOS-H7 3.4.0
2026-08-08 15:59:53,976 [INFO] ThirdParty:1030 - CMSIS Pack Vendor :STMicroelectronics X-CUBE-DISPLAY 3.0.0
2026-08-08 15:59:53,976 [INFO] ThirdParty:1030 - CMSIS Pack Vendor :STMicroelectronics X-CUBE-GNSS1 7.1.1
2026-08-08 15:59:53,976 [INFO] ThirdParty:1030 - CMSIS Pack Vendor :STMicroelectronics X-CUBE-NFC10 1.0.0
2026-08-08 15:59:53,976 [INFO] ThirdParty:1030 - CMSIS Pack Vendor :STMicroelectronics X-CUBE-BLEMGR 4.0.0
2026-08-08 15:59:53,976 [INFO] ThirdParty:1030 - CMSIS Pack Vendor :STMicroelectronics X-CUBE-FREERTOS 1.3.1
2026-08-08 15:59:53,976 [INFO] ThirdParty:1030 - CMSIS Pack Vendor :STMicroelectronics HAL Drivers 0.0.0
2026-08-08 15:59:53,976 [INFO] ThirdParty:1030 - CMSIS Pack Vendor :STMicroelectronics X-CUBE-ST60 1.1.0
2026-08-08 15:59:53,976 [INFO] ThirdParty:1030 - CMSIS Pack Vendor :emotas I-CUBE-CANOPEN 1.3.0
2026-08-08 15:59:53,976 [INFO] ThirdParty:1030 - CMSIS Pack Vendor :STMicroelectronics X-CUBE-FREERTOS 1.3.0
2026-08-08 15:59:53,976 [INFO] ThirdParty:1030 - CMSIS Pack Vendor :STMicroelectronics X-CUBE-NFC7 1.0.1
2026-08-08 15:59:53,976 [INFO] ThirdParty:1030 - CMSIS Pack Vendor :STMicroelectronics MBEDTLS 2.14.1
2026-08-08 15:59:53,976 [INFO] ThirdParty:1030 - CMSIS Pack Vendor :STMicroelectronics X-CUBE-GNSS1 7.1.0
2026-08-08 15:59:53,976 [INFO] ThirdParty:1030 - CMSIS Pack Vendor :STMicroelectronics X-CUBE-TOUCHGFX 4.26.0
2026-08-08 15:59:53,976 [INFO] ThirdParty:1030 - CMSIS Pack Vendor :STMicroelectronics X-CUBE-TOUCHGFX 4.26.1
2026-08-08 15:59:53,976 [INFO] ThirdParty:1030 - CMSIS Pack Vendor :quantropi X-CUBE-qispace-sdk-base 2.0.0
2026-08-08 15:59:53,976 [INFO] ThirdParty:1030 - CMSIS Pack Vendor :STMicroelectronics X-CUBE-AI 10.0.0
2026-08-08 15:59:53,976 [INFO] ThirdParty:1030 - CMSIS Pack Vendor :STMicroelectronics FP-SNS-STAIOTCFT 1.0.0
2026-08-08 15:59:53,976 [INFO] ThirdParty:1030 - CMSIS Pack Vendor :STMicroelectronics FP-SNS-SMARTAG2 1.2.0
2026-08-08 15:59:53,976 [INFO] ThirdParty:1030 - CMSIS Pack Vendor :STMicroelectronics FP-SNS-FLIGHT1 5.1.0
2026-08-08 15:59:53,976 [INFO] ThirdParty:1030 - CMSIS Pack Vendor :STMicroelectronics X-CUBE-MEMS1 11.1.0
2026-08-08 15:59:53,976 [INFO] ThirdParty:1030 - CMSIS Pack Vendor :STMicroelectronics X-CUBE-AZRTOS-WL 2.0.0
2026-08-08 15:59:53,976 [INFO] ThirdParty:1030 - CMSIS Pack Vendor :STMicroelectronics X-CUBE-DPower 1.3.0
2026-08-08 15:59:53,976 [INFO] ThirdParty:1030 - CMSIS Pack Vendor :STMicroelectronics FP-SNS-MOTENV1 5.0.0
2026-08-08 15:59:53,976 [INFO] ThirdParty:1030 - CMSIS Pack Vendor :STMicroelectronics USB_DEVICE 1.0.0
2026-08-08 15:59:53,976 [INFO] ThirdParty:1030 - CMSIS Pack Vendor :STMicroelectronics X-CUBE-AZRTOS-H7RS 1.2.0
2026-08-08 15:59:53,976 [INFO] ThirdParty:1030 - CMSIS Pack Vendor :STMicroelectronics X-CUBE-AZRTOS-L4 2.0.0
2026-08-08 15:59:53,976 [INFO] ThirdParty:1030 - CMSIS Pack Vendor :STMicroelectronics ThreadX 0.0.2
2026-08-08 15:59:53,976 [INFO] ThirdParty:1030 - CMSIS Pack Vendor :WES I-CUBE-Cesium 1.3.0
2026-08-08 15:59:53,976 [INFO] ThirdParty:1030 - CMSIS Pack Vendor :STMicroelectronics lwIP 2.1.2
2026-08-08 15:59:53,976 [INFO] ThirdParty:1030 - CMSIS Pack Vendor :STMicroelectronics X-CUBE-SFXS2LP1 4.0.0
2026-08-08 15:59:53,976 [INFO] ThirdParty:1030 - CMSIS Pack Vendor :STMicroelectronics X-CUBE-BLE2 3.3.0
2026-08-08 15:59:53,976 [INFO] ThirdParty:1030 - CMSIS Pack Vendor :Avnet-IOTCONNECT X-CUBE-iotc-st67-sdk 1.0.0
2026-08-08 15:59:53,976 [INFO] ThirdParty:1030 - CMSIS Pack Vendor :STMicroelectronics PDM2PCM 3.2.0
2026-08-08 15:59:53,976 [INFO] ThirdParty:1030 - CMSIS Pack Vendor :STMicroelectronics X-CUBE-WB05N 2.1.0
2026-08-08 15:59:53,976 [INFO] ThirdParty:1030 - CMSIS Pack Vendor :STMicroelectronics X-CUBE-AZRTOS-H7 3.3.0
2026-08-08 15:59:53,976 [INFO] ThirdParty:1030 - CMSIS Pack Vendor :STMicroelectronics X-CUBE-NFC9 1.0.0
2026-08-08 15:59:53,976 [INFO] ThirdParty:1030 - CMSIS Pack Vendor :STMicroelectronics X-CUBE-BLE1 7.1.0
2026-08-08 15:59:53,976 [INFO] ThirdParty:1030 - CMSIS Pack Vendor :wolfSSL I-CUBE-wolfMQTT 1.19.2
2026-08-08 15:59:53,976 [INFO] ThirdParty:1030 - CMSIS Pack Vendor :STMicroelectronics USB_DEVICE 3.0.0
2026-08-08 15:59:53,976 [INFO] ThirdParty:1030 - CMSIS Pack Vendor :STMicroelectronics X-CUBE-EEPRMA1 5.2.0
2026-08-08 15:59:53,976 [INFO] ThirdParty:1030 - CMSIS Pack Vendor :STMicroelectronics X-CUBE-BLEMGR 4.1.0
2026-08-08 15:59:53,976 [INFO] ThirdParty:1030 - CMSIS Pack Vendor :STMicroelectronics X-CUBE-AZRTOS-WB 2.0.0
2026-08-08 15:59:53,976 [INFO] ThirdParty:1030 - CMSIS Pack Vendor :STMicroelectronics X-CUBE-GNSS1 7.0.1
2026-08-08 15:59:53,976 [INFO] ThirdParty:1030 - CMSIS Pack Vendor :STMicroelectronics X-CUBE-TOUCHGFX 4.25.0
2026-08-08 15:59:53,976 [INFO] ThirdParty:1030 - CMSIS Pack Vendor :STMicroelectronics X-CUBE-AI 10.1.0
2026-08-08 15:59:53,976 [INFO] ThirdParty:1030 - CMSIS Pack Vendor :STMicroelectronics FP-SNS-STBOX1 2.0.0
2026-08-08 15:59:53,976 [INFO] ThirdParty:1030 - CMSIS Pack Vendor :STMicroelectronics X-CUBE-MEMS1 12.0.0
2026-08-08 15:59:53,976 [INFO] ThirdParty:1030 - CMSIS Pack Vendor :STMicroelectronics X-CUBE-STSE01 2.0.0
2026-08-08 15:59:53,976 [INFO] ThirdParty:1030 - CMSIS Pack Vendor :STMicroelectronics X-CUBE-MEMS1 11.2.0
2026-08-08 15:59:53,976 [INFO] ThirdParty:1030 - CMSIS Pack Vendor :STMicroelectronics X-CUBE-AZRTOS-G0 1.1.0
2026-08-08 15:59:53,976 [INFO] ThirdParty:1030 - CMSIS Pack Vendor :STMicroelectronics X-CUBE-SAFEA1 1.2.2
2026-08-08 15:59:53,976 [INFO] ThirdParty:1030 - CMSIS Pack Vendor :STMicroelectronics X-CUBE-NFC4 3.0.0
2026-08-08 15:59:53,977 [INFO] ThirdParty:1030 - CMSIS Pack Vendor :STMicroelectronics X-CUBE-SUBG2 5.0.0
2026-08-08 15:59:53,977 [INFO] ThirdParty:1030 - CMSIS Pack Vendor :STMicroelectronics X-CUBE-AZRTOS-H7RS 1.1.0
2026-08-08 15:59:53,977 [INFO] ThirdParty:1030 - CMSIS Pack Vendor :STMicroelectronics STM32_WPAN 1.0.0
2026-08-08 15:59:53,977 [INFO] ThirdParty:1030 - CMSIS Pack Vendor :EmbeddedOffice I-CUBE-FS-RTOS 1.0.1
2026-08-08 15:59:53,977 [INFO] ThirdParty:1030 - CMSIS Pack Vendor :STMicroelectronics lwIP 2.0.3
2026-08-08 15:59:53,977 [INFO] ThirdParty:1030 - CMSIS Pack Vendor :Cesanta I-CUBE-Mongoose 7.13.0
2026-08-08 15:59:53,977 [INFO] ThirdParty:1030 - CMSIS Pack Vendor :STMicroelectronics USB_HOST 1.0.0
2026-08-08 15:59:53,977 [INFO] ThirdParty:1030 - CMSIS Pack Vendor :STMicroelectronics X-CUBE-AZRTOS-G4 2.0.0
2026-08-08 15:59:53,977 [INFO] ThirdParty:1030 - CMSIS Pack Vendor :STMicroelectronics X-CUBE-WB05N 2.0.0
2026-08-08 15:59:53,977 [INFO] ThirdParty:1030 - CMSIS Pack Vendor :STMicroelectronics PDM2PCM 3.1.0
2026-08-08 15:59:53,977 [INFO] ThirdParty:1030 - CMSIS Pack Vendor :wolfSSL I-CUBE-wolfTPM 3.8.0
2026-08-08 15:59:53,977 [INFO] ThirdParty:1030 - CMSIS Pack Vendor :wolfSSL I-CUBE-wolfSSH 1.4.20
2026-08-08 15:59:53,977 [INFO] ThirdParty:1030 - CMSIS Pack Vendor :STMicroelectronics X-CUBE-NFC7 2.0.0
2026-08-08 15:59:53,977 [INFO] ThirdParty:1030 - CMSIS Pack Vendor :STMicroelectronics X-CUBE-TCPP 4.2.0
2026-08-08 15:59:53,977 [INFO] ThirdParty:1030 - CMSIS Pack Vendor :RealThread X-CUBE-RT-Thread_Nano 4.1.1
2026-08-08 15:59:53,977 [INFO] ThirdParty:1030 - CMSIS Pack Vendor :STMicroelectronics FP-ATR-SIGFOX1 3.2.0
2026-08-08 15:59:53,977 [INFO] ThirdParty:1030 - CMSIS Pack Vendor :STMicroelectronics X-CUBE-EEPRMA1 5.1.0
2026-08-08 15:59:53,977 [INFO] ThirdParty:1030 - CMSIS Pack Vendor :STMicroelectronics MBEDTLS 2.16.2
2026-08-08 15:59:53,977 [INFO] ThirdParty:1030 - CMSIS Pack Vendor :STMicroelectronics X-CUBE-IPS 3.1.0
2026-08-08 15:59:53,977 [INFO] ThirdParty:1030 - CMSIS Pack Vendor :STMicroelectronics X-CUBE-ALS 1.0.2
2026-08-08 15:59:53,977 [INFO] ThirdParty:1030 - CMSIS Pack Vendor :wolfSSL I-CUBE-wolfSSL 5.7.6
2026-08-08 15:59:53,977 [INFO] ThirdParty:1030 - CMSIS Pack Vendor :ITTIA_DB I-CUBE-ITTIADB 8.9.0
2026-08-08 15:59:53,977 [INFO] ThirdParty:1030 - CMSIS Pack Vendor :STMicroelectronics X-CUBE-STSE01 1.0.0
2026-08-08 15:59:53,977 [INFO] ThirdParty:1030 - CMSIS Pack Vendor :portGmbH I-Cube-SoM-uGOAL 1.1.0
2026-08-08 15:59:53,977 [INFO] ThirdParty:1030 - CMSIS Pack Vendor :STMicroelectronics X-CUBE-NFC6 3.2.0
2026-08-08 15:59:53,977 [INFO] ThirdParty:1030 - CMSIS Pack Vendor :STMicroelectronics X-CUBE-ST67W61 1.0.0
2026-08-08 15:59:53,977 [INFO] ThirdParty:1030 - CMSIS Pack Vendor :STMicroelectronics X-CUBE-AI 10.2.1
2026-08-08 15:59:53,977 [INFO] ThirdParty:1030 - CMSIS Pack Vendor :STMicroelectronics X-CUBE-AI 10.2.0
2026-08-08 15:59:53,977 [INFO] ThirdParty:1030 - CMSIS Pack Vendor :STMicroelectronics ThreadX 1.0.0
2026-08-08 15:59:53,977 [INFO] ThirdParty:1030 - CMSIS Pack Vendor :STMicroelectronics X-CUBE-MEMS1 12.1.0
2026-08-08 15:59:53,977 [INFO] ThirdParty:1030 - CMSIS Pack Vendor :SEGGER I-CUBE-embOS 1.3.1
2026-08-08 15:59:53,977 [INFO] ThirdParty:1030 - CMSIS Pack Vendor :STMicroelectronics X-CUBE-ALGOBUILD 1.4.0
2026-08-08 15:59:53,977 [INFO] ThirdParty:1030 - CMSIS Pack Vendor :STMicroelectronics X-CUBE-MEMS1 11.3.0
2026-08-08 15:59:53,977 [INFO] ThirdParty:1030 - CMSIS Pack Vendor :STMicroelectronics X-CUBE-TOF1 3.4.2
2026-08-08 15:59:53,977 [INFO] ThirdParty:1030 - CMSIS Pack Vendor :STMicroelectronics X-CUBE-TOF1 3.4.3
2026-08-08 15:59:53,977 [INFO] ThirdParty:1030 - CMSIS Pack Vendor :STMicroelectronics X-CUBE-NFC13 1.0.0
2026-08-08 15:59:53,977 [INFO] ThirdParty:841 - exiting critical section [change project]
2026-08-08 15:59:54,344 [INFO] PinOutPanel:1589 - setPackage(No Configuration,No Configuration)
2026-08-08 15:59:54,345 [INFO] PinOutPanel:1589 - setPackage(STM32L476RGTx,LQFP64)
2026-08-08 15:59:54,852 [INFO] UtilMem:75 - Before build in PCC Used Memory: 414017096 Bytes (486539264)
2026-08-08 15:59:55,566 [INFO] UtilMem:75 - After build in PCC Used Memory: 336941736 Bytes (486539264)
2026-08-08 15:59:55,589 [INFO] IPUIPlugin:80 - create IPUIPlugin
2026-08-08 15:59:55,589 [INFO] IPUIPlugin:80 - create IPUIPlugin
2026-08-08 15:59:55,589 [INFO] IPUIPlugin:80 - create IPUIPlugin
2026-08-08 15:59:55,589 [INFO] IPUIPlugin:80 - create IPUIPlugin
2026-08-08 15:59:55,589 [INFO] IPUIPlugin:80 - create IPUIPlugin
2026-08-08 15:59:55,589 [INFO] IPUIPlugin:80 - create IPUIPlugin
2026-08-08 15:59:55,590 [INFO] IPUIPlugin:80 - create IPUIPlugin
2026-08-08 15:59:55,590 [INFO] IPUIPlugin:80 - create IPUIPlugin
2026-08-08 15:59:55,590 [INFO] IPUIPlugin:80 - create IPUIPlugin
2026-08-08 15:59:55,590 [INFO] IPUIPlugin:80 - create IPUIPlugin
2026-08-08 15:59:55,590 [INFO] IPUIPlugin:80 - create IPUIPlugin
2026-08-08 15:59:55,590 [INFO] IPUIPlugin:80 - create IPUIPlugin
2026-08-08 15:59:55,590 [INFO] IPUIPlugin:80 - create IPUIPlugin
2026-08-08 15:59:55,590 [INFO] IPUIPlugin:80 - create IPUIPlugin
2026-08-08 15:59:55,590 [INFO] IPUIPlugin:80 - create IPUIPlugin
2026-08-08 15:59:55,590 [INFO] IPUIPlugin:80 - create IPUIPlugin
2026-08-08 15:59:55,590 [INFO] IPUIPlugin:80 - create IPUIPlugin
2026-08-08 15:59:55,590 [INFO] IPUIPlugin:80 - create IPUIPlugin
2026-08-08 15:59:55,590 [INFO] IPUIPlugin:80 - create IPUIPlugin
2026-08-08 15:59:55,590 [INFO] IPUIPlugin:80 - create IPUIPlugin
2026-08-08 15:59:55,591 [INFO] IPUIPlugin:80 - create IPUIPlugin
2026-08-08 15:59:55,591 [INFO] IPUIPlugin:80 - create IPUIPlugin
2026-08-08 15:59:55,591 [INFO] IPUIPlugin:80 - create IPUIPlugin
2026-08-08 15:59:55,591 [INFO] IPUIPlugin:80 - create IPUIPlugin
2026-08-08 15:59:55,591 [INFO] IPUIPlugin:80 - create IPUIPlugin
2026-08-08 15:59:55,591 [INFO] IPUIPlugin:80 - create IPUIPlugin
2026-08-08 15:59:55,591 [INFO] IPUIPlugin:80 - create IPUIPlugin
2026-08-08 15:59:55,591 [INFO] IPUIPlugin:80 - create IPUIPlugin
2026-08-08 15:59:55,591 [INFO] IPUIPlugin:80 - create IPUIPlugin
2026-08-08 15:59:55,591 [INFO] IPUIPlugin:80 - create IPUIPlugin
2026-08-08 15:59:55,592 [INFO] IPUIPlugin:80 - create IPUIPlugin
2026-08-08 15:59:55,592 [INFO] IPUIPlugin:80 - create IPUIPlugin
2026-08-08 15:59:55,592 [INFO] IPUIPlugin:80 - create IPUIPlugin
2026-08-08 15:59:55,592 [INFO] IPUIPlugin:80 - create IPUIPlugin
2026-08-08 15:59:55,592 [INFO] IPUIPlugin:80 - create IPUIPlugin
2026-08-08 15:59:55,592 [INFO] IPUIPlugin:80 - create IPUIPlugin
2026-08-08 15:59:55,592 [INFO] IPUIPlugin:80 - create IPUIPlugin
2026-08-08 15:59:55,592 [INFO] IPUIPlugin:80 - create IPUIPlugin
2026-08-08 15:59:55,593 [INFO] IPUIPlugin:80 - create IPUIPlugin
2026-08-08 15:59:55,593 [INFO] IPUIPlugin:80 - create IPUIPlugin
2026-08-08 15:59:55,593 [INFO] IPUIPlugin:80 - create IPUIPlugin
2026-08-08 15:59:55,593 [INFO] IPUIPlugin:80 - create IPUIPlugin
2026-08-08 15:59:55,593 [INFO] IPUIPlugin:80 - create IPUIPlugin
2026-08-08 15:59:55,593 [INFO] IPUIPlugin:80 - create IPUIPlugin
2026-08-08 15:59:55,593 [INFO] IPUIPlugin:80 - create IPUIPlugin
2026-08-08 15:59:55,593 [INFO] IPUIPlugin:80 - create IPUIPlugin
2026-08-08 15:59:55,593 [INFO] IPUIPlugin:80 - create IPUIPlugin
2026-08-08 15:59:55,594 [INFO] IPUIPlugin:80 - create IPUIPlugin
2026-08-08 15:59:55,594 [INFO] IPUIPlugin:80 - create IPUIPlugin
2026-08-08 15:59:55,594 [INFO] IPUIPlugin:80 - create IPUIPlugin
2026-08-08 15:59:55,594 [INFO] IPUIPlugin:80 - create IPUIPlugin
2026-08-08 15:59:55,594 [INFO] IPUIPlugin:80 - create IPUIPlugin
2026-08-08 15:59:55,594 [INFO] IPUIPlugin:80 - create IPUIPlugin
2026-08-08 15:59:55,595 [INFO] IPUIPlugin:80 - create IPUIPlugin
2026-08-08 15:59:55,595 [INFO] IPUIPlugin:80 - create IPUIPlugin
2026-08-08 15:59:55,595 [INFO] IPUIPlugin:80 - create IPUIPlugin
2026-08-08 15:59:55,595 [INFO] IPUIPlugin:80 - create IPUIPlugin
2026-08-08 15:59:55,595 [INFO] IPUIPlugin:80 - create IPUIPlugin
2026-08-08 15:59:55,595 [INFO] IPUIPlugin:80 - create IPUIPlugin
2026-08-08 15:59:55,799 [INFO] CADModel:165 - CPN selected for project levelSTM32L476RGT3
2026-08-08 15:59:55,800 [INFO] CADModel:114 - Register for checkConnection events
2026-08-08 15:59:55,863 [INFO] OpenFileManager:385 - Restore cursor
2026-08-08 15:59:59,817 [INFO] ADCParametersView:116 -                Rank 1 : false
2026-08-08 15:59:59,817 [INFO] ADCParametersView:116 -                Rank 1 : false
2026-08-08 15:59:59,817 [INFO] ADCParametersView:116 -                Rank 2 : false
2026-08-08 15:59:59,818 [INFO] ADCParametersView:116 -                Rank 1 : false
2026-08-08 15:59:59,818 [INFO] ADCParametersView:116 -                Rank 2 : false
2026-08-08 15:59:59,818 [INFO] ADCParametersView:116 -                Rank 3 : false
2026-08-08 15:59:59,908 [INFO] ADCParametersView:116 -                Rank 1 : false
2026-08-08 15:59:59,908 [INFO] ADCParametersView:116 -                Rank 2 : false
2026-08-08 15:59:59,908 [INFO] ADCParametersView:116 -                Rank 3 : false
2026-08-08 15:59:59,908 [INFO] ADCParametersView:116 -                Rank 1 : false
2026-08-08 15:59:59,908 [INFO] ADCParametersView:116 -                Rank 2 : false
2026-08-08 15:59:59,908 [INFO] ADCParametersView:116 -                Rank 3 : false
2026-08-08 15:59:59,908 [INFO] ADCParametersView:116 -                Rank 1 : false
2026-08-08 15:59:59,908 [INFO] ADCParametersView:116 -                Rank 2 : false
2026-08-08 15:59:59,908 [INFO] ADCParametersView:116 -                Rank 3 : false
2026-08-08 15:59:59,909 [INFO] ADCParametersView:116 -                Rank 1 : false
2026-08-08 15:59:59,909 [INFO] ADCParametersView:116 -                Rank 2 : false
2026-08-08 15:59:59,909 [INFO] ADCParametersView:116 -                Rank 3 : false
2026-08-08 15:59:59,909 [INFO] ADCParametersView:116 -                Rank 1 : false
2026-08-08 15:59:59,909 [INFO] ADCParametersView:116 -                Rank 2 : false
2026-08-08 15:59:59,909 [INFO] ADCParametersView:116 -                Rank 3 : false
2026-08-08 15:59:59,909 [INFO] ADCParametersView:116 -                Rank 1 : false
2026-08-08 15:59:59,909 [INFO] ADCParametersView:116 -                Rank 2 : false
2026-08-08 15:59:59,909 [INFO] ADCParametersView:116 -                Rank 3 : false
2026-08-08 15:59:59,909 [INFO] ADCParametersView:116 -                Rank 1 : false
2026-08-08 15:59:59,909 [INFO] ADCParametersView:116 -                Rank 2 : false
2026-08-08 15:59:59,909 [INFO] ADCParametersView:116 -                Rank 3 : false
2026-08-08 15:59:59,909 [INFO] ADCParametersView:116 -                Rank 1 : false
2026-08-08 15:59:59,909 [INFO] ADCParametersView:116 -                Rank 2 : false
2026-08-08 15:59:59,909 [INFO] ADCParametersView:116 -                Rank 3 : false
2026-08-08 15:59:59,909 [INFO] ADCParametersView:116 -                Rank 1 : false
2026-08-08 15:59:59,910 [INFO] ADCParametersView:116 -                Rank 2 : false
2026-08-08 15:59:59,910 [INFO] ADCParametersView:116 -                Rank 3 : false
2026-08-08 15:59:59,910 [INFO] ADCParametersView:116 -                Rank 1 : false
2026-08-08 15:59:59,910 [INFO] ADCParametersView:116 -                Rank 2 : false
2026-08-08 15:59:59,910 [INFO] ADCParametersView:116 -                Rank 3 : false
2026-08-08 15:59:59,910 [INFO] ADCParametersView:116 -                Rank 1 : false
2026-08-08 15:59:59,910 [INFO] ADCParametersView:116 -                Rank 2 : false
2026-08-08 15:59:59,910 [INFO] ADCParametersView:116 -                Rank 3 : false
2026-08-08 15:59:59,910 [INFO] ADCParametersView:116 -                Rank 1 : false
2026-08-08 15:59:59,910 [INFO] ADCParametersView:116 -                Rank 2 : false
2026-08-08 15:59:59,910 [INFO] ADCParametersView:116 -                Rank 3 : false
2026-08-08 15:59:59,910 [INFO] ADCParametersView:116 -                Rank 1 : false
2026-08-08 15:59:59,910 [INFO] ADCParametersView:116 -                Rank 2 : false
2026-08-08 15:59:59,910 [INFO] ADCParametersView:116 -                Rank 3 : false
2026-08-08 15:59:59,910 [INFO] ADCParametersView:116 -                Rank 1 : false
2026-08-08 15:59:59,910 [INFO] ADCParametersView:116 -                Rank 2 : false
2026-08-08 15:59:59,910 [INFO] ADCParametersView:116 -                Rank 3 : false
2026-08-08 15:59:59,910 [INFO] ADCParametersView:116 -                Rank 1 : false
2026-08-08 15:59:59,910 [INFO] ADCParametersView:116 -                Rank 2 : false
2026-08-08 15:59:59,910 [INFO] ADCParametersView:116 -                Rank 3 : false
2026-08-08 15:59:59,911 [INFO] ADCParametersView:116 -                Rank 1 : false
2026-08-08 15:59:59,911 [INFO] ADCParametersView:116 -                Rank 2 : false
2026-08-08 15:59:59,911 [INFO] ADCParametersView:116 -                Rank 3 : false
2026-08-08 15:59:59,911 [INFO] ADCParametersView:116 -                Rank 1 : false
2026-08-08 15:59:59,911 [INFO] ADCParametersView:116 -                Rank 2 : false
2026-08-08 15:59:59,911 [INFO] ADCParametersView:116 -                Rank 3 : false
2026-08-08 15:59:59,911 [INFO] ADCParametersView:116 -                Rank 1 : false
2026-08-08 15:59:59,911 [INFO] ADCParametersView:116 -                Rank 2 : false
2026-08-08 15:59:59,911 [INFO] ADCParametersView:116 -                Rank 3 : false
2026-08-08 15:59:59,911 [INFO] ADCParametersView:116 -                Rank 1 : false
2026-08-08 15:59:59,911 [INFO] ADCParametersView:116 -                Rank 2 : false
2026-08-08 15:59:59,911 [INFO] ADCParametersView:116 -                Rank 3 : false
2026-08-08 15:59:59,911 [INFO] ADCParametersView:116 -                Rank 1 : false
2026-08-08 15:59:59,911 [INFO] ADCParametersView:116 -                Rank 2 : false
2026-08-08 15:59:59,911 [INFO] ADCParametersView:116 -                Rank 3 : false
2026-08-08 15:59:59,911 [INFO] ADCParametersView:116 -                Rank 2 : false
2026-08-08 15:59:59,911 [INFO] ADCParametersView:116 -                Rank 3 : false
2026-08-08 15:59:59,911 [INFO] ADCParametersView:116 -                Rank 3 : false
2026-08-08 15:59:59,942 [INFO] ADCParametersView:116 -                Rank 1 : false
2026-08-08 15:59:59,942 [INFO] ADCParametersView:116 -                Rank 1 : false
2026-08-08 15:59:59,942 [INFO] ADCParametersView:116 -                Rank 2 : false
2026-08-08 15:59:59,943 [INFO] ADCParametersView:116 -                Rank 1 : false
2026-08-08 15:59:59,943 [INFO] ADCParametersView:116 -                Rank 2 : false
2026-08-08 15:59:59,943 [INFO] ADCParametersView:116 -                Rank 3 : false
2026-08-08 16:00:03,898 [INFO] ADCParametersView:116 -                Rank 1 : true
2026-08-08 16:00:03,898 [INFO] ADCParametersView:116 -                Rank 2 : false
2026-08-08 16:00:03,898 [INFO] ADCParametersView:116 -                Rank 3 : false
2026-08-08 16:00:08,444 [INFO] NvicIntPanel:101 - NVIC parent = com.st.microxplorer.plugins.ip.nvic.MultiNvicIntPanel[,0,0,0x0,invalid,layout=javax.swing.BoxLayout,alignmentX=0.0,alignmentY=0.0,border=,flags=9,maximumSize=,minimumSize=,preferredSize=]
2026-08-08 16:00:08,504 [INFO] ADCParametersView:116 -                Rank 1 : true
2026-08-08 16:00:08,504 [INFO] ADCParametersView:116 -                Rank 2 : false
2026-08-08 16:00:08,504 [INFO] ADCParametersView:116 -                Rank 3 : false
2026-08-08 16:00:08,506 [INFO] ADCParametersView:116 -                Rank 1 : true
2026-08-08 16:00:08,506 [INFO] ADCParametersView:116 -                Rank 2 : false
2026-08-08 16:00:08,506 [INFO] ADCParametersView:116 -                Rank 3 : false
2026-08-08 16:00:08,506 [INFO] ADCParametersView:116 -                Rank 1 : true
2026-08-08 16:00:08,506 [INFO] ADCParametersView:116 -                Rank 2 : false
2026-08-08 16:00:08,506 [INFO] ADCParametersView:116 -                Rank 3 : false
2026-08-08 16:00:08,506 [INFO] ADCParametersView:116 -                Rank 1 : true
2026-08-08 16:00:08,506 [INFO] ADCParametersView:116 -                Rank 2 : false
2026-08-08 16:00:08,506 [INFO] ADCParametersView:116 -                Rank 3 : false
2026-08-08 16:00:08,506 [INFO] ADCParametersView:116 -                Rank 1 : true
2026-08-08 16:00:08,506 [INFO] ADCParametersView:116 -                Rank 2 : false
2026-08-08 16:00:08,506 [INFO] ADCParametersView:116 -                Rank 3 : false
2026-08-08 16:00:08,507 [INFO] ADCParametersView:116 -                Rank 1 : true
2026-08-08 16:00:08,507 [INFO] ADCParametersView:116 -                Rank 2 : false
2026-08-08 16:00:08,507 [INFO] ADCParametersView:116 -                Rank 3 : false
2026-08-08 16:00:08,507 [INFO] ADCParametersView:116 -                Rank 1 : true
2026-08-08 16:00:08,507 [INFO] ADCParametersView:116 -                Rank 2 : false
2026-08-08 16:00:08,507 [INFO] ADCParametersView:116 -                Rank 3 : false
2026-08-08 16:00:08,507 [INFO] ADCParametersView:116 -                Rank 1 : true
2026-08-08 16:00:08,507 [INFO] ADCParametersView:116 -                Rank 2 : false
2026-08-08 16:00:08,507 [INFO] ADCParametersView:116 -                Rank 3 : false
2026-08-08 16:00:08,507 [INFO] ADCParametersView:116 -                Rank 1 : true
2026-08-08 16:00:08,507 [INFO] ADCParametersView:116 -                Rank 2 : false
2026-08-08 16:00:08,507 [INFO] ADCParametersView:116 -                Rank 3 : false
2026-08-08 16:00:08,507 [INFO] ADCParametersView:116 -                Rank 1 : true
2026-08-08 16:00:08,507 [INFO] ADCParametersView:116 -                Rank 2 : false
2026-08-08 16:00:08,507 [INFO] ADCParametersView:116 -                Rank 3 : false
2026-08-08 16:00:08,507 [INFO] ADCParametersView:116 -                Rank 1 : true
2026-08-08 16:00:08,507 [INFO] ADCParametersView:116 -                Rank 2 : false
2026-08-08 16:00:08,507 [INFO] ADCParametersView:116 -                Rank 3 : false
2026-08-08 16:00:08,507 [INFO] ADCParametersView:116 -                Rank 1 : true
2026-08-08 16:00:08,507 [INFO] ADCParametersView:116 -                Rank 2 : false
2026-08-08 16:00:08,507 [INFO] ADCParametersView:116 -                Rank 3 : false
2026-08-08 16:00:08,507 [INFO] ADCParametersView:116 -                Rank 1 : true
2026-08-08 16:00:08,507 [INFO] ADCParametersView:116 -                Rank 2 : false
2026-08-08 16:00:08,507 [INFO] ADCParametersView:116 -                Rank 3 : false
2026-08-08 16:00:08,507 [INFO] ADCParametersView:116 -                Rank 1 : true
2026-08-08 16:00:08,507 [INFO] ADCParametersView:116 -                Rank 2 : false
2026-08-08 16:00:08,507 [INFO] ADCParametersView:116 -                Rank 3 : false
2026-08-08 16:00:08,508 [INFO] ADCParametersView:116 -                Rank 1 : true
2026-08-08 16:00:08,508 [INFO] ADCParametersView:116 -                Rank 2 : false
2026-08-08 16:00:08,508 [INFO] ADCParametersView:116 -                Rank 3 : false
2026-08-08 16:00:08,508 [INFO] ADCParametersView:116 -                Rank 1 : true
2026-08-08 16:00:08,508 [INFO] ADCParametersView:116 -                Rank 2 : false
2026-08-08 16:00:08,508 [INFO] ADCParametersView:116 -                Rank 3 : false
2026-08-08 16:00:08,508 [INFO] ADCParametersView:116 -                Rank 1 : true
2026-08-08 16:00:08,508 [INFO] ADCParametersView:116 -                Rank 2 : false
2026-08-08 16:00:08,508 [INFO] ADCParametersView:116 -                Rank 3 : false
2026-08-08 16:00:08,508 [INFO] ADCParametersView:116 -                Rank 1 : true
2026-08-08 16:00:08,508 [INFO] ADCParametersView:116 -                Rank 2 : false
2026-08-08 16:00:08,508 [INFO] ADCParametersView:116 -                Rank 3 : false
2026-08-08 16:00:08,508 [INFO] ADCParametersView:116 -                Rank 1 : true
2026-08-08 16:00:08,508 [INFO] ADCParametersView:116 -                Rank 2 : false
2026-08-08 16:00:08,508 [INFO] ADCParametersView:116 -                Rank 3 : false
2026-08-08 16:00:08,508 [INFO] ADCParametersView:116 -                Rank 1 : true
2026-08-08 16:00:08,508 [INFO] ADCParametersView:116 -                Rank 2 : false
2026-08-08 16:00:08,508 [INFO] ADCParametersView:116 -                Rank 3 : false
2026-08-08 16:00:08,508 [INFO] ADCParametersView:116 -                Rank 2 : false
2026-08-08 16:00:08,508 [INFO] ADCParametersView:116 -                Rank 3 : false
2026-08-08 16:00:08,508 [INFO] ADCParametersView:116 -                Rank 3 : false
2026-08-08 16:00:08,540 [INFO] ADCParametersView:116 -                Rank 1 : true
2026-08-08 16:00:08,540 [INFO] ADCParametersView:116 -                Rank 1 : true
2026-08-08 16:00:08,540 [INFO] ADCParametersView:116 -                Rank 2 : false
2026-08-08 16:00:08,540 [INFO] ADCParametersView:116 -                Rank 1 : true
2026-08-08 16:00:08,540 [INFO] ADCParametersView:116 -                Rank 2 : false
2026-08-08 16:00:08,540 [INFO] ADCParametersView:116 -                Rank 3 : false
2026-08-08 16:00:10,812 [INFO] ADCParametersView:116 -                Rank 1 : true
2026-08-08 16:00:10,812 [INFO] ADCParametersView:116 -                Rank 2 : true
2026-08-08 16:00:10,812 [INFO] ADCParametersView:116 -                Rank 3 : false
2026-08-08 16:00:13,225 [INFO] NvicIntPanel:101 - NVIC parent = com.st.microxplorer.plugins.ip.nvic.MultiNvicIntPanel[,0,0,0x0,invalid,layout=javax.swing.BoxLayout,alignmentX=0.0,alignmentY=0.0,border=,flags=9,maximumSize=,minimumSize=,preferredSize=]
2026-08-08 16:00:13,261 [INFO] ADCParametersView:116 -                Rank 1 : true
2026-08-08 16:00:13,261 [INFO] ADCParametersView:116 -                Rank 2 : true
2026-08-08 16:00:13,261 [INFO] ADCParametersView:116 -                Rank 3 : false
2026-08-08 16:00:13,264 [INFO] ADCParametersView:116 -                Rank 1 : true
2026-08-08 16:00:13,264 [INFO] ADCParametersView:116 -                Rank 2 : true
2026-08-08 16:00:13,264 [INFO] ADCParametersView:116 -                Rank 3 : false
2026-08-08 16:00:13,264 [INFO] ADCParametersView:116 -                Rank 1 : true
2026-08-08 16:00:13,264 [INFO] ADCParametersView:116 -                Rank 2 : true
2026-08-08 16:00:13,264 [INFO] ADCParametersView:116 -                Rank 3 : false
2026-08-08 16:00:13,264 [INFO] ADCParametersView:116 -                Rank 1 : true
2026-08-08 16:00:13,264 [INFO] ADCParametersView:116 -                Rank 2 : true
2026-08-08 16:00:13,264 [INFO] ADCParametersView:116 -                Rank 3 : false
2026-08-08 16:00:13,264 [INFO] ADCParametersView:116 -                Rank 1 : true
2026-08-08 16:00:13,264 [INFO] ADCParametersView:116 -                Rank 2 : true
2026-08-08 16:00:13,264 [INFO] ADCParametersView:116 -                Rank 3 : false
2026-08-08 16:00:13,264 [INFO] ADCParametersView:116 -                Rank 1 : true
2026-08-08 16:00:13,264 [INFO] ADCParametersView:116 -                Rank 2 : true
2026-08-08 16:00:13,264 [INFO] ADCParametersView:116 -                Rank 3 : false
2026-08-08 16:00:13,264 [INFO] ADCParametersView:116 -                Rank 1 : true
2026-08-08 16:00:13,264 [INFO] ADCParametersView:116 -                Rank 2 : true
2026-08-08 16:00:13,264 [INFO] ADCParametersView:116 -                Rank 3 : false
2026-08-08 16:00:13,264 [INFO] ADCParametersView:116 -                Rank 1 : true
2026-08-08 16:00:13,264 [INFO] ADCParametersView:116 -                Rank 2 : true
2026-08-08 16:00:13,264 [INFO] ADCParametersView:116 -                Rank 3 : false
2026-08-08 16:00:13,264 [INFO] ADCParametersView:116 -                Rank 1 : true
2026-08-08 16:00:13,264 [INFO] ADCParametersView:116 -                Rank 2 : true
2026-08-08 16:00:13,264 [INFO] ADCParametersView:116 -                Rank 3 : false
2026-08-08 16:00:13,264 [INFO] ADCParametersView:116 -                Rank 1 : true
2026-08-08 16:00:13,265 [INFO] ADCParametersView:116 -                Rank 2 : true
2026-08-08 16:00:13,265 [INFO] ADCParametersView:116 -                Rank 3 : false
2026-08-08 16:00:13,265 [INFO] ADCParametersView:116 -                Rank 1 : true
2026-08-08 16:00:13,265 [INFO] ADCParametersView:116 -                Rank 2 : true
2026-08-08 16:00:13,265 [INFO] ADCParametersView:116 -                Rank 3 : false
2026-08-08 16:00:13,265 [INFO] ADCParametersView:116 -                Rank 1 : true
2026-08-08 16:00:13,265 [INFO] ADCParametersView:116 -                Rank 2 : true
2026-08-08 16:00:13,265 [INFO] ADCParametersView:116 -                Rank 3 : false
2026-08-08 16:00:13,265 [INFO] ADCParametersView:116 -                Rank 1 : true
2026-08-08 16:00:13,265 [INFO] ADCParametersView:116 -                Rank 2 : true
2026-08-08 16:00:13,265 [INFO] ADCParametersView:116 -                Rank 3 : false
2026-08-08 16:00:13,265 [INFO] ADCParametersView:116 -                Rank 1 : true
2026-08-08 16:00:13,265 [INFO] ADCParametersView:116 -                Rank 2 : true
2026-08-08 16:00:13,265 [INFO] ADCParametersView:116 -                Rank 3 : false
2026-08-08 16:00:13,265 [INFO] ADCParametersView:116 -                Rank 1 : true
2026-08-08 16:00:13,265 [INFO] ADCParametersView:116 -                Rank 2 : true
2026-08-08 16:00:13,265 [INFO] ADCParametersView:116 -                Rank 3 : false
2026-08-08 16:00:13,265 [INFO] ADCParametersView:116 -                Rank 1 : true
2026-08-08 16:00:13,265 [INFO] ADCParametersView:116 -                Rank 2 : true
2026-08-08 16:00:13,265 [INFO] ADCParametersView:116 -                Rank 3 : false
2026-08-08 16:00:13,265 [INFO] ADCParametersView:116 -                Rank 1 : true
2026-08-08 16:00:13,265 [INFO] ADCParametersView:116 -                Rank 2 : true
2026-08-08 16:00:13,265 [INFO] ADCParametersView:116 -                Rank 3 : false
2026-08-08 16:00:13,265 [INFO] ADCParametersView:116 -                Rank 1 : true
2026-08-08 16:00:13,265 [INFO] ADCParametersView:116 -                Rank 2 : true
2026-08-08 16:00:13,265 [INFO] ADCParametersView:116 -                Rank 3 : false
2026-08-08 16:00:13,265 [INFO] ADCParametersView:116 -                Rank 1 : true
2026-08-08 16:00:13,265 [INFO] ADCParametersView:116 -                Rank 2 : true
2026-08-08 16:00:13,265 [INFO] ADCParametersView:116 -                Rank 3 : false
2026-08-08 16:00:13,265 [INFO] ADCParametersView:116 -                Rank 1 : true
2026-08-08 16:00:13,265 [INFO] ADCParametersView:116 -                Rank 2 : true
2026-08-08 16:00:13,265 [INFO] ADCParametersView:116 -                Rank 3 : false
2026-08-08 16:00:13,265 [INFO] ADCParametersView:116 -                Rank 2 : true
2026-08-08 16:00:13,265 [INFO] ADCParametersView:116 -                Rank 3 : false
2026-08-08 16:00:13,265 [INFO] ADCParametersView:116 -                Rank 3 : false
2026-08-08 16:00:13,291 [INFO] ADCParametersView:116 -                Rank 1 : true
2026-08-08 16:00:13,291 [INFO] ADCParametersView:116 -                Rank 1 : true
2026-08-08 16:00:13,291 [INFO] ADCParametersView:116 -                Rank 2 : true
2026-08-08 16:00:13,292 [INFO] ADCParametersView:116 -                Rank 1 : true
2026-08-08 16:00:13,292 [INFO] ADCParametersView:116 -                Rank 2 : true
2026-08-08 16:00:13,292 [INFO] ADCParametersView:116 -                Rank 3 : false
2026-08-08 16:00:14,585 [INFO] ADCParametersView:116 -                Rank 1 : true
2026-08-08 16:00:14,585 [INFO] ADCParametersView:116 -                Rank 2 : true
2026-08-08 16:00:14,585 [INFO] ADCParametersView:116 -                Rank 3 : true
2026-08-08 16:00:17,550 [INFO] NvicIntPanel:101 - NVIC parent = com.st.microxplorer.plugins.ip.nvic.MultiNvicIntPanel[,0,0,0x0,invalid,layout=javax.swing.BoxLayout,alignmentX=0.0,alignmentY=0.0,border=,flags=9,maximumSize=,minimumSize=,preferredSize=]
2026-08-08 16:00:17,580 [INFO] ADCParametersView:116 -                Rank 1 : true
2026-08-08 16:00:17,580 [INFO] ADCParametersView:116 -                Rank 2 : true
2026-08-08 16:00:17,580 [INFO] ADCParametersView:116 -                Rank 3 : true
2026-08-08 16:00:17,582 [INFO] ADCParametersView:116 -                Rank 1 : true
2026-08-08 16:00:17,582 [INFO] ADCParametersView:116 -                Rank 2 : true
2026-08-08 16:00:17,582 [INFO] ADCParametersView:116 -                Rank 3 : true
2026-08-08 16:00:17,582 [INFO] ADCParametersView:116 -                Rank 1 : true
2026-08-08 16:00:17,582 [INFO] ADCParametersView:116 -                Rank 2 : true
2026-08-08 16:00:17,582 [INFO] ADCParametersView:116 -                Rank 3 : true
2026-08-08 16:00:17,582 [INFO] ADCParametersView:116 -                Rank 1 : true
2026-08-08 16:00:17,583 [INFO] ADCParametersView:116 -                Rank 2 : true
2026-08-08 16:00:17,583 [INFO] ADCParametersView:116 -                Rank 3 : true
2026-08-08 16:00:17,583 [INFO] ADCParametersView:116 -                Rank 1 : true
2026-08-08 16:00:17,583 [INFO] ADCParametersView:116 -                Rank 2 : true
2026-08-08 16:00:17,583 [INFO] ADCParametersView:116 -                Rank 3 : true
2026-08-08 16:00:17,583 [INFO] ADCParametersView:116 -                Rank 1 : true
2026-08-08 16:00:17,583 [INFO] ADCParametersView:116 -                Rank 2 : true
2026-08-08 16:00:17,583 [INFO] ADCParametersView:116 -                Rank 3 : true
2026-08-08 16:00:17,583 [INFO] ADCParametersView:116 -                Rank 1 : true
2026-08-08 16:00:17,583 [INFO] ADCParametersView:116 -                Rank 2 : true
2026-08-08 16:00:17,583 [INFO] ADCParametersView:116 -                Rank 3 : true
2026-08-08 16:00:17,583 [INFO] ADCParametersView:116 -                Rank 1 : true
2026-08-08 16:00:17,583 [INFO] ADCParametersView:116 -                Rank 2 : true
2026-08-08 16:00:17,583 [INFO] ADCParametersView:116 -                Rank 3 : true
2026-08-08 16:00:17,583 [INFO] ADCParametersView:116 -                Rank 1 : true
2026-08-08 16:00:17,583 [INFO] ADCParametersView:116 -                Rank 2 : true
2026-08-08 16:00:17,583 [INFO] ADCParametersView:116 -                Rank 3 : true
2026-08-08 16:00:17,583 [INFO] ADCParametersView:116 -                Rank 1 : true
2026-08-08 16:00:17,583 [INFO] ADCParametersView:116 -                Rank 2 : true
2026-08-08 16:00:17,583 [INFO] ADCParametersView:116 -                Rank 3 : true
2026-08-08 16:00:17,583 [INFO] ADCParametersView:116 -                Rank 1 : true
2026-08-08 16:00:17,583 [INFO] ADCParametersView:116 -                Rank 2 : true
2026-08-08 16:00:17,583 [INFO] ADCParametersView:116 -                Rank 3 : true
2026-08-08 16:00:17,583 [INFO] ADCParametersView:116 -                Rank 1 : true
2026-08-08 16:00:17,583 [INFO] ADCParametersView:116 -                Rank 2 : true
2026-08-08 16:00:17,584 [INFO] ADCParametersView:116 -                Rank 3 : true
2026-08-08 16:00:17,584 [INFO] ADCParametersView:116 -                Rank 1 : true
2026-08-08 16:00:17,584 [INFO] ADCParametersView:116 -                Rank 2 : true
2026-08-08 16:00:17,584 [INFO] ADCParametersView:116 -                Rank 3 : true
2026-08-08 16:00:17,584 [INFO] ADCParametersView:116 -                Rank 1 : true
2026-08-08 16:00:17,584 [INFO] ADCParametersView:116 -                Rank 2 : true
2026-08-08 16:00:17,584 [INFO] ADCParametersView:116 -                Rank 3 : true
2026-08-08 16:00:17,584 [INFO] ADCParametersView:116 -                Rank 1 : true
2026-08-08 16:00:17,584 [INFO] ADCParametersView:116 -                Rank 2 : true
2026-08-08 16:00:17,584 [INFO] ADCParametersView:116 -                Rank 3 : true
2026-08-08 16:00:17,584 [INFO] ADCParametersView:116 -                Rank 1 : true
2026-08-08 16:00:17,584 [INFO] ADCParametersView:116 -                Rank 2 : true
2026-08-08 16:00:17,584 [INFO] ADCParametersView:116 -                Rank 3 : true
2026-08-08 16:00:17,584 [INFO] ADCParametersView:116 -                Rank 1 : true
2026-08-08 16:00:17,584 [INFO] ADCParametersView:116 -                Rank 2 : true
2026-08-08 16:00:17,584 [INFO] ADCParametersView:116 -                Rank 3 : true
2026-08-08 16:00:17,584 [INFO] ADCParametersView:116 -                Rank 1 : true
2026-08-08 16:00:17,584 [INFO] ADCParametersView:116 -                Rank 2 : true
2026-08-08 16:00:17,584 [INFO] ADCParametersView:116 -                Rank 3 : true
2026-08-08 16:00:17,584 [INFO] ADCParametersView:116 -                Rank 1 : true
2026-08-08 16:00:17,584 [INFO] ADCParametersView:116 -                Rank 2 : true
2026-08-08 16:00:17,584 [INFO] ADCParametersView:116 -                Rank 3 : true
2026-08-08 16:00:17,584 [INFO] ADCParametersView:116 -                Rank 1 : true
2026-08-08 16:00:17,584 [INFO] ADCParametersView:116 -                Rank 2 : true
2026-08-08 16:00:17,584 [INFO] ADCParametersView:116 -                Rank 3 : true
2026-08-08 16:00:17,584 [INFO] ADCParametersView:116 -                Rank 2 : true
2026-08-08 16:00:17,584 [INFO] ADCParametersView:116 -                Rank 3 : true
2026-08-08 16:00:17,584 [INFO] ADCParametersView:116 -                Rank 3 : true
2026-08-08 16:00:17,607 [INFO] ADCParametersView:116 -                Rank 1 : true
2026-08-08 16:00:17,607 [INFO] ADCParametersView:116 -                Rank 1 : true
2026-08-08 16:00:17,607 [INFO] ADCParametersView:116 -                Rank 2 : true
2026-08-08 16:00:17,608 [INFO] ADCParametersView:116 -                Rank 1 : true
2026-08-08 16:00:17,608 [INFO] ADCParametersView:116 -                Rank 2 : true
2026-08-08 16:00:17,608 [INFO] ADCParametersView:116 -                Rank 3 : true
2026-08-08 16:00:19,832 [INFO] UtilMem:75 - End SaveConfig() Used Memory: 454211440 Bytes (552599552)
2026-08-08 16:00:21,253 [INFO] UtilMem:75 - End SaveConfig() Used Memory: 310012160 Bytes (552599552)
2026-08-08 16:00:22,822 [INFO] UtilMem:75 - End SaveConfig() Used Memory: 370309008 Bytes (552599552)
2026-08-08 16:00:23,232 [INFO] BlockDiagram:2775 - set Specific Code input for plugin: SPI
2026-08-08 16:00:23,232 [INFO] BlockDiagram:2775 - set Specific Code input for plugin: TIM6_7L4
2026-08-08 16:00:23,232 [INFO] BlockDiagram:2775 - set Specific Code input for plugin: TIM1_8L4
2026-08-08 16:00:23,232 [INFO] BlockDiagram:2775 - set Specific Code input for plugin: SYS
2026-08-08 16:00:23,233 [INFO] BlockDiagram:2775 - set Specific Code input for plugin: ADC
2026-08-08 16:00:23,233 [INFO] BlockDiagram:2775 - set Specific Code input for plugin: RCC
2026-08-08 16:00:23,233 [INFO] BlockDiagram:2775 - set Specific Code input for plugin: NVIC
2026-08-08 16:00:23,233 [INFO] BlockDiagram:2775 - set Specific Code input for plugin: USART
2026-08-08 16:00:23,233 [INFO] BlockDiagram:2775 - set Specific Code input for plugin: DMA
2026-08-08 16:00:23,233 [INFO] BlockDiagram:2775 - set Specific Code input for plugin: GPIO
2026-08-08 16:00:23,234 [INFO] CodeGenerator:882 - code generatio: config db path: C:\ST\STM32CubeIDE_1.18.1\STM32CubeIDE\plugins\com.st.stm32cube.common.mx_6.14.1.202504091515\\db\
2026-08-08 16:00:23,349 [INFO] CodeEngine:263 - oldGeneratedFile, C:\Users\German\Documents\equipo_medicion_ensayo_celdas\pruebas_eq_med_celdas\MXTmpFiles\license.tmp_save
2026-08-08 16:00:23,594 [INFO] CodeEngine:287 - Generated code: C:\Users\German\Documents\equipo_medicion_ensayo_celdas\pruebas_eq_med_celdas\MXTmpFiles\license.tmp
2026-08-08 16:00:23,659 [INFO] CodeEngine:263 - oldGeneratedFile, C:\Users\German\Documents\equipo_medicion_ensayo_celdas\pruebas_eq_med_celdas\MXTmpFiles\gpio.tmp_save
2026-08-08 16:00:23,745 [INFO] CodeEngine:287 - Generated code: C:\Users\German\Documents\equipo_medicion_ensayo_celdas\pruebas_eq_med_celdas\MXTmpFiles\gpio.tmp
2026-08-08 16:00:24,059 [INFO] CodeEngine:263 - oldGeneratedFile, C:\Users\German\Documents\equipo_medicion_ensayo_celdas\pruebas_eq_med_celdas\MXTmpFiles\dma.tmp_save
2026-08-08 16:00:24,141 [INFO] CodeEngine:287 - Generated code: C:\Users\German\Documents\equipo_medicion_ensayo_celdas\pruebas_eq_med_celdas\MXTmpFiles\dma.tmp
2026-08-08 16:00:24,145 [INFO] CodeEngine:263 - oldGeneratedFile, C:\Users\German\Documents\equipo_medicion_ensayo_celdas\pruebas_eq_med_celdas\MXTmpFiles\dma_GV.tmp_save
2026-08-08 16:00:24,212 [INFO] CodeEngine:287 - Generated code: C:\Users\German\Documents\equipo_medicion_ensayo_celdas\pruebas_eq_med_celdas\MXTmpFiles\dma_GV.tmp
2026-08-08 16:00:24,232 [INFO] CodeEngine:263 - oldGeneratedFile, C:\Users\German\Documents\equipo_medicion_ensayo_celdas\pruebas_eq_med_celdas\Core\Src\stm32l4xx_it.c_save
2026-08-08 16:00:24,311 [INFO] CodeEngine:287 - Generated code: C:\Users\German\Documents\equipo_medicion_ensayo_celdas\pruebas_eq_med_celdas\Core\Src\stm32l4xx_it.c
2026-08-08 16:00:24,315 [INFO] CodeEngine:263 - oldGeneratedFile, C:\Users\German\Documents\equipo_medicion_ensayo_celdas\pruebas_eq_med_celdas\Core\Inc\stm32l4xx_it.h_save
2026-08-08 16:00:24,356 [INFO] CodeEngine:287 - Generated code: C:\Users\German\Documents\equipo_medicion_ensayo_celdas\pruebas_eq_med_celdas\Core\Inc\stm32l4xx_it.h
2026-08-08 16:00:24,369 [INFO] CodeEngine:263 - oldGeneratedFile, C:\Users\German\Documents\equipo_medicion_ensayo_celdas\pruebas_eq_med_celdas\Core\Src\stm32l4xx_hal_msp.c_save
2026-08-08 16:00:24,457 [INFO] CodeEngine:287 - Generated code: C:\Users\German\Documents\equipo_medicion_ensayo_celdas\pruebas_eq_med_celdas\Core\Src\stm32l4xx_hal_msp.c
2026-08-08 16:00:24,460 [INFO] CodeEngine:263 - oldGeneratedFile, C:\Users\German\Documents\equipo_medicion_ensayo_celdas\pruebas_eq_med_celdas\MXTmpFiles\system.tmp_save
2026-08-08 16:00:24,497 [INFO] CodeEngine:287 - Generated code: C:\Users\German\Documents\equipo_medicion_ensayo_celdas\pruebas_eq_med_celdas\MXTmpFiles\system.tmp
2026-08-08 16:00:24,503 [INFO] CodeEngine:319 - oldGeneratedFile, C:\Users\German\Documents\equipo_medicion_ensayo_celdas\pruebas_eq_med_celdas\Core\Inc\stm32l4xx_hal_conf.h_save
2026-08-08 16:00:24,546 [INFO] CodeEngine:343 - Generated code: C:\Users\German\Documents\equipo_medicion_ensayo_celdas\pruebas_eq_med_celdas\Core\Inc\stm32l4xx_hal_conf.h
2026-08-08 16:00:24,571 [INFO] ApiDbMcu:508 - Load IP Config File for ADC1
2026-08-08 16:00:24,573 [INFO] ApiDbMcu:508 - Load IP Config File for SPI1
2026-08-08 16:00:24,581 [INFO] ApiDbMcu:508 - Load IP Config File for TIM2
2026-08-08 16:00:24,588 [INFO] ApiDbMcu:508 - Load IP Config File for TIM6
2026-08-08 16:00:24,594 [INFO] ApiDbMcu:508 - Load IP Config File for USART2
2026-08-08 16:00:24,596 [INFO] ApiDbMcu:508 - Load IP Config File for RCC
2026-08-08 16:00:24,598 [WARN] IPConfigManager:3790 - IP not found : TIM
2026-08-08 16:00:24,599 [WARN] CodeGenerator:4198 - IP not found : null
2026-08-08 16:00:24,603 [INFO] CodeEngine:263 - oldGeneratedFile, C:\Users\German\Documents\equipo_medicion_ensayo_celdas\pruebas_eq_med_celdas\Core\Inc\main.h_save
2026-08-08 16:00:24,653 [INFO] CodeEngine:287 - Generated code: C:\Users\German\Documents\equipo_medicion_ensayo_celdas\pruebas_eq_med_celdas\Core\Inc\main.h
2026-08-08 16:00:24,656 [INFO] CodeEngine:263 - oldGeneratedFile, C:\Users\German\Documents\equipo_medicion_ensayo_celdas\pruebas_eq_med_celdas\Core\Src\main.c_save
2026-08-08 16:00:24,766 [INFO] CodeEngine:287 - Generated code: C:\Users\German\Documents\equipo_medicion_ensayo_celdas\pruebas_eq_med_celdas\Core\Src\main.c
2026-08-08 16:00:25,008 [INFO] ProjectBuilder:3324 - Time for Copy HAL[1] : 108mS.
2026-08-08 16:00:25,012 [INFO] ProjectBuilder:4912 - Project Generator version: 4.6.0.1-B1
2026-08-08 16:00:25,070 [INFO] ConfigFileManager:1590 - The Die is : DIE415
2026-08-08 16:00:25,075 [INFO] ApiDbMcu:508 - Load IP Config File for FATFS
2026-08-08 16:00:25,077 [INFO] ApiDbMcu:508 - Load IP Config File for FREERTOS
2026-08-08 16:00:25,083 [INFO] ApiDbMcu:508 - Load IP Config File for TOUCHSENSING
2026-08-08 16:00:25,086 [INFO] ApiDbMcu:508 - Load IP Config File for USB_DEVICE
2026-08-08 16:00:25,087 [INFO] ApiDbMcu:508 - Load IP Config File for USB_HOST
2026-08-08 16:00:25,291 [INFO] LogOutputStream:77 - [STDOUT_REDIRECT] 
2026-08-08 16:00:25,897 [INFO] ProjectBuilder:5191 - Time for Generating toolchain IDE Files: 885mS.
2026-08-08 16:00:25,898 [INFO] ProjectBuilder:3181 - Time for Copy CMSIS : 0mS.
2026-08-08 16:00:25,900 [INFO] ProjectBuilder:3181 - Time for Copy CMSIS : 0mS.
2026-08-08 17:02:12,990 [INFO] NvicIntPanel:101 - NVIC parent = com.st.microxplorer.plugins.ip.nvic.MultiNvicIntPanel[,0,0,770x417,layout=javax.swing.BoxLayout,alignmentX=0.0,alignmentY=0.0,border=,flags=9,maximumSize=,minimumSize=,preferredSize=]
2026-08-08 17:02:31,396 [INFO] ADCParametersView:116 -                Rank 1 : true
2026-08-08 17:02:31,396 [INFO] ADCParametersView:116 -                Rank 2 : true
2026-08-08 17:02:31,396 [INFO] ADCParametersView:116 -                Rank 3 : true
2026-08-08 17:02:31,398 [INFO] ADCParametersView:116 -                Rank 1 : true
2026-08-08 17:02:31,398 [INFO] ADCParametersView:116 -                Rank 2 : true
2026-08-08 17:02:31,398 [INFO] ADCParametersView:116 -                Rank 3 : true
2026-08-08 17:02:31,398 [INFO] ADCParametersView:116 -                Rank 1 : true
2026-08-08 17:02:31,398 [INFO] ADCParametersView:116 -                Rank 2 : true
2026-08-08 17:02:31,398 [INFO] ADCParametersView:116 -                Rank 3 : true
2026-08-08 17:02:31,399 [INFO] ADCParametersView:116 -                Rank 1 : true
2026-08-08 17:02:31,399 [INFO] ADCParametersView:116 -                Rank 2 : true
2026-08-08 17:02:31,399 [INFO] ADCParametersView:116 -                Rank 3 : true
2026-08-08 17:02:31,399 [INFO] ADCParametersView:116 -                Rank 1 : true
2026-08-08 17:02:31,399 [INFO] ADCParametersView:116 -                Rank 2 : true
2026-08-08 17:02:31,399 [INFO] ADCParametersView:116 -                Rank 3 : true
2026-08-08 17:02:31,400 [INFO] ADCParametersView:116 -                Rank 1 : true
2026-08-08 17:02:31,400 [INFO] ADCParametersView:116 -                Rank 2 : true
2026-08-08 17:02:31,400 [INFO] ADCParametersView:116 -                Rank 3 : true
2026-08-08 17:02:31,400 [INFO] ADCParametersView:116 -                Rank 1 : true
2026-08-08 17:02:31,400 [INFO] ADCParametersView:116 -                Rank 2 : true
2026-08-08 17:02:31,400 [INFO] ADCParametersView:116 -                Rank 3 : true
2026-08-08 17:02:31,400 [INFO] ADCParametersView:116 -                Rank 1 : true
2026-08-08 17:02:31,400 [INFO] ADCParametersView:116 -                Rank 2 : true
2026-08-08 17:02:31,400 [INFO] ADCParametersView:116 -                Rank 3 : true
2026-08-08 17:02:31,401 [INFO] ADCParametersView:116 -                Rank 1 : true
2026-08-08 17:02:31,401 [INFO] ADCParametersView:116 -                Rank 2 : true
2026-08-08 17:02:31,401 [INFO] ADCParametersView:116 -                Rank 3 : true
2026-08-08 17:02:31,401 [INFO] ADCParametersView:116 -                Rank 1 : true
2026-08-08 17:02:31,401 [INFO] ADCParametersView:116 -                Rank 2 : true
2026-08-08 17:02:31,401 [INFO] ADCParametersView:116 -                Rank 3 : true
2026-08-08 17:02:31,401 [INFO] ADCParametersView:116 -                Rank 1 : true
2026-08-08 17:02:31,401 [INFO] ADCParametersView:116 -                Rank 2 : true
2026-08-08 17:02:31,401 [INFO] ADCParametersView:116 -                Rank 3 : true
2026-08-08 17:02:31,401 [INFO] ADCParametersView:116 -                Rank 1 : true
2026-08-08 17:02:31,401 [INFO] ADCParametersView:116 -                Rank 2 : true
2026-08-08 17:02:31,401 [INFO] ADCParametersView:116 -                Rank 3 : true
2026-08-08 17:02:31,401 [INFO] ADCParametersView:116 -                Rank 1 : true
2026-08-08 17:02:31,401 [INFO] ADCParametersView:116 -                Rank 2 : true
2026-08-08 17:02:31,401 [INFO] ADCParametersView:116 -                Rank 3 : true
2026-08-08 17:02:31,401 [INFO] ADCParametersView:116 -                Rank 1 : true
2026-08-08 17:02:31,401 [INFO] ADCParametersView:116 -                Rank 2 : true
2026-08-08 17:02:31,401 [INFO] ADCParametersView:116 -                Rank 3 : true
2026-08-08 17:02:31,401 [INFO] ADCParametersView:116 -                Rank 1 : true
2026-08-08 17:02:31,402 [INFO] ADCParametersView:116 -                Rank 2 : true
2026-08-08 17:02:31,402 [INFO] ADCParametersView:116 -                Rank 3 : true
2026-08-08 17:02:31,402 [INFO] ADCParametersView:116 -                Rank 1 : true
2026-08-08 17:02:31,402 [INFO] ADCParametersView:116 -                Rank 2 : true
2026-08-08 17:02:31,402 [INFO] ADCParametersView:116 -                Rank 3 : true
2026-08-08 17:02:31,402 [INFO] ADCParametersView:116 -                Rank 1 : true
2026-08-08 17:02:31,402 [INFO] ADCParametersView:116 -                Rank 2 : true
2026-08-08 17:02:31,402 [INFO] ADCParametersView:116 -                Rank 3 : true
2026-08-08 17:02:31,402 [INFO] ADCParametersView:116 -                Rank 1 : true
2026-08-08 17:02:31,402 [INFO] ADCParametersView:116 -                Rank 2 : true
2026-08-08 17:02:31,402 [INFO] ADCParametersView:116 -                Rank 3 : true
2026-08-08 17:02:31,402 [INFO] ADCParametersView:116 -                Rank 1 : true
2026-08-08 17:02:31,402 [INFO] ADCParametersView:116 -                Rank 2 : true
2026-08-08 17:02:31,402 [INFO] ADCParametersView:116 -                Rank 3 : true
2026-08-08 17:02:31,403 [INFO] ADCParametersView:116 -                Rank 1 : true
2026-08-08 17:02:31,403 [INFO] ADCParametersView:116 -                Rank 2 : true
2026-08-08 17:02:31,403 [INFO] ADCParametersView:116 -                Rank 3 : true
2026-08-08 17:02:31,403 [INFO] ADCParametersView:116 -                Rank 2 : true
2026-08-08 17:02:31,403 [INFO] ADCParametersView:116 -                Rank 3 : true
2026-08-08 17:02:31,403 [INFO] ADCParametersView:116 -                Rank 3 : true
2026-08-08 17:02:31,444 [INFO] ADCParametersView:116 -                Rank 1 : true
2026-08-08 17:02:31,444 [INFO] ADCParametersView:116 -                Rank 1 : true
2026-08-08 17:02:31,444 [INFO] ADCParametersView:116 -                Rank 2 : true
2026-08-08 17:02:31,445 [INFO] ADCParametersView:116 -                Rank 1 : true
2026-08-08 17:02:31,445 [INFO] ADCParametersView:116 -                Rank 2 : true
2026-08-08 17:02:31,445 [INFO] ADCParametersView:116 -                Rank 3 : true
2026-08-08 17:02:31,497 [INFO] ADCParametersView:116 -                Rank 1 : true
2026-08-08 17:02:31,497 [INFO] ADCParametersView:116 -                Rank 2 : true
2026-08-08 17:02:31,497 [INFO] ADCParametersView:116 -                Rank 3 : true
2026-08-08 17:02:31,499 [INFO] ADCParametersView:116 -                Rank 1 : true
2026-08-08 17:02:31,500 [INFO] ADCParametersView:116 -                Rank 2 : true
2026-08-08 17:02:31,500 [INFO] ADCParametersView:116 -                Rank 3 : true
2026-08-08 17:02:31,500 [INFO] ADCParametersView:116 -                Rank 1 : true
2026-08-08 17:02:31,500 [INFO] ADCParametersView:116 -                Rank 2 : true
2026-08-08 17:02:31,500 [INFO] ADCParametersView:116 -                Rank 3 : true
2026-08-08 17:02:31,500 [INFO] ADCParametersView:116 -                Rank 1 : true
2026-08-08 17:02:31,500 [INFO] ADCParametersView:116 -                Rank 2 : true
2026-08-08 17:02:31,500 [INFO] ADCParametersView:116 -                Rank 3 : true
2026-08-08 17:02:31,500 [INFO] ADCParametersView:116 -                Rank 1 : true
2026-08-08 17:02:31,500 [INFO] ADCParametersView:116 -                Rank 2 : true
2026-08-08 17:02:31,500 [INFO] ADCParametersView:116 -                Rank 3 : true
2026-08-08 17:02:31,500 [INFO] ADCParametersView:116 -                Rank 1 : true
2026-08-08 17:02:31,500 [INFO] ADCParametersView:116 -                Rank 2 : true
2026-08-08 17:02:31,500 [INFO] ADCParametersView:116 -                Rank 3 : true
2026-08-08 17:02:31,500 [INFO] ADCParametersView:116 -                Rank 1 : true
2026-08-08 17:02:31,500 [INFO] ADCParametersView:116 -                Rank 2 : true
2026-08-08 17:02:31,500 [INFO] ADCParametersView:116 -                Rank 3 : true
2026-08-08 17:02:31,500 [INFO] ADCParametersView:116 -                Rank 1 : true
2026-08-08 17:02:31,500 [INFO] ADCParametersView:116 -                Rank 2 : true
2026-08-08 17:02:31,500 [INFO] ADCParametersView:116 -                Rank 3 : true
2026-08-08 17:02:31,500 [INFO] ADCParametersView:116 -                Rank 1 : true
2026-08-08 17:02:31,500 [INFO] ADCParametersView:116 -                Rank 2 : true
2026-08-08 17:02:31,500 [INFO] ADCParametersView:116 -                Rank 3 : true
2026-08-08 17:02:31,500 [INFO] ADCParametersView:116 -                Rank 1 : true
2026-08-08 17:02:31,500 [INFO] ADCParametersView:116 -                Rank 2 : true
2026-08-08 17:02:31,501 [INFO] ADCParametersView:116 -                Rank 3 : true
2026-08-08 17:02:31,501 [INFO] ADCParametersView:116 -                Rank 1 : true
2026-08-08 17:02:31,501 [INFO] ADCParametersView:116 -                Rank 2 : true
2026-08-08 17:02:31,501 [INFO] ADCParametersView:116 -                Rank 3 : true
2026-08-08 17:02:31,501 [INFO] ADCParametersView:116 -                Rank 1 : true
2026-08-08 17:02:31,501 [INFO] ADCParametersView:116 -                Rank 2 : true
2026-08-08 17:02:31,501 [INFO] ADCParametersView:116 -                Rank 3 : true
2026-08-08 17:02:31,501 [INFO] ADCParametersView:116 -                Rank 1 : true
2026-08-08 17:02:31,501 [INFO] ADCParametersView:116 -                Rank 2 : true
2026-08-08 17:02:31,501 [INFO] ADCParametersView:116 -                Rank 3 : true
2026-08-08 17:02:31,501 [INFO] ADCParametersView:116 -                Rank 1 : true
2026-08-08 17:02:31,501 [INFO] ADCParametersView:116 -                Rank 2 : true
2026-08-08 17:02:31,501 [INFO] ADCParametersView:116 -                Rank 3 : true
2026-08-08 17:02:31,501 [INFO] ADCParametersView:116 -                Rank 1 : true
2026-08-08 17:02:31,501 [INFO] ADCParametersView:116 -                Rank 2 : true
2026-08-08 17:02:31,501 [INFO] ADCParametersView:116 -                Rank 3 : true
2026-08-08 17:02:31,501 [INFO] ADCParametersView:116 -                Rank 1 : true
2026-08-08 17:02:31,501 [INFO] ADCParametersView:116 -                Rank 2 : true
2026-08-08 17:02:31,501 [INFO] ADCParametersView:116 -                Rank 3 : true
2026-08-08 17:02:31,501 [INFO] ADCParametersView:116 -                Rank 1 : true
2026-08-08 17:02:31,501 [INFO] ADCParametersView:116 -                Rank 2 : true
2026-08-08 17:02:31,501 [INFO] ADCParametersView:116 -                Rank 3 : true
2026-08-08 17:02:31,501 [INFO] ADCParametersView:116 -                Rank 1 : true
2026-08-08 17:02:31,501 [INFO] ADCParametersView:116 -                Rank 2 : true
2026-08-08 17:02:31,501 [INFO] ADCParametersView:116 -                Rank 3 : true
2026-08-08 17:02:31,501 [INFO] ADCParametersView:116 -                Rank 1 : true
2026-08-08 17:02:31,501 [INFO] ADCParametersView:116 -                Rank 2 : true
2026-08-08 17:02:31,501 [INFO] ADCParametersView:116 -                Rank 3 : true
2026-08-08 17:02:31,501 [INFO] ADCParametersView:116 -                Rank 1 : true
2026-08-08 17:02:31,501 [INFO] ADCParametersView:116 -                Rank 2 : true
2026-08-08 17:02:31,501 [INFO] ADCParametersView:116 -                Rank 3 : true
2026-08-08 17:02:31,501 [INFO] ADCParametersView:116 -                Rank 2 : true
2026-08-08 17:02:31,502 [INFO] ADCParametersView:116 -                Rank 3 : true
2026-08-08 17:02:31,502 [INFO] ADCParametersView:116 -                Rank 3 : true
2026-08-08 17:02:31,530 [INFO] ADCParametersView:116 -                Rank 1 : true
2026-08-08 17:02:31,530 [INFO] ADCParametersView:116 -                Rank 1 : true
2026-08-08 17:02:31,530 [INFO] ADCParametersView:116 -                Rank 2 : true
2026-08-08 17:02:31,530 [INFO] ADCParametersView:116 -                Rank 1 : true
2026-08-08 17:02:31,530 [INFO] ADCParametersView:116 -                Rank 2 : true
2026-08-08 17:02:31,530 [INFO] ADCParametersView:116 -                Rank 3 : true
2026-08-08 17:18:20,701 [ERROR] LogOutputStream:75 - [STDERR_REDIRECT] 
